S01B00006275696C642F72656C656173652F7A69676265652E73333714
S21400400008100020C578000055D30000095D0300A5
S214004010095D03005DD3000065D30000095D030061
S214004020095D0300095D0300095D0300095D0300E7
S21400403069D3000040AD0400095D0300095D03007C
S214004040095D0300095D0300095D0300DD730000E0
S214004050095D0300095D0300095D0300095D0300B7
S214004060095D0300095D03006DD80000095D0300CB
S214004070095D0300A5AF010027B20300095D030038
S214004080095D0300095D0300095D0300095D030087
S214004090095D030041800000095D0300095D03001F
S2140040A0095D0300897C00006D7C0000095D03004B
S2140040B0095D0300095D0300095D03004D28020049
S2140040C051BD03004DBD0300B11F020067BD0300D4
S2140040D055BD03000D28020059BD0300410C020027
S2140040E08D280200095D0300095D0300095D0300D9
S2140040F0095D0300095D0300095D0300095D030017
S214004100095D0300095D0300095D0300095D030006
S214004110095D0300095D0300095D0300095D0300F6
S214004120095D0300095D0300095D0300095D0300E6
S208004130095D03001D
S214004134F0B5114A114C124E00F00105E3695F0711
S21400414413D40DB9334213D103EA00078F4207D1C3
S2140041540B4A1A40002A14BF6FF001000020F0BD7D
S214004164013AEBD16FF00200F9E74FF0FF30F6E7C3
S2140041746FF00100F3E700BF80969800000003503C
S214004184020001000B4B70B5D96911F480310DD1D2
S21400419401244FF48072084E084DF46020462C64C7
S2140041A41A61FFF7C5FF3464EC6070BD6FF0010060
S2140041B4FBE700BF0000035000100350002003502C
S2140041C438B541F6713301220C4C0021E569E363EE
S2140041D40B4B05F48035DA600223606121202361ED
S2140041E4FFF7A6FF10B92120FFF7A2FF0122054B17
S2140041F4DA600DB10023E36338BD00BF000003504E
S214004204001003500020035070B5134C6061E3693E
S2140042145B071ED40E4656F8043B8D18A361AE42C7
S2140042240BD10423002121202361FFF781FF58B915
S214004234BDE870402120FFF77BBF08210846FFF742
S21400424477FF10B10423236170BD56F8043BA361C5
S214004254E5E74FF0FF30F7E7000003502DE9F84399
S214004264174B1646DA69894602F4803841F67132ED
S214004274DA630122074603F58053124DDA6066B905
S21400428430460122104BDA60B8F1000F03D000224A
S214004294A3F50053DA63BDE8F88307F500542C4011
S2140042A4E41BB44228BF3446494622463846FFF744
S2140042B4ABFF0028E5D12744A144361BDFE700BF47
S2100042C40000035000E0FFFF0020035045
S2140042D02DE9F04F4FF0FD0BC9B09A460DF11B09C2
S2140042E09DF8503108AFCDF80C90CDF808B0019786
S2140042F0059303890446009383790E4690464188C9
S2140043008288407812F00CFF054650B10090A388D2
S214004310002062883C4913F043FA284649B0BDE8BD
S214004320F08F99F8000035F054F838B12846A38885
S2140043306288364913F034FA8D25EEE75A46394638
S21400434099F8000034F0EDFF8346002855D0529BC4
S2140043501BB1BDF84C3198424FD8002399F8009015
S2140043600793A9F14102012A5FFA8BFC36D838463A
S2140043700CF1FF3C5FFA8CFE254ADFF89CC07345C3
S21400438025DB059B07A94FF0040C0A6043BB1823E6
S2140043909FED1B7B5E431F486246831908363044F8
S2140043A083ED027B18F098F8B8F1000F01D088F87A
S2140043B00090BAF1000F01D0AAF800B0529B002B73
S2140043C0ABD05A463946184618F086F8A5E710F8D6
S2140043D0011F013351400CFB01F2D0E7059B3BB1B6
S2140043E023464A4661463846009610F0D1FD94E7CB
S2140043F0BCF1080FD8D83946C9E701258DE700BFBC
S21400440000000000000000003D5704007257040042
S214004410C59D1C8180100020930100010000000053
S2140044202DE9F04F93B0CDE90A32DDE91C630E9317
S21400443053EC102BCDE90801104619468DED060BFE
S2140044401E9D17F01FFA80B1DDE906014FF0FF321E
S214004450C74B17F03FFA40B9DDE906014FF0FF32CF
S2140044606FF4801317F018FA70B1DDE908019DEDBE
S214004470060B0E9B1E95CDE91C63DDE90A3213B0D0
S214004480BDE8F04F00F08CB90022DDE906010023FC
S21400449017F002FA002800F03781DDE906A303F1E1
S2140044A0004BCBF30A5015F48063A0F2FF3008BF30
S2140044B006260F9316F014FF9DA3D3E9002316F0EB
S2140044C079FF9DA3D3E9002316F0BEFDCBF31304BA
S2140044D0894644F07F5180460022A64B504641F460
S2140044E0401116F0AFFD96A3D3E9002316F062FF45
S2140044F002460B464046494616F0A6FD17F0F4F96C
S214004500044616F0EDFE90A3D3E9002380468946C4
S21400451016F050FF0022984B16F096FD17F0E4F9BF
S2140045208BA3D3E9002307464946404616F042FFD0
S21400453080463846894616F0D3FE87A3D3E9002383
S21400454016F038FF02460B464046494616F07AFDFE
S21400455002460B46CDE90C2316F02CFFDDE90C23B2
S214004560804689461046194616F06EFD0022CDE9B3
S2140045701001824B4046494617F046F80022804B11
S21400458016F062FD02460B464046494617F03CF8D8
S21400459000227C4B16F058FD02460B464046494624
S2140045A017F032F8DDE90C238046894600204FF0EC
S2140045B0804116F047FD02460B464046494616F037
S2140045C043FD02460B46DDE9100117F01DF807F221
S2140045D0FF3700226C4B16F037FD00223B0516F025
S2140045E0E9FE52465B468046894617F073F9002876
S2140045F040F08D80CDE90C8904F16303C62B8CBF97
S2140046000527042729051FD555A3D3E900235046BF
S214004610594617F055F9002800F0838052A3D3E9D5
S21400462000235046594617F037F9002879D0A6429D
S214004630D8BF00244FF00007C4BF341B04F1FF347A
S21400464026463C4645F480650E9B9F422CBF4FF0A5
S2140046500008A3EB070815F0020903D0002F18BFC7
S2140046604FF000083CB1DDE90C235046594616F0E1
S214004670CBFF82468B46DDE906010022002317F0B9
S2140046800BF910B10BF100439B46DDE9080125F458
S2140046900063CDE90183DDE90A324BEC10AB0096EE
S2140046A000F07EF802465FB3DDE9091315F0200F2F
S2140046B0089E00F101050CBF65204520B047DDE9E6
S2140046C008010523002205930A23002CCDE90232B7
S2140046D007F1FF374FEAD473B8BF64422A46019306
S2140046E004970A9B009436F0A9FC0246B9F1000F25
S2140046F006D00B9BC41A0B9B1A190E9BA34245D8D7
S214004700104613B0BDE8F08FDDE906ABC9E600221F
S214004710404649461A4B16F077FF013CCDE90C019E
S2140047206AE7002E90D00F9B002B8DD0013E8BE7C2
S214004730FB799F501344D33FB3C8608B288AC63F8B
S21400474061436F63A787D23F71A379094F930A40ED
S2140047501655B5BBB16B0240EF39FAFE422EE63F66
S2140047602D431CEBE2361A3F0000000080842E41E9
S214004770FFFFEF7F0000F83F0000E03F00002C4006
S21400478000002440000018400000F03F2020DDE933
S2140047900913089DA8470134ADE700BF00000000DC
S2140047A02DE9F04F5BEC10AB97B0CDE90501DDE9E4
S2140047B02048CDE90723504652465B465946229F7D
S2140047C017F060F870B90323CDE902870193A44B74
S2140047D00093DDE90501DDE9072336F061FB17B03C
S2140047E0BDE8F08F4FF0FF326FF480135046594605
S2140047F017F052F828B10423CDE902870193994BAC
S214004800E6E74FF0FF3250465946974B17F062F8EE
S21400481050B178074CBF04220322CDE902874CBF73
S214004820924B934B0192D3E7504689A3D3E90023DA
S214004830594617F04FF838B987A3D3E900235046F6
S214004840594617F029F868B1DDE90723DDE90501C7
S2140048504BEC10ABCDE92187209417B0BDE8F04FA4
S214004860FFF7DEBD002200235046594617F014F825
S214004870B8B15B4652460020002116F0E3FB012348
S21400488082468B46099317F4806F08BF06243021B2
S21400489023460EAAA4F12009092B04D89946E41A47
S2140048A007E00990EFE7013B4B4502F8011BF3D107
S2140048B020245946504617F017F86E4B054603EB72
S2140048C0C90393ED007B8DED0A7B16F009FD0246C9
S2140048D00B465046594616F0B5FBDDE90A2316F09E
S2140048E069FD02460B46CDE90C2317F025F806466F
S2140048F016F0E6FC02460B46DDE90C0116F0A2FBBC
S21400490002460B46CDE90C2300225B4B16F0E2FF75
S214004910B8B10136304616F0D3FC02460B46DDE948
S2140049200A0116F0C3FF08B100260135B9F1000FE1
S21400493014D00A210EAB1A19202C40D13022A144E3
S21400494050E00022DDE90C014B4B16F0A5FF0028D5
S214004950ECD10EB1F107E9D50136E7E7284616F0A7
S214004960BFFC02460B465046594616F06BFB00222B
S214004970414B16F091FF10B9013525F001050A21CB
S2140049800EAB1A19202C0AD095FBF1F001FB10553E
S214004990303502F8015B013405460028F2D107F0F5
S2140049A00302012A38D1B8F1000F35D0099A12B99E
S2140049B017F00C0F01D008F1FF38302223E0B6FBC9
S2140049C0F1F001FB1063092E03F1300309F1FF3902
S2140049D004F1010402F8013BB0D90646ACE70EA983
S2140049E00A551C46202CCAD04C4504F10103F6D1CA
S2140049F004F158020DEB02042E2204F8202C1C466B
S214004A00BDE71A550134A04506D9202CF9D1CDE9C9
S214004A10028701940EABDBE6202CF8D0099B3BB155
S214004A202D2204F158036B4403F8202C0134EEE7E2
S214004A307A0704D504F158032B226B44F4E73B07AE
S214004A40E5D504F1580320226B44EDE7AFF3008070
S214004A500000000065CDCD410000000065CDCDC151
S214004A60C8740400CC740400FFFFEF7FBF7404001A
S214004A70C4740400B0BD04000000E03F0000000065
S214004A8070B58EB02C22002103A817F087FB642394
S214004A904FF002320893CDE905230B2301218DF850
S214004AA034305B4B8DF810101D880D4040F0A98007
S214004AB008463AF0FBFD0A22564B574C1A704FF444
S214004AC02873ADF812304FF0FF332360534B544930
S214004AD01B8820460B82534B534A1B68CD828B6142
S214004AE0524B0D621B884B82514B1B68CB611DF0ED
S214004AF043FF20B14FF41B714E4839F03DFF0521AE
S214004B00206836F086FC20B140F27D21494839F015
S214004B1033FF206816F052FA474B2068196836F0C3
S214004B203BFD0C253BF02AFA684309903BF026FA39
S214004B3068430DEB05010790206818F071F920B165
S214004B4040F295213B4839F017FF256820F0BEFA61
S214004B5000220146284636F097FD20B140F2972104
S214004B60344839F009FF40F20353344D344E2B805D
S214004B70052396F90000AB707F2801D11DF0F2FFE7
S214004B803378EB703BF0FAF900EB80008000A880E9
S214004B903BF0F4F90023C0004FF0FF31E880AB6033
S214004BA04FF0FF3018A3D3E900233AF0D1FE254991
S214004BB0206836F022FD206802A937F03EF920B1C1
S214004BC04FF434711B4839F0D7FE042220680DEBF1
S214004BD0020136F0B6FC042804D040F2D72115486E
S214004BE039F0CAFE01A9012036F0BFF808F0F6FB3E
S214004BF001201EF049FC31F0A5FE1EF06FFC1DF0F2
S214004C0049FF0EB070BD00BF0A0020FF420300003F
S214004C10A65E002020660020D8560020FED604009F
S214004C20FC6C002004D70400D5F60300FCD6040074
S214004C3000D70400F1AB04002C6A0020CC560020FC
S214004C401A70002049F703000348044B834202D041
S214004C50034B03B1184770474C7000204C7000207F
S214004C6000000000064B0749C91A891048BF0131E9
S214004C70491003D0044B0BB101481847704700BFDA
S214004C804C7000204C7000200000000010B5064C50
S214004C90237843B9FFF7D8FF044B13B10448AFF3AA
S214004CA000800123237010BD68160020000000005D
S214004CB0A4FA040008B5044B1BB104490448AFF33A
S214004CC00080BDE80840CDE7000000006C1600201C
S214004CD0A4FA0400A3F5803A704700BF154B002BDA
S214004CE008BF114B9D46FFF7F5FF00218B460F4688
S214004CF01148124A121A17F051FA0C4B002B00D02A
S214004D0098470B4B002B00D098470020002104004A
S214004D100D000B4817F036FD17F018FA2000290092
S214004D2030F012FD17F01CFD000008000000000027
S214004D3000000000081000200810002084660020F4
S214004D4091C7010007B5012120200DF1070201F0EF
S214004D500DF850B1012120200DF107028DF8071043
S214004D6001F014F803B05DF804FB9DF80710012964
S214004D70F8D00122084815F0B7FF01210DF107020F
S214004D8020208DF8071001F001F830F05FFC4FF49A
S214004D90FA6000F037FEE5E7680D040038B501F06C
S214004DA07FF9012805D001F07BF9022801D001F037
S214004DB09DF9064D2B783BB901F072F9012804469F
S214004DC002D130F0B8FC2C7038BD00BF925F0020D6
S214004DD010B50446008830F00DFCA37884F8440033
S214004DE0834202BF0123E3702371074B04F11C00CA
S214004DF0C4E9073401F014F8224620880349BDE8C8
S214004E00104000F04DBF00BF8B5303005553030006
S214004E1070B5C37804460D461646002B34D1D1B182
S214004E20214815F061FF0123E370E36CA6600BB127
S214004E30E06D9847E368F61A63699E4221D2217EA8
S214004E401A480131C9B2217615F04EFFA36D13B191
S214004E50217EE06D9847E57030F00BFC15B32379A2
S214004E6003BBA268238A801A83421BD801231048FA
S214004E70237115F039FF236DA3B1E06DBDE87040D6
S214004E80184701232376E6E70029E4D1094815F000
S214004E902BFF636DE660E5702571002BDBD0E06DBF
S214004EA09847D8E770BD00BF900D0400A10D040020
S214004EB0CF0D0400BC0D040070B51E468388044662
S214004EC00D46C18002810BB1868070BD8178008856
S214004ED030F07CFA0123E370064BA680C4E9033465
S214004EE00C34204600F09CFF29462046BDE8704062
S214004EF030F0B6BBD753030010B501790446B1FABB
S214004F0081F10088490930F0D8FA21796088B1FA31
S214004F1081F1490930F0D1FA034B1A68A24204BF66
S214004F2000221A6010BD00BF8416002070B54379B9
S214004F300446A3B100880E4E04F10805336813B189
S214004F400C4B1B786BB1217930F0B7FA64210A4B11
S214004F503460A3602846BDE8704030F081BB4088CE
S214004F60E9E7064815F0C0FE054B3221A360F1E7DD
S214004F7084160020935F0020F94E0000E50D040023
S214004F802D4F000010B50446E0B10F4815F0ACFEFA
S214004F9001236371A37953B92179208830F08DFA03
S214004FA0236B7BB1606B0121BDE81040184720469B
S214004FB0FFF7A2FF04F1080030F057FB2046FFF78A
S214004FC0B5FFEDE710BD00BF1B0E040010B504468C
S214004FD0F8B1104815F088FE00236371A3796BB909
S214004FE021792088B1FA81F1490930F066FA236BFD
S214004FF07BB1606B0021BDE8104018472046FFF7E4
S2140050007BFF04F1080030F030FB2046FFF78EFFF0
S214005010EDE710BD260E040010B5044668B107483B
S21400502015F062FE637920461BB1BDE81040FFF71D
S214005030CDBFBDE81040FFF7A5BF10BD320E04007F
S21400504010B50E4C0E48214615F04EFE82210D4836
S21400505015F04AFE82210220A21E00F097FE0146AD
S21400506030B134F8022C0848BDE8104015F03CBEBC
S2140050700648BDE8104015F037BE00BF2A5800208D
S214005080410E04005C0E0400670E0400AB0E040024
S21400509038B5124C82212246022000F067FEA51C7D
S2140050A0014698B122880E4815F01EFE2A460D4B82
S2140050B003F1280153F8040B8B4242F8040BF9D194
S2140050C019889B78118093702A23238035F8021C58
S2140050D0054A0648BDE8384015F006BE28580020A8
S2140050E0B60E0400360F04002A580020140F0400E1
S2140050F0034B1B781BB18B4201D830F0A7BA704720
S214005100BA6F002010B5044601460E4815F0ECFDB7
S214005110012C11D10C4B0D481A884FF6FF739A429A
S2140051201EBF0022094B5A7430F0ADF901F074FD31
S214005130BDE8104001F048BC0448BDE8104030F01F
S214005140A4B900BF610F04006C6F0020B86900208E
S21400515070B500241A4D1B4E3378A3421BDC002486
S214005160194D1A4E3378A3421BDC0024184D194EF5
S2140051703378A3421BDC00F093FF012816481CD1AD
S21400518030F081F901F048FD01F01EFCBDE87040EA
S214005190124800F0A5BF2846FFF71AFE0134603516
S2140051A0DAE7284630F055F901343435DAE7284690
S2140051B030F088F901343835DAE730F066F9E5E79B
S2140051C0B8210020995F0020D82500209A5F002093
S2140051D0881F0020985F0020B86900200551000055
S2140051E02DE9F04F87B0FFF753FFB34B05A80593A3
S2140051F030F08CF9054616F04DFEB04CC2B21F2AB0
S214005200627004D9AE4815F06FFD00F0EFFB29463A
S214005210A01C17F061F905A830F078F9054616F0DD
S21400522039FEC2B21F2A84F8212001D9A548EAE730
S214005230294604F1220017F04FF905A830F066F968
S2140052403226044600272578002D40F09380DFF8AC
S214005250B0A2FFF77DFF9AF80030DFF8A8B2DFF8BB
S214005260A882994F00939BF8003098F80020397870
S214005270964815F039FD3A7898F800109BF800002B
S21400528053180344DFF870929AF800002C46034443
S2140052904846DBB2AA4200F3BF82012B38BF012387
S2140052A08B4E02933246002334464FF482714FF6FB
S2140052B0FF7502980133834213705180958002F186
S2140052C00C02F6DB834B82497C48A36000F0BEFFED
S2140052D00C20A368E27900FB023000F095FDE3792C
S2140052E00133E3717C4B1B88AB4203D078497B4883
S2140052F001F0ACF80023774D39780C22994200F380
S214005300938200264FF00C09754B98F800203978E8
S214005310B24200F3BB820C23002602EB010903FB1A
S21400532009419BF800006F4AB04200F3CB8298F820
S21400533000304FF00C083E784FF0700900271E44EE
S214005340064408FB0644DFF8C4B19AF80030BB42B6
S21400535000F3CE8202995E4800F0E4FD059B5649B4
S2140053601A468B4240F0D5825F4807B0BDE8F04F42
S21400537015F0BABC532D0FD163784C2B40F0438107
S214005380A378502B40F03F810122584B1A7005A895
S21400539030F0BCF8044656E7442D13D16378303B12
S2140053A0092BF4D8601C30F0BEF8514B514A1978DE
S2140053B0002386B2994202F16002E8DD22F8466CCC
S2140053C00133F7E7422D0BD16378542B54D1A01C40
S2140053D000F0B4FC404B188018462FF098FFD6E734
S2140053E0582D33D8412DD2D9433D152DCFD801A302
S2140053F053F825F09B5700008F5300008F53000092
S2140054008F5300008F5300008F5300005D5500003F
S2140054108F5300008F530000115500005F540000AA
S2140054208F5300008F5300008F5300008F530000EF
S21400543091560000075600008F5300008F5300005F
S2140054408F5300008F5300000B570000692D9ED12C
S214005450601C30F068F880B230F0F4F897E71A4B2A
S214005460012019780023244A994202F1A8028EDD11
S21400547002F8A60C0133F7E7601C00F05FFC054657
S214005480E01C30F0C8F801210246284630F07FF8CC
S21400549060211748174C03785943621865524FF439
S2140054A0FA6111824FF448715161144956831165AF
S2140054B0013303706BE700BF2A580020CC68002039
S2140054C0800F0400970F0400975F0020A70F0400CA
S2140054D0D8160020501700206C6F00208816002079
S2140054E0DC1B0020201A0020F70F0400935F00202A
S2140054F0995F0020B8210020DC1C0020F754030030
S214005500945F0020955F0020965F0020D018002052
S214005510601C00F013FC00224FF034088146CB4F8D
S214005520114630F034F83A78C94D08FB02F225F8F7
S2140055300290E378A818693B18BF012383702FF008
S21400554088FF0023C3493A784B60012308FB0255C5
S2140055501A443A700D601F460B7418E7601C00F082
S214005560EDFB00221146814630F011F83422B74D8B
S214005570DFF8DC822B78534328F8039008EB03000F
S214005580E378693B18BF012383702FF062FFB24AAD
S21400559000231046916B31BB342200EB83102B782E
S2140055A002FB03838363AD4A00231046D2F8A4109F
S2140055B0F9B9A82202FB030034222B7802FB0383EE
S2140055C0C0F8A4305FB9A34A3B46114652F8040B14
S2140055D0A8B934202A7800FB028241F823202B78D1
S2140055E001332B70D3E60133042B02F14002D1D1F4
S2140055F0D9E70133042B02F1A802D7D1E2E7013341
S214005600042BE3D1EBE7601C00F098FB0546E01C9A
S21400561030F001F80121024628462FF0B8FF4FF07F
S214005620600C8F488F490278DFF830E20CFB02FCF2
S21400563021F80C504FF4487501EB0C031D825D6198
S214005640894D5E839D65E478884D642C04BF0124F3
S2140056509C70A8242B785C430EEB040C0EF80430E8
S2140056604FF40074ACF8024003248CF804408CF825
S2140056700640602404FB0211CCF8081032210133E6
S214005680DBB201328CF805308CF8A0100270A8E767
S214005690601C00F053FB00224FF038098246DFF80A
S2140056A0E88111462FF073FF98F80030704D09FB23
S2140056B003F225F802A04FF0010AA91881F804A009
S2140056C0E2787AB1E01C00F039FB0022044611466D
S2140056D02FF05DFF98F8003009FB0359A9F8024047
S2140056E089F806A063495C480A784FEA821C00EBFA
S2140056F0821400F80C20382000FB035501320133D9
S214005700656388F800300A7041E6601C00F016FBFE
S2140057108046E01C00F012FB0546601D2FF07BFF64
S21400572004460246012140462FF031FF2246284615
S21400573001212FF02CFF6021DFF824C1DFF824E1DF
S2140057409CF800204FF4487401FB02F30EEB0300B4
S2140057502EF80380531CDBB24B430EEB03012EF8EE
S2140057600350931C9422048244610C824C61424C88
S2140057708CF800302378414D5A43DFF8EC8005EB77
S214005780020CAB5401334683C0F85880CCE90101C3
S2140057904E83C1F858802370F9E5601C00F0CEFAFD
S2140057A00546E01C00F0CAFA0022044611462846C8
S2140057B02FF0EDFE00224FF038094FF00108114699
S2140057C020462FF0E4FEDFF8C0C029489CF80020F1
S2140057D04FF0000E09FB02F3C118C55202EB080396
S2140057E0DBB209FB03F3C518C452931C702224488D
S2140057F08CF800300378234C5A4304EB020C81F8F3
S214005800048081F806E0A354CCE9011585F80480ED
S21400581085F806E043444CE6467901358E4284BF5F
S21400582004714471A83035E523B116F8051C02FB57
S2140058300155B56031464846039301F0C1FB039B12
S21400584009F1A80901330C3656E500BF9A5F00201F
S214005850D8250020B8690020DC1B0020DC1C0020B6
S214005860995F0020B8210020F1500000975F0020CB
S214005870881F0020965F0020955F0020201A0020D9
S214005880945F0020D0180020985F0020711808D080
S2140058904A1E09FB0242D27909FB025509FB014266
S2140058A09560184609FB0141039301F049F93978E0
S2140058B01C48314409FB014101F06EF8039B013698
S2140058C0403322E516EB090F18BF11F8050C0391BB
S2140058D018BF03FB00554FF0940318BF8D6003FB01
S2140058E0062000F073FF03990C2301360C3118E5EF
S2140058F0F74218BF14F8053C214618BF08FB0355AD
S21400590009FB07B018BFA56000F038FE01370C345D
S2140059101BE513F8011D00297FF421AD3B2102F899
S214005920011C1CE57C1F002007B5012121200DF17C
S214005930070200F01BFA18B99DF80720024B1A70F0
S21400594003B05DF804FB00BFBA6F002007B5064B36
S2140059508DF80700187001210DF10702212000F0D4
S21400596015FA03B05DF804FBBA6F002007B50221F4
S21400597001200DF1060200F0F9F938B9044815F0D7
S214005980B3F9BDF8060003B05DF804FB0020FAE7A3
S2140059901410040007B50221ADF806000DF106024A
S2140059A0012000F0F3F9014610B1034815F09CF908
S2140059B003B05DF804FB00BF3510040010B5FFF718
S2140059C0D5FF04460146074815F08EF90121064822
S2140059D015F08AF924B9BDE810400120FFF7DABFB8
S2140059E010BD00BF651004007710040008B5044819
S2140059F015F07AF900F0DAF92FF028FE2FF023FEE2
S214005A008D10040010B50446084A094B1046136072
S214005A1000F006FA002C18BF2146BDE8104008BF6B
S214005A204FF4967101482FF01BBE00BFDC26002005
S214005A30455503002DE9F043384D91B008AC0746B4
S214005A40894690460FCD0FC495E80F00002684E8DF
S214005A500F0001250323324C3248CDE90366CDE919
S214005A6005668DF80E30079602953AF009FF2E4827
S214005A703AF006FF32462D4920468DF8176004F0AE
S214005A80E3FD334632462A498DF819000090204639
S214005A908DF82390CDF82C808DF8216004F0EEFD73
S214005AA00A9020468DF8097004F054FD204608AA96
S214005AB005A904F009FE02AA204603A930F091FECB
S214005AC04FF400721B4B5A62194BE560626A9205EE
S214005AD010D46BB94FF40072164B11485A6204F09A
S214005AE039FD11483AF0CFFE002011B0BDE8F08332
S214005AF0013BEBE7002BEDD0094908A830F0A4FEE7
S214005B004FF400720B4B06485A6204F023FD064819
S214005B103AF0B9FEBDF82000E7E700BFF8AC040095
S214005B200040005AA4AF0400A0AF040080841E000A
S214005B3040420F000060005A0122034B1870034BCE
S214005B401980034B1A7070479C5F0020746F00200A
S214005B509B5F0020F8B5444B1B780BB90020F8BDBE
S214005B60424B1B78012B03D1BDE8F8402FF0EDBC6B
S214005B703F4B1C884FF6FF739C42EFD03D483AF0EF
S214005B807FFE0023270AE4B21A462146384604F070
S214005B90A1FC012F04F0010326D00ED9BD1E012D55
S214005BA0DCD8002B39D04FF080754FF070624FF480
S214005BB080364FF47021304B09E003B34FF0807508
S214005BC04FF070624FF480364FF470212B4B1868FC
S214005BD0084029D0B04227D0196811403FD1196833
S214005BE021EA02022A4323E083B14FF080754FF08A
S214005BF070624FF480364FF47021214BE7E74FF484
S214005C0080754FF4706201260F21DFE74FF4807530
S214005C104FF470623E460F21EFE74FF480754FF465
S214005C20706201260F21C6E71A6822EA0102324393
S214005C301A602FF08AFC054600288FD0083744EA01
S214005C4007102A460321C0B2FFF7F4FE40F6FF73A2
S214005C50684300F2FF70B0FBF3F080B27FE7A94222
S214005C607FF47CAFBBE700BF9B5F00209C5F0020FB
S214005C70746F0020A4AF040028C3035020C3035051
S214005C8024C3035010B5044C237823B903483AF0D4
S214005C90F7FD0123237010BD9E5F0020A4AF040013
S214005CA02DE9F0431F4C85B0074688469146FFF71E
S214005CB0E9FF23781BB901F0A1FE012323707BBA0C
S214005CC0ADF80C3030220023174E02FB03F4315D92
S214005CD0A51901BB012333554FF0FF3304F1100023
S214005CE012493044AB606F80C5F80480C5F80C904C
S214005CF00AF086FA04F10801042231440C4B0095A0
S214005D0003A801F051FFA96802460A4814F0ECFF08
S214005D1005B0BDE8F0830133102BD6D1064814F049
S214005D20E3FFF5E79D5F0020042700206F55030082
S214005D30815503009A100400C810040080B1027850
S214005D40A2F14103032B0BD840783038C0B20828A4
S214005D5006D8054B134413F8413C40EA032070472D
S214005D604FF6FF70704700BF18AD040008B50B462D
S214005D7042B101460448006803F070FABDE80840E6
S214005D802FF05ABC022008BD246A002008B50B4636
S214005D9042B101460448006803F0ECFBBDE8084049
S214005DA02FF04ABC022008BD246A00202DE9F041ED
S214005DB04FF000088CB0134F02AEFF2300930A2268
S214005DC043463146386830F0CAFAC0B1354606EB6D
S214005DD0800405E055F8043B434528BF03F101085D
S214005DE0AC423868E9D9296803F04CFD0028F1D0A8
S214005DF02D28EFD00CB0BDE8F0412FF01DBC0CB044
S214005E00BDE8F081246A002028B1034B0360034BF1
S214005E10436000238360704719000003CC690020AC
S214005E20FF2307B50021044A009308300AF06AF9F8
S214005E3003B05DF804FB00BF5B5603000B46044945
S214005E40024608680349097808B12FF019BC704764
S214005E50102A0020A05F0020F7B50C4618B12921B3
S214005E60194838F089FD246823685E795F883046D3
S214005E703946FFF7E3FFF0B18568E5B1A089227DDA
S214005E803946904291BF0020801AA36880B294BF22
S214005E9003469B18E27C00903046A847013803284A
S214005EA003D8DFE800F0080F0B0D0024204633F07F
S214005EB0D7FF204600E0812003B0F0BD8024F5E740
S214005EC09324F3E78724F1E7F0100400F8B51546AD
S214005ED00D4A044610680D4A0B46117850B122460A
S214005EE02FF0CEFB034628B100210C27C678B1421E
S214005EF001DB0020F8BD07FB01F45A681019125B9D
S214005F00AA42F7D00131F2E7102A0020A05F002055
S214005F1008B5034B1B6803B19847002008BD00BFB7
S214005F200C2A00202DE9F74F04460D460026444B68
S214005F30444F1860444B197033010021F85C013659
S214005F4010F0DCFE0C2EF7D10C2D28BF0C254FF0E0
S214005F50000901953B4EDFF8FCA03C4DDFF8F880C9
S214005F60019B4B4502DC03B0BDE8F08F23784FF071
S214005F70000B337063887380A388B380A379C6F858
S214005F800880B371E379C8F8005088F804304FF001
S214005F900003A768A8F80630E3795B450ADC012110
S214005FA016F8100B10F0AAFE08F1080809F101090E
S214005FB00C34D5E74FF0000338886B812880F978D9
S214005FC04FF0000C2981BB78C5F804A0002B009385
S214005FD00CBF802340232B737A680AF10C036145BB
S214005FE012DC0C2303FB01AABB6843B1009A4FF6F0
S214005FF0FF71B2FA82F2164B520933F0C1FE143525
S2140060000BF1010B0C37C7E7B2F800E00CF1010CFE
S21400601023F80CEC92F802E00C3303F816EC92F836
S21400602004E00C3203F815EC12F809ECBEF1010F8F
S21400603014BF4FF0100E4FF0110E03F814ECCEE71D
S214006040102A002058420020A05F002014300020B4
S214006050595E0000142A002094320020014B18607C
S214006060704700BF082A002070B5128805460E4605
S214006070FFF72CFF044670B102790499806815F08A
S21400608037FF064B1B680BB9002070BD314628460B
S21400609022889847F8E78620F7E700BF082A0020FE
S2140060A008B50FF0D1FE022806D0012806D0044B12
S2140060B018784000C0B208BD0120FCE70220FAE7CD
S2140060C09F5F0020054B10B51C682CB1FFF7E8FF5A
S2140060D02346BDE81040184710BD00BF042A002024
S2140060E0014B1860704700BF042A0020034B1A7843
S2140060F01AB901221A700BF0F1BE70479F5F00209C
S2140061000022024B1A70FFF7DDBF00BF9F5F002022
S21400611037B50446002832D00FF096FE022830D15C
S214006120608934F018FAE079237A003818BF012025
S214006130012B637A08BF40F008000BB140F0100056
S21400614063890BB140F00400257CA188A2790DB1CB
S214006150E36873B90C4B11F0ADF92178084611F0DD
S21400616025FA33F006FD002814BF0320002003B0F4
S21400617030BDCDE90035054B11F09CF9EDE7022066
S214006180F5E70120F3E700BF56640400BD330400C2
S21400619008B50DF0BFFF014630B1044814F0A4FD69
S2140061A0BDE808400EF066BB08BD00BF49110400FC
S2140061B0034B044A5B7C012103201370FFF7E6BD06
S2140061C0B8690020A15F002010B50446FFF7F0FF75
S2140061D0B4F57F4F0BD100240F4B1A8813449C70E4
S2140061E0FEF72EFF2046BDE81040FFF70BBC4FF62B
S2140061F001739C4204D1BDE8104008482FF02BB92B
S2140062004FF602739C4205D1BDE81040044B187847
S214006210FFF79CBB10BD00BF28580020B8690020BF
S214006220BA6F002010B5074C012122460320FFF765
S2140062309DFD28B92378044A003B18BF01235374F8
S21400624010BD00BFA15F0020B8690020F8B5554B0F
S214006250554C1A884FF6FF739A4218BF03234FF027
S214006260080218BF2370514B36251A7032225A7016
S214006270DA70DA7133221A724FF400121D719D71B2
S2140062804B4D3026C5644B4D426405654A4D012290
S21400629085654A4D9E70C565494D5E714566494D9A
S2140062A086188566484DC6670567484D484E45675B
S2140062B0202580F8785080F8845000F12105C0F839
S2140062C08850444D80F84820C0F88C5080F8542000
S2140062D080F8602080F86C20C0F8806080F89020FD
S2140062E0C0F8B8303C4BC0F89440C0F8BC303B4CCB
S2140062F00223C0F898403A4C80F8C030C0F8A4405A
S2140063000F24384B80F8A840C0F8C430364B374CC2
S214006310C0F8C8308223C0F8AC40354C80F8CC308A
S214006320C0F8B0400924334B334DC0F8D030334B5F
S21400633080F8B440C0F8D4302C7C314B80F89C20D8
S214006340C0F8A00080F8D820C0F8DC3044B12D4B4F
S21400635080F8E420C0F8E03005F11103C0F8E8301A
S2140063600C224FF0000CCB798F685A4327F802C0F6
S214006370BE180122443013440D347060B270F470BD
S214006380CB71FFF7D1FAFFF74DFFFFF789FE012823
S21400639006D12B7C23B1BDE8F84017482FF05BB838
S2140063A0F8BD00BF6C6F0020BB6F0020A25F00200E
S2140063B031AD04000100200030AD040002002000D2
S2140063C02FAD0400030020002EAD040004004200A0
S2140063D00500420007003000FDFF210012001001FA
S2140063E0004042002CAD040000FF44011CAD040038
S2140063F00600420028580020B869002002FF20014D
S214006400BA6F002001FF100113B504460D482EF0A8
S21400641089FF6422C0F30F43637083B2B3FBF2F3C9
S214006420A0782370202201212FF04CF9A078212299
S21400643001212FF047F90449201D02B0BDE81040A5
S2140064402FF00EB96C6F0020E09304000B7870B547
S21400645083704CF61E0303804FF02013C3620123A3
S21400646080F8303080F83C30C3180364114B124A71
S2140064704364022382630C22044680F848300F4BA4
S2140064804063C364CB798D685A4304F12C06A81880
S21400649046600B4E0133AE5000228260CB71094B32
S2140064A0201DC4E90134FFF7BBFC2046BDE8704060
S2140064B0FFF7AABFFDFF21002100200032AD040037
S2140064C00100010309640000437B044A01211370A4
S2140064D000781130C0B2FFF759BC00BFAC5F002097
S2140064E038B504460078054D11302A460121C0B261
S2140064F0FFF73CFC08B92B78637338BDAC5F00200F
S214006500024B53F820002FF0A4B900BFF43200204D
S214006510012908B506D0022907D049B92FF090F90D
S214006520002008BD2FF08FF9FAE72FF08FF9F7E774
S214006530024814F0D9FB0120F3E700BF76110400EF
S21400654010B4054C114654F820001A46BDF8043025
S2140065505DF8044BFFF7DCBFF4320020002310B5D3
S214006560044683810364A0F844304830FFF758FCA3
S214006570014BC4E9123410BD3958030038B504463F
S2140065800B78194A43700D4642F82300FFF7E6FFE2
S2140065902046FFF7A5FF4FF44013144A2361A2617B
S2140065A0134A0123E261134A23756262124A84F891
S2140065B02030A26204F10C022263104A84F82C30C8
S2140065C062630C2284F8383004F10D03E363EB7940
S2140065D0A8685A43103481184C60094C0133845023
S2140065E0084A8A60EB7138BDF4320020AB5F0020A9
S2140065F008002000BC6F002000FF300001FF1001E3
S214006600020101044165000010B47024427B0D486D
S214006610013A012904FB020006D0022908D059B924
S2140066205DF8044B2FF00CB95DF8044B2FF00BB956
S2140066305DF8044B2FF00AB903485DF8044B14F0DC
S21400664053BB00BFD018002092110400B0F85C3095
S2140066502DE9F0418B4204460E4638D0437B077C3A
S2140066608BB31C4A12789A422DD370251A4A013BE6
S21400667005FB032390F80F801B7B42462FF0F7F8AC
S214006680B845054601D1FF281FD13A463146204677
S21400669094F890302FF0EBF82F460546552212213D
S2140066A06078A4F85C602FF00DF8FF2F03D0394611
S2140066B02046FFF7A9FFFF2D09D029462046BDE852
S2140066C0F0412FF014B9FF25DFE70746E6E7BDE8FF
S2140066D0F08100BF945F0020D018002041688268D7
S2140066E0C978D27849B112B10321FFF7AFBF837BD7
S2140066F0002B0CBF01210221F7E72AB1837B002B78
S2140067000CBF02210121F0E7014814F0EDBA00BFEA
S214006710A3110400037BD3B14368DA7812B1826810
S214006720D278A2B91B7933B1837B002B0CBF04212E
S2140067300521FFF78BBF83681B792BB1837B002B6A
S2140067400CBF05210421F4E7014814F0CDBA7047C8
S214006750D5110400084A437B05211370837B5370D0
S214006760C37B9370037CD370037B137100780E3069
S214006770C0B2FFF70BBB00BFAD5F002038B50446C4
S21400678000780C4D0E302A460521C0B2FFF7EEFA0F
S21400679020B1BDE83840084814F0A6BA2B786373D9
S2140067A06B78A373AB78E373EB7823742B7923733E
S2140067B038BD00BFAD5F002011120400024B53F835
S2140067C020002FF0DEB800BF1C330020F8B50446CA
S2140067D00B78414A43700D4642F823003F4E2FF097
S2140067E0EEF8FFF7CBFF6268A3683D483D49D664E4
S2140067F050651165D465C3E91410DE64DC654FF09E
S21400680098730227636101230C2604F10C01E161F1
S21400681035491032216204F10D01A1623349237615
S214006820E16204F10E016163314984F82430A1630A
S21400683004F10F0121642F4984F83030616404F1BB
S2140068401001E1642C4984F83C3084F84830216516
S21400685084F85470A265EA79A96806FB02F004F190
S214006860140E01EB000CCCF804E04FF4817EDFF848
S214006870ACC041F800C0D018C0B2704341F800E088
S21400688001EB000C0020CCF804001C4884F87030A3
S21400689020661B4884F88830A0661A481A4BE066C3
S2140068A01A48C4F88C30D3196067DBB218487343B3
S2140068B0A06704F15C00C4F88000164884F8647091
S2140068C0C4F8840084F87C70C818603444601248A9
S2140068D00332C850EA71F8BD1C330020DD660000A4
S2140068E04559030015670000010020010200100151
S2140068F00300300104003001050021014A00210098
S21400690034AD04005100100036AD040037AD04006D
S214006910550021006F0018001200010401FC01065A
S21400692070B50D460646144613460A4601461648F6
S21400693014F0DAF925B92046BDE87040FFF744BCEC
S214006940072D05D121463046BDE8704000F0FCBA60
S2140069504FF601439D4205D121463046BDE87040C2
S214006960FFF72CBF062D05D121463046BDE8704006
S21400697000F0A0B8B5F5817F05D121463046BDE8C8
S2140069807040FFF7BDBD70BD401204000148FFF720
S21400699065BB00BF216900004FF4C01330B503602B
S2140069A001230C220371064B8C688360CB795A4313
S2140069B0A518686003480133A050CB7130BD00BFF6
S2140069C038AD04000400010138B50024044D55F824
S2140069D0040B08B12FF003F801340A2CF7D138BDA8
S2140069E044330020042908B50AD172B16BB113787C
S2140069F01BB92FF01FF8002008BD2FF011F8FAE79A
S214006A00034814F071F90120F6E70320F4E700BF0D
S214006A107312040010B4054C114654F820001A46B0
S214006A20BDF804305DF8044BFFF7DCBF44330020AC
S214006A300229024608B50ED004D839B910462EF001
S214006A40F9FF06E04029F9D0412907D110462EF07B
S214006A50E7FF002008BD2EF0F7FFFAE7024814F023
S214006A6043F90120F6E700BF9312040010B4054C6A
S214006A70114654F820001A46BDF804305DF8044B61
S214006A80FFF7D6BF44330020426B094B52791A7089
S214006A9082785A70C2789A70826B12B190F83C2055
S214006AA0DA70007804210930014AC0B2FFF76EB9E7
S214006AB0B25F0020024B53F820002EF0E1BF00BF6B
S214006AC04433002038B504460078084D09302A467D
S214006AD00421C0B2FFF74AF930B96B78A370AB78DF
S214006AE0E370EB7884F83C3038BD00BFB25F00201E
S214006AF038B504460078114D09302A460421C0B244
S214006B00FFF734F9C8B9A3782A78022B0CD004D83A
S214006B1063B920462EF08EFF01E0FF2B0AD02046F8
S214006B20BDE838402EF05BBF002AF2D120462EF09A
S214006B3077FFF4E7002AF9D1EBE738BDB25F002013
S214006B40F8B504460B78274A0D4642F823004370F2
S214006B50FFF7B8FF636B244A5C631A632046FFF7AF
S214006B60C7FF20462EF03BFF4FF4801363600123DF
S214006B70626BA66B0532E2601C4A23722261A21C7D
S214006B802375A26166B11A4A84F82030E261E21CDD
S214006B906262184A84F82C3004F13C03A262236334
S214006BA00C204FF0060CEA79A96800FB02F70434C3
S214006BB0CB1921F807C05C600124002E0CBF02260A
S214006BC004269C700C4CDE709C60531CDBB2434366
S214006BD00A4CC818CC5000234360094B023283602D
S214006BE0EA71F8BD443300205D5A030003403001CB
S214006BF001FF300102FF10016D6A0000080001006D
S214006C00156A000028B1034B1B78834234BF00206E
S214006C1001207047965F002070B500250A4C0B4E89
S214006C203378AB4200DC70BDD4F8A42042B123799F
S214006C301BB16079FFF7E6FF10B910462EF0FCFB9B
S214006C400135A834ECE700BFDC1C0020975F00206D
S214006C5008B5427901461046FFF7D4FFA8B1CB78B5
S214006C600A48013A042B00EB82100ED8012B08D8F4
S214006C701BB9BDE808402EF0D3BEBDE808402EF094
S214006C80D9BEBDE808402EF0DFBE08BDDC1B0020E4
S214006C9008B5427901461046FFF7B4FFA8B1CB7895
S214006CA00A48013A042B00EB82100ED8012B08D8B4
S214006CB01BB9BDE808402EF0BDBEBDE808402EF06A
S214006CC0AFBEBDE808402EF0BFBE08BDDC1B0020EE
S214006CD010B586B00446FFF7E3F9012830D1E27814
S214006CE0042A2DD8DFE802F013323403030061795A
S214006CF00846FFF787FF58B31648032A00EB8110B3
S214006D0050F80C3C58791DD1003818BF0120637824
S214006D104FF480728DF804304FF48273ADF806306D
S214006D200623ADF8083001238DF80B3000238DF8CC
S214006D300A0001A8CDE903238DF81430FFF7E8F91F
S214006D4006B010BDB0FA80F04009E0E70020DEE7AC
S214006D500220DCE7DC1B002010B586B00446FFF7F7
S214006D609FF9012830D1E278042A2DD8DFE802F016
S214006D7013133203030061790846FFF743FF48B355
S214006D801548032A00EB811050F80C3C5B791DD1A6
S214006D901A1E18BF012263788DF80A208DF8043079
S214006DA04FF48273ADF806300623ADF808300123A1
S214006DB04FF480728DF80B30002301A8CDE9032331
S214006DC08DF81430FFF7A4F906B010BDB3FA83F2BD
S214006DD05209E0E70222DEE7DC1B002010B586B091
S214006DE00446FFF75DF9012812D16378094A8DF849
S214006DF004304FF48273ADF806304FF48073CDE95B
S214006E000223002301A804938DF81430FFF780F9BD
S214006E1006B010BD0800070110B586B00446FFF79F
S214006E203FF9012820D16278104B8DF804204FF4EA
S214006E30827294F8A01094F8A10059701870ADF8FA
S214006E40062004934FF480720223094901A88DF8A6
S214006E501430CDE90212FFF75BF994F8A130013B3C
S214006E6018BF012384F8A13006B010BDB65F00201D
S214006E700800050110B58378044603B30379022B96
S214006E800AD142791046FFF7BDFE28B10C48013AF8
S214006E9000EB82102EF0D8FDA379022B02D12046FB
S214006EA0FFF716FF2046FFF7B7FF02236078A4F827
S214006EB06C305522BDE8104012212EF003BC10BDE8
S214006EC0DC1B00204388094A0821138083885380EE
S214006ED083681B8A938090F8A03093718379D3716E
S214006EE000780430C0B2FEF751BF00BFAA58002099
S214006EF038B50D4604460178114813F0F5FE4FF6F6
S214006F0002739D420ED10F4B1B782BB9637120463E
S214006F10BDE83840FFF7D6BF62790AB19342F6D291
S214006F200123F3E7B5F57F4FF1D120462EF025FE7D
S214006F30A278A368022A0CBF012200229A70E6E714
S214006F40AF120400965F0020024B53F82000FFF7B4
S214006F50CFBF00BF6C33002038B504460078144D10
S214006F6004302A460821C0B2FEF700FF20B1BDE873
S214006F703840104813F0B8BE2B8863806B88E978D9
S214006F80A380AA88A3681A82AB7984F8A030EB792C
S214006F90A371094B1B780BB9637138BD09B19942CF
S214006FA0FBD9064813F0A0FE23780133F4E700BFB0
S214006FB0AA580020C9120400965F0020F2120400AE
S214006FC0F8B504460B78494A0D4642F8230043704C
S214006FD0FFF7C2FFA268464BD465D364454B022731
S214006FE05365454B0C2613654FF44013E3600123AD
S214006FF0A11C6161E1624149103221632265211DB5
S2140070003F4AA1633F484049626504F1A002A0617F
S214007010E163E265E01C611D3C4A206261643C4815
S2140070203C492266A21D2374237784F8283084F80E
S214007030343084F84030A16484F84C7084F85830BA
S21400704084F864306062A266E879AA6806FB00F1FC
S21400705004EB060E02EB010CCCF804E04FF0060E33
S214007060DFF8C0C042F801C0C118C9B2714342F887
S21400707001E002EB010C0021CCF80410DFF8A8C0F8
S21400708084F88030C4F870C084F89830DFF89CC06C
S214007090214BC4F878C0C4F89C30DFF894C0831C39
S2140070A0DBB2C4F87CC07343DFF888C084F8747021
S2140070B084F88C7004F16C07C4F884C0C4F890702F
S2140070C0DFF874C0154FC4F888C0C4F89470D71899
S2140070D070347C60124CD450C31CDBB27343082659
S2140070E0D4180430D6506160E871F8BD6C330020C7
S2140070F0D15A03001B5B0300756E000001FF3001D0
S21400710004FF20011000300102FF200105FF3001BE
S21400711000FF300103FF21013CAD04006F001800A2
S21400712012000104070001084A0021003AAD0400DD
S214007130510010003DAD04005500210000239B6A5D
S214007140B3F5804F03D21968064A914203D0002354
S214007150037083607047012202709A689B694260E0
S214007160F7E700BF07B0CD5E024B034A1A6030F067
S21400717064B900BF0000002002020FF073B53F4B59
S21400718004461A781AB102221A7002B070BDCDE910
S21400719000220028F9D001261E7039F0D3FA384DA7
S2140071A0384B186018F04AFC2B785BB902F00EFCDE
S2140071B040B935480823354A3549006802F04EF88C
S2140071C000B92E70334B5A68E260334A9A601A6EE2
S2140071D022605A6E6260D3F87021A2601B6E5C0457
S2140071E02CD52E4AD368D807FCD42D4B1A68531CCE
S2140071F029D04FF4801393402A4A13660423294C5F
S2140072004FF0804223664FF4806323661023236684
S2140072104FF400536846236601A9226663662EF083
S214007220C4FC009B2366019B63662B78002BACD0C6
S214007230164B1A6822665B686366A6E71A4AD36826
S214007240D907FCD4D1E7194B1B78002BD6D1184BA5
S2140072505A68144B12B94FF480121A66154A5268CF
S21400726012B94FF400121A66134B5B68002BC5D197
S2140072704FF480020B4B1A66C0E700BFB95F0020D0
S214007280BA5F0020A4330020246A0020A833002020
S214007290007108000080004455CEAC000000044099
S2140072A0F06900200090004400000450B85F002001
S2140072B00080055000C005500000065038B5224D2D
S2140072C004462B78012B02D001232B7038BD0028F2
S2140072D0FCD02EF08FFC013009D02EF08BFC40F253
S2140072E00113984203D0194AD368DB07FCD42268FE
S2140072F0174B1A6662685A66A268C3F87021E2687D
S214007300D40744BF00229A60124B1A68013213D188
S214007310114A127882B911494968C80748BF1A60ED
S2140073200F4A5268D10744BF01221A600D4A5268BC
S214007330D20744BF02221A6018F088FB0A4B18686E
S21400734039F0FBF90023C0E7B95F002000000440D5
S21400735000800044F0690020B85F002000800550DF
S21400736000C0055000000650A433002070B500246D
S214007370A36AB3F5804F23D21A68134B9A421FD1E3
S214007380124E337813F0FD0518D14FF480341048B0
S214007390FFF7F4FE032005F027F80E4B0320DC6011
S2140073A005F006F80C4B1C61AB6ADB69984704468F
S2140073B00748FFF783FF0CB901233370204670BDE2
S2140073C04FF48174FAE700BF07B0CD5EB85F0020C7
S2140073D09433002000A000440090004413B5204BD6
S2140073E01B7803B9FEE700231E4CCDE900336A463E
S2140073F008231D49206801F031FFF8B91B4AD2F86E
S2140074004031D2F840211F2B4FF0010311D9203A0A
S2140074109340019A1A43019208236A46124920684B
S21400742002F0A8F8124B134A1A6030F006F802B0C1
S21400743010BD9340009A1A430092EDE72D28F1D133
S2140074400A4AD2F84031D2F840211F2B4FF00103F0
S21400745085BF203A93409340019398BF0093DBE7A3
S214007460B95F0020246A00200071080000800044F4
S214007470000000200B020FF038B50025AB6A04466A
S214007480B3F5804F10D21B6BB3F5804F0CD2074874
S214007490FFF774FEAB6A20461B6B5B689847BDE837
S2140074A038400248FFF70ABF38BD00BFB03300209F
S2140074B013B50024A36A0190B3F5804F13D21B6B5B
S2140074C0B3F5804F0FD20948FFF758FEA36A012193
S2140074D01B6B01A89B69984704460448FFF7EEFE1D
S2140074E0204602B010BD4FF48174F9E7B033002097
S2140074F070B50026B36A0446B3F5804F0D4612D227
S2140075001B6BB3F5804F0ED20848FFF737FEB36A01
S21400751020461B6B29469B69984704460348FFF79D
S214007520CDFE204670BD4FF48174FAE7B0330020DC
S21400753070B50026B36A0446B3F5804F0D4612D2E6
S2140075401B6BB3F5804F0ED20848FFF717FEB36AE1
S21400755020461B6B2946DB69984704460348FFF71D
S214007560ADFE204670BD4FF48174FAE7B0330020BC
S214007570F8B50027BB6A0446B3F5804F0D4616469D
S21400758011D21B6B7BB10948FFF7F8FDBB6A20469A
S2140075901B6B324629465B6A984704460348FFF74A
S2140075A08DFE2046F8BD4FF40174FAE7B033002094
S2140075B070B50026B36A0446B3F5804F0D4612D266
S2140075C01B6BB3F5804F0ED20848FFF7D7FDB36AA2
S2140075D020461B6B29469B6A984704460348FFF7DC
S2140075E06DFE204670BD4FF40174FAE7B0330020FC
S2140075F0F0B50027BB6A0446B3F5804F0D46164625
S214007600ADF5337D20D21B6BB3F5804F1CD21048EE
S214007610FFF7B4FDBB6A20461B6B40F2C1225B6AD3
S21400762001A99847044630B10948FFF747FE2046AF
S2140076300DF5337DF0BD836A32461B6B2946DB6A47
S21400764001A898470446EFE74FF40174EFE700BF40
S214007650B033002010B50024A36AB3F5804F10D2D3
S2140076601B6BB3F5804F0CD20748FFF787FDA36A64
S2140076701B6B1B6B984704460348FFF71FFE20460C
S21400768010BD0124FBE700BFB0330020F0B58FB07B
S214007690044601A80E461546FFF7EEFE9DF80C3090
S2140076A0012B12D1B5F5402F27D8B4F5402F24D89A
S2140076B06319B3F5402F20D821462A46304614F0E9
S2140076C00BFF002420460FB0F0BD0027BB6AB3F5C1
S2140076D0804F15D21B6BB3F5804F11D20A48FFF7C7
S2140076E04DFDBB6A2A461B6B314620465B6B9847AE
S2140076F004460548FFF7E2FDE4E740F20244E1E70E
S21400770040F20114DEE700BFB0330020F0B58FB0C2
S214007710044601A80E461546FFF7AEFE9DF80C304F
S214007720012B1FD1B5F5402F06D8B4F5402F03D84E
S2140077306319B3F5402F13D940F2024420460FB028
S214007740F0BDE258013225D104339D42F9D82A46CD
S214007750314620462EF07EFA0028EDD00024EDE7D4
S2140077600023F2E70027BB6AB3F5804F15D21B6BE8
S214007770B3F5804F11D20A48FFF700FDBB6A2A46D0
S2140077801B6B314620469B6B984704460448FFF720
S21400779095FDD3E740F20344D0E740F20114CDE76D
S2140077A0B033002070B58EB0044601A80D46FFF732
S2140077B063FE9DF80C30012B22D144EA0503C3F387
S2140077C00C03002B33D1B5F5402F04D940F2024408
S2140077D020460EB070BDB4F5402FF7D82544B5F559
S2140077E0402FF3D8204604F500542EF02CFAAC4275
S2140077F002D00028F6D1E9E70028E7D00024E7E722
S2140078000026B36AB3F5804F14D21B6BB3F5804FD6
S21400781010D20A48FFF7B2FCB36A29461B6B204613
S214007820DB6B984704460548FFF748FDD0E740F273
S2140078300444CDE740F20114CAE700BFB03300208D
S214007840BFF34F8F0549064BCA6802F4E062134344
S214007850CB60BFF34F8F00BFFDE700BF00ED00E039
S2140078600400FA0570B5D0B1C9B10E4E431E0139F9
S21400787013F8014F2046325D02F00302012A11F888
S214007880012F08BF04F12000B55C05F00305012DAB
S21400789008BF2032801A01D1002CE9D170BD01202A
S2140078A0FCE700BFEDD504000348044A0449121A59
S2140078B092102EF02ABA00BF34410000D0420000D9
S2140078C02067002008B5154B83F30A8800F030F8CF
S2140078D0FFF7EAFF124B13498B4212D30020124BDC
S2140078E012498B4218D3FDF7F9F9186850F8224070
S2140078F0586840F82240013298688242F5D30C332B
S214007900EAE70022F8E71C6844F8220001325C68C7
S214007910A242F8D30833E4E70022F8E70800002084
S214007920ACFA0400B8FA0400B8FA0400B8FA040086
S214007930124B134A70B59A60D3F88820114D42F462
S2140079407002C3F888206FF0010205F50054226625
S21400795041F2FF7262660222C3F8D020BFF34F8F57
S214007960BFF36F8F4FF44036032004F03DFD032035
S214007970E66004F01DFD2E6170BD00BF00ED00E066
S2140079800040000000800044014B1860704700BFB4
S214007990F8690020054B1860054B1B6F03F00703C2
S2140079A0032B01D136F008BF704700BF006A0020E5
S2140079B0008000502DE9F04104464FF001080C25E8
S2140079C00D4E0CB9BDE8F08194FAA4F0B0FA80F040
S2140079D00F2808FA00F2C8BF103824EA0204CABF0B
S2140079E005FB006205FB0062B4325768002FE8D042
S2140079F09168C0B2B847E4E7C033002008B50C4829
S214007A0038F03EFF192004F0E1FC28B1192004F0FC
S214007A10EBFC192004F0CCFC1A2004F0D7FC28B1AB
S214007A201A2004F0E1FC1A2004F0C2FC002008BD75
S214007A30A4AF04002DE9F0410E461746054618B3DC
S214007A400F2923D80378DBB1013BDBB2022B19D810
S214007A50104AD35C6A78D340DB0717D50E4BD3F8B1
S214007A601043ACB938F06EFE80463A46284631469A
S214007A7003F028FA404638F060FE2046BDE8F08164
S214007A807F23E7E70023E5E72224F6E72124F4E74F
S214007A900224F2E790AD040000C0035010B504467F
S214007AA010B30378E3B1013BDBB2022B1AD8104ABD
S214007AB0D35C6278D340DB0718D538F043FE01224A
S214007AC0617823788A4030214B4341F2100103F15C
S214007AD0A04303F570335A5038F02FFE002010BD37
S214007AE07F23E6E70023E4E72220F8E72120F6E7F5
S214007AF090AD040010B5044610B30378E3B1013B23
S214007B00DBB2022B1AD8104AD35C6278D340DB076C
S214007B1018D538F017FE0122617823788A40302184
S214007B204B4342F2100103F1A04303F570335A5061
S214007B3038F003FE002010BD7F23E6E70023E4E7CD
S214007B402220F8E72120F6E790AD040038B50D4670
S214007B50044618B311B30378E3B1013BDBB2022B42
S214007B601AD8104AD35C6278D340DB0718D538F0B1
S214007B70E9FD30222378534303F1A04303F5703325
S214007B805B696278D34003F001032B7038F0D5FDB3
S214007B90002038BD7F23E6E70023E4E72220F8E74D
S214007BA02120F6E790AD04002DE9F0410D4616467B
S214007BB01F46044600284DD000294BD001780029E6
S214007BC03ED04B1EDBB2022B3CD8244AD25C6378F4
S214007BD0DA40D00701D4FF293ED1022E01D9042E67
S214007BE03AD138F0AFFD23788046FF2B05D03246D9
S214007BF02046296803F0ACF928602868421C0BD19F
S214007C002378FF2B20D1164B6078D3F824142EF05F
S214007C1084FE431C286017D00C22124B02FB003354
S214007C20069A5F609A602378FF2B04D001230E4AE1
S214007C308340C2F82434404638F07FFD002007E039
S214007C407F22C4E70022C2E7404638F076FD2D20AA
S214007C50BDE8F0812220FBE72120F9E790AD040083
S214007C6000C00350C033002000D0035008B503F016
S214007C701FF9044B00F05530C3F82004BDE8084057
S214007C80FFF798BE00E0035008B503F011F9044B67
S214007C9000F0AA30C3F82004BDE80840FFF78ABE0B
S214007CA000E003502DE9F04F9A46554B85B01B78FF
S214007CB006460F461546DDF83C909DF844B0DDF8C4
S214007CC05080002B00F08C80072A00F28B800E9BE1
S214007CD0002B00F08780B9F1000F00F08380129B24
S214007CE0B3F5006F7EDC012802D1109B002B79D003
S214007CF0444B03EB05131B7B002B75D0424C102224
S214007D000021684614F04AFA04EB45141022002FAE
S214007D1058D13946204614F041FA43F210036380E6
S214007D20BBF1000F03D1E37843F00303E370364A58
S214007D300E9B02EB451CCCE90193129B6901581E71
S214007D409DF84C30C0F30A0003F003039B0643EA99
S214007D50001E53582D48012E00EA03004EEA000389
S214007D60CDF800A0535041D113230CF1100ECCF8DF
S214007D700C309CE80F008EE80F006FF00301DCF873
S214007D801C20109B61F39F02012FCCF81C20CCF81E
S214007D90143003D1CCF81890CCF804300027194AD8
S214007DA0290102EB051342F80180159A28465A600D
S214007DB0694622469F605E7302F056FE384605B05E
S214007DC0BDE8F08F0021204614F0E8F94FF4447324
S214007DD06380BBF1000FAAD1E37843F03003A5E738
S214007DE00B48ECE70B48EAE70B48E8E7B8F1000F6A
S214007DF0D4D19CF8023068F304138CF80230CDE737
S214007E00BB5F002028360020283500200F80FFF3B7
S214007E10028000F0018000F0078000F038B5124BB9
S214007E2005461B78DBB1E0B138F08CFC0F4A002326
S214007E301146147B54B92B6001251A0101EB03137C
S214007E401D738C5038F079FC204638BD0133082B62
S214007E5002F11002EDD138F070FC0548F5E7054850
S214007E60F3E70548F1E700BFBB5F00202836002097
S214007E70048000F0028000F0018000F038B538F091
S214007E8061FC002305460B4A147B6CB90133082BB2
S214007E9002F11002F8D102F0A3FD074B28461C7031
S214007EA038F04BFC204603E0284638F046FC0348F2
S214007EB038BD00BF28360020BB5F0020058000F0DC
S214007EC00D4B10B51B78044693B1072812D838F02E
S214007ED039FC0A4B03EB04131A7B2AB100241C73EB
S214007EE038F02BFC204610BD38F027FC0448FAE793
S214007EF00448F8E70448F6E7BB5F00202836002071
S214007F00068000F0028000F0018000F0154B13B5EB
S214007F101868002301908DF8043038F013FC124BDB
S214007F201C7824B138F009FC104802B010BD0122BC
S214007F301A7038F002FC0E4B01A81C731C7783F8ED
S214007F402C4083F83C4083F84C4083F85C4083F830
S214007F506C4083F87C4008238DF8073002F05CFD07
S214007F602046E2E793AD0400BB5F0020038000F0EC
S214007F7028360020F8B50D4D2D7885B1072810DC81
S214007F800B4D060105EB0014277B67B1AB510025AE
S214007F90069BA560636002F067FD2846F8BD0548AD
S214007FA0FCE70548FAE70548F8E700BFBB5F002096
S214007FB028360020028000F0018000F0078000F0E4
S214007FC00A4A08B512785AB107280BD8084A02EBB5
S214007FD000131B7B43B1002102F010FD002008BDFA
S214007FE00448FCE70448FAE70448F8E7BB5F0020CB
S214007FF028360020028000F0018000F0078000F0A4
S2140080000A4A08B512785AB107280BD8084A02EB74
S21400801000131B7B43B1012102F0F0FC002008BDD9
S2140080200448FCE70448FAE70448F8E7BB5F00208A
S21400803028360020028000F0018000F0078000F063
S214008040184B2DE9F0411F6D5B6D1F4000D5FEE714
S21400805001260025144CDFF85880374218D02368D4
S214008060C8F85060A3B1A168284601316268A160D3
S2140080709847637B012B0BD150B90C4B03EB451390
S2140080801A7B60F341021A731A7F60F341021A7773
S2140080900135082D4FEA460604F11004DDD1BDE88F
S2140080A0F08100BF0000045028360020283500204C
S2140080B0002004502DE9F04F144606460F4689B0BE
S2140080C00393C36B01225B6904A960689847F36B4E
S2140080D001225B6905A93846984704A82EF02EFAB7
S2140080E0054650B10023A37563754FF0FF33A360B8
S2140080F00025284609B0BDE8F08F05A82EF02BFA1B
S2140081000123A375237E04EBC303DF611D8463682C
S214008110BB420ED1206005A82EF03EFA4FF0FF338A
S2140081202075A360237D043B022B26D80023A3756D
S214008130DEE723681A1A53425341A37505A82EF0AA
S2140081402BFA237D834218BFA57505A82EF007FAE3
S214008150804604A82EF003FA804518BF002305A821
S21400816018BFA3752EF002FA804604A82EF0FEF97A
S21400817080451CBF0023A375D4E705A82EF0EFF9B1
S21400818080B1F36B022238465B6906A9984706A8B9
S2140081902EF0F3F90346207D032839D8DFE800F0F7
S2140081A03838040905A8F3E7CC22237E04EBC30382
S2140081B01A8401F083FC129B187005A894F81880A6
S2140081C02EF0C1F904EBC80888F82200237E05A823
S2140081D004EBC303B3F820A093F822802EF0BFF977
S2140081E0814605A82EF0C2F98346B9F1000F14D0D7
S2140081F0F36B022238465B6906A9984706A82EF05C
S21400820082F9607568B90023A3754FF000093CE059
S214008210227E04EBC2021384CBE705A82EF05EF99B
S214008220EFE794F81690B9F1000FEED0BAF1000F10
S2140082300DD1B8F1000F1DD00123E375637E002B2E
S2140082403FD1B8F1010F30D184F8198014E0736C77
S21400825007EB0B015A4287EA010010421CBF0022BE
S214008260A2755A1E0A409B1A9A45CCD8A37D002BAD
S214008270DFD1CAE7E37D43B94FF0000953465A46BB
S214008280394630462DF0A5FEA060A37D13B12269C5
S214008290524422611F49227E097891421AD901323E
S2140082A02276039ACAB91D4623E796F834307BB97E
S2140082B0F36A0133E2D1B8F1030FDFD10123A376CD
S2140082C0DAE7B8F1010FE0D0B8F1030FD4D1F5E743
S2140082D09946D3E70023A3750BE7002B3FF409AFBD
S2140082E0E57D002DDFD0B9F1000F11D1B8F1030FF5
S2140082F03FF4FFAEA1684B1C3FF4FBAE129B224638
S214008300009330460123FFF7D5FE0546A075F0E63C
S2140083104D46EEE6B8AD04002DE9F04F0E46984601
S21400832000238BB004464FF0FF31104617468DF8F9
S214008330133001F0ADFBB6F5801F20D2314605AAFA
S21400834004F108002EF04CF8451C014603D1237CAE
S214008350BBB92D2010E0384601F09AFB01223946C1
S21400836020460DF113032DF086FE0028EFD09DF871
S214008370133088F8003000200BB0BDE8F08FB01C3A
S214008380E5D1E56A691C36D12046616A2DF067FDA5
S2140083900546B31C18BF0123DFF8CC900193636A2F
S2140083A0626C0293236805A902FB053AE36B05227B
S2140083B05B695046984705A82EF05AF92EF07DF9CD
S2140083C050462EF085F94FF0000B824601464B1CB6
S2140083D005D0636C81EA0A025B42134211D029463B
S2140083E020462DF03CFD029BAB422CD0BBF1000F8B
S2140083F02CD10546D3E72368ED1A636CB5FBF3F57D
S214008400C7E7484601F044FB0DF1130349462046F2
S214008410019A2DF030FE034690B1B21C03D0D9F875
S2140084200020B2420CD19DF8132003930D4B88F820
S214008430002049461A68384614F04EF8039B9B46BF
S214008440D9F80810C3E7BBF1000F82D0B6F5801F3D
S21400845091D2314698F800307A6804F1080001F0AD
S21400846045FA88E7B4AD04001C3D00202DE9F34131
S2140084700446174698460E46184D816AE36A8B42B4
S21400848001D04B1C02D102B0BDE8F081284601F0B5
S214008490FFFA0122294620460DF107032DF0EBFDD9
S2140084A038B14346294620469DF80720B84700289D
S2140084B0E9D0A9684A1C04D1696820462DF05CFD05
S2140084C00146012EDAD16B6881EA0302636C5B42D7
S2140084D01A4218BF4FF0FF31D0E700BFF03C002033
S2140084E02DE9F04F4FF0FF334FF6FF72002504469C
S2140084F000F108068BB0C0E90923C3620562056374
S214008500304688462DF03DFF20462DF078FC60BBB7
S214008510204641462DF0F3FC20462DF070FC60BB53
S2140085205E200BB0BDE8F08F2368E26B606C576985
S21400853000FB0530052205A9B84705A82EF098F8D7
S214008540012807460CD1294620462DF0A9FC012F0C
S214008550024600D10132294620462DF06FFC03E08A
S2140085602EF0B0F80028EED10135E3699D42DBD34A
S21400857020462DF044FC0028CAD000254FF0FF39D5
S2140085804FF6FF73CA46A846C4E90853E369984500
S2140085900AD3A5EB0905012D2CD84FF6FF72636AA6
S2140085A093423CD16720BCE72368E26B606C576956
S2140085B000FB0830052205A9B84705A82EF058F894
S2140085C0834605A82EF02BF8074658462EF075F879
S2140085D068B1574538BFC4F82480B94528BFB946A6
S2140085E0BD4238BF3D46BA46236A0133236208F1CE
S2140085F00108CBE74FF6FF7300256362E3699D42EF
S214008600CBD2676C2068E36B052207FB05005B692D
S21400861005A9984705A82EF002F80135EEE7E26BAB
S214008620676C2068694607FB030055690522A84762
S21400863068462DF0F4FF626A2368606C4B4D00FBC1
S21400864002302EF045F84FF0FF33A062E3622A4670
S2140086506FF00101204605ABFFF75EFE002846D10D
S214008660AD6829462046E5622DF0A5FB206320B9BB
S2140086702046E16A2DF080FCE062294620462DF077
S2140086807BFC0546A36A9D4233D120462DF066FB4F
S21400869000278046B946E36999453CD3B84559D981
S2140086A02046616A2DF0DBFB0026054604F1400AF1
S2140086B0B74212D8626C2368694602FB0539E36B41
S2140086C005225B694846984768462DF0A8FF534642
S2140086D002464946E06B2DF0FDFF294620462DF068
S2140086E0BEFB0136B0450546E2D1642019E7A56A0F
S2140086F0B7E7294620462DF05EFB236B2946034448
S2140087000746236320462DF037FC0546002FB9D1D7
S214008710C4E90B07B6E7636C2568052203FB095519
S214008720E36B05A95B692846984705A82DF0A0FFCE
S2140087302DF0C3FF58B128462DF0CAFF014620464B
S2140087402DF039FB636C143B984208BF013709F1E2
S2140087500109A0E730462DF014FE002320461946F6
S214008760034AFFF783FE0020DBE600BF483D0020FB
S214008770656003002DE9F041036B9046826B90B074
S2140087809A4288BF8363426C436A07680E4602FBC0
S2140087900377C36B01A905225B69044638469847F0
S2140087A001A82DF065FF01280146307057D0656C92
S2140087B0E26B2368606AD2F814C005FB003005221D
S2140087C006A9E04706A82DF053FF01284FF0000544
S2140087D023D0D4E90A3201219342CDE90B458DF826
S2140087E034800E958DF83C102AD1194620462DF07F
S2140087F0C3FB236B626C14339B1AE06223630C9BEF
S21400880053B99DF83C303BB1626A616C2368E06BFB
S21400881001FB02312DF0E4FE0C9DE36B05225B6943
S21400882001A93846984701A82DF022FF3070284647
S214008830236BA26B9A4288BFA36310B0BDE8F08199
S214008840237C33B91C490BAA04F1080001F09CF8FC
S214008850D5E72046194A0BABFFF708FECFE7237C87
S21400886023BB2246164904F1080001F08DF8616A20
S21400887020462DF015FB616A421C20462DF0DEFADC
S214008880054620B9236B626C1344143B23632046D1
S214008890A16A2DF071FB2368A062C01A636CB0FB5E
S2140088A0F3F0606220462DF0AAFBB6E700232046D0
S2140088B0044AFFF7DBFDDAE719900000958F000009
S2140088C0FF6003009B60030073B50D46D11E4A424D
S2140088D01C461B7E4A419A4226D129682368994243
S2140088E022D3636899421FD8114E0DF10703324612
S2140088F0FFF712FDC0B972686B689A4214D19DF8F2
S2140089000730DA1E53425341227E93420CD16369EC
S21400891001336361D4E90323934205D22968A26830
S21400892042F8231001332361012002B070BD00BF5E
S214008930483D00202DE9F04F9A468BB09DF8503008
S214008940DFF850B10293DBF81030804653450D46F1
S2140089501646C0F09880D146DBF804300193B9F192
S214008960000F00F08C80D8F83C3001225B6907A924
S2140089700198984707A82DF0EEFDDBF800309842E6
S21400898040F0848007A82DF0F1FD0428074614D196
S21400899007A82DF0F2FD019B029A04463B44002AEC
S2140089A03ED1864212D91446361A404601992DF019
S2140089B0E3FAA9EB04090190D1E7D8F83C3002228B
S2140089C05B69019808A9984708A8E2E7841B544504
S2140089D028BF5446032C03EB0607AAEB040A1DD94E
S2140089E0D8F83C30294638465B69A208984724F0F8
S2140089F0030304F003061F441D44002ED5D0D8F808
S214008A003C3001225B6908A938469847324628461A
S214008A1008A9354413F060FD0026C6E72646ECE7B5
S214008A20074600F00302039203442A1804920593B3
S214008A30049BDD1B059BD81B039B9F420FD1002F79
S214008A40B3D0D8F83C30012208A95B6998473A466B
S214008A50284608A913F0F4FB78B93D44A5E7D8F8F2
S214008A603C30012208A95B6998470422284608A9D9
S214008A7013F0E6FB08B9043FDAE74FF0360948463C
S214008A800BB0BDE8F08F4FF06309F8E74FF06F09C1
S214008A90F5E700BF743D00202DE9F0410F4616466D
S214008AA09846044688B060B390F83450FDB1012172
S214008AB02DF09AF900210E9BCDE90511CDE902377C
S214008AC09DF83C30CDF804808DF81C30237C04964D
S214008AD08BB90D4901AA04F1080000F055FFDDE945
S214008AE00553E06B002E08BF1D462DF016FB2846EA
S214008AF008B0BDE8F0812046044A01ABFFF7B6FC9B
S214008B00EDE70546F3E700BFC9600300C98800002B
S214008B107FB590F84260044601920DF10B030A46B9
S214008B20304611492DF001FB012E0546E36B17D1A7
S214008B3032465B6903A998479DF80B10039B019A80
S214008B4059B19BB243EA0243012228460393E36BE2
S214008B5003A99B69984704B070BD62F30F03F3E75F
S214008B6001229B6901A9F5E7743D00202DE9F04F2D
S214008B7099B0CDE90B230E460A69416CD31D143912
S214008B80B3FBF1F3013302EBC302036B04469342DB
S214008B90C0F0FB810023DFF8F8930A93E36A4846A7
S214008BA01946079300F074FFD6E9033705930C9B2C
S214008BB0022B1CD1CC2F40F074810B9B8BB131461D
S214008BC020462DF008FB656C14900B9B63B1E36B9D
S214008BD001225B69706816A9984716A82DF0BFFC9D
S214008BE00CE0059B1B68149308230E930DE0782F6A
S214008BF0656CEAD80B9B002BE9D1F07D00280CBFF2
S214008C0004230823782F0E9328D9012300250893E0
S214008C1008230393336808990C98C9F80030C9F8FC
S214008C2010702DF0BDFC00230F930D93069309934F
S214008C30039BDDF81CA09B0889F814001193616C57
S214008C4003984A1E0AEA02028B1AEFB10544AB42A9
S214008C501CD8236B5B1A1344236386E0079A6B1EAB
S214008C601340EB1A3A1D934207D257B1082BCCD8C3
S214008C700023042508930395CCE7002504230895D4
S214008C80C7E704250897F6E78342E2D3039AB84677
S214008C909B1A9F4228BF984652449F42049278D916
S214008CA00123D9F8102089F81730974276D1C9F8F1
S214008CB004A0069399F81730002B71D099F8182065
S214008CC00699D31C09EBC3030132C3F804A0A3F82A
S214008CD00880997289F81820B8F1000F14D00C9B00
S214008CE0022B60D10F9B7BB90D9B4344032B0BD902
S214008CF0E36B01229B69049814A99847054600284F
S214008D0040F0D58001230F93069B16A80193089B7D
S214008D10009399F814204346316800F06FFEE36B29
S214008D2050469B69119A16A99847051E0A9B18BFBC
S214008D305346039A0A935146434620462DF049F976
S214008D40236B039AC9F808009B1A08F1030222F065
S214008D5003029B1A2363002D40F0A9800D9BDDF8CB
S214008D6010A04344A7EB08070D93514620462DF06C
S214008D7003F900258246002F7FF461AF844A3168EC
S214008D80936804F10800E36252680C9B00F0AEFDA5
S214008D9089E0069B002B18BF03238AE7022388E797
S214008DA0C9F804A098E70B9B002B30D1059BB8F1BF
S214008DB0030F03EB080B27D9DDE90401E36B4FEA49
S214008DC098029B6998470546002864D118F003026C
S214008DD05ED0059B28F003052B440593049B1D4499
S214008DE04FF0FF33059915A8159313F075FBE36B49
S214008DF0284601229B6915A998470546CDF814B068
S214008E00002D81D0049B94E74246049DE8E706F1D6
S214008E102003DDF810B01093F37D70689BB100233B
S214008E20357E099AD9B28D4211D9109903F1010CF9
S214008E3031F83310914225D90E9906EBC303D86951
S214008E400A44104403E00E9B099A13441844E36B4B
S214008E5001225B6915A99847159B01221393099B6C
S214008E60584604330993E36B13A99B699847049B00
S214008E7005464344A3EB0B03042B06D970B90BF14C
S214008E80040BC9E76346521ACCE7CDF810B0B7E733
S214008E90CDF814B038E7CDF814B0B3E7CDF810B07D
S214008EA0B0E770252F46384619B0BDE8F08F3D2D47
S214008EB0F8D104F1080303932368079A606CA2EBC9
S214008EC0030ABAFBF0FA00FB0A302DF001FCE16A57
S214008ED0804620462DF050F8A36A216B8342626CD0
S214008EE045D0D9F80830571E3B40891A0B442768EE
S214008EF023630A9BE062DF1BB7FBF2F7BA4533D168
S214008F00079BB3EB080A12D0E36B4FEA9A0241467E
S214008F109B6998478346E36A079A5344E362236B48
S214008F2003989B1A434423632DF02BFADA462368F2
S214008F30616CE06B01FB07312DF03FFB20462CF007
S214008F405EFF20462DF05BF83269616CD31D143944
S214008F50B3FBF1F30133206302EBC302BAF1000F57
S214008F6005D09042A8D29DE74FF0000ADFE73269AD
S214008F70616CD31D1439B3FBF1F3013302EBC3026A
S214008F80236B9342BFF40AAE8CE71C278BE700BF27
S214008F901C3D0020032A2DE9F34106460D461746E0
S214008FA01C4606D1237A012B23D0012002B0BDE84F
S214008FB0F081DFF86080096842460DF10703FFF78D
S214008FC0ABF960600028EDD19DF80730032BE9D09F
S214008FD0D8F804206B689A42E4D1237A2969012BD9
S214008FE0D4F80CC007D172690CEB0103934202D986
S214008FF02074207CDAE708316144E1603B460122B8
S21400900029463046FFF7B2FD60600028CAD000202F
S214009010CCE700BF483D00202DE9F341032A174660
S214009020089C06D1237A012B25D0012002B0BDE88A
S214009030F0812668DFF89080304642460DF107033F
S214009040FFF76AF960600028ECD12568D8F80400BC
S214009050A96A6A6C4840534210EA030CE2D1237AAC
S214009060012B0AD1E068D8F81030034470698342B7
S21400907003D984F810C0207CD8E72868EB6A1B1A4E
S214009080081AB3FBF2F3B0FBF2F083420BD1706C1C
S214009090F36A421E1340326B121A13442846336397
S2140090A02CF06AFFE862D8F81020E3680832134410
S2140090B0E36001223B4604492068FFF757FD6060E5
S2140090C00028AFD00020B1E7483D00202DE9F04150
S2140090D00025604B0E46D3F8008004461D6018B984
S2140090E021252846BDE8F08190F8347007B30A6859
S2140090F003689A4240F0A4804A6843689A4240F067
S2140091009F808A6883689A4240F09A80CA68C368DB
S2140091109A4240F095800A6943699A4240F09080EE
S2140091208A69C36B9A4240F08B804B698361D8E7AB
S21400913068223946856B13F031F8D6E90212336897
S21400914004F1080023607368A56363603369636194
S2140091507369A3612DF027F9B36904F14000E36356
S2140091609B68984720B9676C17B16368B3FBF7F73D
S21400917094F84330E761002BB2D00023656C236679
S214009180002D65D0002F63D02368B3FBF5F205FBF6
S2140091901233002B56D16668B6FBF5F305FB136356
S2140091A0002B4FD120462CF0F6FDA3690433034470
S2140091B09E4249D340F634726369CC3B934245D80D
S2140091C0B5F5805F44D3032120462CF00DFED4E98C
S2140091D00001E36B1B6898470546E36B0220DB68DB
S2140091E09847D5B941462046FFF77AF964280546E0
S2140091F004D141462046FFF773F905466DB9636C06
S214009200226A143B204602FB03F62CF0C4FDA36939
S214009210043303449E4238BF5A25002D0CBF012359
S214009220002384F8343007D1D4E900010A4A1368D1
S214009230013313602DF051F9E06B2CF06EFF50E710
S2140092405D254EE759254CE75A254AE75F2548E74E
S2140092505B2546E7AC360020A83600202DE9FF4106
S2140092600C4616461F46054688B390F8343083B33E
S214009270B1F5801F2FD2DFF8648001212CF0B4FDF9
S2140092804246214628460DF10F03FFF745F80246F1
S214009290C8B99DF80F30012B10D1D8F81030BB425A
S2140092A013D1009031462846FFF744FB0446E86B8E
S2140092B02CF033FF204604B0BDE8F081022B0CBF33
S2140092C060242D24F3E72D24F1E76324EFE721241F
S2140092D0F0E71124EEE72924ECE700BF743D0020F8
S2140092E02DE9F04385B00E4617461C460546DDF8C8
S2140092F03080A0B390F834309BB3B1F5801F32D2E3
S214009300DFF8689001212CF06FFD4A46314628466A
S2140093100DF10F03FFF700F8E8B99DF80F30012BA9
S21400932014D1D9F8102004EB08039A4215D322462C
S2140093300090434639462846FFF7FCFA0446E86B99
S2140093402CF0EBFE204605B0BDE8F083022B0CBFE8
S21400935060242D24F3E72D24F1E76324EFE721248E
S214009360F0E71124EEE72924ECE700BF743D002067
S21400937073B50C461646054630B390F834302BB31A
S214009380B1F5801F24D201212CF02EFD214628465F
S214009390104A0DF10703FEF7BFFF044680B99DF89B
S2140093A00730032B0CD0022B0CD1284609492CF091
S2140093B012FF3060E86B2CF0B0FE204602B070BDA5
S2140093C02D24F7E76124F5E72124F6E71124F4E7D6
S2140093D02924F2E7743D00202DE9F3411E460023C0
S2140093E00C4617460546336050B390F834304BB3FE
S2140093F0B1F5801F28D2DFF8548001212CF0F4FC50
S2140094002146424628460DF10703FEF785FF04462F
S214009410A0B99DF80730032B10D0022B03BF012301
S2140094203B600423D8F8103018BF38603360E86B10
S2140094302CF073FE204602B0BDE8F0812D24F6E73E
S2140094402124F7E71124F5E72924F3E7743D0020EB
S21400945073B50446056B2CF09EFC636E03449D4278
S2140094602CBF00230123854294BF00252D1A207CA3
S21400947084F85030656584F85800A8B100230C4E77
S2140094801A461946204600962CF069FF002305462A
S2140094901A461946204600962CF06AFFE3682844D0
S2140094A0984294BF0020C01AE06502B070BD00BFAD
S2140094B0FFFF0F002DE9F3471E4643690446B342FB
S2140094C0884617469DF828904ED300258DF80750FD
S2140094D020462CF060FCD4F830A082450AD2236ADD
S2140094E0B5EB430F06D2002220460DF10701FFF729
S2140094F041F9B8B39DF80730012B05D1002220466C
S2140095000DF10701FFF736F9B9F1030F06D0314622
S21400951020462CF030FC256B854227D3144D4FF0A7
S214009520FF31284600F0B4FA4B4629460022204672
S214009530C5E90376C5F80080FFF718FB236E0546DD
S21400954063B12046FFF784FF94F8503013B994F8BF
S21400955058301BB1236E04F150009847284602B0DD
S214009560BDE8F0870135B3E76225F7E71C25F5E788
S214009570483D00202DE9FF410F4690461E46054611
S21400958098B390F8343093B3B1F5801F31D21A4CAB
S21400959002212CF029FC2246394628460DF10F03FD
S2140095A0FEF7BAFE024678B10123424600933946DA
S2140095B033462846FFF77EFF0446E86B2CF0ADFDE9
S2140095C0204604B0BDE8F0819DF80F30012BEBD1AA
S2140095D02169B142E8D10093414633462846FFF759
S2140095E0A9F904460028DFD1E7E72124E8E711249B
S2140095F0E6E72924E4E700BF743D00202DE9F043A8
S21400960090F8423087B0012B05460391A1EB020883
S21400961040F0B080B8F1FF0F01D81F4600E00327E6
S2140096206426002445E00127012B4FF03206F8D0CF
S214009630002432223FE0284605AB224650492CF053
S214009640A8FD95F842300598012B3FD14FF6FF72E2
S21400965090422BD1264664225FFA84F9921BBA42C6
S21400966018D3012F4BD10022012BCDF814808DF892
S214009670132038D1082205A90DF113002DF044F867
S2140096809DF81330059A42EA032231462846FFF732
S2140096903FFA40B102233A4900932846CC23096892
S2140096A003AAFFF707FF07B0BDE8F083C0B258B1C2
S2140096B00134012364229442BDD3012B14BF32220D
S2140096C064225FFA86F9C9E70334F2E7421C04D144
S2140096D0264632225FFA84F9C0E780B208B1013428
S2140096E0A7E70234A5E7102205A90DF113002DF017
S2140096F00BF89DF81330059A42EA0342C5E7039A31
S214009700012B059225D10823202205A90DF113006F
S2140097108DF813302CF0F8FF9DF813201202314616
S2140097202846FFF7F5F995F8423009F10101012BBB
S214009730C9B21BD10028ADD12846BDF81420FFF7CA
S214009740E7F90028A6D109F10201BDF81620C9B232
S2140097509CE71023202205A90DF113008DF8133085
S2140097602CF0D2FF9DF813201204D8E7002891D1E0
S214009770059A8BE7B8F5803FFFF455AF022753E70D
S214009780743D002070B586B00E4605460392A0B321
S21400979090F834309BB3B1F5801F32D202212CF002
S2140097A023FB31462846184A0DF11703FEF7B4FD91
S2140097B0044618B99DF81730032B0ED10223314604
S2140097C000932846CC2303AAFFF774FE0446E86BF2
S2140097D02CF0A3FC204606B070BD022B0BD10A4924
S2140097E028462CF0F8FC039902468142EFD0284622
S2140097F0FFF704FFEAE76124E9E72124EAE71124FA
S214009800E8E72924E6E700BF743D0020F7B50C46DC
S2140098101646054668B390F8343063B3B1F5801F3A
S2140098202BD202212CF0E0FA21462846144A0DF1EC
S2140098300703FEF771FDC0B99DF80730032B14D05F
S214009840022B14D10E4928462CF0C5FC471C0246B4
S21400985039462846FFF7D2FE044606B13760E86B65
S2140098602CF05BFC204603B0F0BD2D24F7E7612406
S214009870F5E72124F6E71124F4E72924F2E700BFF0
S214009880743D002030B50C46054685B028B390F8E8
S214009890343023B3B1F5801F23D202212CF0A4FA72
S2140098A00DF10F03214628460F4AFEF735FD034605
S2140098B088B99DF80F20032A0DD003222146009276
S2140098C002462846FFF7F6FD0446E86B2CF025FC1A
S2140098D0204605B030BD2D24F7E72124F8E71124F3
S2140098E0F6E72924F4E700BF743D00202DE9F04395
S2140098F0466886B3056898464FF0000CA946AE4603
S21400990055F83C400CF1010CC4F31307013401D0A8
S214009910B94217D0B4450EF1080EF1D12F460024F7
S21400992003E0B44207F1080712D055F8343001348A
S2140099300133F6D1C1F3130141EA0851C7E9001219
S214009940BDE8F08341EA0851CEE90012BDE8F08395
S214009950B8F1030F03D101230372BDE8F08300239F
S21400996003E0B34209F10809F5D055F83340013356
S214009970C4F30754032CF4D1C1F3130343EA08538A
S214009980C9E90032BDE8F0832DE9F041064640689B
S21400999082B0B8B10F4690460024336853F834506E
S2140099A003EBC403C5F30752C5F31301013506D014
S2140099B05B683046CDF80080B84718B1706801344F
S2140099C08442EAD302B0BDE8F08100BF024B1968BA
S2140099D0024B1868FFF77ABB046A0020246A00204E
S2140099E008B536F0A2FE014B186008BDA03D002069
S2140099F0014B186836F094BEA03D002073B50446AF
S214009A002248012A00EAC1119DF8185023F07C4034
S214009A1007D9961E012E28D9073303F07F03194372
S214009A2008E09DF81C300A43DB0603F0C0531343DE
S214009A3043F060410023C4E900108DF80730B5B14B
S214009A40202221460DF107002CF05EFE1A220DF1B1
S214009A500700211D2CF058FE082063689DF807209B
S214009A6043EA8263636002B070BD1143E2E71B22E3
S214009A700DF1070021462CF047FE23689DF80720CD
S214009A80042043EAC2632360EDE700BF80FFFF07C0
S214009A9038B5094B0D461A680021044612F07EFBC5
S214009AA000234FF0FF322383C4E900252361A26020
S214009AB0E382A37638BD00BFB4AD04000138C0B25F
S214009AC005289ABF014B185C01207047B9AD040009
S214009AD02DE9F0410746154600240E46596888B021
S214009AE0490A012922464FEA510104F10104F8D837
S214009AF0DC78997824031B88C90201F4006104F419
S214009B0080540C43C3F30A035203234492B24FF02B
S214009B1000089C18274B6FEA0444039325F078430B
S214009B20ED4302A90DF107001B2202938DF8078072
S214009B302CF0EAFD9DF80720029B02A943EAC263C7
S214009B400DF107001B2225F07845049302958DF849
S214009B5007802CF0D9FD9DF80720029B6FEA14447D
S214009B6043EAC26305934FF0FF330794069307A9B1
S214009B70BB69012206F110009847BB6905A9044697
S214009B80012206F108009847BB69404518BF044605
S214009B9004A90122301D98470122404518BF0446FB
S214009BA0BB69304603A99847404508BF204608B021
S214009BB0BDE8F08101009AB238B5104B0546D3F8DF
S214009BC000310C4603F00303022B0BD0032B0DD001
S214009BD0012B0FD134F00AFE032305B1286004B12F
S214009BE0236038BD34F04CFE0723F6E736F0B0FDB0
S214009BF00623F2E701230020EFE700BF00800050B5
S214009C0038B5134B0546D3F820010C4600F0070084
S214009C1004281AD8DFE800F003090D111500012307
S214009C2005B1286004B1236038BD34F0A5FD0423D7
S214009C30F6E734F0DBFD0323F2E734F0DDFD052321
S214009C40EEE734F0CFFD0223EAE700231846E7E705
S214009C500080005038B5104B0546D3F840310C460E
S214009C6003F00303022B0BD0032B0DD0012B0FD1D7
S214009C7036F070FD082305B1286004B1236038BDB6
S214009C8034F0FEFD0723F6E736F067FD0923F2E71A
S214009C9001230020EFE700BF0080005038B5104BCE
S214009CA00546D3F860310C4603F00303022B0BD0B5
S214009CB0032B0DD0012B0FD136F04CFD082305B138
S214009CC0286004B1236038BD34F0DAFD0723F6E7D8
S214009CD036F043FD0923F2E701230020EFE700BF3B
S214009CE00080005041F6713210B5104C104BA04267
S214009CF094BF00240124D969DA639A6801F480319C
S214009D0022F4401242EA04529A600A4A90420A4AF0
S214009D10D2F818028CBF40F0020020F00200C2F811
S214009D20180209B10022DA6310BD00BF005A6202B1
S214009D300000035080F0FA0200C007502E4B9842F5
S214009D404AD022D82D4B984240D014D82C4B98425B
S214009D5039D00AD82B4B984232D02B4B98422FD072
S214009D602A4B98422CD000207047294B9842FAD1B3
S214009D70284B186F7047284B98422AD0274B98429A
S214009D80F1D1244BD3F880007047254B98422BD056
S214009D9009D8244B984223D0234B9842E3D11D4B3D
S214009DA0D3F88C007047214B984221D003F57403FA
S214009DB003F510539842D6D1164BD3F89800704747
S214009DC0144B986D7047134B586E7047114B586F75
S214009DD07047104B986F70470E4BD3F8840070474F
S214009DE00C4BD3F8880070470A4BD3F890007047A6
S214009DF0084BD3F8940070470048E8010024F400AC
S214009E00C0CF6A0080841E0000093D0040420F005B
S214009E10405DC6000080E00FC0EA210180BA8C01D8
S214009E20007E560380D54302006CDC020090D0030F
S214009E3037B50C460021114B0191D3F88031054609
S214009E4003F00303022B0ED0032B11D0012B03D1FA
S214009E5001A8FFF7D5FE0D210DB1019B2B6004B1C3
S214009E60216003B030BD34F0C7FC05210190F3E754
S214009E7034F0B8FC02210190EEE700BF00800050ED
S214009E8038B5104B0546D3F840320C4603F00303B2
S214009E90022B0BD0032B0DD0012B0FD136F05AFC22
S214009EA0082305B1286004B1236038BD34F0E8FC0F
S214009EB00723F6E736F051FC0923F2E7002318469D
S214009EC0EFE700BF0080005038B5144B0546D3F8C6
S214009ED000020C4600F0070004281BD8DFE800F05C
S214009EE003090D111500012305B1286004B1236094
S214009EF038BD36F02FFC0823F6E734F0C1FC072304
S214009F00F2E736F02AFC0923EEE734F055FC0C2382
S214009F10800AE9E700231846E6E700BF0080005005
S214009F2038B5144B0546D3F808020C4600F0070077
S214009F3004281BD8DFE800F003090D1115000123E3
S214009F4005B1286004B1236038BD36F003FC082351
S214009F50F6E734F095FC0723F2E736F0FEFB09231C
S214009F60EEE734F029FC0C23800AE9E700231846C4
S214009F70E6E700BF00800050032814D005D801286B
S214009F8005D0022809D0002005E00F28FBD1084B99
S214009F90186FC0F3013001307047054BD3F89000BE
S214009FA0C0F30460F7E7024B186FC0F38020F2E7B7
S214009FB0008000501FB500230193252817D8DFE83E
S214009FC000F0131A1D272C363B51565B60656A78E5
S214009FD0161A401616561A272C27361A5127783B7B
S214009FE03B3B3B2727275B6034F0CCFB0190019876
S214009FF005B05DF804FB34F0DFFBF7E734F0C2FB96
S21400A00002460220FFF7B8FFB2FBF0F20192EEE73D
S21400A01034F0D2FB02460320F4E734F0CDFB0246D0
S21400A0200320FFF7A9FFB2FBF0F25208EEE700218B
S21400A03001A8FFF7FDFEDAE7002101A8FFF7E0FD23
S21400A040D5E702934FF0E0231B695B0705D534F094
S21400A050B3FB0290029B0193C9E703A902A8FFF78E
S21400A060F9FDF7E7002101A8FFF7F4FDBFE700219F
S21400A07001A8FFF713FEBAE7002101A8FFF724FFA7
S21400A080B5E7002101A8FFF74BFFB0E7002101A8C4
S21400A090FFF792FDABE7094BD3F8803003F00303DC
S21400A0A0022BA8D0032B01D000209FE734F0A4FB9E
S21400A0B09CE7002101A8FFF7E3FE98E70080005028
S21400A0C008B50120FFF776FFBDE80840034988423F
S21400A0D094BF01210221032000F002B880F0FA02AA
S21400A0E0032810B50C4627D004D8012804D002282F
S21400A0F017D010BD0F28FCD12CF024FB2CF02AFB27
S21400A100124A013C136F23F4405343EA04331367A7
S21400A11034F052FB0021FFF7E5FDBDE81040FFF7E5
S21400A120CFBF0A4A4C1ED2F8903023F0F85343EAC9
S21400A1300463C2F89030DCE7044A4C1E136F23F425
S21400A140806343EA84231367D3E700BF0080005090
S21400A1501FB500230193252821D8DFE800F013203F
S21400A1602020202A2F454A4F54595E712020342043
S21400A170204A202020202A204520712F2F2F2F20F4
S21400A18020204F54314B1B6F03F00703013B032B7A
S21400A19005D8DFE803F00C02080A042301930198AF
S21400A1A005B05DF804FB0323F8E70623F6E7022371
S21400A1B0F4E7002001A9FFF73BFEF0E7002001A925
S21400A1C0FFF71EFDEBE702934FF0E0231B695B07EA
S21400A1D005D534F0F1FA0B230393039BDEE703A9BE
S21400A1E002A8FFF737FDF8E7002001A9FFF732FDC8
S21400A1F0D5E7002001A9FFF751FDD0E7002001A90F
S21400A200FFF762FECBE7002001A9FFF789FEC6E74D
S21400A210002001A9FFF7D0FCC1E70C4BD3F8803033
S21400A22003F00303022B03D0032B05D00023B5E76E
S21400A23034F0C2FA0B23B1E734F0DEFA0523ADE7BB
S21400A240002001A9FFF71CFEA9E700BF0080005010
S21400A25008B50320FFF790FE034B18702CF072FA37
S21400A260BDE808402CF076BABC5F002010B5044666
S21400A27034F0A2FA0021FFF735FD1CB1BDE810400E
S21400A280FFF71EBF034B0320BDE810401978FFF709
S21400A29027BF00BFBC5F002038B50546FFF74EFD60
S21400A2A0204B04465A68012A04D11F494A609A691D
S21400A2B09207FCD10020FFF74BFF042803D12CF0B7
S21400A2C041FA2CF047FA194A24F0407395421FD001
S21400A2D0174A95421FD0174AD16811F0060FFBD1D6
S21400A2E09068936091684B4013F4F81F16D1284687
S21400A2F0FDF74AFB0020FFF72BFF042810D134F0AF
S21400A3005BFA0021FFF7EEFCBDE83840FFF7D8BE49
S21400A31043F00073DFE743F08073DCE79060E9E723
S21400A32038BD00BF00C0015000E0015040420F00A1
S21400A33080841E000000015070B504460020FFF720
S21400A34007FF03287CD045F60E030221414AC2F8D7
S21400A3508030414B9962012103F580539962936DD9
S21400A360D903FCD4D4E900131B0543EA0163E17B5F
S21400A37094F823500B43217B43EA0143617B43EA75
S21400A3800133A17B43EA811313619169D4E9040385
S21400A3901B0643EA806301F000410B43A17EE07E8A
S21400A3A00B43217E43EA0143617E43EA0123936126
S21400A3B0E169136A002923F00D0343EA010314BF81
S21400A3C00121002143EA800343EAC103136294F8A3
S21400A3D0203094F82200916A4FEA431331D194F862
S21400A3E0216021F0330143EA06130B4343F00103D7
S21400A3F093621A49174A936D31EA0303FBD102218F
S21400A400154B9962936D5B00FCD41369A16823F425
S21400A410700343EA015313614FF000420E4B9A61FA
S21400A42018B9022203F580539A6215B901220C4B23
S21400A4309A6294F824301BB1064B0A4AC3F880206F
S21400A44070BD21F0330129430B4343EA4003936276
S21400A450EFE700BF00C0005000D0005003000140EE
S21400A46000E00050F1A7FFFF014B93F90000704792
S21400A470BD5F0020014B1880704700BF766F00203C
S21400A4800C4A10B51369044643F00403136134F014
S21400A4907DFD2CF063F9084B084AC3F8202430BF32
S21400A4A02CF05DF903F0C8F81CB9BDE8104034F094
S21400A4B083B910BD00ED00E000E003500000FFFF90
S21400A4C0034A0179D36E23F030030B43D3667047FB
S21400A4D000400050F8B504460D461F4616464AB1E1
S21400A4E001238B403021184A01FB0022EFB141F2D4
S21400A4F0100153503023072D4FF00F0104FB03F3D8
S21400A50016D8A80006FA00F28140104818442CF02D
S21400A51029F94EB9012330210B4AAB4001FB042236
S21400A52077B141F210015350F8BD42F21001E0E756
S21400A530A5F10800800006FA00F281400448E5E72D
S21400A54042F21001EFE700BF00C0035004C0035002
S21400A5500CC00350012200F5805310B55A60224B00
S21400A560224AC36043691340FCD18361C0F8983027
S21400A570436913F4401FFBD14369DA052FD4836F78
S21400A580002B2CD143699B052BD4D0F8883043BBD5
S21400A5900121C26FD0F88C2000F5005251603021A6
S21400A5A083600361C36203620167C0F880101049CC
S21400A5B0884210D142F260040E4984640165436506
S21400A5C084651C460166436603F128010133102B9F
S21400A5D040F82140F8D1084B5362936210BD436F98
S21400A5E0CAE7D0F88430CDE712000200520001001E
S21400A5F00040005A00C002808F330F80084608B51E
S21400A60069B91820FFF7D6FCB0B10C4B984206D9B2
S21400A6100B4B9B68C3F302730133B0FBF3F0094B9B
S21400A62000F5742000F23F20B0FBF3F001387F28DD
S21400A63028BF7F20C0B208BD0120F0E7005A6202A2
S21400A6400040005A40420F000B4B10B5994228BFFD
S21400A65019460C461AB91820FFF7ACFC0246631ED2
S21400A6601344B3FBF4F0A34228BF00F1FF300328E5
S21400A67028BF0320C0B210BD005A620210B51048B1
S21400A680104C002B08BF04468C4228BF0C461AB953
S21400A6901820FFF78FFC02469DF8083040F2FF3086
S21400A6A00133B2FBF3F2631E1A44B2FBF4F3A24288
S21400A6B028BF03F1FF33984228BF184610BD00BFDD
S21400A6C080969800404B4C002DE9F04F2DED068B00
S21400A6D0DFF808830C4616464146002285B005463C
S21400A6E0FFF7B2FF67790122874238BF074605F5B4
S21400A6F000535A602079FFB250B91820FFF75AFC71
S21400A7004045014628BFB0FBF7F12846FFF776FF25
S21400A710637822789B0043EA4203A278000443EA67
S21400A720C203E27800F4FE00120102F03002134386
S21400A7303A0702F0E04213431843E3882289A860F0
S21400A7402B61638943EA02432B629A4B9D4208D0F1
S21400A750012305F580556B6005B0BDEC068BBDE8A2
S21400A760F08F4FF00008944C0022337893489449B9
S21400A770D6F808A0934218BF014600978D48039369
S21400A780FFF77CFF05EB081CDCF848E0039B0EEAAD
S21400A790040E03F0030141EA0E0196F801E01FFAE9
S21400A7A08AFA4FEA8E0E0EF01C0E41EA0E0196F85B
S21400A7B002E0824538BF82464FEA0E3EF0780EF43D
S21400A7C0E04E41EA0E014FEA004E0EF4E02E41EA5A
S21400A7D00E0196F804E04FEA08124FEA0E7E0EF0DD
S21400A7E0405E41EA0E01CCF84810DCF8481008F14B
S21400A7F0050BC1F3023C0CF1FF3C7249BCF1040F9F
S21400A8002FD8DFE80CF02E2E03172200D1F8809107
S21400A8104FEA194973B3CAF3090305EB0B1BCBF8D0
S21400A820043008F10103022B4FF0010806F1100670
S21400A8309AD18DE7D1F88491002BECD1D1F88C31E8
S21400A8401FFA89F91B145B0017E0D1F88491002BDE
S21400A850E1D1D1F88C314FEA19491B1403EB4303BD
S21400A8600BE0D1F880111FFA81F9002BD3D1DFED70
S21400A870567A06E0D1F88C311B1407EE903AF8EEC3
S21400A880E77A2A44D2F848C00122CCF3820101318B
S21400A8908A4007EE102A29F4C04319F4004F4FEA05
S21400A8A0834318BF43F000431CF01C0FB8EEC79A52
S21400A8B0F6EE008A434951D1D1F88C2112B208EE47
S21400A8C0102AB8EEC88A38EE278A9FED40AAF7EE1F
S21400A8D0049A002859D103932BF0BEFF07EE900A86
S21400A8E0F8EEE77A87EE8A7AC9EE877A27EE888AC4
S21400A8F0039B9FED377AC7EE097A9FED367A67EEAF
S21400A900877AB1EE007AB3F1004F48EE077A0BD0A3
S21400A9109FED317A06EE109A77EE876ABAEEE86A0D
S21400A920F0EE477A56EE267AF5EEC07AF1EE10FA99
S21400A930CABFF1EE677A78EEE78A77EEE88AFDEE30
S21400A940E87A17EE902AB2F5003F29DB6FEA534308
S21400A9506FEA43434FEA0B12AB505CE7D1F8902105
S21400A96069EE286A12B207EE102AB8EEC77AD1F856
S21400A970882177EE677A12B208EE102A87EEA67A5A
S21400A980B8EEC88A38EE078A9FE7D6ED037AF8EE67
S21400A990677A87EE8A7AC9EE877A27EE888AA8E7EA
S21400A9A012F5003FAABFC2F3110243F4003313436B
S21400A9B0D0E700BF0040005AE08FF8CF404B4C0075
S21400A9C0809698000080E00F0000000000007A44A7
S21400A9D0000080430000204400000049005A620244
S21400A9E008B5152001F0D2FC0022FF21024B5A6563
S21400A9F099625A6008BD00BF00000450044A054B27
S21400AA00002908BF1346012282401A60704700BF23
S21400AA104010045040200450012110B50278114B1C
S21400AA20120659609A6041788278044642EA0142EA
S21400AA309A61FF229A6200229A631A644FF00042DB
S21400AA405A654FF0FF3203F5005315201A6501F0E2
S21400AA50CBFC1520E1782CF0F2FCBDE81040152068
S21400AA6001F0A6BC00000450F8B50125C3B21E4F85
S21400AA70D1F800C09D408E7ACB7A0C46097B3D65A6
S21400AA8007F5005747F820C04FF0300C0CFB00F0DD
S21400AA901B05677B00F1A04043EA064300F58020D3
S21400AAA043EA415322F003020766C365026735F0A6
S21400AAB049FE0E4B227A5D6502B11D64627A02B1D0
S21400AAC09D632279A37943EA0243074A9361617939
S21400AAD0E37943EA014305498B61054B55639D6461
S21400AAE0BDE8F84035F029BE0020045000100450A0
S21400AAF00000045010B50124C0B2844035F022FE98
S21400AB00044B5A6D22EA04025A659C62BDE8104066
S21400AB1035F013BE0000045010B50124C0B28440C6
S21400AB2035F010FE074BDA6A224208D15B6B9C4375
S21400AB300CBF0124002435F000FE204610BD002482
S21400AB40F9E700BF0000045070B5054635F0FAFD81
S21400AB503022084B5E6B02FB05335C6E35F0EDFD74
S21400AB600123EDB2AB4033420ABFC4F30A10002003
S21400AB70013070BD0000045041F67132034BDA63B9
S21400AB80012203F50053DA60704700BF000003504F
S21400AB9041F671320121044BDA6303F50052D160AD
S21400ABA00022DA63704700BF00000350044B1868A9
S21400ABB0421C02BF034AD2F894001860704700BFD8
S21400ABC0286A002000400050CB784A7810B55B0118
S21400ABD00C7843EA82030A79234343EA02130C22E1
S21400ABE0424302F1B0421363012C02BF8A78024B43
S21400ABF043F8202010BD00BFD080035008B54FF0AA
S21400AC00B0435A6802B960B15B680BB12BF04CFEDA
S21400AC104FF0B04130B10120074B58602BF044FE96
S21400AC20C86008BD2BF040FE0223CB602BF03CFE34
S21400AC300122024B5A60F4E700100058002000582A
S21400AC404FF0B0414B6810B50BB12BF02DFE012232
S21400AC500B4BC4785A608378934043EA8403447865
S21400AC602343047943EA0413447943EAC4038B601C
S21400AC70044B5A600378C3F10203CB6010BD00BFDB
S21400AC800020005800100058054B5B69C3F385127E
S21400AC90827003F03F021B0B42700370704700BFC8
S21400ACA000C007500120034B9B680A3303F01F03C4
S21400ACB0984070470080E00F0D4B984208D1A3F5EE
S21400ACC00033C3F88411802300F58050C3657047B5
S21400ACD0084B984204D1A3F51033C3F89411F2E759
S21400ACE0054B984204BFA3F52033C3F8A411EAE746
S21400ACF00080055000C005500000065070B505469F
S21400AD0016461C4619B90320FFF754F90146402C95
S21400AD101BD003D8DCB1202C1BD070BD602CFCD11E
S21400AD20042303FB06F2530803EB4113B3FBF2F3D1
S21400AD306021094A203B02EAC30305F500529160F0
S21400AD4005F580529460EB61E7E70623E9E71023F8
S21400AD50E7E70823E5E700BFF8FF7F00012200F5DC
S21400AD6080535A6040F6AA6341F20502436100230D
S21400AD700D498360C365C26000F500520361C3617C
S21400AD80C364916409498365884203D1036500233F
S21400AD90436506E006498842F8D001F580418842BE
S21400ADA0F4D0012353607047FFFF01000080055078
S21400ADB000C0055070B50D46FFF7D0FF012300F523
S21400ADC080567360AB7C04461BB1836843F08043B7
S21400ADD08360EB7C1BB12046297DFFF76DFF2A8A36
S21400ADE06B7B20461343EA891343E3602B7BD5E94C
S21400ADF00112FFF783FF6B7D1BB1A36843F480331A
S21400AE00A360AB7D1BB1A36843F40043A360EB7D56
S21400AE102A7E1B07120502F4E00203F0E043134308
S21400AE20A365697E1F4A8B1E012B1F4B1DD89442BB
S21400AE3017D002F58042944215D002F58042944223
S21400AE4014BF4FF0FF32022203EB4213022041F2FE
S21400AE50AC520329985020D10423F3652B78636104
S21400AE6070BD0022F0E70122EEE7944211D00F4AAF
S21400AE70944210D002F58042944214BF4FF0FF3245
S21400AE80022203EB4213022042F2AC5201299850F0
S21400AE90E1E70022F5E70122F3E7042204F5005378
S21400AEA0DA65DBE70080055000C0035000C005509F
S21400AEB0034BD3F82424D3F820041040704700BF77
S21400AEC000C003502DE9F8431E4B0546D3F8103357
S21400AED04B1E0E2B0E46174690F8008044781BD962
S21400AEE0F9B14FF000092846C7B135F039FC3023D8
S21400AEF0072C03FB08F316D80F21A400124809FA02
S21400AF0004F2A14018442BF0EBFCC6B9284697B1D2
S21400AF10BDE8F84335F024BC8946E4E72BF0EFFCA7
S21400AF20E5E78946E3E70F21083CA400074809FA4D
S21400AF3004F2A140E6E7BDE8F8432BF0E0BCBDE82C
S21400AF40F88300BF00C0035004C003500CC0035079
S21400AF50214B2DE9F0411646D3F810234A1C05462E
S21400AF600C4605D1D3F8241440782BF0D6FC0446C2
S21400AF70002C2EDB072C14DC03274FEA84082A78E3
S21400AF8007FA08F73946154802FA08F22BF0A8FC2B
S21400AF906A78394602F00302114802FA08F22BF0EA
S21400AFA09FFC012316F0050F0E4A18BF0E4903FA40
S21400AFB004F30CBFC2F81034C1F8103416F0060FB4
S21400AFC018BF094AC2F814340123064AA340C2F83F
S21400AFD020342046BDE8F08100C0035000C4035072
S21400AFE008C4035000E0035000D0035070B5044678
S21400AFF030F0E3FA064630B90FCC044D0FC594E89E
S21400B0000F0085E80F00304670BD00BFA43D00204D
S21400B01047F6FF739A42F0B570D0022970D8394BC4
S21400B0205B5C022B6CD8384DDE0005EBC304A778BA
S21400B03015F83330012F394638BF0121012B16D1C0
S21400B040E078401A0021884205D8012F2CBFC0198D
S21400B0500130C0B2F0BD431A6568A0EB530335F962
S21400B06013509542D4BF194603F1FF30EBE76068F2
S21400B0700028EFD0B0F90040944204DBB0F902405B
S21400B0809442B8BF144683883544FF2B19BFC823A3
S21400B0902827B0F90630B0F90870A3EB04030CBFFC
S21400B0A00122002293FBF7F36E7813441BB29E42F4
S21400B0B001DD002B01DA731E1BB24FF47A7C00EB25
S21400B0C0C305EA88AD685F1C14FB02521D4622EADF
S21400B0D0E2723BB25C329E42B2FBFCF204DD00EB55
S21400B0E0C307BF889742EAD200EBC5039888904210
S21400B0F028BF1046884238BF0846AAE7FF20A9E7BF
S21400B1000020A7E7BFAD0400A43D00200229F0B54B
S21400B11061D8324B595C02295DD8314B13F83100A7
S21400B120012816D103EBC1039C78D878012C214660
S21400B13038BF0121904294BFC1EB0001C1EB020170
S21400B140001BCAB28242C8BF00225B6833F91200F5
S21400B150F0BD002A3DD003EBC103596800293AD060
S21400B1609878904202D3B1F90200F1E7DC78B1F9A1
S21400B17000009442ECD95C788B88013CA3F1FF0672
S21400B180734201F10405E4B2734101F10C07DEB22B
S21400B190B44217D805EBC3034FF47A7512FB05F2D9
S21400B1A0B3F902405B68D21A04EBD47302EB630275
S21400B1B092FBF4F29042CBDBB1F902009042C7DC7E
S21400B1C010B2C5E737F833C05E1C9445E2D3334669
S21400B1D0DDE70448BCE70448BAE700BFBFAD04009B
S21400B1E0A43D00200CFEFFFF0080FFFF08B50448CA
S21400B1F0FFF7FCFEBDE80840012030F0E4B900BFD0
S21400B200C4AD04007FB51422002101A810F0C6FFCB
S21400B210044B01A94FF0FF30029330F01AFA07B042
S21400B2205DF804FB006A18002DE9F0418CB08846F2
S21400B230DDE912761D460446002847D0002945D091
S21400B240002F43D0002E41D013F00F033ED12048EC
S21400B2502049A360002A08BF01462362C4E9001300
S21400B260404609A92BF0E4FB68BB2046099935F057
S21400B270D2FA2946204635F0CEFA694640462BF0EB
S21400B28067FC00BB694620462BF093FC404603A9AA
S21400B2902BF069FCB8B9204603A92BF08AFC069768
S21400B2A00127204645F0005506A9079708952BF07C
S21400B2B080FC204609A909960A970B9535F0D1FA25
S21400B2C0204635F08BFA0CB0BDE8F0812120FAE775
S21400B2D000010004000101042DE9F04F97B08946F3
S21400B2E090461F460546DDF880A0002800F0BB808B
S21400B2F0002900F0B8803AB1229B002B00F0B38002
S21400B300239B002B00F0AF80BAF1000F00F0AB805B
S21400B310219B002B00F0A78067B13C680026229B8B
S21400B32043440293464507D307B13C60002017B05C
S21400B330BDE8F08F3C46F1E75CB1229B219A9B5D0D
S21400B340125D01345340239A04F00F0493550136DE
S21400B350E8E7A8EB060BBBF10F0F58D9434B48465E
S21400B360C5E90034AC602C6213A92BF061FB002801
S21400B370DDD1284613992BF00F0B35F04CFA5946C1
S21400B380284635F048FA484604A92BF0E1FB002889
S21400B390CDD1284604A92BF00CFC484607A92BF073
S21400B3A0E2FB0028C3D1284607A92BF002FC0123A4
S21400B3B022992F4ACDF828A00B930C928A190D9249
S21400B3C028464BF000520AA90E9303920F922BF0D8
S21400B3D0F0FB28460DA92BF0ECFB239B039A99194A
S21400B3E00123109111931292214A284610A9CDF8F4
S21400B3F04CA01493159235F034FA284613A935F06C
S21400B40030FA284635F0EAF95E4400288FD1229BB0
S21400B41003EB060B239B1E44029B9B4501D146462D
S21400B42080E7ACB9219B2246CDE900A3494610230C
S21400B4302846FFF7F9FE00287FF479AF0AF11002DC
S21400B44012F8013D0133DBB213700BB95245F7D148
S21400B450219A1BF8013B125D0134534006F8013B6C
S21400B46004F00F04D8E7212061E700BF03030004BF
S21400B470100000207FB50E461D460446F0B102B906
S21400B480E3B901230192029345F00053039300238E
S21400B4900B4AA360C4E900232362204601A92BF0CF
S21400B4A088FB3146204635F0B6F92046294635F069
S21400B4B0B2F9204635F092F904B070BD2120FBE7C2
S21400B4C000000943084B984202D0084B984207D127
S21400B4D00B88B3F5105F14BF6FF08500002070472F
S21400B4E06FF08500704700BF004440040013C0049E
S21400B4F01038102808D8064BC34013F0010F0CBFB5
S21400B5006FF08600002070476FF08600704700BF1F
S21400B510010101002DE9F04F8A46A5B00021DDE9C2
S21400B5203074DDE932590490934606A810221E4670
S21400B530DDF8D08010F032FE102200210AA810F0AC
S21400B5402DFEBAF1000F05D16FF0860A504625B0E1
S21400B550BDE8F08FBBF1000FF6D00FB9002CF3D189
S21400B5602E9B13B92F9B002BEED115B9B9F1000F06
S21400B570EAD1B8F1000FE7D004993046FFF7A2FFF2
S21400B580014610B16FF0850AE0E7282205901AA858
S21400B59010F004FE2022059912A810F0FFFD1AA84C
S21400B5A035F02FF910B16FF0920ACFE751465A46A0
S21400B5B0049812AB2BF049FB82460028C6D112989D
S21400B5C0FFF796FF82460028BED114B9C8F80000DF
S21400B5D0BCE7AF4256D23B199D4253D24C45B3D836
S21400B5E022463946284610F083FC504B9E4268D0CF
S21400B5F0C8D34F4B9E4203D003F540739E42C1D141
S21400B6002F46102200210EA810F0C8FD4C459BD8EE
S21400B610484B9E422F9B56D10D2B95D101238DF87A
S21400B62038302E9B0DF1390203F10C0153F8040B50
S21400B6308B4242F8040BF9D11B78137001238DF866
S21400B640473014F00F0624F00F0B4CD106AB0193D5
S21400B6500EABCDE9027500935A46002312A91AA82C
S21400B660FFF73AFE074600285DD04A4600212846E6
S21400B67010F094FD0023012FC8F8003093D16FF02E
S21400B6808B0A63E72A4B9E42BBD003F540739E426B
S21400B690B7D0264B9E427FF475AF4C453FF654AF6D
S21400B6A014F00F027FF450AF2346CDE9007512A9BF
S21400B6B01AA8FFF7B9FD07460028D6D1C8F80040FB
S21400B6C044E72F46ECE7102B7FF43EAF2E9B0EAAE6
S21400B6D003F1100C164618685968083303C663450C
S21400B6E03246F7D1ADE707EB0B030DF1280C03F15B
S21400B6F0100E624618685968083303C273459446AC
S21400B700F7D10F2CA2D805EB0B0303930AAB0293D9
S21400B71006AB01930EAB00933246002312A91AA87B
S21400B720FFF7DAFDC7E7002EC8D0ECE70044400478
S21400B7300010C0040013C0042DE9F04F8A46A1B0E3
S21400B7400021DDE92A45DDE92C688146934606A8F6
S21400B75010221F4610F022FD102200210AA810F029
S21400B7601DFDBAF1000F05D16FF08609484621B0DD
S21400B770BDE8F08FBBF1000FF6D00CB9002DF3D169
S21400B78016B9B8F1000FEFD12E9B002BECD049462E
S21400B7903846FFF797FE014600283AD12822059042
S21400B7A016A810F0FBFC202205990EA810F0F6FC57
S21400B7B016A835F026F810B16FF09209D6E748467D
S21400B7C05A4651460EAB2BF040FA81460028CDD1A2
S21400B7D00E98FFF78DFE81460028C5D115B92E9B21
S21400B7E01860C3E7B44217D263199E4214D2454587
S21400B7F0BAD82A462146304610F07AFB384B9F428C
S21400B80019D006D3374B9F4258D003F540739F425A
S21400B8102ED06FF08509A9E7324B9F424FD003F533
S21400B82040739F4225D02E4B9F42F2D1454503D907
S21400B8306FF089099AE734462B0795D12B460122EB
S21400B840CDE900460EA916A8FFF7EEFC2E9B04468F
S21400B8501D6000288AD042460021304610F09EFC2B
S21400B86000232E9A012C1360A6D16FF08B097DE77A
S21400B87034460D3D4545DBD801238DF82830234658
S21400B8800DF1290204F10C0153F8040B8B4242F827
S21400B890040BF9D11B780D3413704FF48073ADF898
S21400B8A0363006AB01930AAB00932A460023CDE957
S21400B8B002460EA916A8FFF70FFDC7E73446103D4F
S21400B8C04545B5D823460AAF04F1100C3A46186829
S21400B8D05968083303C263451746F7D11034E0E7CA
S21400B8E0004440040010C00410B54FF42F7200212D
S21400B8F0044610F053FC8023C4F88C30054B04F14A
S21400B9009C00C4F88430012384F88830BDE81040D9
S21400B9102AF0B0B92713040010B5D0F8A0400A46A4
S21400B9208CB92BF0AAFB044610B90024204610BDA3
S21400B9302D2896BF064B074953F82010064A07489D
S21400B9402BF0E4FCF2E7D0F8A4101046A047ECE792
S21400B950B0AE04002A130400981004004F1404002C
S21400B960F8B590F88060044616B100263046F8BD5B
S21400B9702BF0B4F90028F8D1012384F8803094F82D
S21400B980883033B1D4F884101F4884F888602BF0D0
S21400B990BDFC4FF0FF37D4F8B402421C1FD0C4F8E9
S21400B9A0B47210F0FF052CD020462BF094F92946EF
S21400B9B0204600F091FB0028EDD020462BF099F9A8
S21400B9C094F888303BB1D4F884100F482BF09EFCD6
S21400B9D0002384F88830002384F88030C6E72BF0F4
S21400B9E07AFC431CDDD1D4F88C30D4F89420013B8B
S21400B9F09A4204DB054A064906482BF087FC0126D6
S21400BA00E9E70126C7E700BF742C0400981004007D
S21400BA10381304004F140400F8B50B780446302B96
S21400BA200D46164604D14B7803F0DF03582B11D091
S21400BA30284F6A1E12F8011F002934D128460A2210
S21400BA4010F01CFA202C03460D4631D1B1FA81F0D5
S21400BA5040091AE04A1C1F4912F8013F8BB92846D4
S21400BA6010F018FA1C4B02382340032B12D1013475
S21400BA70A41084420AD1A87837288CBF0020012061
S21400BA8003E0CB5C13F04400E6D1F8BDCCBF012048
S21400BA900020FAE7002CB8BF0334B0EBA40FD4BFE5
S21400BAA001200020F1E77B5C13F00400C2D1ECE734
S21400BAB026B1084302D0013B61F100050122A240F5
S21400BAC0013A1A40002D08BF9A420CBF0120002000
S21400BAD0DBE700BFEDD5040003000080F0B5037877
S21400BAE001467B2B17D10646022400220B4F16F880
S21400BAF0015F7D2D05D10B5D6BB9D24302F00100CD
S21400BB0008E07B5D13F0440002D001320134EEE71A
S21400BB10202DFBD0F0BD0020FCE700BFEDD50400D3
S21400BB2070B506460D4610F0B5F9044630462BF0C3
S21400BB30EDFBAC4200D370BD02482BF0E7FB0134AE
S21400BB40F7E700BF7E2304002DE9F04104460221FA
S21400BB504E48FFF7E5FF1E212068FFF7E1FF636808
S21400BB6058682BF0D3FB4A482BF0D0FB67683B7B2A
S21400BB70FD2B0CD8D7F808804FF0FF35404610F064
S21400BB8089F906460C3717F8013BFF2B01D1BDE8B3
S21400BB90F081212B48D8212B66D8DFE803F06773A5
S21400BBA075114B4D4F516565656565656565535502
S21400BBB057595B5D5F6165656565656565656F635E
S21400BBC0344C1EB1202B05F10105DCD002212F4894
S21400BBD0FFF7A6FF1E212D48FFF7A2FF2E482BF0E9
S21400BBE095FB2E49204610F059FB2D49002818BF1A
S21400BBF021462C482BF08AFB3B78202B02D12B20A9
S21400BC002BF078FB28482BF081FB4EB118F8053056
S21400BC101F2B05D018F805001F2801D0B54229DBD8
S21400BC201B482BF073FBAEE7204C214AFE2B08BFC7
S21400BC301446C6E71F4CC4E71F4CC2E71F4CC0E7BC
S21400BC401F4CBEE71F4CBCE71F4CBAE71F4CB8E7BB
S21400BC501F4CB6E71F4CB4E71F4CB2E71F4CB0E7CB
S21400BC601F4CAEE70D4CACE7104CAAE706B1013509
S21400BC701C4CABE72BF03EFB0135CBE7002E82D009
S21400BC80013580E7184C9CE7184C9AE75664040088
S21400BC9098100400E21304000E350400F1130400AB
S21400BCA0E7130400742C04001C1E0400E9130400AF
S21400BCB026340400341404003B1404002C1404003E
S21400BCC0281404001F140400151404000B140400A8
S21400BCD020140400161404000C14040001140400BC
S21400BCE0FA130400E1130400331404003A140400A9
S21400BCF02DE9F04F9BB005468B4600240092039337
S21400BD0010F0C8F8249F039B04901C6028463C60F3
S21400BD100AAA09A92BF01CFB064658B90A9810F087
S21400BD20B9F83446B046039B1860D5F89C300293A9
S21400BD30029B1BB920461BB0BDE8F08F029BD3F8D0
S21400BD400890B9F1000F6FD02E4416F8013B202B57
S21400BD5011D000260C23734309EB030A59F803306D
S21400BD600193002B5BD0099B434558DB9AF80820CB
S21400BD702AB1721C3EE03B6801333B60E5E7396858
S21400BD80D5F894200793039B521A1A601AAB03EB5C
S21400BD90880151F8403C01991846059310F05CFB69
S21400BDA006900028E5D1019810F074F8DDE9062326
S21400BDB00146DAF80400D7F800A090F80CC0BCF1F1
S21400BDC0FE0F19D103F1FF3EC64515D0D0F80090FE
S21400BDD00598019210F05EF80AF1010A8244019A71
S21400BDE0AA44AAEB05033B601AF8013B002BF8D0E7
S21400BDF008F101081646ADE7D5F894200591A2EBA8
S21400BE000A028A4220DC584610F044F8059901449C
S21400BE107B290DD958461E4A009929F061FF2B460A
S21400BE20049A2A4493422AD1029B1B6802937FE716
S21400BE30DDE90012584629F053FF5846154A009986
S21400BE40013429F04DFF94E7BCF1FE0F91D1013B80
S21400BE5043458ED1D0F8009059F80C2B22B9049B9C
S21400BE603B60039B1A60DAE75846009929F038FFD2
S21400BE705846084A009929F033FF0134ECE713F8D6
S21400BE80011B0029CED14FF0200103F8011CC9E7A1
S21400BE90411404007E2304002DE9F047002486B0F8
S21400BEA0DDE90EA81C60064689468AF8004011683F
S21400BEB0154888F8004017461D468DF81740FBF7D2
S21400BEC0D1FC18B901242B6801332B600020D6F86A
S21400BED09C6036B914B1012388F8003006B0BDE87E
S21400BEE0F087B06868B14B460021CDE902A8CDE9DD
S21400BEF000750DF117022BF05FF89DF81730002B38
S21400BF00E8D13668E5E700BF461404002DE9F04F97
S21400BF100446ADF5477D06AE80220021304605AFCB
S21400BF200DF1100810F03AF93B46802231462046C3
S21400BF30CDF80080FFF7DCFE012847D130460FF031
S21400BF40A9FF3B68D8F8002005461A44224411464B
S21400BF50C01A013B334400EB020EAEEB010CBCF101
S21400BF60000F1EDC002120EAE0739954D4F89030CC
S21400BF7099463A68D8F800101144494516DCD4F8BA
S21400BF809410A81A014403441644C4F89410C4F844
S21400BF9090303518AB1B002B13DC0DF5477DBDE844
S21400BFA0F08F13F801CF01F801CBD6E7E05C2BF059
S21400BFB0A1F9D4F8903009F101090133C4F89030A2
S21400BFC0D7E716F8010B2BF095F9E3E7E5DD26AD8C
S21400BFD08022002128460DF58C7B10F0DFF800212A
S21400BFE04FF40072584610F0D9F8B24631464FF07A
S21400BFF00109002311F8012B002A3CD13046039298
S21400C0004BF829300FF046FF2946039A1AF801CB61
S21400C0100DF58C7E5EF8043B834235D101329145A6
S21400C02001F801CBF2DAD4F890903B684B4532DC4D
S21400C03023463146264A27482BF068F928460FF053
S21400C04029FF3A68D8F80030154413442344801A70
S21400C0501A466E1E1F18B91A002929DC002120EA8C
S21400C060E072D1542C18631B002B96DD15F8010BDB
S21400C0702BF040F9F7E7202A03F1010304BF4BF841
S21400C080293009F10109B5E733449B5C6345C1D00B
S21400C0900023AB54C7E7D4F8903009F10109E05CFF
S21400C0A02BF028F9D4F890300133C4F89030BCE770
S21400C0B016F8011F02F8011BD4F890100131C4F8DD
S21400C0C09010D4F894100131C4F89410C3E700BF60
S21400C0D0271304004B1404002DE9F843D0E9245636
S21400C0E004460F46002294F89830012B07D10A2FF9
S21400C0F007D1002384F898300020BDE8F88300F2CA
S21400C1009F801B2F01D10223F4E70D2F0DD10123B1
S21400C11084F898300D202BF0EDF80A202BF0EAF882
S21400C12000230120C4E92433E7E74FF00008082F76
S21400C13084F8988034D1454530DDB5420FD1384675
S21400C1402BF0D8F820202BF0D5F8013D38462BF000
S21400C150D1F8013E04F80580C4E92456CCE7FBDAA2
S21400C16005F1FF3938462BF0C5F804EB0903A6EBBA
S21400C1700902611918460FF0BBFE04F80680014656
S21400C180013E48482BF0C2F835464D4501DC4D4689
S21400C190E2E708202BF0AEF8013DF6E7ACD0DBE78F
S21400C1A07F2F1CD1002EA7DDB542A5DA6319691CC6
S21400C1B021441846721B0FF09BFE04F806800146C9
S21400C1C039482BF0A3F80820013E2BF093F8B5422F
S21400C1D0F9D1D4F89430013BC4F894308CE70A2F98
S21400C1E098D0092F03D12046FFF790FE84E7D4F8B5
S21400C1F08C30013BB3427FF77FAFB54204EB0508B6
S21400C20005F101090CDB384688F80070D4F8943044
S21400C210C4F890900133C4F894302BF06BF86BE7B9
S21400C2204146721B04EB09000FF062FE40462BF0FD
S21400C2306DF80820013E2BF05DF8B542F9DDE2E727
S21400C240022B06D15B2F01D1032353E784F89820F5
S21400C25049E7032B7FF450AF413F84F89820032F23
S21400C2603FF64AAFDFE807F002070A16012120462C
S21400C2702AF0EDFF40E74FF0FF31F8E7B542BFF692
S21400C2803BAF605D2BF036F8D4F890300133C4F83D
S21400C290903031E7002D7FF72FAF013D0820C4F81E
S21400C2A09050BAE7541404000A1F040008B5024868
S21400C2B0FDF7F2FF002008BD00B4C40430B58BB013
S21400C2C06C46174D0FCD0FC40FCD0FC495E8030075
S21400C2D084E80300134BD3F84C2112031CD5A3F5B6
S21400C2E0FE431C884FF6FF739C4208BF8C248DF8D3
S21400C2F01940FEF7B9F8044484F308040A488DF898
S21400C3001840FBF747FB6846FEF716F83220FEF7A4
S21400C310B1F800200BB030BDD3F85041E4B2E6E7E8
S21400C32068AF04000080E00F00F049020028ACBFB0
S21400C33000F16040064B4FEA0111C9B2ABBF00F5F1
S21400C340614000F00F0080F800131954704700BFDA
S21400C35014ED00E008B534F0F5F90B4B1A7872B915
S21400C36001221A7034F0E9F96FF004021046013227
S21400C370052152B2FFF7DAFF3D2AF7D108BDBDE826
S21400C380084034F0DAB900BFBE5F002000280CDB9E
S21400C39001220649430900F01F008240203341F87D
S21400C3A02320BFF34F8FBFF36F8F704700E100E08D
S21400C3B0002807DB01234109034A00F01F008340E1
S21400C3C042F82130704700BF00E100E0054B421103
S21400C3D053F8223000F01F0023FA00F0C04300F0AC
S21400C3E00100704700E100E0002808DB0122430955
S21400C3F0034900F01F008240603341F82320704755
S21400C40000E100E010B5044634F08FF9024B1C60E2
S21400C41034F086F9002010BDCC3D002010B534F075
S21400C42084F9034B1C6834F07BF9204610BD00BF2E
S21400C430CC3D002038B50C461546014610B9FFF72E
S21400C440EDFF01462B46224603480EF06FFC0028FF
S21400C450D4BF3720002038BDAD740300302337B575
S21400C460007D0DF10701434303F1A04303F580234C
S21400C470DD6E1C6F32F02AFA9DF8070040B9054BB6
S21400C4809D4203D1C4F3400484F0010003B030BDE4
S21400C4900120FBE7BF5F00203021037D02464B43AF
S21400C4A003F1A04303F58023D86E07491B6F88422B
S21400C4B008D113F0020006D0106A136D1B1A5842FA
S21400C4C05841704700207047BF5F002070B5044693
S21400C4D008B9012070BD057D2846FBF771FD3023A5
S21400C4E06B4303F1A04303F580232846DE6EFBF77B
S21400C4F087FD0A4B9E421CBF042384F8A13094F8A3
S21400C500953094F8A1002BB1022803D1012384F8BA
S21400C510A130DFE70428DCD1F8E700BFBF5F0020CA
S21400C5202DE9F743D0E9043404F17C07D0F80C90E9
S21400C5300646013B102200213846D4F874809DB28E
S21400C5400FF02CFE0B4BC5F30A0543EA0513C4E9AE
S21400C5501F39012394F8780084F88C30C4F884805E
S21400C5603A46054B009604F16401FBF703FD03B061
S21400C570BDE8F08300001030237503002DE9F04F6E
S21400C58004464FF444764FF030093F4D00F138072B
S21400C5901022002185B038460FF000FE6687C4E9F9
S21400C5A00F55207DFBF70CFD1022002138460FF0BA
S21400C5B0F5FD6687207D354EC4E90F5509FB0063FF
S21400C5C0DB6EAB4204D105B0BDE8F04FFBF718BDFB
S21400C5D00DF10B0132F07AF99DF80B50002D4CD17D
S21400C5E020462AF082FF804603A9207D32F090F98B
S21400C5F0039B2946013B1FFA83FB04F118031D46E3
S21400C60010221846D4F810A00FF0C8FDA169204AE1
S21400C610CBF30A031B010A4043F040731343C4E9FB
S21400C620063A237DC4F8208009FB0366336F94F82E
S21400C63024205B0863F3410284F82420326F94F8C8
S21400C640243025F0030562F3000384F82430336FAA
S21400C650626A9B0863F39F0245F0020562626564A6
S21400C66000943A4621460B4B207DFBF783FC207D49
S21400C670FBF7C6FC05B0BDE8F08F94F8443023F015
S21400C680020384F84430EBE7BF5F0020000004504C
S21400C6900F80FFFC917503002DE9F04F002604463D
S21400C6A098468DB0089106921E60069BB3EB06096D
S21400C6B000F0A080089B9E1900F09C80207DFBF770
S21400C6C07FFC2046FFF7E8FE0746207DFBF798FC38
S21400C6D0002F40F08F8020462AF007FF216D94F847
S21400C6E09AB088429BBFD4E91253ED18451A6D1ACA
S21400C6F04D4528BF4D46BBF1000F00F0A08034F03A
S21400C70021F8D4F8509007902046FFF7A7FE4B4636
S21400C710A946824658199842D4F89C2073D1D4E989
S21400C72012130B449A42079808BFC4F89C1034F0C2
S21400C73004F8D346207DFBF743FC0DF12F01207D46
S21400C74032F0C4F820462AF0D0FE236D8246984286
S21400C75040F28380A26CAEB2934276D1099304F184
S21400C7602807236910223846002107930FF016FD8C
S21400C7703022079B013EE362099BC6F30A06236349
S21400C780237D3601534327F0030703F1A04346F009
S21400C790407647F0020703F58023A6621F67236DE5
S21400C7A0D4E912122B440A44934208BF0B469A451A
S21400C7B0236505D10123204684F85430FFF7DEFEBA
S21400C7C0207DFBF71DFC94F89A303BB1BBF1000FBF
S21400C7D004D0236E112120465B689847D8F8006085
S21400C7E0B9F1000F06D0069B4E449E42C8F8006082
S21400C7F0FFF45BAFD8F80030002B14BF00201B20DE
S21400C8000DB0BDE8F08F934203F1010108BFC4F8F4
S21400C8109C101B7808BF5F4603F0FD0CBCF1110F9F
S21400C82003D006F8013B0B4675E72FB1A3F11102C2
S21400C8305342534184F8A03009F1FF39F3E72A4602
S21400C84030460FF049FEA94674E7238DC3F30A125B
S21400C850164466F30E132385A1E79DF82F30207D3E
S21400C86083B93023584300F1A04000F58020426E83
S21400C870436EC2F30A122A446FF30E1343EA0213FE
S21400C88043668CE70C4B049403930023CDE90153D5
S21400C8900123009352462369216829F043FA302287
S21400C8A0237D534303F1A04303F580235A6E22F4FD
S21400C8B080125A6673E700BF91750300F0B50C4608
S21400C8C015460646A422002189B020460FF066FCD5
S21400C8D02746AC46BCE80F000FC7DCF8003005F171
S21400C8E0140C3B6004F16407BCE80F000FC7DCF8CB
S21400C8F00030EA6A3B60AB6AC4E9132395F830203F
S21400C900A36484F8992095F83320C4F89C3001235A
S21400C91084F89A2084F8A03084F85430AB6B2366F1
S21400C92095F8313084F898303F4B346073603F4B55
S21400C930B3603F4BF3603F4B73613F4BB3613F4B7C
S21400C9403361FBF7E3FA10B13D4B98420ED100215C
S21400C95007A8FBF763FA014640B9079B07A82375AB
S21400C960FBF75CFA28B1207DFBF7AAFA102009B085
S21400C970F0BD0127079B84F87830324B7362324B48
S21400C98084F8A170F361314B95F83210336284F865
S21400C990960084F8957020462AF0C9FEAB6B93F992
S21400C9A01100FFF721FDAB6B93F91100FFF700FDB7
S21400C9B0207DFBF705FB0028D8D1254B0494CDE954
S21400C9C00203E36CCDE900732369A26C2168207D25
S21400C9D029F0A8F90028C9D13022237D4FF4801110
S21400C9E0534342F2640203F1A04303F580239950B7
S21400C9F0AB6B93F91000FFF7F7FCAB6B93F91000E5
S21400CA00FFF7D6FC04F1900029F034F93046FFF722
S21400CA10F9FC2046FFF7B2FD207DFBF7F1FA00385F
S21400CA2018BF01200001A2E7017603004B75030042
S21400CA3099C60000D9740300DF740300A7770300CB
S21400CA40038000F0CDC400002F770300E5740300D8
S21400CA509175030070B50568144E2C7D2046FBF7D3
S21400CA60AFFA302303FB0463DA6E114B9A420FD100
S21400CA702846FFF7F3FC80B133F064FE01230D4A2D
S21400CA80A3405365A2F580529362536333F055FE7C
S21400CA902046BDE87040FBF7B3BA2846FFF7FCFC1B
S21400CAA00028F5D10123A340B364F1E70000045049
S21400CAB0BF5F002000200450F8B517461C46554AB4
S21400CAC08B6B069D1A60544A5A60544A9A60544AC0
S21400CAD0DA600A462946FFF7F1FE0646002840F0CF
S21400CAE0928023680422C5F8A430237985F8A830FC
S21400CAF0A17985F8AA10607985F8A900237A85F8C7
S21400CB00AC30E37985F8AB30A37A85F8AE30637A3B
S21400CB1085F8AD30237B85F8B030E37A85F8AF3002
S21400CB200123FDF7D7FC01230222217AE079FDF7E5
S21400CB30D1FC3E7039462068FEF73CF91421A27BF2
S21400CB40384B03EB4210C0F8AC1594F806C0617978
S21400CB502E3203EB421341EA0C415960227AE37904
S21400CB6043EA0243C0F8BC3585F8B1607B7E032BF0
S21400CB704DD8DFE803F03A4A021D022385F8B130AB
S21400CB8000230422217BE07AFDF7A4FC41F2AC529C
S21400CB900221A37B5B0103F1A04303F57033995098
S21400CBA0217BE27A42EA014241F2B8515A501CE037
S21400CBB0012785F8B13002220023A17A607AFDF7BA
S21400CBC089FCA17A627AA37B42EA014241F2B4511F
S21400CBD05B0103F1A04303F570335A500422236827
S21400CBE003F58053DA65002FCAD163790E4A85F8BB
S21400CBF0A930A379052185F8AA30206800F50053EE
S21400CC009A6429F059FE3046F8BD0027D1E723265E
S21400CC10F9E700BF69780300F1780300FF780300A6
S21400CC207D78030000C00350FFFF010008B500F048
S21400CC30A1FD18B16A21024831F09EFE002008BD11
S21400CC405914040008B500F007FA0C4A536A43F476
S21400CC5070235362EFF308834FF0CD31084A043B4C
S21400CC60934208D200F02EFCFFF7E0FFBDE8084034
S21400CC700448FEF7BBB943F80419F1E700ED00E0FD
S21400CC8008000020C4AD040007B5042200200DEB08
S21400CC9002012EF056FC042803D0D721044831F0B8
S21400CCA06BFE019800F09AFB03B05DF804FB00BF32
S21400CCB059140400082310B50C0A41400648C9B2AE
S21400CCC041F30002013B024013F0FF0382EA5101E8
S21400CCD0F6D184EA010010BD2083B8EDF8B5002532
S21400CCE0104C114E114F237803B9F8BD2246002090
S21400CCF056F8043B0E492AF0E2FB2278234601341C
S21400CD00002AFAD15B7853B10A4905F00303032BD6
S21400CD1008BF394600202AF0D2FB0135E3E7394642
S21400CD20F8E700BF4CB104008466002097100400AA
S21400CD30C71404008863040040F60522684B2DE9FA
S21400CD40F0411B8893420ED8B3F5206F0DD840F201
S21400CD500252934218D040F20172934220D040F221
S21400CD60015293420AD0BDE8F081A3F602235D4C3F
S21400CD70032B1ED8DFE803F0376193AE5A49002034
S21400CD80BDE8F0412AF09BBB002058492AF097FBEB
S21400CD90544B1A6C0020BDE8F04155492AF08FBB71
S21400CDA0504A0020D2E92423BDE8F04151492AF038
S21400CDB086BB002050492AF082FB94F868309E0714
S21400CDC003D500204D492AF07AFB94F86B305D06B7
S21400CDD003D500204A492AF072FB94F96B30002BE9
S21400CDE0C1DA4849CBE7002047492AF068FB94F8A7
S21400CDF06430980704D00020226C3D492AF05FFB7F
S21400CE0094F96430002B04DA0020226F3F492AF0A0
S21400CE1056FB002501263E4F626E06FA05F31342C6
S21400CE2007D057F8252013781BB1002039492AF07F
S21400CE3046FB0135082DEFD195E7374900202AF04B
S21400CE403EFB2B490020226C2AF039FB94F8653013
S21400CE50590703D5002031492AF031FB94F9653093
S21400CE60002B04DA0020226F28492AF028FB082528
S21400CE70274E636EEB40DA0707D556F82520137861
S21400CE801BB1002023492AF01AFB0135102DF0D1E2
S21400CE9094F8640000287FF466AF214970E72149C2
S21400CEA000202AF00CFB0020226C11492AF007FB18
S21400CEB01025174E636EEB40DB0707D556F8252086
S21400CEC013781BB1002013492AF0F9FA01351A2D00
S21400CED0F0D148E7002014492AF0F1FA226C59E70D
S21400CEE0B258002084660020D11404000F150400F8
S21400CEF0401504005B150400771504009015040027
S21400CF00CB150400FF1504003C160400621604004E
S21400CF1018B204008016040089160400A116040046
S21400CF20E816040019170400331704002DE9F04F23
S21400CF303C4C85B0D4E90D32580748BF0026D4E9EA
S21400CF40121B48BFB046D4F83CA05FBFD4F8508050
S21400CF508B469246344E54BFDFF8F490DFF8F490D8
S21400CF6013F0080F314B324A18BF1A46B6EB0807C3
S21400CF701FBF64237D0803FB0B55B5FBF7F50CBFFD
S21400CF803D46ADB24B462B490020CDE9016ACDF8AF
S21400CF900080BFB22AF093FA2B460020CDE9009716
S21400CFA025491FFA8BF22AF08AFAB24501D8C24503
S21400CFB004D24A46002021492AF081FAD4E9170310
S21400CFC018432DD000201E492AF079FA00250126A4
S21400CFD0E26D06FA05F3134204D02A4600201949EA
S21400CFE02AF06DFA0135202DF2D100250126226E99
S21400CFF006FA05F3134205D00020124905F1200277
S21400D0002AF05DFA0135202DF1D100200E492AF0D4
S21400D01056FA00200C4905B0BDE8F04F2AF04FBA8A
S21400D0200A49F4E784660020081000205A17040016
S21400D03061170400691704009B170400D517040045
S21400D040F4170400A42D040098100400241804000B
S21400D05055170400D258040038B5FDF7A7FD04465E
S21400D06029F01CFCE30729D401221046114600FAD9
S21400D07001F3234002F1010222D01D4B33F8113098
S21400D0801C48062B028844881B491FD14FF20F0309
S21400D0909C4218D1B2F5406F28BF4FF4C0624CF2E4
S21400D0A03C330A80438040F201739A4201BF134B1F
S21400D0B0134AD2E90001C3E9000115E00021DCE7CC
S21400D0C0102AD3D1DCE74FF4C062E8E740F2072528
S21400D0D0AB420AD14FF20F05AC4204D19A4204BFCC
S21400D0E04CF23C3242800B8038BD1A460B80DAE7A1
S21400D0F02CB104001C670020B2580020D03D002050
S21400D10014670020014B1888704700BFB2580020F3
S21400D110014B1888000A7047B2580020044B054897
S21400D1201B881A0AB3F5406F38BF00EB82007047C1
S21400D130B2580020FCB00400044B1888044B020AC6
S21400D14053F82230C0B203EB80007047B25800207C
S21400D150CCB0040010B5044633F0EBFA4FF20F02E1
S21400D160044B1C805A80BFF35F8FBDE810402AF046
S21400D17064B900BF1C6700206D4A2DE9F0416D4B75
S21400D18055686D4C5D65516A99656C49D1F8000229
S21400D190D865D1F80412586B1966916A10F0040F1E
S21400D1A05966D16A4FF000009966116BD966516BCB
S21400D1B01967D26BD8645A67D3E90E1218BF1146A6
S21400D1C05F4A91421A655DD301F12000A04259D80A
S21400D1D08869C5F308051864CE69062D5E6455D1C6
S21400D1E0584DA84252D3584DA8424FD205884DF606
S21400D1F0426085424AD11868C3F890005868C3F860
S21400D200940040F20170A242154604D22E68043201
S21400D210B6F1CD3FF7D00022C3E91E22C3E9202293
S21400D220C3E92222641BDFF81CC1434DDFF818E176
S21400D2309C648D422DD8D3E91EC7D3E92065D3E977
S21400D24022414FF0000E013AD2B2FF2A3CD1BEF185
S21400D250000F05D0C3E91EC7C3E92065C3E9224114
S21400D260B3F85430C3F308030C2B3BD8022B54D925
S21400D270DA1E092A51D8DFE802F0315740435050F1
S21400D2805050504D0021C3E910112D494FF4206035
S21400D290B9E755F8044D6445CBD37445C9D2E607C3
S21400D2A0C7D50026294F57F8048FA045C1D00136B0
S21400D2B0062EF8D132B1013AD2B202F11E0643F878
S21400D2C02640B6E70522F8E7E0464FF0010EBC46DA
S21400D2D037462E4625460C464146B4E740F6012022
S21400D2E0BDE8F0813B2B18D1194B9B6913F0020F58
S21400D2F040F2025318BF1846F2E740F60320EFE765
S21400D30040F6042240F20173B0F5206F0CBF1046C1
S21400D3101846E5E740F60520E2E740F60722013B1F
S21400D3204B2B98BF1046DBE740F60220D8E700BF3D
S21400D33000ED00E0846600200810002000E100E018
S21400D34008000020D0420000400D0400F8660020CF
S21400D3500080015A00F00CB800F00AB800F008B8D7
S21400D36000F006B800F004B800F002B800F000B80C
S21400D37072B61EF0080F09D01EF0040F0DD0DFF8AD
S21400D38050E0AEE8FF1F6FF002000CE0DFF840E070
S21400D390AEE8FF1F6FF00E0005E0DFF834E0AEE801
S21400D3A0FF1F6FF006006946EFF309828EE807005C
S21400D3B086460848084C854501D3A54501D384F325
S21400D3C00888FFF7D9FE84F30888FFF7C3FE00003D
S21400D3D08466002048000020081000204BF6EF620C
S21400D3E083B2002B08BF1346044A000C13804FF686
S21400D3F0CE2308BF1846024B188070477A6F00206D
S21400D400786F00200B4BB3F900201888002AB8BFAD
S21400D41080F0620042001A80074AB2F900101388B2
S21400D4200029BCBF83F4805383F00B03590011809E
S21400D430584070477A6F0020786F002007B568461E
S21400D44000F01AF8DDE900010022034B03B05DF896
S21400D45004EB2AF02CBD00BFD83D002007B5009392
S21400D46013460A46014603482AF0D7FA03B05DF889
S21400D47004FB00BFD83D00200249034A0160521A4F
S21400D480426070475070002000000120004870473E
S21400D490D83D002038B54160044633F046F90546CD
S21400D4A02146044828F0E9FB2846BDE8384033F01A
S21400D4B037B900BF003E0020014828F0DBBB00BFA4
S21400D4C0003E00200222014B1A67704700400050C1
S21400D4D070B533F02AF9174E0546174833F0D0F9E1
S21400D4E03378CBB900F046F9044620B1284633F02D
S21400D4F017F9204670BDFFF7DFFF33F081FA0F4BB8
S21400D5001C6031F0C1FE0E4B0E4A1860536F43F09C
S21400D510010353672AF0E7FC00F028F82AF0FAFC2B
S21400D520094B0024186001232846337033F0F8F8BE
S21400D530DFE700BFCB5F0020A4AF0400043E00205E
S21400D5402C3E002000400050083E0020054B1B6883
S21400D5505843054B00F5742000F23F20B0FBF3F073
S21400D560704700BF2C3E002040420F00294B2A4A3D
S21400D570D3F8003170B503F00303136031F018FCE4
S21400D5804FF4C870FFF7E2FF0022244B24491860CE
S21400D590244C0B680132D2B20A2A44F8040BF9D1A3
S21400D5A0034400EBC00003440B601F4B1F4D1B7869
S21400D5B013B3184BD3F8003103F00303022B22D029
S21400D5C0032B23D0012B17D131F010F9024698B166
S21400D5D0174B184EDC6800231946C4F30B040134BD
S21400D5E004EB84040138E4FB06010EF0C5F9FFF7EE
S21400D5F0ADFF2B6803442B601F20FFF7A7FF2B68A7
S21400D60003442B6070BD31F03BF9DFE733F0A0F840
S21400D610DCE700BF008000506C3E0020303E00205B
S21400D620343E0020383E0020CF5F0020643E0020BD
S21400D63000C0015040420F000122154B10B55A673A
S21400D640144B154C1B7813B3022033F0CAF9F0B113
S21400D65031F09EFED8B1A36DD90302D5E36D9A07CB
S21400D66015D40D4B9B6DDB0711D401220B4B1A70A2
S21400D67033F0ABF9BDE81040094B0A4A1860136F47
S21400D68023F0070343F00303136731F095B810BD8A
S21400D69000D00050D05F002000C00050CD5F0020BA
S21400D6A0603E0020008000500122014B1A70704737
S21400D6B0D05F002007B5FFF7C1FE01A8FDF7E4FA2A
S21400D6C09DF80530012B25D1234B9A6DD20311D43A
S21400D6D05A6B6FF3162242F4BC1242F4A0625A63ED
S21400D6E01A6B22F4704242F440421A631A6B42F4F8
S21400D6F0E0621A639DF8043063B94FF000531B686C
S21400D700164B1B68164B1B68164B1B68164B1B6884
S21400D710164B1B68164AD2F8803043F00303C2F853
S21400D72080302AF0FFFBFEF715FEFEF7BFFDFEF782
S21400D730C5FD0DF045FBFFF7CBFE00F01BF82AF009
S21400D740F2FBFFF77FFA2AF0FDFB2DF032FD03B067
S21400D7505DF804EB2AF0E8BB00C000500040002053
S21400D7600080002000C000200000012000400120B2
S21400D7700080005070B532F0E5FF144E0546347850
S21400D780FCB9134B1C60134B1C60134B1C6000F061
S21400D79031F8012031F0E8FE31F0DAFE0F4B024698
S21400D7A0186020B9284632F0C8FF232070BD2346F3
S21400D7B040F2E7310A480EF0DFF80A4B1860012302
S21400D7C03370284632F0B9FF0020EFE7D35F002021
S21400D7D07C3E0020783E0020843E0020803E0020D4
S21400D7E018FCFFFF743E0020014B1868704700BF0E
S21400D7F0743E002030B50024194B85B018689A880E
S21400D8000290D3F806009B7A00901648ADF80C20DC
S21400D8108DF8043033F034F802A88DF808408DF8FF
S21400D8200C40FDF70DFA694601208DF80040FDF723
S21400D830CBF91F220C4B9A615A614FF0B042936AA3
S21400D84013F00803FBD113620120FDF7D7F90A2075
S21400D850FEF7CAFD0A20FEF7ABFD05B030BD00BFDF
S21400D86089B204009CAF04000020005810B532F0C6
S21400D87069FF4FF0B04304465B691A07074A03F096
S21400D880010003F00D0348BF40F00200536131F081
S21400D89095FD2046BDE8104032F04FBF00200058EE
S21400D8A021282DE9F341054604D82C46204602B02F
S21400D8B0BDE8F08100240B4E0B4FDFF830800023CC
S21400D8C0CDF800801A461946386828F048FD84428C
S21400D8D0EBD2222CE9D056F8043BAB42E6D001341A
S21400D8E0EDE700BFA8B50400246A0020FFFF0F0084
S21400D8F02DE9F04F644E654D89B02AF06FFB316814
S21400D9002868FBF7E3FB0446002827D0336800248A
S21400D910D3E900019A6912689047336804A89B69A6
S21400D9209B689847336802209B69DB689847326893
S21400D93005985368E7B2B3FBF0F3BB42916904F174
S21400D94001044ED8CB680020984733689B695B6813
S21400D950984731682868FBF7B9FB04460027DFF8CC
S21400D96044A1DFF84481DFF84491F4B9484BDB5D0D
S21400D970002B00F08480D8F800602868314602AB9F
S21400D98003AAFBF729FD2D2807D070B9039B012BAE
S21400D9900BD031462868FBF775FFDAF800303146C1
S21400D9A01A682868FBF7EEFE04460137222F0AF1B4
S21400D9B0040A08F1040809F10109D6D1B4FA84F37F
S21400D9C0344A5B0913702B681B7C33B12AF0D2FAF9
S21400D9D018B1DB21304830F0CFFF204609B0BDE853
S21400D9E0F08F12680B6907FB002098479FE7D8F86E
S21400D9F0003003AA194402AB0191FBF7EDFC2D2879
S21400DA0001992BD018B30BF1010B5FFA8BF18E4204
S21400DA102868ECD8214BDB5D002BC6D0F3B27E2BFA
S21400DA202868C2D8D8F8003003AA06EB030B59467C
S21400DA3002ABFBF7D1FC2D282B68B6D0594618460A
S21400DA40FBF720FF013604460028E7D0ADE7039B2E
S21400DA507BB999F80020029B9A42D4D099F80030FE
S21400DA60DAF800202868FBF785FD0028CBD00446AE
S21400DA70D0E728680191FBF705FF0199EEE7084B10
S21400DA80A346DE5DC1E700BF046A0020246A0020CA
S21400DA9084B50400D55F0020CE1B040062B50400E8
S21400DAA01EB5040094B20400A8B5040040B50400F6
S21400DAB0F8B51F46214B04461B780D46164623B183
S21400DAC000F47E23B3F50E2F2BD02046FFF7E8FE9A
S21400DAD02128044614D81A4B53F82010194B1B78EB
S21400DAE0ABB1194B212C18681DD8184B1B5DD3B150
S21400DAF03268FBF747FE044650B12AF03AFA07E0D0
S21400DB00FF2807D93A46314680B229F048FF00245C
S21400DB102046F8BD4FF4A9710D4830F02DFF0021C6
S21400DB20DCE70146DAE77F2D08BF00253B46324694
S21400DB3051FA85F1FBF71EFDDDE700BFD45F00203C
S21400DB40A8B50400D55F0020246A002084B5040030
S21400DB50CE1B040030B5134600F07E62B2F17E6F35
S21400DB608BB00DD10A46C0F30B016846FDF782FC68
S21400DB7020B140F29311094830F0FEFE0BB030BDE4
S21400DB805A082AF0F9F90028F8D04FF49C71034897
S21400DB900BB0BDE8304030F0EFBE00BF461C0400BE
S21400DBA02DE9F341C70705460E46144604D540F254
S21400DBB0E311484830F0E0FEE10704D54FF4F27177
S21400DBC0444830F0D9FE444B93F80080B8F1000F7B
S21400DBD020D043F260239D4208D1224631463F487A
S21400DBE00EF07AFC002002B0BDE8F081C5F30B070A
S21400DBF005F44055B5F5805F14BF4FF40F204FF481
S21400DC000E20234632467F21384302B0BDE8F0415D
S21400DC10FFF74EBF05F47043B3F5805F3DD1C5F303
S21400DC200B052F4A05F17E65631E2B4493422ED8C2
S21400DC302F4607EB0408474542D1AA070ED04FF6F9
S21400DC40FF7336F8022BA81E43EA024304220DEBAC
S21400DC5002010193FFF77EFF0235023CA3070ED0B8
S21400DC60023C24F00103F35A04226FEA03436FEAEE
S21400DC7013430DEB020128190193FFF76BFF002CED
S21400DC80B0D0224631462846FFF764FFAAE740F2A6
S21400DC90FD11104830F070FECAE705F46043B3F596
S21400DCA0005F04D1C5F30B0505F53E25C0E740F23D
S21400DCB00521084830F060FE6FF00F074546B8E7CC
S21400DCC017F8013BFF2BB6D04FF40471014830F033
S21400DCD053FEB0E7461C0400D45F00207C6F002093
S21400DCE0FF03E00F10B500F077F82AF091F904462C
S21400DCF018B100F079F8204610BD00F07BF8044615
S21400DD000028F6D10122014B1A70F2E7D65F0020F8
S21400DD10054B1B7833B1054BC0F31301002218687E
S21400DD20FBF774BD11207047D65F0020246A0020E0
S21400DD30144B2DE9F0411B7805460E461746FBB1FD
S21400DD402AF04DF9012805D9841EE4B2012C09D920
S21400DD50212412E03B4631462846BDE8F041002229
S21400DD6000F052B800F038F83B460022314628460C
S21400DD7000F076F8044600F037F82046BDE8F0815B
S21400DD801124FAE7D65F0020124B70B51B780446C4
S21400DD900D461646E3B12AF022F9012805D9831E5E
S21400DDA0DBB2012B08D9212410E032462946204652
S21400DDB0BDE8704000F040B800F00EF8204632464D
S21400DDC029462AF027F9044600F00EF8204670BDD2
S21400DDD01124FBE7D65F002008B532F0A6FC014B05
S21400DDE0186008BD883E0020014B186832F098BCC9
S21400DDF0883E0020024B1968024B1868FBF766B98C
S21400DE00046A0020246A002037B505460C46C0F395
S21400DE1013010848ED02006805D5224603B0BDE8A8
S21400DE203040FBF7A5BA009313462246FBF758FA94
S21400DE3003B030BD246A002030B405461346074AB6
S21400DE400C46C0F313011068EA0203D5226830BC02
S21400DE50FBF798BC224630BCFBF78CBB246A00203C
S21400DE60F7B505460F4614461E461BB9212528461B
S21400DE7003B0F0BD0029F9D02AF0B1F84BF23462B5
S21400DE80ABB2934220D14FF0FF3322466946CDE92C
S21400DE90003325483346FFF7E3FF082205462349AB
S21400DEA068460EF0CDF938B933462246694641F247
S21400DEB0F010FFF7D5FF0546002DD8D1324669464B
S21400DEC038460EF009FBD2E741F2F01293420FD12A
S21400DED0174B311908299A6CDB6CC7D8CDE900239B
S21400DEE069463246384621440EF0F6FA0025BEE76B
S21400DEF002280AD1C5F30C4332199342B6D3C5F3B0
S21400DF000B0104F17E643246ECE7032809D1C5F321
S21400DF100C4332199342A9D3C5F30B0104F53E24F2
S21400DF20F1E70125A3E700BF021008C034B60400DD
S21400DF300080E00F10B52CF0DCFA2DF094FBBDE865
S21400DF401040034601210220014A02F001BC00BF36
S21400DF50C41C040013B5D0E9023253F822301C78F2
S21400DF6020462CF0D8FA2346009001210220024ACF
S21400DF7002F0EEFB02B010BDD81C0400014B18786E
S21400DF802BF0A0BED75F0020FF232DE9F04F8FB007
S21400DF901122002108A88DF813300EF0FFF808A80B
S21400DFA02BF071F801210220AF4A08AB02F0D0FB3B
S21400DFB041F24903AD4A0121022002F0C9FB06A83E
S21400DFC02BF090F908A90DF113002BF096F902201A
S21400DFD00021A74A02F0BCFB00202BF0A4FE10B1E3
S21400DFE006A809F063FB9DF92A3001210220A14A08
S21400DFF000939DF82B3002F0ABFB2CF076FA831ED4
S21400E000DBB2FC2B05462DD8012102209A4A02F0ED
S21400E0109FFB0124234600210220984A02F098FB29
S21400E02005A9E0B22CF063FA034650B1A0F116023F
S21400E030012A40F2AA8001210220914A02F088FBC0
S21400E0400CE09DF91430012101939DF81630022052
S21400E05000938C4A9DF8153002F07AFB0134E3B247
S21400E0609D42D7D8BDF8284007F016FF234600216A
S21400E070854A0090022002F06BFB02200021834AB2
S21400E08002F066FB00202BF04EFE10B108A809F047
S21400E0900DFB01217E4A022002F05AFB2CF083F988
S21400E0A004462CF07EF9234601217A4A009002208D
S21400E0B002F04EFB08F0C2FB00210220764A02F076
S21400E0C047FB9DF81330FF2B65D000210220734AD2
S21400E0D002F03EFB01216E4A022002F039FB2BF0D3
S21400E0E011F9012103466E4A022002F031FB07F0C7
S21400E0F0ABFE002103466B4A022002F029FB2BF000
S21400E10007F904462BF006F923460121664A0090DB
S21400E110022002F01DFB32F00AFC08F037FC012159
S21400E1200346624A022002F013FB0027DFF8BC9188
S21400E13008F02CFCFCB2A04233D832F0F8FB0123E6
S21400E1405B4A1946022002F003FB00202BF0BAFDC2
S21400E150584B594C0093012100230220574A02F0E5
S21400E160F7FA236863B1012102201B78544A02F0B3
S21400E170EFFA2368012102205B78524A02F0E8FA9F
S21400E1802BF0A5FD0FB0BDE8F08F012102204E4A0E
S21400E19002F0DEFA62E7002102204C4A02F0D8FACA
S21400E1A098E709EB04152046D5F8088008F0A8FC87
S21400E1B08246204608F0F0FB454E464B002818BF26
S21400E1C0334620469B4608F09BFC0AF05BFA414B20
S21400E1D00021002808BF1E463F4A53460220CDE9CC
S21400E1E000B602F0B5FAAA792B7B0292AA88012122
S21400E1F001926A8802200092384A02F0A9FA0025A5
S21400E200DFF8ECA098F80430ECB2A34203D832F062
S21400E2108EFB01378CE714235C43D8F8006002209D
S21400E220325B06EB040B9BF90C3000922C4A002163
S21400E23032EA230228BF524613462A4A02F088FAD8
S21400E24000202BF070FD38B15846345B2BF0C7F831
S21400E250014620460AF064FA01210220224A02F012
S21400E26077FA0135CEE700BF191D0400281D04000B
S21400E270441D0400701D04004B1D0400611D0400B5
S21400E280901D0400681D04009D1D0400BD1D0400B3
S21400E290071E0400C61D0400E81D0400A53B04007C
S21400E2A0F31D0400091E04001F1E0400351E040092
S21400E2B0AE1E0400C61E040024430020BA1E04003E
S21400E2C0D41E0400E81E0400851D0400E9130400A3
S21400E2D0F01C0400F81C0400401E0400601E04002D
S21400E2E00D1D0400961E04005664040058420020CB
S21400E2F0011D04002DE9F7430025134F134E08F0C7
S21400E30045FBECB2A04202D803B0BDE8F0834FEA6A
S21400E3100418204617F8089008F03EFB0C4A4B46B7
S21400E320002808BF3246002102200092094A02F067
S21400E3300FFA17F808002AF0F1FF01210220064A1A
S21400E34002F006FA0135DAE758420020F96A0400BE
S21400E350EF6A0400031F04005664040008B58368CF
S21400E3605A681178C26853F82230A1F1650251420A
S21400E3705141187808F0C2FC30B9BDE808400121C8
S21400E3800220024A02F0E4B908BD00BF0E1F0400D6
S21400E39000210220014A02F0DBB900BF281F04005A
S21400E3A000210220014A02F0D3B900BF561F040024
S21400E3B010B5044686B01822002168460DF0EEFE21
S21400E3C068462BF0FEFBD4E9022052F8203002EB20
S21400E3D080021B788DF80B30516891F900108DF88B
S21400E3E00A1091680988ADF808106168091A0329AF
S21400E3F007DDD26803F01F03127843EA42138DF854
S21400E4000B30684607F0F6FD00210346024A02205C
S21400E41002F09EF906B010BD721F040007B500207A
S21400E4202CF027F800210090034B0220034A02F04C
S21400E4308FF903B05DF804FB7F1F0400851F0400FE
S21400E44013B5D0E9023253F8221003EB82035B685F
S21400E450087819680023094CA222994208BF214671
S21400E460C01A18BF01202BF0F8FF01210090044BC2
S21400E4700420044A02F06CF902B010BD00F8FF0751
S21400E480846004009720040013B5D0E9023203EB41
S21400E490820153F82230D1E901141878FF2200389F
S21400E4A018BF0120237809682BF0D7FF01210090C0
S21400E4B0034B0420034A02F04BF902B010BD00BF24
S21400E4C0901F04009720040008B5002101230C4A81
S21400E4D02BF034FE0A482BF095FB0020094909F082
S21400E4E079F900202BF01FFC10B1054809F0DEF882
S21400E4F0BDE8084001210420034A02F029B900BF04
S21400E50008650020A51F04005664040010B52AF014
S21400E51003FF034630B1BDE8104001210420054A40
S21400E52002F016B90121BDE810400420024A02F0AC
S21400E5300FB900BFB31F0400C41F040010B52BF0B2
S21400E54065FBBDE81040034601210220014A02F0A7
S21400E550FFB800BFCF1F040010B52BF028FBBDE8A6
S21400E5601040034601210220014A02F0F1B800BF24
S21400E570E51F040037B5D0E90232012453F82230F3
S21400E5804FF6FF701D78FE2204FA05F100232BF0EB
S21400E590D8FF2B46009021460420024A02F0D8F805
S21400E5A003B030BDF91F0400D0E9023253F8223020
S21400E5B01B7823B101210220024A02F0C9B8024AA0
S21400E5C01370704718200400D75F002007B5684610
S21400E5D02AF088FE07F060FC01210346084A022064
S21400E5E002F0B6F8684609F061F807F0C7FE0121A8
S21400E5F00346044A022002F0ABF803B05DF804FBC1
S21400E6002E2004004820040037B5D0E902454068B3
S21400E61054F82530401B0328D8BF002004EB85049F
S21400E620C8BFE06819786368C8BF00781A78A3681E
S21400E63093F90030009001202BF0FDFE38B901213F
S21400E6400220084A03B0BDE8304002F081B8064B0D
S21400E6500190009301210220044B054A02F078F84D
S21400E66003B030BD59200400612004007E4C040035
S21400E6707520040007B501202BF0E5FE48B9009090
S21400E68001210220084B094A02F062F803B05DF847
S21400E69004FB054B0190009301210220044B054A20
S21400E6A002F056F8F2E700BF612004008C20040058
S21400E6B07E7804007520040008B5D0E9023253F8CD
S21400E6C0223018782BF073FE30B9044A0121BDE8D9
S21400E6D00840042002F03CB8014AF7E7A1200400F5
S21400E6E0BD20040008B5D0E9023253F8223018885D
S21400E6F02BF05BFE30B9044A0121BDE80840042037
S21400E70002F026B8014AF7E7DC2004000C210400DA
S21400E71073B50378044613F0050F08D101210420D1
S21400E720194B1A4A02B0BDE8704002F011B845888D
S21400E730062D10D1836801215B68154A1B7801936A
S21400E740838804200093104B02F002F82378012BF4
S21400E750E4D102B070BD35B98388012104200D4A8A
S21400E76001F0F6FFF2E7012DF0D186680A49002095
S21400E77009F030F8304608F099FF29460420074A89
S21400E78001F0E6FFE2E700BF392104004221040061
S21400E79054210400712104008E21040056640400F4
S21400E7A02DE9F04700268EB0354D09AC0FCD0FC4CD
S21400E7B02B6801210220334A236001F0C9FF34464A
S21400E7C02AF0A4FDF5B2A8420BD82AF09FFD2346F6
S21400E7D00090012102202C4A01F0BAFF0EB0BDE8DD
S21400E7E0F087284605A92BF0C4FD0346002841D132
S21400E7F09DF81430032B39D904238DF814302B469A
S21400E80000210220214A01F0A3FF9DF814300EAA31
S21400E81002EB8303002153F8143C1D4A022001F04A
S21400E82097FF28469DF821709DF815809DF8189052
S21400E830BDF816A02BF09FFD3B46CDE902A00021B7
S21400E8400220CDE90089134A01F082FF013400203E
S21400E850E4B22BF068FA18B10DF1190008F026FFA3
S21400E860002102200C4A01F073FF01E0002BC6D104
S21400E8700136A5E700210220084A01F069FFF7E704
S21400E8803CB60400A62104001F220400631D0400F9
S21400E890742C0400D321040098100400FA2104000C
S21400E8A0C3688268013BDBB252F8233002201B7833
S21400E8B0652B14BF00220121044B1BBF01211A70D7
S21400E8C0034A044A08BF197001F042BFE56F0020F2
S21400E8D03622040044220400D0E9023253F82230E3
S21400E8E01A88014B1A8070477E6F002007B5D0E962
S21400E8F0023103EB810253F8213052681988054B28
S21400E9000548128800930088012309F0CDFB03B068
S21400E9105DF804FB11E700007E6F0020C368826884
S21400E920013BDBB252F823305B78A3F16602534218
S21400E9305341014A13707047E86F002030B5D0E9A4
S21400E940023253F8223089B01D78012302AA1946F4
S21400E95004462BF0F3FB01230093102302210DEB5A
S21400E960030220462BF0CBFB284604AA02A92BF074
S21400E97002FE044600202BF0D6F918B121460448C2
S21400E98007F01AFB0020034908F00AFF09B030BD63
S21400E9905322040056640400002330B58FB00221D1
S21400E9A0009309AA122305462BF0A9FB05AA0146E7
S21400E9B009A807F07FF8044698B1232805D1134A22
S21400E9C00121042001F0C4FE09E0212801D1104AEB
S21400E9D0F6E70346012104200E4A01F0B9FE0FB007
S21400E9E030BD01232846194603AA2BF0A7FB05A92C
S21400E9F003A82BF0C2FD054620462BF094F918B16B
S21400EA002946054807F0D8FA044AD9E760220400E8
S21400EA1083220400BE220400DF22040056640400A1
S21400EA20F0B5D0E9023253F8221003EB82039B685C
S21400EA3005461F7887B038460E782BF054F9044602
S21400EA4008BBD5E9022101238DF80830194452F895
S21400EA50210002EB810200888DF809709268ADF8FB
S21400EA600A00127804218DF80C2028460DF10D02BC
S21400EA702BF064FB304602A98DF815402BF07DFC88
S21400EA8004462BF024F9334601210420024A009460
S21400EA9001F05EFE07B0F0BDF422040030B501219F
S21400EAA08FB00220244A01F053FE002005AB01AAD5
S21400EAB009A92BF05AFD0025044614B128460FB0CC
S21400EAC030BD02202B4621461C4A01F041FE20465E
S21400EAD02BF029F910B10AA808F0E8FD0021022061
S21400EAE09DF83030164A01F033FE00210220079BC5
S21400EAF0144A01F02DFE00210220BDF82030124AF3
S21400EB0001F026FEBDF814300021104A022001F064
S21400EB101FFE013501A82BF001F9EDB201210220FC
S21400EB200B4A01F015FE284605AB01AA09A92BF0F1
S21400EB301CFD0446C1E700BF262304006C23040026
S21400EB407423040080230400C43B040089230400CB
S21400EB5056640400F0B5064699B088B92AF0D4FB8E
S21400EB60074600250EA82BF00AFD01210220364A92
S21400EB7001F0EEFD2C46BC4204D3284619B0F0BD89
S21400EB800127EEE713A82BF0FAFC002E4AD002234A
S21400EB9006A913A88DF84C302BF0E3FC0028ECD126
S21400EBA0FE2402A913A82BF0E2FC9DF8593043F08E
S21400EBB001038DF85930002E3FD1234631460220FE
S21400EBC0224A01F0C5FD9DF859300AA943F0010319
S21400EBD013A88DF859302BF0CAFC00202BF0A3F8B0
S21400EBE010B114A808F062FD0C9B00210220184A00
S21400EBF001F0AEFDBDF82820002112F4007F0CBF06
S21400EC004C23412312F0100F0CBF6E2279220220F3
S21400EC100092104A01F09CFD013506A82BF07EF804
S21400EC20EDB207E020460AAB06AA13A92BF09BFC20
S21400EC300028B6D00134E4B29DE700210220064A3F
S21400EC4001F086FDBFE700BF932304006C23040099
S21400EC5080230400CF230400C823040030B5012419
S21400EC6099B00EA82BF08BFC13A88DF838402BF02B
S21400EC701CFCC0B9BDF84C1011EA040513D121469E
S21400EC800220424A01F064FD29460220404A01F073
S21400EC905FFD214602203D4A01F05AFD2146022032
S21400ECA03A4A01F055FD06A90EA82BF05AFC20B1F1
S21400ECB01022FF2106A80DF071FA04A82BF059FCCB
S21400ECC0059B01210220334A0093334B01F040FD9F
S21400ECD09DF8123001210220304A00932E4B01F09D
S21400ECE037FD00212C4B2E4A022001F031FD06A8EC
S21400ECF02BF014F813A82BF042FC02230AA913A841
S21400ED008DF84C302BF033FC00283CD10B9B009345
S21400ED1001210220234B244A01F01AFD0121214B38
S21400ED20224A022001F014FD0120FFF713FF012103
S21400ED301C4B1F4A022001F00BFD0020FFF70AFFC4
S21400ED4004462AF0E1FA2346009001210220194ADF
S21400ED5001F0FEFC0121164A174B022001F0F8FCD8
S21400ED60FFF79CFE012887BF144A1549154A074934
S21400ED700346CDE90101009201210220124A01F06A
S21400ED80E7FC19B030BD4FF0FF33C0E7566404000F
S21400ED90E223040020240400182404003024040085
S21400EDA0084B0400E45804004324040053240400E1
S21400EDB05A2404006324040077240400DE2304009D
S21400EDC072400400C44004008524040010B5D0E955
S21400EDD0023253F822301C78201E18BF01202BF078
S21400EDE050FB054A054B0020002C08BF1A46BDE81C
S21400EDF01040034908F0D4BCAD240400B22404003B
S21400EE00BB240400D0E9023210B553F822301C8827
S21400EE1020462BF038FB2246BDE810400020014972
S21400EE2008F0BEBCFC24040037B5044607F00CF816
S21400EE30014638B100200D4A0D4903B0BDE8304008
S21400EE4008F0AEBCE368A268013BDBB252F82330A0
S21400EE50084D18780123084A00936C2818BF2A46E4
S21400EE60102320462BF04BF903B030BD4A25040092
S21400EE7052250400BE6F0020CE6F002013B58368B5
S21400EE809A681278672A22D101A82BF00EFB044656
S21400EE90A8B9BDF80420174908F082FCBDF8043074
S21400EEA0DA070AD413F0020F134B144A18BF1A4697
S21400EEB01349002008F074FC19E0124AF8E70246ED
S21400EEC01149002008F06CFC22461049F1E7C268A0
S21400EED001A953F8220003EB82035B6800681B68F5
S21400EEE0ADF804302BF0E7FA04460028ECD102B067
S21400EEF010BD00BF8525040078250400654C04007D
S21400EF00A625040068250400B8250400E4250400AE
S21400EF10034A04491388C85401331380704700BF5E
S21400EF20C2580020DD5F002073B5154D01242B78F4
S21400EF30144E13F0040F0CBF02230423124A21467A
S21400EF401470328802200192EB5C104A0093104B3A
S21400EF505B8801F0FDFB002102200E4A01F0F8FB61
S21400EF600D4B2946009332882346022001F036FCDA
S21400EF7021460220094A02B0BDE8704001F0E8BB15
S21400EF80DD5F0020C2580020DC5F0020F32504006F
S21400EF90B4580020182604003A26040056640400DC
S21400EFA070B516464FF48A52114B124DDA805980CE
S21400EFB0114B1B881A1E18BF012240EA82000F4A16
S21400EFC01278003A18BF012240EA0210287063B196
S21400EFD003246B701B0AAB7009F0C2FB631C285538
S21400EFE0EE54074B02341C8070BD0124F4E700BFCA
S21400EFF0B4580020DD5F0020C0580020DB5F0020F2
S21400F000C258002038B5D1E902320C46054653F8FE
S21400F0102230024619880C4B1878FFF7C1FFE368C8
S21400F020A268013352F82330188829F035F84DB11C
S21400F030E368A268023352F823301878BDE83840F7
S21400F040FFF766BF38BD00BFD85F0020F0B50546A5
S21400F050EB68AA68023352F8233008461C78294623
S21400F06085B0FFF7CFFF20462AF0A7F9204E214FA4
S21400F07078B320462AF0ADF90321441C03AA28469B
S21400F08027F02EFE3288E4B2C2F1FF01039B091B73
S21400F09089B299424FF0010122443CBFC2F1FF03FE
S21400F0A003930091DBB203213A4428462BF027F85D
S21400F0B0039A022C338804BF0F48110AFA5408BF7B
S21400F0C0C15413441C44348005B0BDE8F040FFF73B
S21400F0D02BBF204607F0BAFB012332880446009374
S21400F0E0032103463A4428462BF009F83388E9E71B
S21400F0F0C2580020DD5F0020DE5F0020052307B534
S21400F100012100930220044B044A01F021FB03B0C6
S21400F1105DF804EBFFF7A2BD2126040028260400B4
S21400F12013B504462BF0BDF938B1CDE900400121F6
S21400F1300220034B034A01F00BFB02B010BD00BFD8
S21400F1404A2504003F260400194B37B51B783BB907
S21400F15001210220174A03B0BDE8304001F0F8BA9A
S21400F160D0E90232144C53F8223001211D7863880E
S21400F17002200093114A2B4601F0EAFA104B257143
S21400F1801B78104D63B1012102200F4A01F0E0FA0E
S21400F19020460E4A298803B0BDE8304029F0AEBEAE
S21400F1A020460A4A298803B0BDE8304029F068BFE7
S21400F1B0DC5F002056260400B458002064260400B5
S21400F1C0D95F0020C25800207B260400DD5F0020A7
S21400F1D02DE9F041D0E9023253F8221003EB820306
S21400F1E05A680C7817889A68DB68B2F80080C6B050
S21400F1F01D780021304B0220304A0094CDE901787A
S21400F20001F0A6FA002D0CBF6E23792301210220FF
S21400F2102B4A01F09DFAFF23002D0DF1170606ADCF
S21400F220019320460CBF802340234246394602966F
S21400F23000952AF0E3FB0446002835D130782AF002
S21400F240C2F80746B0B128462AF02CFD1D4BFD2813
S21400F250A8BFFD200093234682B20DF119010220BB
S21400F26001F0BCFA01210220174A01F071FA46B0FB
S21400F270BDE8F08130782AF0ACF860B128462AF074
S21400F28016FDFD28A8BFFD200E4B82B200930DF19F
S21400F2901A013B46E3E7307807F0D8FA0B4B0246F4
S21400F2A0009329460123DAE7009001210220084B4B
S21400F2B0084A01F04DFADAE7805904009526040062
S21400F2C0BA260400B96D0400566404003A26040009
S21400F2D0F72E0400C4260400D0E9023253F82210A8
S21400F2E003EB82032DE9F04F5A680F78B2F80080DE
S21400F2F09A68C7B0B2F80090DA681B6992F800A066
S21400F3001E7800212F4B304A0446CDE901890220A1
S21400F310009701F01DFABAF1000F0CBF6E23792397
S21400F32001210220294A009606AD01F011FAFF22BB
S21400F330002128460CF032FF30462AF044F8834677
S21400F34008B30023052100932046FD230DF1190282
S21400F3502AF0D5FE2870BAF1000F0CBF8023402398
S21400F3604A4641463846CDE900562AF012FB014689
S21400F370144806F021FE01210220154A01F0E8F9A2
S21400F38047B0BDE8F08F30462AF023F860B1FD2381
S21400F39005212046CDF800B00DF11A022AF0AFFE86
S21400F3A085F801B02870D6E70590304607F04EFA8B
S21400F3B0059A0346009205212A4620462AF09FFE1B
S21400F3C0C9E700BF7359040095260400D52604003B
S21400F3D0566404002DE9FF471C465B68E5685B1B26
S21400F3E000255FFA83F803952F46FFF7D9FDEBB2A9
S21400F3F0984509D90C9BDB5D282B37D8202B5DD888
S21400F4000137FFB2002B5BD1FFF78EFD04B0BDE8DD
S21400F410F087132A2FD801A151F822F085F50000B5
S21400F42097F50000A9F50000DDF5000009F40000DE
S21400F43009F4000009F4000009F4000077F4000065
S21400F44077F4000077F4000077F4000077F400000B
S21400F45077F4000077F4000077F4000077F40000FB
S21400F46077F4000089F4000003F60000A3F13102EF
S21400F470D1B21329CDD90137FFB2A3F14102032A35
S21400F480C2D8422B00F0BD806B4E00213288DFF8D8
S21400F490B0A1C2F1FE039BB2FF2B28BFFF230132AF
S21400F4A00091DBB22046524469B22AF007FE338848
S21400F4B00AF8030001331844308061E0242BDCD8BE
S21400F4C0013B232BA0D801A252F823F085F50000BB
S21400F4D097F50000A9F500005DF5000009F40000AE
S21400F4E009F4000009F4000009F4000009F4000023
S21400F4F009F4000009F4000009F4000009F4000013
S21400F50009F4000009F4000009F4000085F5000085
S21400F51097F50000A9F50000DDF5000009F40000ED
S21400F52009F4000009F4000009F4000009F40000E2
S21400F53009F4000009F4000009F4000009F40000D2
S21400F54009F4000009F4000009F4000085F5000045
S21400F55097F50000A9F500005DF500004FF00409DE
S21400F560E368A2682B4452F823301E68F0B209F113
S21400F570FF39FFF7CDFC19F0FF094FEA1626F5D143
S21400F580013534E7E368A2682B4452F82330187834
S21400F590FFF7BEFCF4E7E368A2682B4452F823307A
S21400F5A0188828F079FDEBE7E368A2682B4452F848
S21400F5B023301E68B6F1807F09D2F0B2FFF7A8FCB0
S21400F5C0C6F30720FFF7A4FCC6F30740E0E72B4688
S21400F5D001210820194A01F0BBF815E74FF004098D
S21400F5E0E368A2682B4452F823301E68F0B209F193
S21400F5F0FF39FFF78DFC19F0FF094FEA1626F5D103
S21400F600BEE7294603AA204627F06AFB00210A4ED9
S21400F6100B4A3388DDF80C9002EB030CCAB2914516
S21400F62001F1010102D84B443380A9E710F802A08B
S21400F6300CF802A0F2E700BFC2580020EE26040035
S21400F640DD5F0020094B1B7823B101210820084A02
S21400F65001F07EB8D0E9023253F82230054A1B8802
S21400F660012113800820044A01F072B8DC5F0020F4
S21400F67014270400C058002056270400D0E90232A0
S21400F68053F82230054A1B780121003B18BF01239E
S21400F69008201370024A01F05BB800BFDA5F002052
S21400F6A07C270400D0E9023253F82230034A1B7844
S21400F6B0012113700820024A01F04AB8DB5F0020DF
S21400F6C0AB27040010B5D0E90232044653F82230C6
S21400F6D0132219880B4B1878FFF762FCE368A268C0
S21400F6E0013352F823301878FFF712FCE368A2685B
S21400F6F0023352F823301878FFF70AFCBDE81040B2
S21400F700FFF712BCD85F002010B5D0E902320446DD
S21400F71053F82230112219880B4B1878FFF740FC5B
S21400F720E368A268013352F823301878FFF7F0FB3D
S21400F730E368A268023352F823301878FFF7E8FB34
S21400F740BDE81040FFF7F0BBD85F0020D0E90232DA
S21400F75053F82230034A1B78003B18BF0123DB0016
S21400F76013707047D85F002010B5D0E9023253F806
S21400F7702230044619880E4B06221878FFF710FC34
S21400F7800120FFF7C5FBE368A268034452F8233064
S21400F790188828F081FCE368A268023352F8233008
S21400F7A0188828F079FCBDE81040FFF7BDBB00BF05
S21400F7B0D85F00202DE9F043D0E902324FF0FD0972
S21400F7C0013253F8221003EB82035A68C7B0178839
S21400F7D09A68B1F80080147853F8043C002C0DF1B8
S21400F7E0170506AE18783A4614BF402380234146D4
S21400F7F00295CDF8049000962AF000F9034638B139
S21400F800184A0121082000F0A3FF47B0BDE8F083A6
S21400F810201E18BF01200A224146C000FFF7C0FB89
S21400F820384628F039FC2878FFF772FB4A463146FE
S21400F830287829F076FD044628B10B4F3D88C5F19F
S21400F840FF03834202DA2346084ADAE702460848FC
S21400F8503146284425440CF03FFE3D80FFF764FB0C
S21400F860D3E700BFE1270400C2580020FD270400AC
S21400F870DD5F002010B5D0E90232044653F822308E
S21400F880082219880B4B1878FFF78AFBE368A268F2
S21400F890023352F823301878FFF73AFBE368A26881
S21400F8A0013352F82330188828F0F6FBBDE81040E4
S21400F8B0FFF73ABBD85F002073B5D0E902320546A1
S21400F8C0023253F8221003EB820353F8042C53F849
S21400F8D0083C0C781988234B168818780622FFF700
S21400F8E05FFB0020FFF714FB304628F0D5FB2046D0
S21400F8F0FFF70EFBEB68AA68033352F8233018882C
S21400F90028F0CAFBEB68AA68043352F8233018883C
S21400F91028F0C2FB204609F01FF9E8B9204606F099
S21400F92095FF05210446019001AA284627F0D8F93C
S21400F930019B01469C4206D0224631460A480BF0FF
S21400F940D3F902B070BD094D09482E8822463044CE
S21400F95034440CF0CDFA2C8002B0BDE87040FFF7BE
S21400F960E3BA00BFD85F002029280400C258002050
S21400F970DD5F002073B5D0E902324FF48A5153F8A8
S21400F9802230104D1A88104BD9805A8000232A4600
S21400F99000930121FF232AF0B2FB2B78044613F0D4
S21400F9A0040F0A4B08BF01261B7818BF032613B1A5
S21400F9B008F0D6FEA855064B1C8002B0BDE8704085
S21400F9C0FFF7B2BADD5F0020B4580020DA5F0020EF
S21400F9D0C2580020D0E9023253F82230034A1B787E
S21400F9E0003B18BF01231370704700BFD95F00208B
S21400F9F010B50C4608B907F035FE024B18715C715D
S21400FA0010BD00BFB45800202DE9F341D0E9023202
S21400FA104168304D891A0229C4BF911C53F8211041
S21400FA202878D4BFFF21097838B9012102202A4A54
S21400FA3002B0BDE8F04100F08BBE53F82200DFF8BC
S21400FA40B0800488501EC0B253F8206003EB8203D7
S21400FA505B68224F1878FFF7CBFF06F01DFAB8F860
S21400FA6000300146224600931D483B462AF0B4F873
S21400FA700246C8B93179B8F800305F2917D1CDE908
S21400FA8000374FF6FF712046154B29F02BFA28B1A8
S21400FA90034601210220134A00F05AFE0023124AB0
S21400FAA02B701380114A137002B0BDE8F0814FF638
S21400FAB0FB718C4208D9CDE900372146084B4FF63A
S21400FAC0FF7029F06DFAE2E72146054A009729F013
S21400FAD099FADCE7DC5F002074280400DD5F002074
S21400FAE0B45800207B280400C0580020DB5F0020AC
S21400FAF0C2580020002210B50A2104461046FFF71F
S21400FB004FFA002028F0C8FA0122044B1A70FFF7BB
S21400FB100BFA2046BDE81040FFF776BF05650020CB
S21400FB2038B51C461546012322462AF007FB60B965
S21400FB30214628462AF0DFFC044620B10121042095
S21400FB40034A00F005FE204638BD0024FBE700BF50
S21400FB50A22804002DE9F0430C4615461F46D0E9BE
S21400FB60022352F8231002EB830293680E8893F860
S21400FB700080D3688BB0B3F800903246012106AB04
S21400FB80FFF7CEFFF0B90DF1200CF4B101232A885F
S21400FB904021CDE902C2CDE90471CDE900932221CE
S21400FBA0434606AA30462AF000FB0B4B0B4A00934E
S21400FBB00B4B0190002C08BF134601210420094A74
S21400FBC000F0C6FD0BB0BDE8F083624628686968A1
S21400FBD0032303C22246DBE701290400E6280400CB
S21400FBE0E0280400EE28040007B501236A46002139
S21400FBF02AF0A4FA6846034908F002FB03B05DF851
S21400FC0004FB00BF11E70000D0E9023253F82230AF
S21400FC100149188808F0C6BA11E7000010B5D0E907
S21400FC20023203EB8201496853F8223009784FF418
S21400FC308A5218882AF0A9FABDE810400346012126
S21400FC400420014A00F084BD0B290400D0E90232EA
S21400FC5053F8223002214FF48A5210B518882AF041
S21400FC6086FABDE81040034601210420014A00F050
S21400FC706FBD00BF242904001FB5D0E9023203EB94
S21400FC80820153F82230496818884FF48A5309884D
S21400FC900293094B094A0193094B1B78009312788B
S21400FCA0084B2AF0DAFA012103460420064A05B07A
S21400FCB05DF804EB00F04CBDC4580020DD60002069
S21400FCC0DC600020CE5800203B2904002DE9F043DC
S21400FCD0D0E9023253F8221003EB82035A680E88EA
S21400FCE017789A68DB688BB092F80090B3F80080BB
S21400FCF03246042106AB0446FFF712FF28BB08ADC8
S21400FD0001232A46052120462AF018FA38B904208D
S21400FD1001210F4A00F01CFD284629F0E3FA4FF4B3
S21400FD208A53CDE904930023CDE90253032321210E
S21400FD30CDE9008306AA3B4630462AF036FA012172
S21400FD400346044A042000F003FD0BB0BDE8F08330
S21400FD50532904008229040038B5D0E9024303F190
S21400FD608043023B0222104954F823009D000CF009
S21400FD7067FA68B90D4B0E491A78042A0CD82C4439
S21400FD80A0681A78008821F8120001321A7038BD6F
S21400FD90084B09491A78F0E70121BDE838400420ED
S21400FDA0064A00F0D5BC00BF57170400DD600020EF
S21400FDB0CE580020DC600020C4580020942904009F
S21400FDC008B5C368806803F18043023B02220649F7
S21400FDD050F823000CF034FA10B9044B187008BD24
S21400FDE00022034B1A70FAE757170400DD60002064
S21400FDF0DC60002037B5D0E9023153F821208C00B2
S21400FE0015784268521A012AC5BF1B195B686C092F
S21400FE101C78DCBF44F0180405F01F052946204670
S21400FE202AF0E2F8034640B12346012104200E4A98
S21400FE30009500F08DFC03B030BD0121A94074B9D7
S21400FE402346FE224FF6FF702AF07BFB0121034675
S21400FE500420064A03B0BDE8304000F079BCFE221C
S21400FE6041EAC461EEE700BFAA290400CA290400DB
S21400FE7038B5D0E902456B1C990054F823301A783F
S21400FE80052A05D80C4463681B88591E07290BD918
S21400FE90012104200E4A00F05BFCBDE83840012139
S21400FEA004200C4A00F054BC416854F8040C491B6A
S21400FEB00329CABFA1680849096800882AF041FBDF
S21400FEC0BDE8384002460549002007F083BC00BF65
S21400FED0E8290400082A040000F8FF07252A040081
S21400FEE008B5D0E9023253F8220003EB82035968C2
S21400FEF0FF22038809684FF6FF702AF022FBBDE850
S21400FF00084002460149002007F064BC382A040075
S21400FF1008B5D0E9023253F822300521402218886D
S21400FF202AF025F9BDE8084002460249002007F0FD
S21400FF3051BC00BF592A040008B5D0E9023203EBD1
S21400FF408201486853F8221002784023098831203D
S21400FF502AF060F9BDE8084002460249002007F092
S21400FF6039BC00BF7A2A040008B5D0E9023203EB98
S21400FF708201486853F8221002784023098833200B
S21400FF802AF048F9BDE8084002460249002007F07A
S21400FF9021BC00BF942A04001FB5D0E9023253F8F2
S21400FFA0221003EB82039B6808881A780023D21A73
S21400FFB018BF0122CDE9023302A94023D2012AF05C
S21400FFC038F901210090044B0420044A00F0C0FBDD
S21400FFD005B05DF804FB00BF01290400B22A040046
S21400FFE007B5D0E9023253F82230032140221888A0
S21400FFF02AF0BDF801210090034B0420034A00F0CC
S214010000A7FB03B05DF804FB01290400C12A040024
S21401001037B5C3688268053352F8233004211D784A
S2140100206A46012304462AF089F838B904200121DA
S214010030064A00F08DFB684629F054F92B466A46BD
S21401004000212046FFF786FD03B030BDDB2A040001
S21401005007B5D0E9023203EB8201486853F8221053
S21401006002784023098832202AF0D4F80121009032
S214010070034B0420034A00F06BFB03B05DF804FB5E
S214010080012904000C2B040070B50446806910F0A9
S214010090010600F0020505D175B1C0F3072029F06D
S2140100A022FE09E01DB1B2210E482EF065FCA069C2
S2140100B0C0F3810029F006FEE3691BB9BA2109489D
S2140100C02EF05AFC204614F029FAE3692DB1607E21
S2140100D09847BDE8704029F0FABD20469847002EA3
S2140100E0F7D170BD212B040008B514F02BFE28B102
S2140100F0BDE80840472102482EF03EBC08BD00BFBF
S214010100212B04002DE9F041FF2B04460F469046B3
S2140101101D469DF8186005D0FF2E03D0D521114845
S2140101202EF02AFC0023FF2D18BFAD000E4A1CBF7F
S21401013045F00105EDB222600C4AC4E9063818BF45
S214010140A561FF2EC4E901232361E76007D0A369F7
S21401015043F0020323F47F4343EA0623A361BDE889
S214010160F08100BF212B04008C3E00208900010095
S214010170002310B5054C03610460054CC261C0E95B
S21401018001430123C160836110BD00BF8C3E002086
S21401019089000100826938B502F00203D2070446DD
S2140101A00D4610D533B3FC2114482EF0E5FBFF2D88
S2140101B011D1A36913F00C0F1AD040F20B110F489E
S2140101C02EF0DAFB14E0FF2912D023B940F2011118
S2140101D00A482EF0D1FB284629F01FFAFF280546CB
S2140101E004D14FF4827105482EF0C6FB04EB45148A
S2140101F0204638BDFF29DCD0E8E700BF212B0400EC
S2140102000023054AC0E9063103610260C360034A60
S214010210034B4260836070478C3E002089000100DA
S214010220E944020001482CF08EB800BF8C3E002045
S21401023001482CF094B800BF8C3E002013B5164838
S2140102402CF05BF827F0A4FF2BF009F82BF025F82B
S2140102502BF02CF8FCF756FF0446FCF76DFF2346FF
S2140102600E4A01210090042000F072FAFCF750FFBC
S214010270012340F2A172834013420BD00020FCF709
S21401028055FE0020FCF758FD002002B0BDE81040E6
S214010290FCF724BD02B010BD8C3E00209B2B040051
S2140102A0022808B503D130F03BFB014B186008BDAE
S2140102B0BC3E002008B50CF057FF0122044B1A7013
S2140102C030F0ADFBBDE8084002490348FDF7E2B84F
S2140102D0DF600020306A0020C03E0020014B18700D
S2140102E0704700BFDE600020024B187808B105F0A9
S2140102F0B7BD7047DE6F002008B5074B1B780BB102
S214010300002008BDFFF7F0FF0028F9D106F07CF9C0
S214010310023818BF0120F4E7DE60002070B5FFF751
S214010320EBFF174D20B1FFF77DFF0428044613D8D5
S2140103302B781BB930F073FB01232B7027F036FFA7
S2140103400446D8B12B781BB9F7210E482EF014FBC2
S214010350BDE87040FFF766BF27F02AFF0028E7D008
S2140103602B785BB130F0E1F90646002101202EF032
S214010370A3FB304630F0D4F900232B70204670BD25
S214010380DF600020BC2B04001FB5FFF7C7FF044643
S214010390FDF72AFAA04228BF204688B103A92EF00D
S2140103A079FF034638B9CDE90000064A03990648A5
S2140103B030F0C5FA18B18E2104482EF0DDFA01207E
S2140103C004B010BDAB8103009C3E0020BC2B040092
S2140103D00D4B10B51B780D4C0D4A0121002B18BF93
S2140103E02246022013460B4A00F0B2F90A4B084A8D
S2140103F01B780121002B18BF2246BDE8104013468A
S2140104000220064A00F0A4B9DE6F0020055204005F
S214010410E6510400392C0400DE600020582C04004C
S21401042010B5D0E9023253F8223002201B780121A0
S214010430002B15BF01240024044A054A00F088F960
S2140104402046BDE81040FFF749BF00BF772C0400E7
S214010450942C0400D0E9023253F82230034A1B7868
S214010460003B18BF01231370704700BFDE6F0020EA
S21401047038B50125084B1D7030F057F9044629465A
S21401048028462EF019FB204630F04AF9BDE83840E0
S21401049002490348FCF7FEBFE0600020386A0020EE
S2140104A0E83E002070B514F0D3FC10F0070F1D4D88
S2140104B011D02B785BB901262E7030F036F9044640
S2140104C0314630462EF0F8FA204630F029F9BDE8DC
S2140104D0704014F081B92AF010F80228E9D1124CC4
S2140104E02378032BE5D914F0B3FC10B92378032B3A
S2140104F014D814F071F904460028DAD02B785BB1D1
S21401050000262E7030F011F90546314601202EF0F6
S214010510D3FA284630F004F9204670BD4FF0FF3478
S214010520ECE700BFE0600020846500201FB5FFF700
S214010530B9FF0446FDF758F9A04228BF204688B106
S21401054003A92EF0A7FE034638B9CDE90000064AF6
S2140105500399064830F0F3F918B18C2104482EF0BF
S2140105600BFA012004B010BD75870300C83E0020B9
S214010570B32C040010B5094C0949002007F010F906
S21401058023681B68587929F07EF823681B68587918
S21401059028F0F9F804F030FE002010BDE8430020F2
S2140105A0282D040008B529F098FF024628B1BDE8B9
S2140105B008400020014907F0F3B808BD4B2D0400A0
S2140105C008B529F0A0FF024628B1BDE80840002082
S2140105D0044907F0E5B85422BDE80840FF21024867
S2140105E00BF0DCBD632D0400D858002038B5044656
S2140105F00D4629F08CFF024628B1BDE838400020A0
S214010600034907F0CDB8034B23F8145038BD00BF9B
S214010610812D0400D8580020F7B50024094E0A4D54
S2140106200A4F56F8043B03B93B6835F8022B002005
S214010630009207492246013407F0B2F82A2CF0D17D
S21401064003B0F0BD446A00202C590020406A002007
S2140106509D2D040008B52A21034829F050FFBDE866
S2140106600840FFF7D9BF00BF2C59002007B5D0E9D5
S214010670023253F822301A78292A0DD8084B53F83B
S21401068022300BB9074B1B680749002031F81210BE
S2140106900091064907F084F803B05DF804FB00BF3B
S2140106A0446A0020406A00202C5900209D2D040039
S2140106B008B52A21034829F024FFBDE80840FFF7C2
S2140106C0ABBF00BF2C59002038B5D0E9023253F831
S2140106D0221003EB82035B680C781D880020044916
S2140106E007F05EF829462046BDE83840FFF77EBF92
S2140106F0A82D0400F7B50024094E0A4D0A4F56F8F6
S214010700043B03B93B6835F8022B002000920749E9
S2140107102246013407F044F82A2CF0D103B0F0BD8C
S214010720446A0020D8580020406A00209D2D04000D
S21401073010B5024628F040F820B9044C236811B1E0
S2140107401343236010BD23EA0203FAE7F06A002090
S2140107500CB413B502460C4628F02EF860B9094BC6
S2140107601B681A4208D005A9049801910AF0D0FA2C
S21401077014B105482AF0FDFC02B0BDE8104002B0F5
S214010780704700BFF06A0020A7300400034610B58A
S214010790D3E9023253F8223008461C78211E18BFCE
S2140107A00121FFF7C5FF014648B9084A084B022058
S2140107B0002C08BF1346074AFFF7CAFF10BD0021E9
S2140107C00220054AFFF7C4FFF8E700BFF81C040043
S2140107D0F01C0400A9300400BF300400F8B505463B
S2140107E01F460C468E18B44200D1F8BD002128469B
S2140107F014F8013B069AFFF7ABFF002FF3D0002158
S2140108002846024AFFF7A4FFEDE700BF7E23040057
S21401081002460249002006F0C3BF00BFD0300400E4
S21401082010B5244C2448FF2127F0A4FC2078022888
S21401083014D0032830D0012804D02120BDE8104070
S214010840FFF7E6BF1D4B19780029F7D002231C4A93
S21401085023701378052B08D100231370184B1B78CF
S214010860052B0ED103232370E7E70133DBB2994250
S21401087003D1052313700020E0E7052B1370EDD19B
S214010880F9E7104A104932F8230007F08BFC0323DE
S21401089023700028D2D110BD094B0C4A1878094B99
S2140108A003EB8001897833F8200007F04BFC012325
S2140108B0EEE700BFE1600020F03E0020EA60002085
S2140108C0E06F002080590020AD0A0100590A01009E
S2140108D02DE9F04F0D46144695B0049011220021E3
S2140108E00FA89946DFF86C810BF058FC04EB450322
S2140108F00393D9F800301C2B02D0039B9C4202D1F3
S21401090015B0BDE8F08F0123DFF844A18DF81C3047
S21401091023884C4AADF81E309AF800304A4D08EB51
S21401092083039B7828788DF8203013688DF81D0096
S214010930CDF821305368CDF8253029F0CAF9049B4B
S2140109408DF8290034F8021B2878002B49D128F0AD
S2140109508BFE0028CDD09AF800300FAA38F8230075
S21401096007A927F045FF0028C3D028F0CFFC4FF099
S214010970000B074606461C255FFA8BF2BA4233D3B4
S214010980B7422BD99DF81C30032B1AD10FAB01931C
S214010990BDF8213000220421009301202B4B06F0E4
S2140109A089FD9AF8003008EB83039978264B18786E
S2140109B006F0FCFD9AF80030002038F8231029F0E4
S2140109C0DBF85DB107A9304629F0D7FC204B054678
S2140109D01B78304638F8231029F0D1FCC9F80050AE
S2140109E087E728F038FEB4E710460BA9059229F0F0
S2140109F0C0FC30B99DF82C1031B9059AB74208BF32
S214010A0016460BF1010BB7E7BDF82E00BDF81E2008
S214010A109042F6D19DF830009DF820209042F0D10A
S214010A209DF81C208A42ECD1032A14BF0822022218
S214010A300DF121010DF131000BF002FC002808BF79
S214010A400025DEE7E2600020DF6F0020343304007B
S214010A50E06F00208059002013B503460020114A9C
S214010A6001901278052A04D01A78032A01D19C68CD
S214010A702CB9012002B0BDE81040FFF7C9BE62687C
S214010A80217801ABFFF724FF217A0120E26801AB50
S214010A90FFF71EFFFF21044802B0BDE8104027F013
S214010AA061BB00BFE06F0020F03E0020094B1B78C1
S214010AB0052B02D00378032B02D00120FFF7A8BE36
S214010AC08168054A0B68054813604B68FF2153602F
S214010AD027F048BBE06F0020E2600020F03E0020D7
S214010AE038B50024114B124D1870124BFF211C70A3
S214010AF02C7006F05BFD0122032110460E4B06F01A
S214010B00D9FC4FF6FF712246084629F038F804460C
S214010B1048B940F6B832FF21084827F01AFB0123EE
S214010B202B70204638BDFFF773FEFAE7DF6F002013
S214010B30E1600020EA60002056640400F03E0020D8
S214010B40144BF0B51A681449136809785879884225
S214010B500BD11249D78808460022114D1E792B78F1
S214010B60D4B2A34203D8052C0AD10020F0BD0C88CC
S214010B70BC4202D18C78B442F7D001320431EFE79F
S214010B80A342F2D120F82270013300EB8200867076
S214010B902B70EAE7E8430020DF6F00208059002031
S214010BA0EA600020FF2307B50021044A04480093A9
S214010BB0FFF7A8FA03B05DF804FB00BF21080100A7
S214010BC0F03E00201FB5B42303210446ADF80E30D5
S214010BD028F041FD98B121232046009300220321ED
S214010BE00DF10E0328F0E6FE04460020054B064AEA
S214010BF00649009406F0D4FD204604B010BD8624B4
S214010C00F3E700BFFA300400073104001C3104008A
S214010C10D0E9023253F82230034A1B7801211370BF
S214010C200220024AFFF794BDFB6F00202B3104001F
S214010C300122014B1A707047FB6F00200A4B90F897
S214010C4005111B7890F8082119448A42BCBFB2FBF3
S214010C50F3F103FB11234FF0FF32B8BFDBB202FA08
S214010C6003F380F80A317047FB6F00202DE9FF413E
S214010C700446057F867EDFF870806E43237F98F8F2
S214010C80002013449D4212DB607F60B9238B0293E0
S214010C9063690193237C00936288A31D217805F084
S214010CA095FDFF232370002004B0BDE8F081E37EAC
S214010CB0AB42E9D9A77E228BF1199142A4BF921BC0
S214010CC0D7B205EB0323E3813A463346294620464D
S214010CD027F0ABFD0028E7D1637F374401330135A8
S214010CE06377BEB2EDB2C9E7FB6F002037B50546A4
S214010CF029F079FB0D4B04461B6869461B78032BCC
S214010D0082BF0B4B1B881B18284688BF9CB229F054
S214010D10F2FB38B9684629F068FB18B9044B1B8802
S214010D2023449CB2204603B030BD00BF24430020BC
S214010D30866F0020074B084A1B7812781340FF2B5A
S214010D4007D1064B1B78022B03D04FF4807028F096
S214010D5056BF7047F46A002040400020103F002034
S214010D6010B50446FF2127F005FA054B9C4202BF49
S214010D700023A4F588742370BDE81040FFF7DABF9E
S214010D80204000202DE9F0479A46294B81461B78E2
S214010D9088461646BDF82050002B44D0FF2D03D9B7
S214010DA038252846BDE8F087224C2778FF2F3CD10E
S214010DB0214B0C2220706180A01D314663610BF02F
S214010DC097F8A289414642F4004242F0400220468A
S214010DD0A28127F03CFD2A46514660690BF088F84F
S214010DE041464846A21D258329F040F8A0760028F2
S214010DF0D6D00544013DB5FBF0F0FF28D0DC00233A
S214010E00E0762046A383FFF731FF054648B92379EC
S214010E104FF48070B37228F0B5FE227C099B1A80CD
S214010E20BFE72770F9E70225BBE740F60345B8E7B9
S214010E30FB6F002040400020EC600020B0F9063037
S214010E4010B5002B25DA144C2278237CFF2A02D019
S214010E50827A9A4207D0114C2378FF2B17D0827AD8
S214010E60237C9A4213D169B9637F013BDBB2637776
S214010E705BB90B4A237F1278204613442377FFF78A
S214010E80F5FE0146204627F0F1FCFFF753FF01204F
S214010E9010BD0020FCE700BF40400020F46A00209F
S214010EA0FB6F00202DE9F04F9B46B1F9063091B05B
S214010EB0002B0E469046DDF86890049080F225815E
S214010EC0B9F80030FF2B04D94FF4B871A4482DF0BF
S214010ED053FDA44D00242B7895F80411B5F8022192
S214010EE0002B40F0A180377A9F4B1B78BB4240F223
S214010EF0AB800223A5F802812B70B37AFF2485F814
S214010F0004310023A5F8084185F80531A5F8063116
S214010F10B9F80030934885F80C31FFF78FFE40464C
S214010F20FFF7E4FE214600EB4002904827F011F956
S214010F304FF4807028F026FE8A4C94F80AA1BAF184
S214010F40FF0F20D1884A94F8053112781344BB422A
S214010F5019DC94F80C1184F80531B4F806312046F2
S214010F6001FB0233A4F80631FFF768FE0122804B2D
S214010F7040461A70FFF7BAFE514600EB400204F5F0
S214010F80887027F0E6F894F80511B9425CD8764BDC
S214010F9093F800C00CEB01039F4255DA744A94F8AB
S214010FA008311078013B002850D09F4205DAB9F885
S214010FB0003084F80C3100231370B7FBFCFA0123D0
S214010FC00CFB1A7A94F80A015FFA8AFA03FA0AF312
S214010FD0DAB2034077B93089000A844584F80801FB
S214010FE008D92046CDE906320591FFF727FEDDE94F
S214010FF00632059994F80A01024384F80A216BB96E
S21401100094F80931013384F80931B9F80020B4F8AD
S21401101006319818FF2826DD0323237094F808313B
S214011020013B9F4232D13AE0B07A884202D19045E4
S21401103000D12C46377A002C7FF47FAF002B3FF48B
S21401104053AF012B3FF450AF01205FE09F42B4DA6B
S21401105094F80C2199F800309A42AED004F58870C5
S214011060FFF77EFEF0E794F80CC1791A0CFB01330A
S214011070A01C10FA83F0DBF8001005920AF038FF86
S21401108094F80831059A013B9F4242D0012394F817
S2140110900A2103FA0AF3013B1343FF2B04D122462C
S2140110A03146404627F0D4FB94F8083194F80921DC
S2140110B09A42C9D12C4B1B78B2FBF3F103FB1122E8
S2140110C012F0FF0218BF13462278022A24D129788B
S2140110D06A78012904BF01326A7001222280F288EF
S2140110E0B4F8061122F04002F28094F80B21023483
S2140110F00A44591E94F80A3113FB01F31344A9F864
S2140111000030CBF80040FFF715FE002011B0BDE817
S214011110F08F84F80B21C2E77179002994D0032A55
S21401112092D1B4F8062194F80B1108AD11445A1E59
S21401113094F80C31304613FB02F30B4400219BB2AA
S214011140A21CA9F80030CBF80020CDE90081029559
S214011150049907F00FFD8921284628F084FE7DE7D3
S21401116052310400103F0020FB6F00202040002079
S214011170EB60002013B5044618B101280BD002B06D
S21401118010BDFF2301460093064A0748FEF7BAFF43
S214011190064B1C70F3E7FFF74BFDFF22044B1A705A
S2140111A0EDE700BF610D010020400020103F002048
S2140111B04040002013B501A909F00AFF044648B9CA
S2140111C0BDF806309DF80420034906F0E9FA2046EA
S2140111D002B010BD8120FBE7D031040013B569468B
S2140111E009F002FF044688B9BDF802309DF80020D8
S2140111F0074906F0EFFA2046019906F047FA20461D
S214011200044906F0CDFA204602B010BD8120FBE766
S214011210F43104001A32040013B5694609F008FFD8
S214011220044610BB9DF801309DF80020104906F0D9
S214011230D1FA9DF80120E3B29A4206D800200D4962
S21401124006F0AEFA002002B010BD0198630003F468
S214011250FF7302220021184428F01EFD06490246AB
S214011260002006F0B7FA0134E3E78120EBE700BF80
S2140112701C320400566404004B32040013B501A965
S21401128009F0ACFE044648B9BDF806309DF80420C6
S214011290034906F085FA204602B010BD8120FBE71F
S2140112A0553204001FB500246946E0B229F061F802
S2140112B050B99DF80030032B06D1BDF805309DF8D6
S2140112C00120044906F06CFA0134202CECD104B05C
S2140112D010BD00BF7C32040008B50020034906F0AB
S2140112E05FFABDE80840FF2000F0DABA8E3204004B
S2140112F02DE9FF4706460D46174627F0F7FA04463E
S21401130040B130463A46294627F0DAFA002004B0C2
S214011310BDE8F0874FF003095FFA84FA6946504644
S21401132029F027F8C0B99DF80080B8F1000F13D155
S2140113302B0A694650468DF800908DF805508DF8B9
S21401134006308DF8016029F018F802460028D8D03A
S2140113504046064906F024FA0134202CDCD1002050
S214011360034906F01DFA8920D1E700BFA332040025
S214011370CA3204001FB5002304468DF80F3027F04B
S214011380A0FA28B19DF80F3063F07F038DF80F3077
S214011390182301930DF10F0300220093042140232B
S2140113A0204628F0F6FA024618B10020024906F057
S2140113B0F7F904B010BD00BFE53204001FB502A95D
S2140113C009F024FE044688BBBDF80820184906F03B
S2140113D001FA2046039906F059F92046154906F008
S2140113E0DFF94FF6F672BDF80810134C4B1E9BB290
S2140113F0934219D82368039A1B685879FFF778FF38
S21401140023681B79012B0BD8BDF808300022CDE9E3
S21401141000030421094B092006F04CF828F01DFDB5
S2140114206FF0FF0004B010BD8720E9E78120F9E7DF
S214011430043304001A320400E84300201B3304007E
S21401144070B504468AB005AD1122002128460AF07F
S214011450A5FE204604A909F0CDFD044600283AD190
S2140114601E4EBDF810201E4906F09AF9326813790F
S214011470012B28D84FF6F670BDF810104B1E9BB204
S214011480834224D81368587927F030FA08B33368B2
S2140114902A461B68BDF81010587927F010FABDF8D7
S2140114A0103001220421CDE9004309200D4B02959D
S2140114B006F000F828F0D1FC034620B100200A4AC5
S2140114C00A4906F06DF96FF0FF000AB070BD872477
S2140114D0E5E78B24E3E78120F7E700BFE843002038
S2140114E01E33040033330400373304004233040050
S2140114F02DE9F0479AB004A909F094FD04460028A6
S21401150040F0B4809DF810205A4906F063F925464C
S2140115109DF81020EBB29A4254D80020564906F0A6
S2140115203FF99DF81050002D40F099802C462E462C
S214011530524F06A9F0B228F01CFFC8B99DF8183022
S214011540032B15D13B689DF819201B685B799A42DD
S2140115500ED19DF81D2005F168036B4403F8402C5D
S2140115609DF81E200235013403F83F2CEDB2E4B29B
S2140115700136202EDDD19DF810300BB1002C77D02E
S2140115800AABCDE90143FF2302220421009309207F
S2140115903B4B039505F08EFF28F05FFC034660B1D8
S2140115A09DF81020002A5FD0364A3749002C08BF24
S2140115B00A460020354906F0F3F86FF0FF001AB02E
S2140115C0BDE8F08705986B0003F4FF730222002143
S2140115D0184428F061FB2E490246002006F0FAF86E
S2140115E0013595E70598730003F4FF730222002185
S2140115F0184428F051FB002780465FFA80FA06A9B6
S214011600F8B228F0B6FE00BB9DF81830032B1CD1AB
S214011610D9F800309DF819201B685B799A4214D1DD
S2140116209DF81D30534510D19DF81E30C8F3072292
S2140116309A420AD105F168036B440235013403F876
S21401164040AC03F83F2CEDB2E4B20137202FD6D1DF
S21401165001369DF81020F3B29A42C3D88BE70025D5
S214011660DFF818902E46F4E7064AA2E78120A6E79F
S2140116708B20A4E79C33040056640400E843002052
S214011680BB3304006D3304008B330400BF33040006
S2140116904B3204002DE9F04389B002A909F0B0FCF1
S2140116A00446002867D1BDF80820344906F078F8CA
S2140116B04FF6F672BDF80850DFF8D4906B1E9BB259
S2140116C0934254D8D9F8003029461B685F793846CA
S2140116D027F00CF900284CD026465FFA86F84046DB
S2140116E003A928F046FE28B92946384603AA27F05A
S2140116F0EAF820B90136202EEFD14FF0FF08404618
S21401170028F035FE014658BB112203A80AF046FD13
S2140117102946384603AA27F0D3F8D9F800301A79B3
S214011720012A18D81B68BDF80810587928F075FAF0
S214011730BDF8083003220421CDE900430920104BEF
S21401174005F0B8FE28F089FB034620B100200D4ABB
S2140117500D4906F025F86FF0FF0009B0BDE8F083EB
S21401176002460A49002006F01BF80124D5E7872423
S214011770D3E78B24D1E78120EFE700BFE1330400F4
S2140117801B3304001F34040042330400F833040002
S214011790E84300202DE9F043DFF894800020D8F8D4
S2140117A0003021491B688BB05E79002505F0F8FFF3
S2140117B001275FFA85F9484601A928F0DAFD0446B3
S2140117C090B99DF80430032B0ED19DF80530B34235
S2140117D00AD1484628F0CBFD0146A0B1024613497E
S2140117E0204605F0DDFF27460135202DE1D1D8F84A
S2140117F0003000211B68587928F00FFA87F00100A5
S2140118000BB0BDE8F083112205A80AF0C7FCBDF8AD
S21401181009403046214605AA27F052F821463046AF
S21401182028F0FBF9E0E700BF2C340400F83304008D
S214011830E843002037B5694609F0EEFB044638BB9D
S214011840BDF80020134905F0C5FF134D2046019948
S21401185005F01CFF2046114905F0A2FF2B681B6806
S214011860587928F0E9FA70B14FF6F672BDF8001013
S2140118704B1E9BB2934209D82B68019A1B68587974
S214011880FFF736FD0446204603B030BD8724FAE74D
S2140118908120F9E740340400E84300201A320400AE
S2140118A07FB505460024E6B26946304628F061FD5C
S2140118B0A8B99DF80030032B11D19DF80130AB4239
S2140118C004D0FF2D0BD19DF80D3043B9304628F0DA
S2140118D04EFD024618B10020034905F061FF0134B0
S2140118E0202CE0D104B070BDF8330400034B1B6814
S2140118F01878012808BF0220704700BF2443002043
S214011900D0E9023253F822301A78024B1A7000F0EE
S214011910E5BA00BFEB61002070B5D0E902435A1C5E
S214011920960054F822201578A5F10B020F2A06D945
S2140119302A461A490020BDE8704005F031BF013B38
S214011940DBB254F823000322154934440AF078FC2C
S21401195054F8043C1A78012A0FD11249AA400B68A0
S21401196040B91343104A0B600020BDE870400F4990
S21401197005F016BF23EA0203F4E7022A0BD101227F
S2140119800B49AA400B6818B913430A4A0B60EBE7E8
S21401199023EA0203F9E70849CCE700BF64340400F0
S2140119A07A340400186B00207E3404008634040068
S2140119B0146B002099340400A334040007B5D0E961
S2140119C0023103EB810253F8213052681B7812680A
S2140119D0012B0CBF084909494FF000000A6008BFF7
S2140119E0074B009218BF074B074A084905F0D8FE77
S2140119F003B05DF804FB00BF186B0020146B0020D9
S214011A00B6340400BE34040060B60400C8340400D2
S214011A1010B5244B244A254C0020254905F0C0FE6C
S214011A200020244905F0BCFE22682349002005F069
S214011A30D1FE2068214C05F091FE0020204905F0DA
S214011A40AFFE22681F49002005F0C4FE206805F09D
S214011A5085FE00201A4905F0A3FE1B4B1B491A7888
S214011A601B4B002053F8223005F09AFE00F00CF9CB
S214011A7018490246002005F093FE174B00201A78FD
S214011A80164905F08DFE164B16491A78002005F00A
S214011A9087FE04F0D9F9BDE810400246124900203D
S214011AA005F07EBEE234040060B60400186B002028
S214011AB0E9340400F1340400FF340400146B002000
S214011AC0071E0400103504001962002021350400A9
S214011AD01C6B002034350400FE61002048350400EC
S214011AE0FD6100205A3504006C35040007B500F08E
S214011AF071F8054B0090054A0020054905F050FE97
S214011B0003B05DF804FB00BF8235040060B6040034
S214011B101C310400F8B504460B4F0C4E0C4D00204A
S214011B200C4A0D4905F03CFE20463B782978327870
S214011B30F4F7E6FA00233B7033702B70FF21BDE803
S214011B40F840064826F016BB19620020FD61002009
S214011B50FE61002060B60400873504006040002066
S214011B6037B51248FF2126F005FB114B187810F007
S214011B70100505D0002003B0BDE8304003F0D0BE0C
S214011B800121B42004F0D8FA04460A4B0A4A0B494C
S214011B900090284605F004FE2046FFF7BBFF4FF4F1
S214011BA0806003B0BDE8304028F029B860400020CE
S214011BB0196200209E35040060B604001C31040042
S214011BC00021024A0248FEF7D3BA00BF611B01009A
S214011BD06040002008B5054B1B7823B11720FFF79E
S214011BE099FF002008BD0220FCE700BF1962002013
S214011BF010B550B1054B00F1100250F8044B90425D
S214011C0043F8044BF9D1024B197010BDFF61002057
S214011C100F62002037B5174D04462B78DB0626D514
S214011C200090154B0020154A154905F0B9FD1E2CEC
S214011C300BD0652C09D0032C19D0002028F019FCF4
S214011C4040F61C40FFF766FF0DE028F03AFC4FF423
S214011C50FA63B0FBF3F202FB1300C218FF21094836
S214011C6092B226F076FA2B7823F010032B7003B08D
S214011C7030BD00BF19620020B735040060B604000D
S214011C801C31040060400020014B1879704700BFEA
S214011C909459002070B54C4E8EB0337803F0FB0299
S214011CA0A3F10905022AEDB258D0042B41F604121D
S214011CB057D0A3F108014B424B415B001343434805
S214011CC0ADF80C3026F042FE48B9414B3F4A03F1CD
S214011CD0100153F8040B8B4242F8040BF9D13D4B2B
S214011CE01B78002B3FD03C4B0DF10E0203F1100187
S214011CF053F8040B8B4242F8040BF9D103A828F0E1
S214011D00D8FB2328044610D1012D49D80020334A98
S214011D10334905F045FDBDF80C3003A823F4005304
S214011D20ADF80C3028F0C5FB0446002C41D14FF429
S214011D300C7028F0BCFB044600283AD103F0AEFE36
S214011D40012D36D8274A01AB1068516803C32649CE
S214011D5001A828F012FC78B319242AE043F60412ED
S214011D60A7E70223AAE73378042B0DD0082B0BD064
S214011D701E4B0DF10E0203F1100153F8040B8B42BA
S214011D8042F8040BF9D1B9E7104A0DF10E0302F13E
S214011D90100152F8040B8A4243F8040BF9D1ADE75F
S214011DA0337803F0FB03022B03D10020104905F022
S214011DB0F7FC20460EB070BD044901A828F0DDFBF3
S214011DC004460028C8D1F4E719620020ED6100201E
S214011DD0843604000F620020FF61002060B6040014
S214011DE0DB3504009536040050B604009E36040028
S214011DF03636040070B5002686B00446252028F045
S214011E003EFB1622002116480AF0C8F9154B1E6043
S214011E10154B1878FFF76AFD022814BF0123042327
S214011E2003208DF8083028F078FB04238DF8103055
S214011E300E4B02A80593039403F0E4FC05460C4BF5
S214011E400C491A680C4B3046A24218BF0B46009448
S214011E500A4A0B4905F0A4FC284606B070BD00BF2F
S214011E609459002080400020196200203121010091
S214011E70186B0020BE340400B634040060B60400BB
S214011E80AF36040008B5124A1378042B09BF114B6C
S214011E9001331B78C3F10603DBB2137003F0FD02B6
S214011EA0092A04D11720FFF735FE172008BD094A75
S214011EB01278C2F10602D2B29A4207D1064B1868CE
S214011EC00028EFD0FFF796FF4D20EFE70020EDE763
S214011ED0196200200F620020146B002073B51E4C9F
S214011EE01E4E23683268134334D01D4B1B6853B310
S214011EF01C4D2B783BBB03F0A7FFF8B94FF480606D
S214011F0027F040FE184B24681B7894B1C3F10203F6
S214011F102B7003F0FDFC2046FFF76CFF0446002003
S214011F20124B134A1349009405F03AFC204602B0BE
S214011F3070BDC3F1060334682B70EAE70121B420B3
S214011F4004F0FAF8EAE70020094A0B4905F028FCF4
S214011F500224E4E70224E9E7186B0020146B002052
S214011F6024430020196200200F620020F736040087
S214011F7060B604001C310400DD3604002DE9F3418F
S214011F80364D374E00202A792B88364905F008FC55
S214011F903268287922FA00F010F0010002D13249A5
S214011FA005F0FEFB314F3C783CB108223049314800
S214011FB00AF046F9041E18BF0124DFF8D48014E0A5
S214011FC098F8000025490130C0B288F8000028F0D2
S214011FD048FA002835D13C783CB1082224492548E6
S214011FE00AF02EF9041E18BF01242A793368D3405B
S214011FF0DB07E5D5002CE3D100922B881E4A1F494A
S214012000204605F0CDFB1E4B1878FFF76FFC012329
S2140120100322124928F02BFA1A4A0546137801338F
S214012020137010B902B0BDE8F08120462B46124A63
S214012030154905F0B5FB284602B0BDE8F041FFF7AB
S21401204069BD0020114905F0ABFBFFF71BFF002817
S214012050E8D102B0BDE8F04100F01CB89459002068
S21401206080400020FD3604002E3704001862002050
S21401207010620020A259002060B60400FD3704005B
S21401208019620020FD6100209E370400C737040056
S214012090EC610020002038B51B4C1C4D23781C4AEF
S2140120A055F823301B4905F07BFBFFF7F3FD03468C
S2140120B028B92378042B10D88BB9174B10E00020D1
S2140120C0134A164905F06CFBFFF7DCFED8B92378F6
S2140120D00F4A55F823300F49E5E7092BEDD1104B90
S2140120E000201B680F4A10491360104B187028F027
S2140120F0B8F920B1BDE838400120FFF70BBDBDE8B7
S2140121003840FFF73BBF38BD196200201C6B00202A
S21401211060B604001D380400146B00202A38040041
S214012120186B00208040002094590020EC610020AC
S21401213070B51C4C23789BB3838913F4407F2FD052
S214012140056835B12A46BDE870400020164905F0FD
S21401215027BB28F084F9154E03463070144A2846EA
S214012160144905F01DFB33781BB1BDE87040FFF73D
S21401217091BF2378082B0CD8042B0CD80E4B1B7858
S214012180C3F1060323700D4BBDE870401868FFF7D6
S21401219031BE0A2BF2D1BDE870401820FFF7BABC59
S2140121A070BD00BF1962002055380400FE61002092
S2140121B060B60400823804000F620020146B002011
S2140121C030B5464D03460446454A0020454987B08A
S2140121D005F0E6FA2B782BBB01A828F0D0F90223EC
S2140121E001A88DF8043028F0B8F9B0B93E4901A825
S2140121F028F0B5F988B1152C0FD128F062F947F20D
S2140122003153B0FBF3F202FB130000F51C50103003
S21401221080B203F085FB07B030BD162CFBD103F06E
S214012220B9FBF8E7152C2AD100202D4A2F4905F0D5
S214012230B7FA2B78042B11D0082B0FD02C4B1B7818
S214012240DA070BD401A828F02EF918B9BDF8043026
S2140122509B0703D42B7843F010032B7028F031F939
S2140122604FF4FA63B0FBF3F2FF2102FB1300C2182E
S214012270204892B207B0BDE8304025F06ABF28F08A
S21401228052F904460028C6D12B78013B092B1ED8EB
S214012290134A194905F084FA184A19491378013383
S2140122A0D8B2107028F0DDF860B12046154905F067
S2140122B077FAFFF7E7FD0028ADD107B0BDE830405B
S2140122C0FFF7E8BE07B0BDE83040FFF757BE40F65F
S2140122D01C4007B0BDE83040FFF71CBC1962002067
S2140122E060B60400A638040050B60400BD380400E9
S2140122F0EB61002060400020D0380400EC61002033
S21401230094590020C73704002DE9F0410B4686B0EA
S21401231004460E4617463A490246002005F040FAA2
S2140123204FF000080123CDE901380DF116030093A3
S214012330424640230621204627F060FB054640B171
S21401234002463049404605F02BFA284606B0BDE85D
S214012350F0819DF816202AB936B900202A4905F0E1
S2140123601FFAF2E7012EF8D082F001030020274978
S2140123708DF8173005F014FA9DF817300DF1170691
S21401238033B310230022CDE9006306214023204603
S21401239027F0FFFA064630B1324600201C4905F008
S2140123A0FFF93546D1E74FB90821204627F053F902
S2140123B020B120469DF8171027F030FC0521204655
S2140123C027F049F90028C0D0204627F024FCBCE7B6
S2140123D04FB90821204627F03EF920B120469DF846
S2140123E0171027F01BFC10230022CDE900630621FD
S2140123F04023204627F0CDFA06460028DED0CBE75C
S214012400FF3A04001B3B0400343B0400543B040029
S214012410743B0400002208B5034B11461B681B6879
S2140124205879FFF771FF08BDE843002008B5044B53
S21401243000221B6801211B685879FFF765FF08BD5C
S214012440E843002008B5044B00221B6802211B68E4
S2140124505879FFF759FF08BDE843002010B501235E
S214012460002488B001A88DF80430CDE90244F4F7C1
S21401247065FE20469DF80420124905F091F9204694
S214012480039A114905F08CF92046029A0F4905F086
S21401249087F910220E4B0DEB0201188840F06040C0
S2140124A040F48010FBF744FC20460A4905F092F9F7
S2140124B004A827F033FC2046074905F071F908B057
S2140124C010BD00BF8D3B0400AC3B0400CB3B0400B9
S2140124D030B60400EA3B04005664040008B526F052
S2140124E066FA0020024905F05BF9012008BD00BF2D
S2140124F0073C04000023054A8360C360044BC0E91F
S214012500002311B14FF6FF730B807047491043B299
S2140125100030021110B5044660B10020064905F0EE
S2140125203FF9052C06D002F0A5F904490246002021
S21401253005F036F9012010BD1B3C04002C3C0400BC
S21401254037B500216A4601AB054626F0F4FA044683
S21401255068B100220F49104605F022F902F08AF907
S2140125600D490246002005F01BF903B030BD0B49AA
S21401257005F016F9012025F0F0F901F065FF431C7E
S21401258002D007F0DBFFF0E721462846FFF7A6FF5B
S214012590EBE700BF553C04002C3C04009D3C0400C6
S2140125A038B5054601F050FF044627F0FFFA4DB155
S2140125B000200E4905F0F4F8631C14BF20460020E5
S2140125C007F07EFF26F001FA0228044605D001280E
S2140125D005D10020064905F0E3F8204638BD002065
S2140125E0044905F0DDF80024F7E700BFBA3C040013
S2140125F0D43C0400ED3C040008B50020034A04491D
S21401260005F0CEF8BDE8084000F03EBD7E4C040063
S214012610063D040008B50020034A044905F0C0F849
S214012620BDE8084001F0B0B9253D0400063D0400B0
S2140126301FB5D0E9023253F8223068461C7821468D
S21401264001F0A6FB684601F049FC28B92246044978
S21401265005F0A6F804B010BD6846FFF771FFF9E76C
S2140126602B3D04000020014905F09AB8473D0400BF
S2140126707FB50DF1060102A8FFF73CFF00202649B1
S21401268005F08EF80020BDF80820244905F088F8EA
S2140126900020BDF80A20224905F082F8039A00209E
S2140126A0204905F07DF800201F4905F093F84FF604
S2140126B0FF73BDF806209A4229D000201B4905F079
S2140126C06FF800201A4A1B4905F06AF800201A4ADA
S2140126D01A4905F065F800221949104605F060F818
S2140126E00020154A174905F05BF80A220020164912
S2140126F005F056F80A220020144905F051F80A227E
S2140127000020134905F04CF807B05DF804FB0020E3
S214012710104905F045F8D4E7563D04006E3D040027
S214012720873D0400A03D0400B93D0400C43B0400FD
S214012730E0930400CF3D0400C0270900EE3D0400ED
S2140127400D3E04002C3E04004B3E04006A3E04008D
S214012750883E0400CC3D040008B50020034905F07E
S2140127601FF8BDE80840012001F0E2B9A63E0400CA
S21401277008B50020034905F013F8BDE8084000201D
S21401278001F0D6B9BF3E040030B5104B104D1B5CAE
S21401279085B08DF80F302B780446834206D00D4B5A
S2140127A00D4953F82020002004F0FAFF30232C7046
S2140127B00A4801930DF10F03009306228023192185
S2140127C0007827F0E6F805B030BD00BF77B6040004
S2140127D02162002084B60400D73E0400E26F002088
S2140127E01FB5232303900193064803AB00930122F0
S2140127F080231921007827F0CCF8039805B05DF8FE
S21401280004FB00BFE26F002073B5164D04462B781B
S214012810154ECBB126F0FAF8012815D0346040F6F3
S214012820B244124B1B78072B17D02D78C5B926F06A
S214012830EDF8031E18BF01230D4800952246192105
S214012840007826F04FFC03E000233360002CE8D12B
S214012850201E18BF012002B070BD02250123EBE740
S2140128600025FBE71E620020844000202162002034
S214012870E26F002008B50448FFF7C6FFBDE8084030
S2140128800220FFF781BF00BFC027090010B5064C24
S214012890208827F0C4F9608827F0C1F96068BDE890
S2140128A0104027F0CBB900BF884000207FB5232316
S2140128B08DF813300DF11303029304230648019398
S2140128C005AB0093012280231921007827F096F8A2
S2140128D0059807B05DF804FBE26F00202DE9F84388
S2140128E0DFF82C91044699F8000090460F4626F032
S2140128F094FE0B2899F8002005D9BDE8F84300207E
S214012900384904F04DBF0026374B384D1E80384BF2
S21401291003EB00135B8801202B802A7104F06CFE08
S21401292005F01EFF04F068FE204604F065FE012255
S214012930304B042C1A7047D8022C2CD84FF6FF7651
S2140129402D4F3888801B18BF012004F055FEFFF775
S2140129509DFF3888B04201D027F061F919236B80BA
S21401296099F8003000202B71244B1B786B71EB8893
S21401297043F04003EB80224B198827F0FDF803460D
S21401298020B1224600201F4904F00AFF4046BDE858
S214012990F843FFF739BF304604F02EFEFFF776FF07
S2140129A0FFF784FF27F04AF9174B1B78002B0CBF63
S2140129B03F20202004F020FE042CCFD14FF480606D
S2140129C027F02DF93220C7E73046104904F0E8FE1B
S2140129D0384604F011FEFFF759FF002FBED0054B15
S2140129E01E70BBE7EA3E0400B8590020BC5900201F
S2140129F0584200201E620020AC590020E16F0020E2
S214012A00806F0020363F04001D620020193F04003D
S214012A10E26F002038B5044605200D46FFF7B4FEE8
S214012A20184B1A884FF6FD739A4207D100201649B3
S214012A3004F0B6FEBDE83840FFF71CBF65B1134A87
S214012A4013780133DBB2092B137014D90A22002044
S214012A500F4904F0A5FEEDE7012C0ED10B4B1D70BE
S214012A600C490D48FFF746FDBDE83840002101201E
S214012A700A4AFFF733BF012CF2D0BDE838400748B9
S214012A80FFF7C2BE806F0020703F04002062002066
S214012A909B3F0400AC59002088400020E0930400CE
S214012AA008B50649002004F07BFE0548FFF748FDFF
S214012AB0BDE8084000210846FFF7ACBFDF3F040031
S214012AC088400020814237B50346154608D20020CB
S214012AD000910F4A0F4904F063FE002003B030BD99
S214012AE00C1A224600200C4904F05AFE40F6BB534D
S214012AF022460020094904F053FE4FF47A735C43E2
S214012B00074B01209C4294BF2C602B60E6E700BF78
S214012B10F72E0400F03F04002D4004004840040056
S214012B2080EE360010B504460820FFF72DFE0D4B4B
S214012B303CB91C700021BDE8104006200A4AFFF788
S214012B40CDBE1B78092BF5D90A220020074904F0CF
S214012B5027FE0020064904F023FEBDE81040FFF7DB
S214012B609FBF00BF20620020C027090074400400F8
S214012B70B540040073B51F4D2C7834B100201E49B2
S214012B8002B0BDE8704004F00BBE0220FFF7FCFD6A
S214012B90FF221A4E1A4B30781A7026F03EFD0B288B
S214012BA007D920463278174902B0BDE8704004F0D4
S214012BB0F7BD154B192203EB00135988134B4FF63B
S214012BC0FD700093012305F06FFA70B1204610499D
S214012BD004F0E6FD00220F4B0F481C700F4B1A70D5
S214012BE002B0BDE87040FFF70FBE01240C492C70FF
S214012BF0EEE700BF1F620020C6400400E26F00201F
S214012C00E16F0020EA3E040058420020052F010033
S214012C10074104001E620020C02709002062002030
S214012C202D41040038B5144D04462B78052B21D9C7
S214012C301249FFF76FFC24B918B9114904F0B0FD29
S214012C400424104B195D21B9BDE838400846FFF74A
S214012C5069BF032C06D02B78052B03D006200A4A21
S214012C60FFF73CFE0021094B08461970BDE83840C5
S214012C70FFF7D0BE38BD00BF21620020884000208B
S214012C804F4104006DB60400C02709001E620020F3
S214012C9030B5044689B00720FFF776FD052C0AD12A
S214012CA000222A4B03A91A7002A804AA01F0EAFD21
S214012CB030B1022045E09CB90122244B1A7002244F
S214012CC0224D287878B1421E504221495041FFF7E3
S214012CD067FC022304462B70022C0ED10A200FE05B
S214012CE0022CE6D1EBE7631F5A424FF00500184964
S214012CF05A4125F092FE0446EEE7032C04D100204B
S214012D00FFF782FD09B030BD062C06D1002011491F
S214012D1004F046FD01232B70E0E70F4A0F4B29789C
S214012D20002C18BF13460E480E4A0094002918BFFF
S214012D30024600200C4904F033FD201E18BF012076
S214012D40400009B0BDE83040FFF76CBF1C620020B0
S214012D50884000208A410400834104007C4104002D
S214012D60754104006B410400C541040013B51F4CB6
S214012D700620FFF709FD2278092A09D900201C49F7
S214012D8004F00EFD042002B0BDE81040FFF74ABF74
S214012D90184B1B782BB3002024F003FE25F036FEDB
S214012DA068B9FFF783FD144B196825F026FE024625
S214012DB00420002102B0BDE81040FFF78FBD01A836
S214012DC025F022FEFF2809D14FF4FA60237801335B
S214012DD0237002B0BDE81040FFF716BD0198FFF75B
S214012DE0FFFC4FF4FA620320E3E700BF20620020F5
S214012DF0E04104001D62002098400020F023F0B559
S214012E0089B0CDE9000334488023002219210078D7
S214012E10324E334F26F0BDFD0020324904F0C0FC8F
S214012E203246394603A801F02DFD032804462E4DEF
S214012E301CD10626039A2D49002004F0B1FC039804
S214012E40FFF7CEFC0020396800F0A0FE2E7001F0DE
S214012E507FF900220446264B30461A70FFF794FC91
S214012E6084BB09B0BDE8F040FFF780BF28BB72689D
S214012E70204904F095FC214604A8FFF73BFB059B7F
S214012E80726893420BD020461B4904F089FC072345
S214012E9005202B7009B0BDE8F040FFF7F9BE1A46D1
S214012EA02046164904F07CFC0523002101202B70E6
S214012EB009B0BDE8F040FFF7ADBD0020104904F0B1
S214012EC06FFCF1E7042C05D0042009B0BDE8F04002
S214012ED0FFF7A8BE09B0F0BDE26F002088400020D1
S214012EE09840002018420400216200204942040054
S214012EF02062002084420400BD4204001143040005
S214012F004D430400F7B50446876800202378364D04
S214012F10012B287004D0354B3549187004F040FC5D
S214012F2026785EBB334B1B78FF2B04D103B0BDE87C
S214012F30F040FFF79FBC304B1B78032B11D82F4C6A
S214012F400320FFF721FC6946208827F0D4FA0028E1
S214012F5043D02B49208805F025F920B12E70FFF7C4
S214012F6089FC03B0F0BD0124204B26491C7004F0F7
S214012F7017FC0320FFF708FC2C70F2E7012E25D181
S214012F803B78002BEDD01B4D2B78FF2BE9D1A68883
S214012F9002F082FF864206D100201B4903B0BDE83D
S214012FA0F04004F0FDBB194BA2881B783BB132B14F
S214012FB01749002003B0BDE8F04004F0F1BB7B6880
S214012FC014491B782B700D4B1A80F2E7032E08D19B
S214012FD008226846A16808F08BFF6846FFF70EFFD7
S214012FE0BFE700232B70A1E71E6200201F620020AE
S214012FF068430400E16F002021620020806F0020FA
S214013000052F01002D410400884304001B620020A7
S214013010AE430400D94304007FB5094B1A78FF2A52
S2140130200AD1187001F072FB0022064B0DF1060161
S21401303002A81A80FFF75EFA07B05DF804FB00BF2E
S214013040E26F0020AA590020152838B517D10C4B7D
S2140130501D78A5B927F035FAC4B2012C38BF012472
S2140130600120FFF791FB28462246064904F098FB0B
S2140130704FF47A706043BDE83840FFF7C5BB38BDF2
S21401308021620020F6430400034B1B78022B01D873
S214013090FFF770BD704700BF2162002070B5284C55
S2140130A025F0AFFC2578274EBDB10020264904F057
S2140130B077FB264A13780133137000232370337885
S2140130C0062B0AD1BDE87040214B1868B0F5FA6F9F
S2140130D038BF4FF4FA60FFF797BB3378013B082BF4
S2140130E02CD8DFE803F005090D2B13191D22270044
S2140130F0BDE87040FFF7C8BFBDE87040FFF73ABDB6
S21401310000232370BDE87040FFF7B4BB2946BDE835
S21401311070400120FFF77EBCBDE87040FFF726BE79
S2140131200220BDE87040FFF7B3BD0120BDE8704046
S214013130FFF7F8BCBDE87040FFF7B2BC70BD00BF3A
S2140131401E62002021620020254404002062002027
S2140131508440002010B90520FFF764BD034B1B789F
S214013160062B01D1FFF79ABF704700BF21620020EE
S2140131702DE9F0478E68054633189A780C46092AD9
S2140131808EB008D90020A14904F00AFB8524204608
S2140131900EB0BDE8F08750B98B899D49895C8B429A
S2140131A005D200919B4904F0FBFA8024EFE79A4B85
S2140131B0E7881B889F422ED09849097801292AD989
S2140131C032B13A460020964904F0EAFA7E24DEE758
S2140131D0944B1A70914B25791B78052B03D0012B44
S2140131E032D8FFF751FF002D58D12946204626F048
S2140131F03AFE0346002848D028468B4A8B4904F0FD
S214013200CFFA00208A4A8B4904F0CAFA002101202D
S214013210FFF700FC53E00021824B1970072A00F2E9
S2140132208B8301A353F822F0D53101007B330100D3
S2140132307B3301008B3501008B3501008B35010096
S2140132401F3801001F380100022B17D102F024FE9F
S2140132508742BBD00020784A784904F0A1FAFFF7EC
S21401326089FC65BB2946204626F0FDFD034630B3A2
S2140132706D4A6E49002004F093FA20E0704A00205F
S214013280704904F08DFA012481E7A3681B78DA06F9
S214013290B7D42A466C4904F083FAB2E7A76800213E
S2140132A0FE780AA8A4893D79FFF724F9032E08D9E8
S2140132B05F4B664A66490096002004F071FA0024C6
S2140132C065E76B1E632B04D9594B604A614900952B
S2140132D0F2E7614BE4B29B5D9C4209D0CDE9014324
S2140132E00020534B594A5D49009604F059FAE6E727
S2140132F056B3A4B222460521384626F0CDFCBDF8C9
S2140133002830834203D04A4B554A5649B2E7012E2C
S2140133101AD022460721384626F0BEFCBDF82A30D0
S214013320834203D0424B4E4A4F49A3E7032E0BD1AB
S21401333022460921384626F0ACFC0B9B984203D165
S2140133403B4B474A494995E7642D3FF45FAF27F069
S214013350B8F86423C0B2B0FBF3F203FB12030133E7
S214013360DBB29D42BFF452AFCDE900530020304B93
S2140133703B4A3F4904F014FAA1E7284B1B78052B7A
S21401338001D03C4A7BE7EB1CDBB2277BF45C44B103
S21401339023460020374A384904F002FA00210C4639
S2140133A00BE00F2F0DD81023204634490093314AE5
S2140133B03B4604F0F5F9802401210020FFF72AFBA3
S2140133C0E5E60435EDB220462A4A2D4904F0E8F92F
S2140133D07A1B7119D2B206A825F02AFB05443A4693
S2140133E0E9B2304626F055FC264D069A2B68264F44
S2140133F09A42386001D100284AD1244900201D4A4A
S21401340004F0CEF985240121D7E700BF4244040029
S214013410B0B604005A440400806F002021620020E8
S214013420894404001E620020FF440400074504008E
S2140134308F450400A4450400CD440400DA4404008A
S2140134402F4504003C45040059450400B9450400D5
S214013450C1450400DB45040073B60400F9450400C9
S2140134604E4A0400334604005D46040085460400C7
S214013470AC460400E0460400FA460400294704006E
S2140134804047040088400020984000206947040017
S21401349000F070FF3E68B0420AD200F06BFF9C4914
S2140134A003463246204604F07BF98924012184E74D
S2140134B0079A6B689A4205D12046964A964904F0C7
S2140134C06FF96BE79549097859B19A4209D22046B6
S2140134D0934904F065F996210620924AFFF7FEF912
S2140134E05CE7914A914905A801F0CCF9079E48B9D5
S2140134F06A68B24206D38E4904F052F90520FFF7F6
S214013500C7FB44E6324600208A4904F049F9396887
S2140135100027002000F03AFB00206E60FFF760F9FC
S214013520854B06201F80FFF72FF9844B1F7001F093
S214013530A1F90646F0B94FF6FF71814B0AA81A8821
S2140135408A4208BF3B466A88298801F003F90AA81F
S21401355000F0C4FC58B10AA801F0CEF938B13046E3
S214013560784904F01DF90420FFF75CFB0FE6FFF72E
S214013570FDFB0CE6042805D1734B1921187825F0BC
S214013580C8FD04E638467149EBE7714B1B78062BFC
S21401359001D0704A73E6DFF8A0A1EB1C94F80C90FA
S2140135A0BAF80080DBB22EB930466B4904F0F8F861
S2140135B08724ECE5F75C2C1D972FE4B22FD025D895
S2140135C0812F71D0952F67D017BBB9F1100F7FF6F9
S2140135D0ECAD31194A460AA825F02AFA0444E4B2A9
S2140135E021464A46304626F054FB231DDBB20534FD
S2140135F016F803A0E4B2A9EB04035345054666DAC0
S214013600009338465346534A5449CCE5982F43D045
S2140136103B4600204F4A524904F0C2F8C8E7B9F1C8
S2140136200A0F7FF6C2AD1FFA89F721463A463046A1
S21401363026F02FFB05F1080104463A46C9B230468A
S21401364026F027FB0AAA01462046FFF73BFA08B9EF
S214013650444B0A93B9F10C0F12D905F10C013A4605
S214013660C9B23046DDF8288026F016FB044602462D
S2140136703D49002004F094F8AAF8004044440A9416
S2140136800A9C3A492246002004F08AF82046FFF7B1
S214013690BBF825F0C1F912E63549002004F080F8A0
S2140136A00320FFF7BFFA0AE6324C23786BB125F008
S2140136B0A6F950B10020304904F072F800232370B7
S2140136C025F0AAF9FFF752FBF9E52C49E5E7DFF803
S2140136D0A49099F8003043B9FFF7E8F8854203460D
S2140136E007D01C4A26490095E6E525F08FF9012802
S2140136F0F2D110220C480AA908F0A2FD10B9BAF1BD
S2140137003F0F41D9134A1F49002004F049F84FE7FB
S21401371088470400E0460400C04704001A620020FF
S214013720F5470400C0270900884000209840002083
S2140137308442040036480400AA5900202062002072
S214013740AC59002058480400E26F00207748040076
S214013750216200209D480400B2480400DF490400AD
S214013760C1490400E0930400ED4804001849040030
S214013770374904001D6200205349040092490400A1
S2140137801B4A0400574A04006C4B187099F8003025
S2140137904BB125F034F930B1284625F033F9042829
S2140137A007463FF48CAD51462846321925F068FA93
S2140137B028B10020624903F0F3FF042071E799F86D
S2140137C00030554463B125F01AF948B1FF2FF4D003
S2140137D0012F3FF474AD032F16D125F01BF90546D2
S2140137E02846FEF7FDFF044602460521554825F00A
S2140137F046F9554B1B689C420AD3204625F03BFAF6
S2140138000520FFF745FA5AE525F002F98046E7E775
S2140138104046FEF7F9FF00287FF451AD52E74B4BC7
S2140138201B7803F0FD03082B01D0494A27E535B183
S214013830F27822B10020474903F0B2FF30E7257B3A
S214013840F11C2A460AA825F0F3F8434BBDF82820B8
S2140138501988044691420DD04FF6FF718A4209D06D
S2140138603B4A00203D4B3E4903F0B4FFBDF82820FB
S2140138703C4949E7BDF82A20598891420CD04FF6B9
S214013880FF718A4208D0324A0020374B344903F090
S214013890A1FFBDF82A20EBE70B9A5B689A420AD093
S2140138A0013208D02A4A2E490020304B03F092FFFD
S2140138B00B9A2F4928E7ADB2E11C2A46C9B2304619
S2140138C026F0E7F9E11DC9B207462A46304626F03A
S2140138D0E0F9431C014606D10820FEF755FF2548AE
S2140138E0FEF792FFEBE4384606AAFFF7EBF8A8B915
S2140138F0204B0693204B00221978204B187825F090
S2140139006FF8069C2046FEF77FFF224600201C49E2
S21401391003F046FF0920FEF737FFD0E440F6B73341
S214013920069A9A42E6D840F6B8320020154903F0C6
S21401393037FF40F6B833DCE7812428E42062002014
S2140139408A4A0400AD4A0400984000202162002003
S214013950B64A0400CB4A0400884000204D460400C5
S214013960F24A0400C43B0400774604000D4B0400F1
S214013970D852040080EE3600E16F0020E26F00208E
S214013980454B04001A4B040008B50420FFF74AF91A
S2140139900020FEF7F9FE0023054A19211370054A97
S2140139A01370054B1878BDE8084025F0B2BB00BF80
S2140139B01E6200201F620020E26F002010B5174B28
S2140139C0174C1A78174B002053F82220164903F09B
S2140139D0E7FE2278154B16490020002A18BF194623
S2140139E00A46144903F0DCFE23782BB1124B002063
S2140139F01A68124903F0D4FEFEF758FF0446FEF794
S214013A0055FF0F4B196825F02DF82246BDE81040EA
S214013A1003460C49002003F0C3BE00BF216200200C
S214013A201E62002084B60400614B040005520400A7
S214013A30E65104006E4B040084400020884B0400CD
S214013A4098400020A14B040038B5014604460020EA
S214013A50FFF78EFB054698B1E37C00200A4A0B4926
S214013A6003F09EFE2379042B0AD02946204626F031
S214013A70FAF9034620B10020054A064903F090FEF4
S214013A806FF0FF0038BD00BFF72E0400C94B0400DD
S214013A90FF4404000745040010B51346094A12788E
S214013AA082420DD163B1084A002014680A460749CC
S214013AB003F076FE2146BDE810400120FFF758BB13
S214013AC010BD00BFE26F0020E8430020EB4B04006E
S214013AD010B50D4B1C782CB1BDE8104000200B49E9
S214013AE003F05EBE6420FEF77BFE4FF6F0716FF0CA
S214013AF00F02074B0320C3E9001222462146BDE808
S214013B001040FEF7EBBE00BF21620020244C0400EB
S214013B1088400020014B1870704700BF1D620020CE
S214013B2000210620014AFEF7D9BE00BFC0270900C2
S214013B30014B1870704700BF1A620020F8B50E4B93
S214013B4005460C4618680D49101A096824F08AFFC4
S214013B500B4E0C4F33783870FF2B04D0A0420AD39B
S214013B602344984207DB03462A460020064903F011
S214013B7017FE38783070F8BDA04000209C40002029
S214013B80E36F002022620020524D040050EA010239
S214013B9008D0FF22054B091A1A70054B1860054B11
S214013BA01960704711461046FFF7C8BFE36F002043
S214013BB0A04000209C400020F0B5AFB006AD2846DE
S214013BC000F0F6FD0027284600F088F9044640B9C3
S214013BD000F0BAFD59490246204603F0E1FD2FB038
S214013BE0F0BD00205649FAB203F0DAFD284616A9C0
S214013BF000F0FCFD044620B15249002003F0D0FD40
S214013C0088E0BDF85820504903F0CAFD2046BDF8AB
S214013C105A204E4903F0C4FD2046BDF85C204C49AD
S214013C2003F0BEFD2046BDF85E204A4903F0B8FD0C
S214013C302046BDF86020484903F0B2FD2046199A97
S214013C40464903F0ADFD2046BDF86820444903F01F
S214013C50A7FD204643490DF16A0203F0A1FD424942
S214013C602046239A03F09CFDBDF85C30D90705D5A4
S214013C7020469DF890203D4903F092FDBDF85C304A
S214013C809A0714D500203A4903F0A4FDBDF8583030
S214013C90B3F5807F47D1002026F045F818B10DF125
S214013CA0910003F003FD0020324903F079FDBDF8D1
S214013CB05C305B070BD50020BDF8B2202E4903F01F
S214013CC06FFD0020BDF8B4202C4903F069FD0622E3
S214013CD028460DF116030AA924F0F3FE044650BB4C
S214013CE0BDF81620264903F05BFD0AAEBDF8162086
S214013CF0A3B29A420ED932880020224903F050FD21
S214013D00013472680020204903F04AFD062C06F1B2
S214013D100806EBD1684600F05FFD9DE80F0001370D
S214013D2085E80F004FE70123202200200DF19101C5
S214013D3003F09EFCB7E715495FE700BF314F04006B
S214013D40644D04006D4D0400914D0400AA4D04001D
S214013D50C54D0400DE4D0400F74D0400104E04006E
S214013D60294E0400424E0400574E0400734E0400D0
S214013D708C4E0400566404009F4E0400B84E0400A6
S214013D80D14E0400E24E0400F24E0400044F04003B
S214013D902DE9F04188B004AD044628468846002740
S214013DA000F006FD6E46474507D195E80F0084E80A
S214013DB00F00204608B0BDE8F081304600F00CFD4B
S214013DC096E80F0085E80F00284600F087F80137CF
S214013DD00028E8D1014B0FCBE9E700BF28B9040062
S214013DE01FB5D0E9023253F8223068461978FFF73A
S214013DF0CFFF684600F080FD48B1042809D1074A84
S214013E000020074903F0CCFC05B05DF804FB054A29
S214013E10F6E70020044903F0C3FCF5E782580400E6
S214013E204C4F0400515204005848040030B5D0E904
S214013E30023203EB8201496853F8223099B00D68CB
S214013E4004A81978FFF7A4FF08AC03AB402200933F
S214013E502946234604A800F0E5FC024628B10020C6
S214013E600D4903F09DFC19B030BD0398214600F0C2
S214013E7007050122C0F3C70003F040FC0399074879
S214013E80491B01232A460088214403F0F1FB04481C
S214013E9003F02AFCE7E700BF5C4F0400C859002086
S214013EA056640400F0B504460D460B4BEF880FCB65
S214013EB084E80F00AB882E899B0741BFD5F83900EF
S214013EC0D5F83D1004F1080303C3EA6820462780AD
S214013ED066806260F0BD00BFBCB60400102208B563
S214013EE0034908F0ADF9003818BF012008BD00BF2E
S214013EF028B9040008B526F06BFFC288FF21920896
S214013F00012A38BF0122024824F023F9012008BD06
S214013F10B0400020134670B590B10120254A1070BC
S214013F20254A00201160254A13600A46244903F0F9
S214013F3037FC02F08DFB234B1870022002F08EFB3B
S214013F4026F061FF0446D0B91A4E1B4D33782BB9C3
S214013F5026F03EFF2A68C36813442B60174B2D6872
S214013F601B689D4224D226F033FFC168284606F01E
S214013F7095F80246002030702AB926F044FFBDE8C5
S214013F807040FFF7B7BF104903F00AFC0D4B1878D5
S214013F9002F064FB00200D4903F002FC00F08CF9EE
S214013FA008B900F0A9F92046BDE87040FFF7D2B87D
S214013FB00124EBE724620020A8400020A440002052
S214013FC0834F040023620020AF4F0400CF4F04004C
S214013FD038B500F045FA044600F03CFA241A26F0FB
S214013FE0F7FE054618B9B1211B482AF0C5FCAB8877
S214013FF003F00303032B03D0B22117482AF0BCFCBD
S21401400000F028FA054624F0C6FD01238340013B53
S2140140102B4203D0B42110482AF0AEFC24F0BBFD9D
S21401402001238340013B234203D0B5210A482AF0ED
S214014030A3FC05F007FE054624F0ADFD4FF48063B2
S214014040B3FBF5F3C440A34205D2BDE83840BA211C
S21401405001482AF091BC38BDE54F0400FF2108B5A0
S214014060044824F087F8BDE80840002211461046AF
S214014070FFF750BFB0400020F7B504460E4600F0EB
S21401408083F8054626F0A4FEC3682B449C4220D341
S21401409024F081FD2C44C440013C114F3B68DEB145
S2140140A0A34219D101340023ADF8043000F0DEF943
S2140140B0054605F0C7FD103504FB005405F0C2FDAA
S2140140C001A90246204605F00FFE24F074FD386073
S2140140D004E04FF0FF34E0E7A342E4DB03B0F0BDB9
S2140140E0486B00204FF0FF32084B10B51A600022D3
S2140140F0074B1A7000F0AEF9044600F0B1F92146FC
S21401410002460120FFF706FF042010BD486B002081
S2140141102562002038B500F0CFF808B9002038BD78
S214014120094D0A4C2B7823B924F045FD0123206064
S2140141302B70246824F02FFD01348440EED000F06B
S21401414023F82044EBE700BF25620020486B0020DF
S21401415070B50C4C2368002B12DB00F07BF905468A
S21401416026F036FE2468C66824F015FD013404FAEC
S21401417000F1294401208A19FFF7CCFE042070BD06
S2140141800120FCE7486B0020024B18680C3024F035
S21401419042BD00BF4C6B0020FF2307B50021044A37
S2140141A004480093FBF7AEFF03B05DF804FB00BFC5
S2140141B05D400100B04000200E4B70B51C680546FE
S2140141C0036804F582641C440E46FFF7DDFF2B6886
S2140141D0834208D232681A44824208D9C31A01209F
S2140141E033602C6070BD044A126813441C1A002008
S2140141F0F7E700BF4C6B0020AC4000202DE9F04FE4
S214014200B3F5803F82460E461F4685B003D3002095
S21401421005B0BDE8F08F01A902A8CDE90132FFF78C
S214014220CBFF4FF000098046DFF888B0DDE9014595
S214014230A2B2BAF1000F0AD028460E9926F0CFFD99
S2140142400028E4D1B8F1000F20D10120E0E7314683
S214014250284605F049FD0028D9D1B8F1000FF4D061
S214014260B9F1000F12D105F0EDFC2544B5FBF0F3D2
S21401427003FB105050B105F0E5FC03A902462846A1
S214014280CDF80C9005F030FD0028C0D1DBF80030E9
S2140142900293BAF1000F01D1264402E00E9B23449B
S2140142A00E9309F101033C1B022B4FF00109019407
S2140142B0BCD1CAE7AC4000207FB56B460C4A1068FB
S2140142C0516803C390680C2218600A4B0DEB02017B
S2140142D0186826F084FD0C2268460DEB020107F0F3
S2140142E0AFFFB0FA80F0400907B05DF804FB00BFED
S2140142F0CCB604004C6B00201FB5084A01AB106811
S214014300516803C3906801A91860054B0C22186810
S21401431005F0EAFC05B05DF804FB00BFCCB604006E
S2140143204C6B0020F7B5044615460E4681B9072AA0
S21401433003D80024204603B0F0BD0D4B80791968E0
S214014340E379063000EB03200C3180B224F06DFCDB
S214014350002721462B46324638460097FFF74EFF88
S21401436004460028E5D039467019FFF785FEE1E7D7
S2140143704C6B0020024B1868A0F50060704700BF28
S214014380586B002010B58AB0684606F087F810F022
S214014390FF0027D1009BFBB1174C01A9206005F057
S2140143A0F5FF10F0FF001DD12368009A9A4204D849
S2140143B04FF4DD7111482AF0DFFA019B104A1149CA
S2140143C01360029A13440B600F49A3F500630A6059
S2140143D00E4A1360009B63B940F2CF1107482AF0DA
S2140143E0CBFA06E0044A034612680020084903F0A7
S2140143F0D7F90AB010BD00BF506B00207F500400F3
S214014400AC400020546B0020586B00204C6B002001
S2140144100E51040008B5FFF7B5FF26F0D9FC50B1E0
S21401442026F0D6FC064B02691B689A4203D2B321DA
S21401443004482AF0A1FAFFF7CBFD012008BD00BF12
S214014440586B00207F500400014B1868704700BF6E
S214014450506B0020014B1868704700BFAC4000202D
S214014460014B1868704700BF546B0020014B186859
S214014470704700BF4C6B002010B5FFF74BFE04469B
S2140144802849002003F08CF90020274903F088F919
S2140144900020264903F084F90020254903F080F91D
S2140144A0244B00201A68244903F07AF9224623494E
S2140144B0002003F075F9FFF767FE21490246002048
S2140144C003F06EF91F4B00201A681F4903F068F9C4
S2140144D01E4B1F4C1A6800201E4903F061F9226822
S2140144E000201D4903F05CF94FF4806200201B494F
S2140144F003F056F9226800201949103203F050F9EA
S2140145002268002017490C3203F04AF9226800207D
S214014510154902F5826203F043F9BDE8104005F043
S214014520C5BA00BF8D510400CA510400E951040008
S21401453009520400506B0020345204005352040008
S21401454076520400AC40002099520400546B0020BF
S2140145504C6B0020BC520400DF52040002530400DE
S21401456025530400485304006B5304002DE9F0431F
S21401457095B002AF04460D463A464821002024F085
S21401458065FB18B9584903F00BF919E060220021C0
S214014590204607F003FE04223846544907F050FE31
S2140145A090B16DB19DF80B30002001939DF80A3053
S2140145B09DF8082000934E499DF8093003F0F0F865
S2140145C0012015B0BDE8F083BDF80C20B2F5807F60
S2140145D0228003D0474903F0E3F8F1E7BDF8142041
S2140145E0BDF80E102281DDF816206180E260049984
S2140145F0BDF81A206160228284F8320007AD04F10A
S21401460012020FAE2B4603CBB342106051601D461B
S21401461002F10802F6D10F9B374A6363136000214B
S2140146201022364807F0BAFDE388344A13802389FE
S2140146305380E3685360A3880BB90020C1E74FF0AD
S21401464000094D46A388D9070BD5B9F1000F06D04E
S21401465005F150026A4412F8482C84F838200135D6
S214014660EDB29A0715D5208824F00FFA0646B9F15F
S214014670000F0CD007EB05080246414604F139004D
S21401468007F02AFF324641461D4807F025FF2E4413
S214014690F5B2A3885B0716D5B9F1000F06D104352C
S2140146A0EDB2482D13D9002016496CE705F15003E9
S2140146B00DEB030535F8483CA4F85A3035F8463C6E
S2140146C0A4F85C30B9E7B9F1000FEAD0B5E729469E
S2140146D03A46382024F0BAFA38254FF00109002866
S2140146E0B0D109494FE700BF8E530400D8B6040085
S2140146F0C0530400F6530400D0400020D4400020EC
S214014700DC400020115404006154040030B50C4C08
S21401471099B0257875B9FFF77DFE70B129466846D0
S214014720FFF724FF074B80F0010000F0010018702E
S21401473001232370002019B030BD0120FBE700BF24
S2140147402662002027620020014B1878704700BFC0
S2140147502762002070B51E46134B044618881D4676
S214014760884298B002D15B88934206D00F4B0FCB9C
S21401477084E80F00204618B070BD96B10021684647
S214014780FFF7F4FE0028F1D1BDF804305B0708D529
S2140147903388BDF85A209A42E8D8BDF85C209A4280
S2140147A0E4D395E80F00E3E7D440002028B90400DD
S2140147B0064B10B51B7804462BB9054B0FCB84E886
S2140147C00F00204610BD034BF8E700BF276200200C
S2140147D028B90400D440002010B50446024B0FCB84
S2140147E084E80F00204610BD28B904000B4B10B515
S2140147F01B78044608467BB10021FFF7B7FE48B98F
S21401480010222146064807F01BFD003818BF01207C
S214014810C0B210BD0120FBE70120FAE727620020A5
S214014820D44000202DE9F0410E4690460E49102254
S2140148301F4607F005FD044670B90C4B3A461D6845
S2140148403046AD1B454528BF4546294624F0FEF9AE
S21401485028B9074902F0A4FF0120BDE8F081069BB4
S21401486020461D60F9E700BFD4400020D04000205C
S214014870615404000022024B1A70FFF733BC00BFDC
S214014880276200202DE9F0419CB00F46164680466F
S214014890FFF740FC054602461549002002F080FF5E
S2140148A0382D1FD9012104A8FFF760FE0446C8B9B8
S2140148B0119B68463B6004A9FFF7F4FA9DE80F00D8
S2140148C086E80F00119BAB4297BF01210324094ADA
S2140148D0C8F8003094BF1170C8F8005020461CB0CC
S2140148E0BDE8F0810022034B01241A70F6E700BFF1
S2140148F0935404002762002070B5084D00262B78DB
S21401490053B1FFF7EFFB04461022002104482E7036
S21401491007F044FC204670BD3446F5E727620020C8
S214014920D440002008B50020064902F039FF064BA6
S21401493000201A78054902F033FFBDE80840FFF76A
S2140149409BBD00BFB254040027620020DC54040063
S21401495003460120024AC3E9032000221A70704769
S2140149600100FEFF30B5002489B000F0D3F9A5B2EE
S214014970854201D309B030BD284603A924F09CF92D
S214014980A2B200201C4902F025FF9DF80D2012B3AB
S2140149909DF81210BDF81030402914BF6E21792100
S2140149A00020CDE90031BDF80E30144902F012FFA7
S2140149B0BDF814201AB10020114902F00BFF9DF832
S2140149C00C00BDF8182070B9079B0E490093BDF87E
S2140149D01A3002F0FFFE00200B4902F0E1FE01341E
S2140149E02BF0A5FFC1E7BDF81C3000200093074956
S2140149F09DF81A30EDE700BFF5540400FB5404009F
S214014A001E55040028550400566404004F55040042
S214014A1010B500F0A9FABDE810400346024A00208E
S214014A20024902F0BDBE00BFB16004009720040039
S214014A30D0E9023253F8223010B5188800F084FA13
S214014A40BDE810400346024A0020024902F0A8BE13
S214014A50775504009720040010B5D0E902320024EF
S214014A6086B08DF8044053F8221003EB82030978D0
S214014A7001A88DF805105A681288ADF806209A68C4
S214014A801288ADF80820DA681278ADF80C40A24218
S214014A9014BF402280228DF80A201A691288ADF8C8
S214014AA010205A699B691288ADF812201B6805937D
S214014AB000F0C8FB034A03460349204602F070FE95
S214014AC006B010BD7A3404009720040038B50024DF
S214014AD0064D2BF025FF45F824000634C02CF8D1EE
S214014AE00020BDE83840024902F05ABE801000207E
S214014AF07E55040030B5002087B0204902F050FEF4
S214014B0000201F4902F04CFE00201E4902F048FE1C
S214014B102BF006FF00240546A0B201A9013424F0BB
S214014B20CBF8202CF8D12BF0FBFE1749421B0020B6
S214014B3002F036FE1549002002F032FE2BF0F0FEA0
S214014B400446012000F09EF82BF0EAFE0E49021BF7
S214014B50002002F025FE0E49002002F021FE2BF077
S214014B60DFFE044624F099F82BF0DAFE021B002043
S214014B70054907B0BDE8304002F012BEAA55040050
S214014B80D95504000956040026560400355604007B
S214014B904F56040010B50C4603F074FD08B9032CFB
S214014BA012D101F051F904280ED001F04DF9052873
S214014BB00AD0064802F0A8FC1C2801D124F0D9FF2F
S214014BC0BDE8104002F0B0BC10BD00BFA58C0300CC
S214014BD02DE9F04F00274FF0FF36DFF8A4B0264C42
S214014BE087B0BBF80030B8B2834209D8731C3BD0FB
S214014BF03246FF21214807B0BDE8F04F23F0A9BA9D
S214014C0001A924F059F89DF8050001F04DFFF8B10F
S214014C109DF80480B8F1000F1AD1BDF810A0BDF8B8
S214014C2012902BF07DFE18210246BBB24B43E018D2
S214014C30E158007C4FF47A73A2EB010C50B103FBF0
S214014C400AF363450ED30B44981A864228BF0646DC
S214014C500137C6E74D466B43FAD06345F5D3194491
S214014C60881AF2E74046F0E7FF21044807B0BDE89E
S214014C70F04F23F07FBA00BF80100020E4400020F0
S214014C80AE5900202DE9F041014688B058B10228FE
S214014C9010D024F02BF878B3D221194808B0BDE81B
S214014CA0F04129F069BEFF23164A17480093FBF727
S214014CB029FAEEE700244FF001082746134EA5B265
S214014CC0284603A98DF80D7023F0F6FF9DF80D0018
S214014CD068B101F0E9FE20B19DF80C300BB986F8F9
S214014CE010800134202C06F11806E8D12546084B21
S214014CF01D80FFF76DFFCCE708B0BDE8F08100BF6F
S214014D006F56040035500100E4400020801000205A
S214014D10AE590020014B1888704700BFAE590020DD
S214014D202DE9F04F624A077D89B0044661490020AB
S214014D3002F050FD002024F0F6FF20B12368218AFE
S214014D40588803F0EDFC00205B4902F029FD637DE5
S214014D50EBB94FF0400808202368DFF868915988BE
S214014D60554B0093228A092302F07EFBA289BB1CC5
S214014D70934210DB25F071F8034620B100204F4A1C
S214014D804F4902F00DFD012009B0BDE8F08F4FF04C
S214014D9080080020E0E7A068791C89B2C55D24F090
S214014DA07BFF0337012D0646BFB213D82368324670
S214014DB059885879238A0093434624F0C5FB8246D6
S214014DC000283ED1862002F017FC284602F014FC8B
S214014DD0304669E08520F6E703A923F06DFF9DF8CC
S214014DE00C30AB4223D123689DF80D105A799142BD
S214014DF01DD1BDF80E105A88914218D1BDF8102069
S214014E00B24214D19DF81220424510D1BDF81410BB
S214014E10228A91420BD1002D39D0BDF81810E288B4
S214014E20914204D19DF81A201B799A422FD00BF19A
S214014E30010BB9F800305FFA8BF08342CCD88B2097
S214014E40C1E74FF0000BF4E79AF8020002F0D4FB3A
S214014E50BDF8180024F0E3FEBDF81A0024F0DFFECA
S214014E609AF8020003F078FE00287FF47FAF9AF8E4
S214014E70020001F0EBFC0546079E002D3FF476AFDD
S214014E80F0B2013D02F0B8FB360AEDB2F5E70020BC
S214014E9002F0B2FB284602F0AFFB304624F0BFFE1C
S214014EA0012DD1D1BDF81C0024F0B9FE5EE700BF8C
S214014EB0E5560400084B040056640400F25604004C
S214014EC00F570400AE5900202DE9F04391B0694612
S214014ED0804623F0F1FE0023194F8DF80130388803
S214014EE0431E98B28045388009D16946404623F072
S214014EF0EBFE684623F0CFFE11B0BDE8F0834FF01D
S214014F00180905A923F0D8FE0E4C3E880AAD09FB08
S214014F1006460FCE0FC596E8030009FB084485E850
S214014F2003000AAE404605A923F0CEFE0FCE0FC4FD
S214014F3095E8030084E8030069463888D7E700BF90
S214014F40AE5900208010002008B5064B1B8883420E
S214014F5005D9FFF7B9FFFFF73BFE002008BD272064
S214014F60FCE700BFAE59002038B5074D2C882CB998
S214014F70FF21064823F0FEF8204638BD601E80B2A9
S214014F80FFF7A2FFF2E700BFAE590020E440002081
S214014F902DE9F3479A4618239DF82890244FCDE92A
S214014FA0001203FB09731446D3E9022325F034F8F3
S214014FB0064620460D4603F0CFFD04F0FD03382BD0
S214014FC080460FD1009432462B460021DAF81000B5
S214014FD023F09CFEB8F1010F1BD135431ED102B060
S214014FE0BDE8F087392CDAF810300BD107EE906A5D
S214014FF007EE103AF4EEC77AF1EE10FAACBF0120D4
S2140150000020E7E79E4275F100032CBF0120002037
S214015010E0E7B8F1000FE2D10028E0D0182303FB47
S214015020097701233B7402B0BDE8F047FFF7D0BD16
S214015030801000202DE9F04F00263746B24635464F
S214015040D3B0DFF8B0910696664BB0B21B888342A8
S21401505009D81DB169882879FFF79CFDFFF7B8FDCF
S21401506053B0BDE8F08F0DAC214623F025FE2BF0A2
S21401507057FCB3B207931823B2B2534309EB0308A4
S21401508059F8033083466078059301F00DFD00283A
S21401509000F0A5802278002A40F0A1804FF47A72B1
S2140150A0059BABEB0300A3895343834200F2978031
S2140150B098F810303BB9E389002B00F090805343F9
S2140150C0834200F28C80FD2300220DF12208CDE9F7
S2140150D0013212AB0093204643460DF12102F1B294
S2140150E0EFF7F6F800286FD1BDF82230DA1C0593E9
S2140150F0D2B2FDB13C4B61781B8813442A799142A8
S21401510012D161886A8891420ED1A2790699B1EBD3
S214015110D21F09D12289524506D1BB4249DD002062
S214015120324902F03DFB01E0BB42F8DC6988287990
S214015130FFF730FD02F034FA054694F90600A3792C
S214015140C043DB0906932A4BC00F009322890A232A
S2140151506188C00002F088F963784FF0000B2B716C
S2140151604FF48A53FF27B4F808A0EB800DF124080A
S21401517041465FFA8BF025F0FCF8C0B2A0B998F86A
S2140151800110627891420FD1B8F8021062889142FC
S2140151900AD12A4698F80D1098F8000024F066FE09
S2140151A0B84228BF3846C7B20BF1010BBBF1200F3E
S2140151B0DED1A08824F033FD9DF8210002F01CFA10
S2140151C0059912A802F02CFA18230022079C5C43CA
S2140151D009EB04031A742BF0A3FB49F8040001360B
S2140151E032E700BFAE590020B8590020CE57040060
S2140151F0566404008010002070B500240126104D6E
S2140152008AB02B88A0B2834204D80AB0BDE87040A9
S214015210FFF7DEBC05A923F04FFD9DF8150001F050
S21401522043FC50B19DF814303BB91A46CDE901361E
S2140152300093E1B205A8EFF74BF80134E1E700BFB0
S214015240AE5900202DE9F0430389DFF858818BB071
S214015250B8F80090009304468379828841884078A4
S21401526024F072F9002800F09580E78927B1A38918
S214015270BB4200F291800027B8F80030BDB2AB42C5
S21401528014D84D4601264FF6FF73E2899A4226D17D
S21401529046B9B8F80030AB4202D92846FFF714FEEB
S2140152A0FFF796FC00200BB0BDE8F083284605A961
S2140152B023F002FD9DF814307BB92268059B53400C
S2140152C0FF2B0AD86368069E5E4036F07F4604D1FF
S2140152D0BDF81C2023899A42D5D00137CCE7E26875
S2140152E09A422BD0002E53D1D4E90323CDE90823CB
S2140152F005A823F0D0FC0028D5D1B8F80030AB4281
S21401530004BF6B1CA8F800302BF00AFB18236B4374
S214015310234AE9B2D050D418002305A81A46CDE98D
S21401532001330093EEF7D4FF18B100220023C4E93D
S2140153300223284605A923F0C7FCB1E7234605AAA0
S21401534004F1100C174618685968083303C76345FB
S2140153503A46F7D11868386005A823F09FFC002864
S214015360C0D01F2D1AD800238DF8143063788DF81D
S21401537015306388ADF81630A388ADF81830A379D8
S2140153808DF81A302389ADF81C300028B0D1ABE770
S2140153900020E6E7862086E7872084E7892082E7E3
S2140153A080100020AE5900202DE9F04FAD4A067D51
S2140153B08DB00446AC49002002F00CFA002024F01F
S2140153C0B2FC20B12368218A588803F0A9F900208D
S2140153D0A64902F0E5F9637D23BB4FF0400A082099
S2140153E02368DFF8A4B25988A04B0093228A0723CA
S2140153F002F03AF800230293A289F51C954215DBC8
S214015400029B13B9184602F0F7F824F026FD03466E
S21401541020B10020964A974902F0C2F901200DB04A
S214015420BDE8F08F4FF0800A0020D9E7A068711C14
S21401543089B2875D24F030FC3A46814603468E49A0
S2140154400020ADB202F0ACF99FB1012F00F08B80C5
S2140154504FF08508404602F0CFF8384602F0CCF807
S214015460484624F0DCFBB8F1850FCED00123029329
S21401547075E0A068311DA28989B210F8058024F074
S2140154800BFCB11DA289049089B2A06824F004FC2B
S214015490424605900090049B3846784902F080F910
S2140154A008364046B5B203F057FB002859D14046AE
S2140154B001F0CCF9294603460646A289A06824F0E5
S2140154C0DCFB6F490390384602F084F9A168324646
S2140154D029443B46384602F0CBF83846634902F089
S2140154E05FF92E44B5B223684A4659885879238A0B
S2140154F00093534624F028F818B18378434540F0CA
S214015500AA80A8F148085FFA88F8B8F1090F06D80A
S21401551040F2113323FA08F3DB0700F19F800023E2
S2140155208DF81C30236807A85A798DF81D205B88F2
S214015530ADF82090ADF81E30238A8DF822A0ADF884
S2140155402430049BADF82830059BADF82A30039B28
S2140155500B93FFF777FE804600287FF47BAF2E463D
S2140155604AE70397BFE72946A289A06824F094FB7F
S214015570444902468046002002F012F9002305360F
S214015580BBF80020B5B2BBF800109EB2B14204D8F9
S2140155901F2A32D94FF089085CE707A93046CDE9C2
S2140155A0032323F089FBDDE903239DF81C10012961
S2140155B021D121689DF81DC0487984451BD1BDF8CD
S2140155C01EC04888844516D1BDF82000484512D132
S2140155D09DF8220050450ED1BDF824C0208A84458E
S2140155E009D1BDF828C0E088844504D19DF82A0079
S2140155F00979884219D00133C5E7012316468DF88B
S2140156001C30236859798DF81D105988ADF8209003
S214015610ADF81E10218A8DF822A0ADF82410E1887D
S214015620ADF828101B798DF82A3007A8ADF82C8024
S21401563023F031FB804600287FF40CAFBBF8003026
S21401564030469E4208BF731C07A908BFABF800305E
S21401565023F03AFB83E74FF08D08FBE64FF08C080A
S214015660F8E600BFF9570400084B0400566404002E
S2140156705A5804000F570400015804001E5804002D
S2140156803F5804004A580400AE5900202DE9F04F57
S214015690074688469146002589B09A46BDF848B027
S2140156A09DF84C60149C224B1A88A8B2824235D9C8
S2140156B003A923F001FB9DF80C201D4BB2BB9DF8FE
S2140156C00D10B94232D1BDF80E1041452ED1BDF8AC
S2140156D0101049452AD19DF81210514526D1BDF822
S2140156E01410594522D13046029201F0AFF8A6F1C6
S2140156F04103012B01460AD8204624F0D3FA0D4B6C
S2140157000D4A204484420CD10421029302ACEDB22E
S21401571032462046009503ABFFF73AFC09B0BDE8D8
S214015720F08F14F8011F4B405343EBE70135BBE7FD
S214015730AE590020C59D1C81930100011FB50F4C79
S2140157402478C4B142EA03229DF818308DF805107A
S21401575042EA43220A4BADF80C201A78094B8DF821
S2140157600610079903EB021300908DF80400DB681E
S21401577068460291984704B010BD00BF2862002019
S2140157802A6200200441002073B51A4DFF211A48F1
S21401579022F0F0FC2B7853B3184C194E23781801DD
S2140157A006EB03131A7A5968305C24F06EFE4D2816
S2140157B01DD0E0B1237800211B01F25C0123C0B2A9
S2140157C0CDE90031FFF7BAFF0A2223780A480133F0
S2140157D0DBB2B3FBF2F102FB1133FF2123702B780E
S2140157E0013B2B7002B0BDE8704022F0BBBC02B09A
S2140157F070BD00BF28620020A44100202A6200205C
S21401580004410020F8B5104F3E780A2E1AD00FC872
S214015810DFF840C00D4D9CF80040013605EB04153D
S21401582085E80F000A230134E4B2B4FBF3F203FB6C
S21401583012440748FF218CF800403E7022F092FC8B
S2140158400020F8BD0120FCE728620020044100206A
S214015850A4410020296200200021024A0248FAF7EA
S21401586087BC00BF89570100A441002037B5134DFE
S214015870134A2B780C461B01D25C00230146CDE966
S2140158800033E0B20123FFF759FFA4B90D490A78A6
S2140158908AB10A202B78013A0133DBB2B3FBF0F46C
S2140158A00A70FF2100FB143307482B7003B0BDE8D4
S2140158B0304022F057BC03B030BD00BF2A62002042
S2140158C00441002028620020A441002008B500F011
S2140158D0BDF850B1054B064A0649052818BF1A46B9
S2140158E0BDE80840002001F05BBF08BD5664040017
S2140158F06E5804008F58040008B5032024F0DFFD1D
S21401590010B90122014B1A7008BD00BF2B6200209E
S2140159100022024B18781A70704700BF2B620020D5
S2140159200246FF21014822F014BC00BFC4410020FA
S214015930114B37B51D78C5B9FF21104822F01AFC66
S214015940FFF7DAFF044600900D4B28460D4A0E4934
S21401595001F026FF4CB10D4B1B78DB0605D528461A
S21401596024F087FD204623F00CF8094B186803B095
S214015970BDE83040FFF7D4BF2B620020C4410020B1
S214015980AC580400DA5804001C31040019620020E7
S2140159905C6B0020FF21014822F0ECBBC4410020D3
S2140159A070B51A4E054633780C466BB30020184A7C
S2140159B0184901F00FFF032C01D0652C20D11649A0
S2140159C0002001F007FF22460020144901F0E8FEFE
S2140159D00020134901F0FEFE01232946082200207B
S2140159E001F046FE00200F4901F0DAFE032C88BFC5
S2140159F00023204688BF3370BDE87040FCF70AB923
S214015A00012CE0D00849DBE770BD00BF2B62002007
S214015A10DA580400ED340400ED580400A43B0400F9
S214015A200B5904005664040003590400014B186026
S214015A30704700BF5C6B00200021024A0248FAF75B
S214015A4097BB00BF31590100C4410020054B10B57A
S214015A501C782CB90448FF2122F084FB204610BD97
S214015A600520FCE72B620020C441002070B500240D
S214015A70074B084E1D68E3B29D4204F1010400D8AD
S214015A8070BD054956F8230021F0EAFAF3E700BF96
S214015A9080D4040084D40400486C002010B5044C63
S214015AA023780BB124F0FBFC0123237010BD00BF4B
S214015AB0E46F00202DE9F743254B0D4616460446B4
S214015AC0019350B14AB1042301AA12F8011BA9425D
S214015AD035D0013B13F0FF03F7D1212003B0BDE819
S214015AE0F08317F8010F90FAA0F0000E21F037FFAF
S214015AF0014608EB07039945F3DCCAB2C1F30F234D
S214015B0092FAA2F293FAA3F3120E1B0E03EB0223F0
S214015B10DB43621912F8020C99B2DBB298420CD13F
S214015B2012F8013CB3EB112F07D132462146284625
S214015B3003B0BDE8F04324F012BC2320CEE74FF6B5
S214015B40FF71671EA5F10209C4F10108D1E700BF84
S214015B50080A0E12F0B515468FB00E4607462AF013
S214015B6081FF284B02A81C7824F09DFC15F0FD0F40
S214015B7011D124F0ACF80324234B244A0020CDE9AC
S214015B80004753F8243052F82520214901F008FE39
S214015B9020460FB0F0BD28B9BDF808309B0701D5E7
S214015BA0032D25D01DF042FFD0B109A824F0E7FC53
S214015BB00323306871688DF824300AAB03C39DF85F
S214015BC03130012D43F002038DF8313008D105A99B
S214015BD009A824F0CCFC60B124F079F80224CBE7C4
S214015BE0032D09D1042C04D124F071F80024C3E755
S214015BF02C4624F06CF8BFE724F069F8032DBBD9D6
S214015C000324C5E72C620020CCB80400BCB804000D
S214015C1012600400014B1870704700BF2D6200200F
S214015C20024B1A6818608260704700BF606B0020E4
S214015C30024B186800B14068704700BF606B0020D7
S214015C4070B5044600250A4B1B687BB100211E88EF
S214015C5007E05A6802EB0110013145B9021B5542B3
S214015C6055418AB29642F4D89B68EEE7184670BD55
S214015C70606B00202DE9F04F1E46002393B0022EE4
S214015C80074688461446DDF870909DF874A0ADF876
S214015C901A3040F2C08099F800305A0729D5042EF0
S214015CA040F2B98099F804B000255F4B33F83520EF
S214015CB0002A00F0B68001350A2DF7D1209B002B73
S214015CC040F0AD80FF250023207908AA0DF11901C7
S214015CD08DF8193023F073FF70B1BDF82C309DF8A4
S214015CE01900238023F0EEFF0790C0B113B0BDE882
S214015CF0F08F99F802B0D7E7207923F08EFC0B28B5
S214015D00059000F28A80207923F0EDFF07900028A5
S214015D10ECD1464A059B02EB03135B8823804FF6C2
S214015D20FF73002F08BF434662880021CDE9002398
S214015D3058465246238802F0FDFD18B1E38843F029
S214015D402003E380209B07A90DA8CDE90D34CDF8EB
S214015D503C90ADF84080ADF842608DF844708DF807
S214015D6045A023F03DFF08B10798BFE7484602F07B
S214015D7025FDA01D02F010FD22464146384624F0BE
S214015D8075F8B04227D3E3882246C3F30E03E380B7
S214015D909DF87C3041460393BDF87830384602932F
S214015DA00DF11A03CDE90093F3B223F0CEF9209B4F
S214015DB0079003B3F8B9BDF81A2042B1092D06D8E9
S214015DC01B4B03EBC5018A80209A43F8352011202E
S214015DD023F0D8FE1CE0BAF1000F0AD10DF11A0328
S214015DE0CDE9006322464B4641463846FAF7CAFFDC
S214015DF0DDE73820DBE7052807D1E388DB0607D592
S214015E00002301200793FFF705FF079B002BDED039
S214015E1023F05DFFA8E7012068E7212066E71C2044
S214015E2064E7EDB24FE700BFEC4100205842002086
S214015E30E84100204FF6FF72024B1A805A809A8082
S214015E40704700BFB059002010B5044C2079FF28D8
S214015E5002D124F052FB207110BD00BFB0590020C2
S214015E6010B50C4C2379FF2B08D1002023F02AFF14
S214015E7020B924F042FB207123F029FF2079022863
S214015E8005D00438012894BF0020012010BD002051
S214015E90FCE700BFB05900204FF6FF7310B5044C65
S214015EA02088984202D124F01EFB208010BD00BF3E
S214015EB0B059002010B5FFF7BDFF40F61D439842CC
S214015EC0044607D8B0F5416F05D2182826D81528FC
S214015ED048D829D010BDA0F541630D2BFAD801A2F0
S214015EE052F823F0295F0100295F0100D55E010009
S214015EF0D55E0100D55E0100D55E0100D55E0100CC
S214015F00D55E0100795F01008B5F0100255F01000E
S214015F10255F0100255F0100255F010040F606436D
S214015F209842D7D11C4920E0FFF7B6FF1B4902462D
S214015F30002001F035FC152C05D124F0BEFABDE891
S214015F40104023F056BE164B164A1749B4F5416F5A
S214015F5018BF1A46002001F023FC23F049FE23F067
S214015F6048FEECE71628DDD11049002001F018FCA8
S214015F70BDE8104023F062BF23F0CEF9BDE8104023
S214015F8002460B49002001F00BBC0020BDE8104082
S214015F90084901F005BC00BF36610400E360040057
S214015FA0DE60040056640400FF6004001F61040004
S214015FB04B6104007361040007B5094A0346108863
S214015FC031B9084A084903B05DF804EB01F002BC98
S214015FD00091064A064901F0FDFB03B05DF804FB9B
S214015FE0C8590020532E040093610400F72E0400C4
S214015FF01C3104000D4B37B51B68044693B11D7860
S2140160000389012D08BF02250093C37A084A0020A0
S214016010084901F0C5FB2146284603B0BDE83040DB
S21401602024F023BA022003B030BD00BF2443002071
S21401603008620400B7610400002010B523F042FE98
S2140160400D4B1B6863B15A78052A03D862B1052443
S21401605002220AE0FF2AFAD00020084901F0A0FB3C
S214016060BDE8104023F033BE1446104624F059FA1A
S214016070204624F054FAF3E7244300200D6204007E
S21401608013B5134C002023F01DFEFFF7D3FE236843
S2140160909BB101A823F033F978B923681A789DF8E3
S2140160A004309A4209D0D91E032906D9D11E0129E6
S2140160B003D9012A07D1022B05D1032301A8ADF884
S2140160C0043024F0D8F902B0BDE8104023F0FFBD3B
S2140160D02443002000231946034A01330A2B9180EA
S2140160E042F8081BF9D17047E84100207FB50E46FB
S2140160F0054624F0C2F92A46044603460C49002008
S21401610001F04EFB8EB10B4A03AB11889278ADF8C5
S2140161100C109A700322362100924FF6FC70002272
S2140161208DF80D5024F0EAF80446204604B070BD00
S2140161302E62040038B90400FF2810B50C4604D1BD
S2140161400020044901F02CFBFE202146BDE810404A
S214016150FFF7CCBF47620400F8B51E460B8807461A
S2140161600C461546002B64D14A88B1F9021000206E
S2140161700029B8BF6B78304901F012FB6288132AF8
S2140161801DD002F5FF437F339BB2052B23D8A2F522
S2140161900042013A052A1ED8DFE802F0193F1D0326
S2140161A03C09264A2649002001F0FAFA13E0254A5E
S2140161B02349002001F00EFB2A792349F3E7022E3A
S2140161C094BF4FF6FF72B5F801202049EBE7002097
S2140161D01F4901F0E5FA33462A462146384625F09E
S2140161E0B7F870B933462A462146384625F0B2F844
S2140161F048F2210362889A4203D13846697823F02F
S214016200E7FC6388B3F5004F02D9082023F0F7FCBA
S2140162100120F8BD2A790F49C5E70F4A0849002031
S21401622001F0D8FA032E94BF4FF6FF726A880B4925
S214016230B9E70020EDE700BF82620400AA6204000D
S214016240B1620400C2620400C8620400D66204009F
S214016250EE620400086304002A6304002F6304004E
S2140162602DE9F04116888AB0DFF88C80ADF80E3043
S2140162700DF10E03C8F8002015460093324610AB08
S21401628007460C46FAF70EFE90BB109B8DF82400CD
S2140162900693BDF80E3004A8ADF81C30AB898DF816
S2140162A01070ADF820306B890594ADF81E60ADF81E
S2140162B0223023F093FCD8B921463046BDF80E3083
S2140162C0109A01F0CBFF98B921463046BDF80E3042
S2140162D0109AFFF741FF58B9CDE9006039462046CC
S2140162E0BDF80E30109A02F04BFB08B9C8F8000052
S2140162F00AB0BDE8F08100BFE4410020F0B585B0EA
S21401630004AB03E9030000231C469DF80D609DF8CD
S2140163100E70154AD9B202EBC1004568EDB99DF879
S2140163200C30284600939DF80A209DF80B300F4943
S21401633001F050FA26B1324628460D4901F04AFAD4
S2140163400C4A0020002C18BF2246BDF808300A4926
S21401635005B0BDE8F04001F023BA12F83110013360
S214016360B94208BF2C46D5E7E0B8040041630400F3
S21401637052630400C22D0400566304004FF6FF73F7
S21401638010B5074C88B06088984207D102A90DF174
S214016390070022F0B2FFBDF81000608008B010BD03
S2140163A0B05900202DE9F04F85B0894692461C462B
S2140163B00746BDF83850BDF83C80109E002833D003
S2140163C00346464A0020464901F004FA2388002B7A
S2140163D076D040F20912934274D0424A4249B3F54C
S2140163E0827F08BF0A46CDF80480618800200091AC
S2140163F03E4901F0EFF9238893B1B8F1020F0FD9A6
S21401640033783B4913F0010F3A4A18BF0A46590739
S2140164104FF000004CBF3379B378374901F0DAF911
S2140164200020364901F0BCF90023354931F8332004
S214016430AA4249D1334A52F833B0002331F8330027
S214016440DA00A84246D100202E490A44908041F83D
S214016450330047B9238833B9B4F90230002B02DB85
S214016460082023F08FFB012023F0C9FB9EB135786D
S214016470EB0710D515F0040004D042460121304642
S21401648023F00AFCCDE901704346224651464846B0
S214016490009623F01FF9BBF1000F06D043462246B3
S2140164A051464846CDE90067D847434622465146FD
S2140164B04846CDE9006722F0F8FD05B0BDE8F08F4B
S2140164C0114A90E7114A8EE701330A2BAED14FF0FD
S2140164D0000BB2E701330A2BB0D1BAE74A25040014
S2140164E07D630400C32D04006B6304008B6304000A
S2140164F06E63040076630400BC6304005664040003
S214016500EC410020E8410020646304006863040055
S2140165100D4BF0B54FF00C0C1F88054600230B4EB3
S214016520DCB2BC4201D30020F0BD0CFB04F43019F0
S214016530345DAC4205D144888C4202D10479944240
S214016540F2D00133ECE700BF826F0020706B0020B1
S21401655013B50124FF230021294A2A480094F9F79C
S214016560D1FDFF230021264A26480094F9F7CAFDEB
S214016570FF230021224A23480094F9F7C3FDFF2395
S21401658000211F4A1F480094F9F7BCFDFF23002194
S2140165901B4A1C480094F9F7B5FDFF230021184A51
S2140165A018480094F9F7AEFDFF230021144A154858
S2140165B00094F9F7A7FDFF230021114A1148009422
S2140165C0F9F7A0FDFF2300210D4A0E480094F9F7C4
S2140165D099FDFF2300210A4A0A480094F9F792FD23
S2140165E0FF230021064A07480094F9F78BFDFF2395
S2140165F00021034A03480094F9F784FD02B010BD58
S2140166001F8A0300384200202DE9F84300244FF08A
S2140166100C090C4B0C4F1E78DFF830803A88E5B237
S214016620954202D33046BDE8F88309FB0585FF2174
S214016630A86821F0A6FD18B9AB799E4238BF1E4660
S2140166400134EBE72E620020826F0020706B002081
S214016650014B1878704700BF2E620020014B18705E
S214016660704700BF2E620020F8B506460C4623F0A0
S214016670A4FA0546C8B9304622F0CFFF0B2815D834
S2140166800B4B03EB00131F7B87B95A88012122802D
S2140166909A88304662809B79237100F037FA394632
S2140166A06071304600F032FAA07101252846F8BD27
S2140166B05842002070B504460E46154622F0ADFF3E
S2140166C00B2802D94FF6FF7070BD094B03EB001380
S2140166D01A7B002AF6D146B901222946204600F047
S2140166E03DFA0028EED00088EEE7012EEAD1F4E765
S2140166F058420020FF2313B50DF1070104468DF81B
S214016700073023F058FA18B19DF8070002B010BD03
S214016710074B03EB04131B7B0BB1FF20F6E7204668
S21401672000F03AF90028F8D0204600F0E9F9EDE744
S2140167305842002013B5F6F7EBFC0446F6F7EEFCDC
S214016740224603461249002001F02AF800F080FF95
S214016750FFF7C0FC00F0A6F80221084602F070FD23
S214016760FFF76AFC41F2490023F0F5FE4FF0FF13F4
S2140167700093FF2368468DF8043023F0CAFE4FF4D9
S214016780004023F0A8FE002023F0C5FE02B010BD95
S2140167900B64040038B5054623F02DFA90B9284657
S2140167A023F0E5FD044628B140F60443984214BFA1
S2140167B088248D2423462A460020034900F0F0FF52
S2140167C0204638BD8D24FBE7236404002DE9FF47EE
S2140167D005460E4617469846BDF83090DDF834A0BB
S2140167E0BDF83840CDF80090CDE9014AE4B2FFF794
S2140167F0D9FD43463A4631462846CDE90094CDF8C0
S21401680008A024F06EFDFF21034B044A044804B09F
S214016810BDE8F04700F016BEBC590020B85900206C
S21401682006640020044B01461888102240F04040C0
S21401683040F48010F7F77CBA32B60400024B1868B1
S2140168405968FFF75BBD00BF82F904000123064AC1
S214016850D15C814202D1054AD05C704702335F2B7E
S214016860F6D10020704700BF3AB904003BB90400D6
S21401687070B500220446094B1D78094BD0B28542FB
S21401688001D8FF2070BD1E78A64204D10029F9D098
S2140168905E7BF607F6D401321033EFE72F62002055
S2140168A0584200202DE9F04198B06B46304A1068F6
S2140168B0516803C390680CAA18602E4B14469C4678
S2140168C003F11806154618685968083303C5B3421C
S2140168D02A46F7D112AA1746274B03F11806154682
S2140168E018685968083303C5B3422A46F7D1234AC4
S2140168F003AB106851684FF0010E03C390687168CE
S2140169001860DCF83000002206AB03C30C21EC460D
S214016910B068CDE909221860194BDFF86C80197050
S214016920184B0DEB01060B9206AD09A91CF8010BDD
S2140169300132187034F8020B0C2A588037F8020B13
S21401694083F80DE0988016F8010B03F1100303F8A5
S2140169500A0C15F8010B08EBC00043F8080C11F8F7
S214016960010B03F8040CE1D118B0BDE8F08100BFBB
S2140169703D640400AABC0400C2BC04004A640400CE
S2140169802F62002058420020A4B90400014B187859
S214016990704700BF2F620020034B03EB0013587BA8
S2140169A000F00100704700BF58420020F0B50446D1
S2140169B00846D9B100220E4B11461F780D4B1D46D5
S2140169C0D6B2B74201D8002010E01E78A64206D003
S2140169D09E68F688314489B201321033F0E75E7B57
S2140169E0F607F9D505EB02150180A868F0BD00BFD2
S2140169F02F620020584200202DE9F3478946904631
S214016A001D46074618B9002002B0BDE8F0870029E8
S214016A10F9D0002AF7D0002BF5D0002400780DF12C
S214016A200601ADF80640FFF7C1FF0028EBD0394656
S214016A300DF10602BDF8066022F0FAFC07460028B2
S214016A40E1D00DF10602BDF806A022F018FD0028DF
S214016A50D9D0C9F80070C8F80000037913F02002F5
S214016A6019D1DB0614D4BDF806300C4A564413FA85
S214016A7086F612FA86F20BE01A790C33920642BFBA
S214016A8013F8092C891889B29842F5D8044A0A44A1
S214016A9001202A60B8E72146024BF5E75263002041
S214016AA030620020E4BB040008B50021FFF7E0FED9
S214016AB0FF2817BF044B084603EB0013587B18BF8B
S214016AC000F0010008BD00BF584200202DE9F0414A
S214016AD00D4616461F4622F0A0FD0B280AD8074C85
S214016AE03B4604EB001032462946BDE8F04180687B
S214016AF022F06DBD0020BDE8F08100BF58420020A5
S214016B00014B0001185C70475842002070B50C46D6
S214016B1022F083FD0B281BD80F4B03EB00139A685A
S214016B20C2B10023142618461579D9B28D4200D871
S214016B3070BD116806FB0311097B34B111F0400FDB
S214016B401CBF0130C0B20133EFE711F0800FF7E749
S214016B500020EDE71046EBE758420020F8B50D4659
S214016B60164622F05AFD0B280BD80F4B4FF0140C8B
S214016B7003EB00139A6800231C461779D9B28F429B
S214016B8001D80020F8BD10680CFB0300017B46B15C
S214016B9011F0400F03D0AC42F4D00134E4B201331B
S214016BA0ECE711F0800FF5E7584200202DE9F04F91
S214016BB006460024384B87B01B78DFF8E080009348
S214016BC0009B9C4207D2FF2E08D0304622F025FDBE
S214016BD00B28044606D907B0BDE8F08F08EB04136E
S214016BE01B7B1BBB23014FF00009019308EB041A22
S214016BF012E014221B6802FB05352B89B3F5967F3C
S214016C0001D929F094FE00274FF00C0B2989BAB25E
S214016C1091420ED809F10109019B5FFA89F54344B7
S214016C209B681A79AA42E4D8FF2ED4D10134E4B283
S214016C30C6E7BAB20BFB02F26B689918087910F036
S214016C40100F22D19AF800E09A5A8DF80CE0B5F8A8
S214016C5000E010F0400F4FF00003ADF80EE00CBF5F
S214016C604FF0400E4FF0800EADF814304307ADF8EC
S214016C7012208DF810E0CA7809D5022A896800D951
S214016C800968002203A822F077FC0137BEE7022A32
S214016C908CBF89680831F4E72F6200205842002033
S214016CA0052370B5094A06881488B44208D1957838
S214016CB0047B2C403F2C03D90D4201D0506870BD97
S214016CC0013B02F10802EFD11846F8E754BC040074
S214016CD070B50024074D084E2B78E0B2834200D8E9
S214016CE070BD06EB0010437BDB0701D522F074FD77
S214016CF00134F1E72F62002058420020F8B50C4617
S214016D0000210646FFF7B4FDFF2828D0154D0101E6
S214016D1005EB00135B7B03F001025CB143F001035A
S214016D200D44A2426B7303D0BCB1284622F054FD39
S214016D300120F8BD2346F3E77B4311683046CA18A5
S214016D4092F90C20C95AD20F22F0D7F90134AA6859
S214016D50E3B211799942EFD8EAE71427F7E7084634
S214016D60E7E700BF58420020F0B59446497D20B3BE
S214016D7039B3012918BF042100254FF6FF702F46AD
S214016D802A46144E3488644511D196F803E01EEA6B
S214016D90010F0CD0B4789C4209D30AB1BC4206D884
S214016DA01EF0100F03D08AB1BC420CD370B9013566
S214016DB0072D06F10406E5D1F0BD002908BF08211C
S214016DC0D8E70221D8E727460020F0E72746012228
S214016DD0FAE700BF38BC04002DE9F04F0A9FBDF862
S214016DE024E09DF82C809DF830904C7D78B394B3C8
S214016DF0012C18BF04240025194800F11C0C068834
S214016E0096421ED190F803B01BEA040F19D086787B
S214016E10464516D31BF0100F91F80FA004D0BAF117
S214016E20000F0ED0B1F810A0BAF1000F09D1A94594
S214016E3013D0AE4511D95E553E88013501363E80E8
S214016E40ADB204306045DAD10120BDE8F08F002CE8
S214016E5008BF0824CDE70224CDE70020F5E700BFF0
S214016E6038BC04002DE9F04F0024B1F57C4F0E46E6
S214016E7038BF4FF0010BA246A1464FF6FF781F46DA
S214016E8028BF274B85B028BFB3F800B00090019209
S214016E905C4503D3404605B0BDE8F08FB6F57C4FA0
S214016EA00CD3204B3A4603EB840331465B880098AB
S214016EB0FFF70CFE054680B300232AE03A4631462A
S214016EC0009822F0DAFBF5E70C229CB254436A687C
S214016ED00199105B02EB040C884219D3B9F1000F3B
S214016EE001D0504514D861462846CDE9023222F039
S214016EF078FA029B60B1039A125BB9F1000F03D0D6
S214016F00524501D3804503D9924680464FF0010988
S214016F1001332A899CB2A242D6D80134A4B2B7E77B
S214016F209AB904009CB904002DE9F04F91461A461F
S214016F3000238BB08DF82020BDF850208DF81C0062
S214016F40ADF81E10ADF8242005460F461A4604A9D2
S214016F5007A8159C9DF858609DF85CA09DF860B048
S214016F609DF864800493ADF8229022F0B9FA049853
S214016F7050B92B46CDE90079644A654900F010FC0A
S214016F8086200BB0BDE8F08FBAF1000F14D18378DC
S214016F90B34206D050465D4A5E4900F001FC8D20A2
S214016FA0EFE7037913F0010306D11846574A5A4909
S214016FB000F0F6FB8820E4E703795B072CD58368AD
S214016FC05A689B6805920693807823F007F8049B1D
S214016FD00546DF782146022F03463A4610D805A813
S214016FE022F0B8FF81462B463A46214606A822F0F3
S214016FF0B1FFB9F1010F01D001300DD18720C0E7F3
S214017000059822F0A7FF0128F8D02B463A462146DC
S214017010069822F09FFFEFE7BBF1000F6FD1049FA8
S2140170204FF6FF722146B87822F07BF900286BD024
S214017030BDF82430C5B20093CDE902549DF8203046
S214017040BDF82220BDF81E109DF81C00019622F006
S214017050C1FD002895D1BDF82430CDE90254009336
S214017060BDF822209DF82030BDF81E109DF81C00AA
S214017070019622F08BFB002883D121469DF86820DB
S21401708007A822F079FA00287FF47BAFB8F1000F49
S21401709007D03B462046BDF81E209DF81C1022F066
S2140170A0FCFABDF82430BDF82220BDF81E109DF86C
S2140170B01C000093CDE901649DF82030FEF7E6FA46
S2140170C0BDF82430BDF82220BDF81E109DF81C0026
S2140170D00093CDE902549DF82030019622F079FD07
S2140170E0BDF82430BDF822200093BDF81E109DF88F
S2140170F020309DF81C0022F021FB002041E70020F3
S214017100064900F04DFBF8E701203AE75764040012
S214017110636404008F640400A3640400B76404007D
S2140171207FB500258DF80830BDF820308DF80400B5
S214017130ADF80610ADF80A20ADF80C306946BDF87A
S2140171402830099A01A80B9E009522F0C9F9044639
S21401715030B916B1009B9B783370204604B070BDE1
S2140171608928FAD12846024900F01AFBF5E700BF44
S214017170D46404002DE9F04F4FF0000AC7B0FFF7C2
S21401718005FC5FFA8AF6B04202D847B0BDE8F08F38
S2140171905B4B36019A5D00205A4900F001FB002046
S2140171A0594900F0FDFA00230593554B9DF814400C
S2140171B033449B681A79A24202D80AF1010ADEE733
S2140171C014224FF000091B6802FB043422891FFABF
S2140171D089F39A4202D8059B0133E5E70C231FFA8F
S2140171E089F803FB08F8D4F804B029F0A0FB0BEBF0
S2140171F008052B79454913F0400F3BF808302288E3
S2140172004FF000000093424B18BF0B46414900F077
S214017210E1FA2946204622F0E4F8074600283CD148
S2140172203D4900F0D7FA2979DFF814C111F0010FB2
S2140172303A4808BF604611F0020FAA78EB7832D1BF
S214017240DFF800C111F0100F354918BF6146CDE9CE
S21401725000010020334900F0BDFA294B3BF8082015
S214017260985D2B794FF0000B13F0400F4FF0FD03A4
S2140172700DF118082188CDE9023BCDE900780CBF55
S21401728040238023FFF74CFF86280ED12649002095
S21401729000F086FA09F1010998E702462349002021
S2140172A000F098FABFE72249D1E7A87822F08BF8D8
S2140172B0D8B1404622F0F6FC421C92B20123414668
S2140172C0002000F0D5F93946208801F00BFA4FF678
S2140172D0FF73984207D0174B174903EBC0035A6850
S2140172E0002000F05DFA1549D1E7A87822F071F880
S2140172F020B1404622F0DBFC821CDEE7EA78DDE7BF
S214017300584200202665040034650400FE6404002B
S214017310036504007465040004560400086504004F
S2140173200E65040088650400A4650400456A04002F
S2140173301665040024BD04002F35040056640400BD
S2140173400B6504001E6504002DE9F04FC7B0BDF8BB
S21401735044A10646BAF1040F0D4614461F46BDF871
S21401736040B163D9CDE9013B00920B460246304954
S214017370002000F015FAFD230DF117090DF118088C
S2140173803046029322463B462946CDE900B8CDF861
S2140173900C90FFF7C5FE0646B8B9FD22414699F89E
S2140173A0000021F0BEFF0746C0B1AAF104038342E4
S2140173B038BF8926204622F032FC8EB1304600F0D6
S2140173C01BF9304647B0BDE8F08F009023462A46A9
S2140173D00020184900F0E4F90027EBE78926E9E7E1
S2140173E0DFF85CA0BA1CBAF80030C3F1FF039A427A
S2140173F019DA304600F000F999F8000000F0FCF8C0
S214017400BAF800900C483A4641464844B94405F05B
S21401741063F8AAF8009023462A46304607490097A3
S21401742000F0BEF9CDE7892000F0E6F88926C8E726
S214017430B0650400EB6504000664002012660400D3
S214017440B859002010B5044C206004480180044956
S2140174500A60044A136010BD20430020B65900207C
S2140174601C4300201843002030B587B00AAC0D46F7
S21401747054F8041B0093CDE901141346094902464A
S214017480094809880068059422F0C7FA4FF48A5221
S214017490064B1B681880064B1B685D80DA8007B0B8
S2140174A030BD00BFB6590020204300201C430020F9
S2140174B01843002008B410B587B009AB0C4653F842
S2140174C0041B0092CDE9011302460B490B480593B4
S2140174D009880023006822F0A0FA4FF48A52084B6C
S2140174E01B681880074B1B685C80DA8007B0BDE814
S2140174F0104001B0704700BFB6590020204300205D
S2140175001C43002018430020044A0346116804481F
S214017510044A09881268006821F07DBD1C430020DA
S2140175201843002020430020044B054A1B681268BC
S2140175301988044B186821F0E1BC00BF1C430020E9
S214017540204300201843002007B5074B1B681B8803
S2140175500192064A12680092054A126821F02FFD30
S21401756003B05DF804FB00BF1C430020204300204D
S214017570184300201FB51446064A12681288CDE942
S21401758001430091044B05491B68096821F0F3FC8F
S21401759004B010BD1C4300202043002018430020E7
S2140175A0014B1868704700BF18430020024B1B6848
S2140175B018715971704700BF1843002010B5002498
S2140175C0084B1C70FEF768FC074BFF22188021460B
S2140175D0064804F0E3FD064B1C80064B1C605C600D
S2140175E09C6010BD10650020BA590020066400207A
S2140175F0B8590020BC59002007490B88FE2B9FBFB5
S214017600064AD054581C80B29DBF088000F1FF3056
S21401761080180020704700BFB8590020066400207B
S214017620F8B5094F0D463B885C18FE2C0ADC074E60
S2140176300A46A4B20146F01804F05AFC3C80641BCA
S214017640A019F8BD0020FCE7B85900200664002008
S214017650024B034A00201A60704700BF24430020F3
S214017660A0B90400014B1878704700BF58420020AB
S21401767030B4044C044D002B18BF25462B4630BCB5
S21401768022F039BBE56604003A26040070B50546CB
S21401769008460C4622F006FB611C0246024B2846B1
S2140176A0BDE8704022F027BBB96D040000B5037831
S2140176B089B0069343783E2205938378084904935C
S2140176C0C3780393037902934379019383790093F3
S2140176D0C3790448008800F07DF809B05DF804FB22
S2140176E040660400C8590020024B02460249188829
S2140176F000F056B8C8590020742C04002DE9F84350
S21401770005460F4690460024DFF84C900E4EAC42DC
S21401771001D1BDE8F883B9F8000007EBC4010822DF
S2140177200A4B22F0E8FA0134B9F80000B8F1000F6C
S21401773007D1074AA54208BF3246064900F04AF873
S214017740E5E73246F9E700BF97100400E566040056
S21401775056640400732C0400C859002070B50D4E01
S2140177600446308822F0DFFA90B10025E3070AD5F7
S21401777018B90949308800F02DF830882A4607499B
S21401778000F028F8002001351B2D4FEA5404EDD1F6
S21401779070BD00BFC8590020886304005052040021
S2140177A00EB417B505A9044651F8040B019103F070
S2140177B0AFFA01210220054AF8F7CAFF044B1C80E4
S2140177C003B0BDE8104003B0704700BF5664040024
S2140177D0C85900200EB417B505A9044651F8040B84
S2140177E0019103F095FA034B1C8003B0BDE81040ED
S2140177F003B07047C859002013B50368044658798A
S21401780000F040FF90B923685A88032A0ED0E17C25
S2140178105B79CDE900211649164AFFF7C1FF012120
S214017820204622F020FB012002B010BD637D012B13
S2140178300AD0637D33B92368228A5988587921F0A2
S214017840F8FE48B9C3200AE02368228A5988587985
S21401785021F0F8FE0028ECD0204622F066FA064B0E
S2140178601B78002BDFD110F5807FDCD0C1B2D7E7C3
S2140178706D6604006566040007650020002938B5BA
S2140178800E491D460E4B14460CBF6E227922002867
S21401789008BF0B4600200B49FFF79CFF2544AC426E
S2140178A005D1BDE8384000200749FFF779BF002021
S2140178B014F8012B0549FFF78DFFF0E7A6660400D3
S2140178C09C660400AF660400BF490400E36604003A
S2140178D02DE9F04FC27C8BB00592427D0368002AE9
S2140178E014BF8022402290F8149004468668858949
S2140178F058794F46B3F80280069200F0C3FEA0B94D
S214017900059B052B05D86FF02D03059A1341DB0760
S2140179100BD5B8F1030F08D0AA490020FFF740FFA6
S2140179200121204622F09FFA76E0E07B18B1238AF7
S214017930002B00F0B7810023DFF894B28000ABF88B
S2140179400030637DB3FA83F35B0940EAC30000F0BD
S214017950FC00FFF751FEE37B1BB3208A22F05FF9A0
S2140179608246A07CFFF748FE059A162A00F29A8105
S214017970DFE812F019009E016B005600D1016B0082
S2140179809201DA019A01E301EC01F50138010C02DA
S21401799098019801980120026602200280023801AF
S2140179A00C029A46DDE700204346874A8749FFF7DF
S2140179B0F7FE0120FFF720FE07F10209A94529D8A5
S2140179C039462A46304622F067F9074623683A4682
S2140179D05879BBF800304146C3F1FF039BB20193CF
S2140179E0238A0093069B23F0B6FC10B11FFA89F791
S2140179F0E2E723683A465879BBF800304146C3F1BE
S214017A00FF039BB20193238A0093069BFFF79CFC1E
S214017A108928EBD122F021FA01200BB0BDE8F08FC6
S214017A204FF0000B0420FFF7E7FDEB1E0893089BC1
S214017A309F424DD3BBF1000FECD1E37B277D002B9A
S214017A400CBF02220422624B1A804FF0000A042067
S214017A50FFF7D2FDD14607F1030B5D4540F29C804E
S214017A602A463946304622F017F9F3199B78EA1E62
S214017A70B344D21B07905946184692B2099321F097
S214017A8050FC0890002878D02268099B5079CDE9EF
S214017A9001B3238A41460093DDE9063221F04BFF0C
S214017AA0834642460020079B4A49FFF793FEBBF1F7
S214017AB0000F52D10AF1010A584647495FFA8AFA7D
S214017AC0FFF76EFE089B033713FA87F7BFB2C2E7CC
S214017AD02A463946304622F0DFF8F31993F8029029
S214017AE0089BF91CDA1B3144824692B2484609913A
S214017AF021F017FC079068B3236809995879CDF8E7
S214017B0008900191238A524600934146069B21F034
S214017B1062FF8146C0B10BF1010348465FFA83FB61
S214017B20FFF76AFD504622F07AF853464246002097
S214017B302849FFF735FE4A4600202849FFF730FE60
S214017B40B9F1800F3FF476AF079B033713FA87F737
S214017B50BFB26CE74FF08009DDE75846FFF74CFDF2
S214017B60079822F05CF809F101095A4600201B49E2
S214017B705FFA89F9FFF714FEA4E78720FFF73CFDBB
S214017B80079822F04CF809F1010987221349089851
S214017B905FFA89F9FFF704FE059B052B3FF43CAF1E
S214017BA0B9F1000F7FF436AFBAF1000F05D10C49D9
S214017BB05046FFF7F5FD8021B3E64846FFF71CFD6A
S214017BC028E700BFF81C0400F06604003D670400C7
S214017BD0B8590020FA6604003D66040016670400E2
S214017BE0206704000599B14AB14B0020152918BF3A
S214017BF01346CDF80080AF4AAF49FFF7D1FD059B8C
S214017C000C2B14BF16200D20FFF7F6FC2A4649461A
S214017C10304622F041F8059BB1440C2B054699F8F5
S214017C20026035D1192E28BF1926E37BB3B14FF672
S214017C30FF73278A9F4211D120682A464146069B38
S214017C404079FFF70FF9B84208D0BAF1000F05D016
S214017C5020828AF80000000A8AF801000020BBF89A
S214017C600070FFF7C9FC23682A465879059B4146F0
S214017C70A3F1150CDCF1000343EB0C03CDE9016322
S214017C80238A0093069B21F0CAFD8C4BD855C1E68A
S214017C90132E28BF1326C8E72046FDF785FB0028CC
S214017CA07FF4BAAE81213CE62046FDF739F8F6E7C7
S214017CB0B8F10A0F06EB0907A5EB090A20D1DFF890
S214017CC000B29BF80030DBB1E37BCBB9BAF1080F09
S214017CD016D12A464946304621F0DEFF80B9BB78E8
S214017CE073B9FA78E22A0BD12A4609F10401304623
S214017CF0059321F0CEFF22F09BF8059B8BF8003010
S214017D00394640461FFA8AF223F027FB00287FF403
S214017D1083AE002105E6A5EB0902404692B206EBCA
S214017D20090121F076FFF1E7A5EB0902404692B280
S214017D3006EB090121F030FFE8E7A5EB0902404612
S214017D4092B206EB090121F051FFDFE7A5EB09022C
S214017D50404692B206EB090123F001FBD6E7236801
S214017D6016F809505879238A09F1010916F80960AD
S214017D700193069B2A4641460093334621F08EFC2A
S214017D8032462946404621F009FF45E6059809F1A5
S214017D90010216F80910AB1AA0F1160568426841EF
S214017DA00039009018BF012140469BB2324421F0B1
S214017DB0F7FEABE7059B16F80950112BB14499F86D
S214017DC0017038D11220FFF717FC0026E37BB3B110
S214017DD04FF6FF73B4F81090994510D12B464246E2
S214017DE021463046FEF7C0FF484508D0BAF1000FDD
S214017DF005D020828AF80000000A8AF80100BBF844
S214017E000090DFF8B8A0C9F1FE0292B209F10103B1
S214017E1000925344424621463046CDE90257CDF8FA
S214017E2004B0FEF7D9FFBBF800300AF809000133A9
S214017E30ABF80030EEE51420FFF7DEFB0126C5E7C0
S214017E4009F101039D422FD316F809701E44003F25
S214017E5018BF0127EB1A9DB22B4632463946002041
S214017E60FFF70CFD009533463A464046218A21F03D
S214017E709BFE4BE709F101039D4215D316F80970E5
S214017E80ED1A003F18BF01271E44ADB22B463246FD
S214017E9039460120FFF7F2FC009533463A46404644
S214017EA0218A21F07FFE31E70020B6E55664040002
S214017EB0EB660400316704003B670400066400209B
S214017EC00565002038B54FF6FB750446A9424FF00C
S214017ED001019DF8100098BF43F4004321702381EF
S214017EE06260A07202230020084A0949FFF758FC85
S214017EF0E07A084B40F6CA0203EB4010FF2120F05F
S214017F0028F9BDE83840042021F03CBE4B67040048
S214017F10566704006843002030B5054685B028B989
S214017F201D4905B0BDE83040FFF73ABC0024007B90
S214017F3021F0C8FE2046194A19492C70FFF730FC7B
S214017F40184BE87AFF2103EB401020F013F9204686
S214017F50154B02019A5C22B901300428F9D121F0AF
S214017F604EFE696899B1B5F908302A899B1303F06A
S214017F7002038DF80430C2F30E03ADF806304FF657
S214017F80FF73ADF80830002301A80393884705B0B6
S214017F90BDE8304021F09BBE816704004B670400BA
S214017FA0B36704006843002028430020094803788B
S214017FB073B91946084AD3720133042B1173117031
S214017FC051601181917202F11002F4D10123037004
S214017FD0704700BF066500202843002008B5FFF75C
S214017FE0E5FF002305491A018A5C01EB03101AB16B
S214017FF00133042BF7D1002008BD00BF2843002021
S21401800070B50D460646FFF7D1FF0023094800EB81
S2140180100514A17AB14205D1217819B12B4400EBA0
S214018020031070BD0133042B04F11004F1D10020BC
S214018030F7E700BF2843002010B50446FFF7B6FF58
S2140180400E4B9C4212D003F12002944210D003F151
S214018050400294420ED060339C420DD1032308485F
S21401806000EB0310BDE81040FFF756BF0023F6E70C
S2140180700123F4E70223F2E70020F3E76843002038
S2140180802843002038B50024054D28460021054A1E
S2140180900134F8F76DF8042C05F12005F5D138BD4B
S2140180A068430020398001002DE9F34105460C465E
S2140180B017469846FFF792FF064640B91C4A1D49E7
S2140180C0FFF76EFB0224204602B0BDE8F0814FF6B2
S2140180D0FB739D420AD94FF6FD739D4204D00020E2
S2140180E0134A1549FFF75CFB4FF6FD7543462146DB
S2140180F03A46284621F084FE044600F025FE8046D6
S21401810034B1234600200A4A0C49FFF749FBDAE757
S2140181103B462046064A0A49FFF742FB0623294604
S2140181203046089ACDF80080FFF7CCFECBE700BFBB
S2140181304B670400C0670400EA6704001F68040078
S21401814048680400F7B506460C461746FFF746FF93
S214018150054638B9104A1149FFF722FB022420468A
S21401816003B0F0BD21464FF48A52304622F00DF896
S214018170044600F0E9FD34B123460020064A0849CA
S214018180FFF70EFBEBE7009004233A4631462846FC
S214018190FFF798FEE3E700BF4B670400C0670400E3
S2140181A070680400F7B506460F46FFF717FF054649
S2140181B038B9104A1049FFF7F3FA0224204603B0F3
S2140181C0F0BD002240231146304622F0BEF9044697
S2140181D022F0B9F934B123460020064A0749FFF7D1
S2140181E0DFFAEBE7009001233A4631462846FFF7CF
S2140181F069FEE3E74B670400C0670400A368040058
S21401820073B504460E46FFF7E9FE054638B9104A2F
S2140182101049FFF7C5FA0224204602B070BD0022BD
S2140182202046114622F093F9044622F08CF934B127
S21401823023460020064A0849FFF7B2FAECE7009009
S214018240234632464FF6FC712846FFF73BFEE3E72E
S2140182504B670400C0670400D16804002DE9F041B3
S2140182608846107800219EB014461D46FFF7C8FECA
S2140182700646002800F0FD800778002F7BD0B8F86E
S2140182800010002940F0F5800389B8F8022043F475
S2140182900040824240F0ED80617800296BD1A2F562
S2140182A00042062A00F2E580DFE812F0A100A100F4
S2140182B0E300E3000700B8006900E3880D3DADF870
S2140182C02430238915F00105ADF8263063798DF841
S2140182D02830E37A03F1060214F812208DF81430E0
S2140182E08DF81C2042D10BA98E46069104F10C0094
S2140182F05FFA85FC9C4500F1020009D210F8018C5A
S21401830010F802CC01350CEB082C2EF802CBEFE767
S21401831001EB43011A440891D2B2590001F10D0054
S2140183209A42C0B20BD025186D78205C783169442A
S21401833000EB0520013321F84C0CDBB2EDE7B6F972
S21401834008203389002AACBF01220322C3F30E039F
S2140183508DF808206288ADF80A3005ABADF80C2020
S214018360049302A9304621F036FD04E0424A43490F
S2140183700020FFF715FA38461EB0BDE8F081042D3F
S21401838002D83D4A3E49F3E72379053DADB29D4209
S21401839002D0394A3B49EBE7B4F802803A4A3B4BF4
S2140183A00020002D08BF13463949334ACDF8008016
S2140183B0FFF7F6F905348DF814503389B6F908201D
S2140183C006947DB1002AACBF01220322C3F30E033B
S2140183D08DF82C20ADF82E30ADF8308005AB0D931E
S2140183E00BA9BFE7002AACBF06220522EEE70B2D3C
S2140183F0C7D9D4F80200D4F8061013F4004F05AA22
S21401840003C20CBF042203228DF82C206289C3F319
S2140184100E03ADF83020ADF82E30DFE7042DB0D9CD
S2140184206388ADF8303023790533DBB29D4206D040
S2140184300020114A17490095FFF7B2F99BE70E4A4B
S21401844000201549FFF7ACF9B6F908203389002A50
S214018450ACBF01220322C3F30E03ADF82E3005ABE9
S2140184600D93631D069323798DF82C208DF8143017
S214018470B6E700277FE700BF4B670400FE680400ED
S214018480266904003A690400B62404005664040010
S214018490616904007E690400BF690400304BF0B5D1
S2140184A0B0FBF3F24FF4616503FB1200B0FBF5F38A
S2140184B0DCB205FB13033C25B3FBF5F3DBB2A0EB03
S2140184C004104B71C3EB0313A0EB83004FF4FA6364
S2140184D00B8040F201134B8001230C711F460024D0
S2140184E06425204E8871944200D1F0BD88780BB186
S2140184F002282ED006EB000C1CF801EC91F803C004
S214018500F44505BF4FF0010C01300CF1010CC0B26F
S21401851014BF5FFA8CFC88700D2881F803C016D151
S2140185200B888F7001339BB298070B8014D1B3FB75
S214018530F5F005FB103080B280B94FF4C870B3FB7C
S214018540F0FC00FB1C339BB2B3FA83F35B090134E6
S214018550C9E74FF01D0ED1E70023F8E70123F6E740
S21401856080510100E6BC040010B5044688B006A997
S214018570FFF794FF9DF81E300A4803939DF81D30BF
S214018580049402939DF81C309DF81A200193BDF8BF
S21401859018300549009300889DF81B30FFF700F955
S2140185A008B010BDC8590020D8690400026808B593
S2140185B01188154B19805188598051791971117993
S2140185C059714FF48A51D980D28812F0200F0CBF0E
S2140185D00A464FF48B528169DA800C4A137831B916
S2140185E0C0880B4923F002030880137008BD43F0CE
S2140185F00203137007481522013103F079FC0023AA
S214018600044A02F8013CF1E7BC590020106500203D
S214018610BA590020CB59002010B5184C2368587958
S21401862020F0FBFF0B2822D8154B03EB0010027B32
S214018630237F9A421BD12368428819888A4205D033
S2140186404FF6FF70814212D1120410D42279023AF9
S214018650012A06D9A37B63B9BDE810400748FFF796
S21401866037B91989587920F056F90028F2D1002037
S21401867010BD0248BDE81040FFF7BEB8EC4300202D
S2140186805842002008B520F0C8FF0B2896BF024BC1
S2140186900020185C08BD00BF1565002008B5002045
S2140186A021F010FBFF2020F0EBFF21F010FB21F062
S2140186B0B3F9FEF76BF901210246064803F06EFD99
S2140186C0054BFF21054A0648FEF7BCFEBDE80840FB
S2140186D0FEF7FEBA15650020BC590020B8590020E7
S2140186E006640020F0B5002204464FF6FF750B4FD6
S2140186F090B237F830600346AE4201D12846F0BD4D
S214018700A64209D1B4F57C4FF9D307EBC3035B88C6
S2140187108B42F4D00029F2D00132E9E724BD0400EF
S21401872010B50446FFF7DEFF094A034610884FF6E8
S214018730FF72934214BF074A2246BDE8104017BF96
S21401874002EBC30304495A680449FFF743B800BF64
S214018750C859002024BD0400FB6904002F3504001D
S214018760034B18780130C0B2187000F07F007047D4
S214018770E66F0020044A137818B143F00103137022
S214018780704703F0FE03FAE710650020014B1870EE
S214018790704700BF1365002038B1074B1B78012BCB
S2140187A004D1038843F0400303807047022BFCD1B9
S2140187B0038823F04003F7E71365002068B1074AF2
S2140187C01378012B07D1064B1B781370037843F0FF
S2140187D01003037001E0022BF8D0704712650020E9
S2140187E0116500207FB50121264B274E197033787D
S2140187F00246D90744D42549096881B10868C18869
S2140188008D0641BF224CE18841F02001E180C188FC
S2140188104C0641BF1E48C18841F04001C1801D4D34
S2140188201D492878097840074CBFE97069701B49D3
S21401883013F00204098809D0164A194821F0C4F930
S214018840337823F00203337004B070BD154B1888DB
S2140188504FF6FB73984208D80B46CDE90052014605
S2140188600B4A204620F0ABFBEEE74FF6FF73CDE94F
S214018870014200930A46074B054920F07CFBE3E7DB
S2140188800020E1E70765002010650020E84300208E
S214018890BC59002006640020E76F0020B85900206C
S2140188A0CA590020BA59002070B503790446012B35
S2140188B00D46164631D883681B78DB0600D561B3B2
S2140188C0A37B13B9E37C0B2B27D00022144B1A8011
S2140188D0637DB3FA83F35B09D800E37BABB9FEF79C
S2140188E08BFEA07CFEF788FE0B20FEF785FEE07C63
S2140188F0FEF782FE2846FEF77FFE2046FFF756FE6D
S2140189003046BDE87040FFF76DBF40F00400FEF74B
S21401891073FE208A21F083F9E3E7002070BD00BFD3
S214018920B8590020024B0A4601461868FFF7BCBF3B
S214018930E8430020F0B4054618460F4B0C461B785A
S214018940BDF81010012B0D4E01D0377827B100234A
S21401895033700020F0BC70470CB9002AF9D143B13E
S2140189604FF65743994204D02B462246F0BC21F0DD
S21401897011B90120EEE700BFE86F00201465002062
S2140189802DE9FF47664C4FF0000A25468446964679
S21401899099460F46634B644E83F800A00FCE0FC571
S2140189A096E80F00DDF8348085E80F00BDF830301A
S2140189B07246009339464B466046CDE9018400F085
S2140189C0D9F85A4E814668B90025FEF7F7FD1622FA
S2140189D00021574803F0E2FB00232846336004B029
S2140189E0BDE8F087534BA27C34601A70524B1B785B
S2140189F0002B36D021F01EFA504902465046FEF7AB
S214018A00E9FE22685046537952884D490092A28960
S214018A10FEF7E0FE504621F086F920B12368218A50
S214018A205888FFF77DFEE37B23B10020228A454963
S214018A30FEF7D0FEA36800201A78E37C4249009333
S214018A40A37CFEF7C7FE207DA289A168121A014405
S214018A500123002092B2FEF70BFE00203B49FEF7F1
S214018A609FFE2F48FFF7A2FD2D4822F06FFC05461A
S214018A7030BBB8F1000F25D12168E0880B88019042
S214018A804988BA1E032A00918CBF002201220121C7
S214018A90E07CFFF74FFF38B923685B79FF2B39D0AD
S214018AA0FFF7BAFD054690E72368DB889A06F3D4FC
S214018AB00121274C1A48217021F0D5F984F800804D
S214018AC04D4682E7B8F814309B07E5D47CE740466C
S214018AD0FEF716F807464046FDF75EFF88B12368A5
S214018AE03846228A598820F09BFD50B10C48FFF782
S214018AF05DFD23688AF804705F71FFF78DFD2843DA
S214018B00C5B209F10109FDF741FF5FFA89F8804511
S214018B10DDD35AE74FF00009DFF838A0F3E700BFCE
S214018B20EC4300200765002004BD0400E843002054
S214018B30CA590020E76F0020E56F0020146A040080
S214018B401D6A04003E6A04004A6A0400071E040007
S214018B5014650020BC5900200023054AD15C8142DF
S214018B6002D31A44507870470233DBB2F6E700BFEF
S214018B70F2BC040073B515462E781A4616F0040F9B
S214018B800CBF032605269E42089C08D9204A214987
S214018B9000960020FEF704FE002002B070BD217191
S214018BA00121BDF818302060E380A560A2812B78F2
S214018BB003F00103A3732878C0F38003E3732B78D3
S214018BC010F00400C3F3C0036375217517D028465F
S214018BD021F062F8217D20820231C9B24B1CDBB242
S214018BE023756A5C0231C9B2A2742175EB5CE37429
S214018BF0A389994205D90091054A0749C9E7208208
S214018C00ECE7079B0120A36100232377C5E700BF9C
S214018C104A2504008D6A0400A96A04002DE9F3417F
S214018C2000241F4FDFF89C80E0B221F0C2FBFF2832
S214018C3005460FD12346012102201A4AF7F788FD7F
S214018C40194B013418781EF088FE152CECD102B0B1
S214018C50BDE8F081154B46B233EA260328BF4346EA
S214018C6001210093022057F82430114AF7F770FDCE
S214018C70002EE5DA0923E340DB070AD50D4A0E4B41
S214018C8015F0010F18BF1A4601210220F7F760FD03
S214018C90D6E70A2CD4D1094A094B15F0010FF1E7A2
S214018CA03CBD0400026B0400E96F0020B6240400FA
S214018CB02A6B0400DB6A0400C56A0400F76A040034
S214018CC0ED6A04005664040008B5542200210248E7
S214018CD003F064FA002008BDB85A002008B55422F3
S214018CE0FF21024803F05AFA002008BD645A00200A
S214018CF0024B23F810100020704700BF645A002072
S214018D00002310B4074ADCB2A14203D85DF8044B35
S214018D10FFF7DABF2A2BF9D032F8024B20F81340BE
S214018D200133F0E7B85A0020002310B5054A9942EE
S214018D3001DD2A2B00D110BD32F8024B20F813407A
S214018D400133F4E7B85A0020024B187800F07F0090
S214018D50704700BF21650020034B18780130C0B270
S214018D60187000F07F0070472165002030B51C4662
S214018D7000238BB0ADF82220021D92B2012A0E9D6F
S214018D80ADF82030ADF81E10ADF81C3003D94FF603
S214018D90FF7290420FD10022CDE90352CDE90124A2
S214018DA0094B01461B784FF6FF70009307AB21F085
S214018DB01EFB0BB030BD0146CDE9015318460094A9
S214018DC007AA21F030FBF4E7EA6F002038B5054624
S214018DD04FF480500C4603F0B3FC4FF480532860E8
S214018DE0236030B940F2A511BDE83840014825F0AE
S214018DF0C3BD38BD196C040000487047965D00205D
S214018E00014B1878704700BF06700020014B188888
S214018E10704700BF8A6F0020014B1878704700BF6B
S214018E20FF6F0020014B1878704700BFF66F0020D7
S214018E30014B1878704700BFF96F0020014B187876
S214018E40704700BF26650020014B1870704700BFB1
S214018E5026650020014B1878704700BF2565002065
S214018E60014B1870704700BF25650020014B18782C
S214018E70704700BFFA6F0020014B1888704700BF8B
S214018E80886F00202DE9F74F414B424A0193424B30
S214018E90DFF844911B78DFF84481DFF844E1DFF81E
S214018EA044C13E4F3E4E3F4D3F49404802EB431AB8
S214018EB0019B524503F1200309F1200908F120081E
S214018EC00EF1200E0CF1200C07F1200706F120060A
S214018ED005F1200501930FD100221146344B324D86
S214018EE01C78344E344B314FD0B2844203F1200308
S214018EF046D803B0BDE8F08F304B314C53600023A9
S214018F0049E907432F4CDFF8E0B048E907432E4C08
S214018F10C2E902304EE907432C4C11604CE9074385
S214018F202B4C136147E907432A4C49E9050348E9F5
S214018F3005034EE905034CE9050347E9050349F82E
S214018F40201C48F8201C4EF8201C4CF8201C47F822
S214018F50201C46F8201C46E90743019C45E907B357
S214018F60DFF888B046E9050345E9050344E907B398
S214018F7044E9050345F8201C44F8201C203297E7F5
S214018F8043E9085643E9061743F8101C0132ABE7DC
S214018F9034470020544800200D70002094470020DC
S214018FA07447002054470020A4570020566404004C
S214018FB00470002059D70200D4470020B180020077
S214018FC0A9CA0300119502003920030003DB030040
S214018FD0F9B702005DA303003448002014480020BE
S214018FE0F4470020B4470020694D0300B57D020018
S214018FF0002208B5074B1A605A6021F096F9064B15
S214019000187021F092F9054B1870054B1A78054B2C
S2140190101A7008BD46570020816500208065002033
S214019020F76F00207F650020002100B593B0084649
S2140190306A460AF0AFFA0146C8B90E4B0E4A0993C2
S2140190400E4B0D920A930E4A0E4B0E920B930E4A3E
S2140190500E4BCDE90F230C930D4B6A4611930AF084
S2140190604FFD003818BF012013B05DF804FB012046
S214019070FAE700BFBDC50300AD8E0200C1C70300FD
S214019080DD5702009FA30300ADA5020021C803001F
S214019090FD880200084B1878112806D8012809D93E
S2140190A0064BC34003F001007047A0F1430358424A
S2140190B05841704700207047836500203400020045
S2140190C008B5064B1B78013B022B05D80020FFF79D
S2140190D0E1FF0138C0B208BDFF20FCE7846500202F
S2140190E0044B00F1100250F8041B904243F8041B95
S2140190F0F9D1704785650020044B03F1100253F83F
S214019100041B934240F8041BF9D170478565002083
S21401911030B5002491B0114B0546214614220BA808
S214019120CDE9094303F03AF8102209ABCDE9004432
S2140191300693CDE90452CDE90252094B09490AA822
S2140191401DF0C5FD04460AA821F0A5FE1CB1A0210C
S214019150054825F011FC11B030BD00BF0024800089
S21401916000444004856500208B6C040070B5002423
S21401917090B0154B05460E46142221460BA8CDE9A4
S214019180094303F00BF8102209ABCDE9004406931E
S2140191903146CDE90452CDE902520C4B0AA81DF026
S2140191A096FD04460AA821F076FE1CB1BA210848AD
S2140191B025F0E2FB099B102B03D0BB21044825F0C8
S2140191C0DBFB10B070BD00BF0024800000444004EB
S2140191D08B6C040030B50D4600218FB0124B04464F
S2140191E0142209A8CDE9071302F0D8FF102207AB15
S2140191F0CDE90242CDE90042049329460B4B08A86B
S2140192001DF067FD044608A821F045FE1CB1D121DA
S214019210074825F0B1FB079B102B03D0D221044849
S21401922025F0AAFB0FB030BD0024800000444004A6
S2140192308B6C0400014B93F95A007047DC560020F2
S2140192400022034B1870034B1970034B1A707047BA
S2140192509665002097650020956500202DE9F04F62
S214019260DFF89080064698F800300D4685B0002B52
S2140192703AD04FF6FB73984236D84FF0000B1C4F8E
S214019280DFF874A03C7898F800305FFA8BF94B450C
S2140192909AF8000011D9484402AA0DF10601C0B29D
S2140192A016F0DCFA082229460DEB020002F0C8FF90
S2140192B00BF1010B0028E6D14C463B78A34208D1BE
S2140192C098F80020631CDBB29A423B7004BF00236F
S2140192D03B70324629469AF800301C44E0B205B08D
S2140192E0BDE8F04F16F0A8BB05B0BDE8F08F00BF93
S2140192F09565002097650020966500202DE9F84FBA
S2140193001F4603F10C0B04460E4615460123DFF8F3
S2140193107CA00EB9BDE8F88F102EB04628BF4FF0DE
S21401932010083946184A5FFA88F951F8040B59456E
S21401933042F8040BF9D19BF8001014481170002272
S2140193408AF800308AF80E208AF80F50FFF7E0FE00
S2140193502246012301350D48EDB212F801CB10F873
S214019360011B81EA0C0102F8011C111BC9B28945D7
S214019370F3D8013409F1FF39A6EB080854FA89F449
S2140193801FFA88F6C5E700BF99650020986500209A
S2140193902DE9F04F9046914685B00090981A0293B9
S2140193A083B20193009B0F46354903F10C0453F831
S2140193B0045BA34241F8045BF9D11B78314E0B7074
S2140193C049233370019BF0731B0A3046B373FFF7D2
S2140193D09FFE0221BB460D46737888EA030373702D
S2140193E04FF0000A1DE0C5F11004A9EB0A039BB279
S2140193F0A4B29C4228BF1C4600231FFA83FCE8182F
S2140194006445C0B21FD82544EDB2A344102D544480
S2140194101FFA84FA05D1002530460391FFF778FE3E
S2140194200399CA45DFD307EB080B25B130460391F4
S214019430FFF76EFE039901294FF000050DD00121BB
S214019440DDF80490CCE71BF803C016F800E0013302
S2140194508CEA0E0C06F800C0CFE7029B09491F44B0
S214019460094B38461C78224603F036F82A46214630
S2140194703846009B05B0BDE8F04FFFF73FBF00BF81
S21401948099650020986500200E70002030B5407860
S2140194900C4601284FF0110387B001F1100516D1D3
S2140194A0144A01A90BF0B4F8234601AC2246186809
S2140194B05968083303C2AB421446F7D111230D4A4B
S2140194C0002001A90BF0A4F8002007B030BD012050
S2140194D0094A01A90BF09CF8234601AC22461868FC
S2140194E05968083303C2AB421446F7D11123024A26
S2140194F0E6E700BF75E4010079EB010030B50C46E4
S214019500407887B001284FF011030DBF0B4A0C4A73
S214019510012001A918BF01A90BF07AF8234601AA78
S21401952005AD144603CCAC4218605960224603F1DF
S2140195300803F6D1002007B030BD00BF75E4010076
S21401954079EB010010B50C4688B01A230C4A01A924
S21401955001200BF05DF821460DF10E0304F1100217
S21401956051F8040B914243F8040BF9D11A23002059
S214019570034A01A90BF04CF8002008B010BD00BF4B
S21401958024E10100F0B58BB004460D4622F08BFFB6
S214019590A8B101A813F034FF88B1667B271D16F029
S2140195A0020F05D00822384601A902F049FED0B9BB
S2140195B001AB46F0020603CB6060796066731A233E
S2140195C00A4A03A901200BF023F829460DF11603D8
S2140195D00DF1260253F8040B934241F8040BF9D11E
S2140195E000200BB0F0BD2D20FBE700BF24E10100F9
S2140195F0F0B50546071D00220C463846082193B0F3
S21401960022F0E3FE6A7B0646D0070BD5687808A9E8
S21401961021F072FBDDF83D306B60DDF841307B6098
S21401962080B10BE0910709D5D2000121384602F03E
S214019630800221F06EFBFF28687002D12D2013B046
S214019640F0BDD6B1687801A921F0EBFA9DF81C307F
S2140196505B0604D54FF4C6710A4825F08DF92346FA
S21401966003AD07AC2A4603CAA242186059601546E4
S21401967003F10803F6D10020E1E708A921F03CFB3D
S214019680CEE700BFF06C0400F0B506468BB01F486D
S2140196900F4615460024FFF72FFD002C14BF4FF090
S2140196A05C0C4FF0360C1023184801AA10F8011B69
S2140196B0013B8CEA010113F0FF0302F8011BF5D10F
S2140196C005A823F0E8FC102101AA05A823F0E7FC71
S2140196D0CCB93946324605A823F049FD2A460DF194
S2140196E0140C0DF1240E634603CB734510605160D4
S2140196F09C4602F10802F6D1631C022B4FF00104CE
S214019700CBD10BB0F0BD2A461021E4E7C865002096
S2140197102DE9F04790468946C0B09DF820414A9F02
S2140197201D46DFF880A09DF82431064622464146B4
S21401973038468AF8003002F0CFFEB9F1000F12D099
S21401974023462A4639463046FFF722FEAC4206D962
S214019750611B3346012289B27819FFF7CFFD00203D
S21401976040B0BDE8F087611B3346012289B2781903
S214019770FFF7C4FD22463946684602F0ADFE2A468A
S214019780694630462346FFF703FE9AF800200DEBA4
S214019790040108EB040002F053FD0028DFD02C2062
S2140197A0DEE700BF0E70002038B50346104601F113
S2140197B0100451F8045BA14242F8045BF9D1044954
S2140197C01BB1FFF7D3FC002038BDFFF703FDFAE716
S2140197D0C865002030B5054689B0694621F096F87F
S2140197E06B8804ACABB122462946684621F02EF8B8
S2140197F00E4A234603CB516008A98B4210601C46D3
S21401980002F10802F5D10948FFF76AFC002009B009
S21401981030BD6B46054D1A4603CAA24228606960F0
S214019820134605F10805F6D1EDE700BFC86500202F
S21401983050B10B4B0B4A03F1100153F8040B8B424A
S21401984042F8040BF9D17047064B054A03F11001A3
S21401985053F8040B8B4242F8040BF9D1704700BF52
S214019860C8650020A865002008B51022024802F04D
S2140198703FFB002008BD00BFB865002008B50846BC
S2140198801022024902F034FB002008BDB865002012
S21401989010B5044686B001A9114A112301200AF029
S2140198A0B7FE9DF8143001A8E37023F0EAFF80F0BC
S2140198B001000C4A01A96070112301200AF0A8FEDC
S2140198C09DF8143001A8A37023F0DBFF80F001009F
S2140198D0207012F021F96060002006B010BD00BFB4
S2140198E075E4010079EB010010B5044686B011233A
S2140198F0134A012001A90AF08BFEA3789DF81420D3
S2140199009A4207D08DF81430002011230C4A01A981
S2140199100AF07EFE11230B4A012001A90AF078FE07
S214019920E3789DF814209A4207D08DF81430002071
S2140199301123044A01A90AF06BFE06B010BD00BF50
S21401994079EB010075E401002DE9F04186B0064689
S21401995003A80C4614F0A2FD054600284AD1BDF81E
S2140199600C30980646D510222946204602F016FCF1
S21401997001A813F045FDC0B1777B06F1040817F086
S214019980020F06D00822404601A902F059FC002821
S2140199902ED101AB47F0020703CB7060C8F8041064
S2140199A07773238843F008032380238843F0020358
S2140199B0238013F0F5F8606022F075FD30B10E4B90
S2140199C01B68A360238843F0040323800B4B1A68AB
S2140199D0D1035EBF238843F010032380130203D50F
S2140199E0238843F400632380284606B0BDE8F0814F
S2140199F02D25F9E72425F7E784480020884800202C
S214019A0010B5D0E9023253F8223090B01C684022DB
S214019A106946204621F0E3F9034630B1224600208C
S214019A200549FDF7BDFE10B010BD012269460820AC
S214019A30FDF764FEF7E700BF6D6D040038B500F072
S214019A40AFF800280CBF6E22792200201249FDF7DC
S214019A50A7FE00F0A5F8E8B121F0D5F900280CBF63
S214019A606E22792200200D49FDF79AFE0822002079
S214019A700B49FDF795FE00250A4C234654F8042CA5
S214019A80002009490335FDF78BFE182D04F10C045F
S214019A90F3D138BD3F22E5E7A56D0400BC6D040097
S214019AA0CC6D0400AC490020EB6D040070B521F0CC
S214019AB08FF9044621490020FDF772FE2CB9204695
S214019AC0BDE870401E49FDF76BBE00F0BBF80546C9
S214019AD01C4B62690020002A08BF1A461A492668EC
S214019AE0FDF75EFEA28800201849FDF759FE1849C9
S214019AF0E2880020FDF754FEA388228913F01000A7
S214019B001ABF002013491449FDF74AFEE2680020F7
S214019B101249FDF745FE226900201149FDF740FE76
S214019B20104A114B0020B6F5817F38BF13460F4906
S214019B302A46BDE87040FDF733BE00BF206E040024
S214019B402D6E0400CC3D04004E6E04006C6E0400C5
S214019B508D6E0400AA6E0400C76E0400E56E040054
S214019B60036F0400186E04000E6E0400216F0400DB
S214019B7038B5014600230C25084A05FB03F4A01856
S214019B801459013404D10C2202F0B2F9002038BD78
S214019B900133082BF1D10120F9E700BFA8490020C5
S214019BA0034B1878012894BF00200120704700BF9E
S214019BB0DA65002038B50446044D2878A04203D063
S214019BC0214621F0E5F82C7038BD00BFDA6500208B
S214019BD000B58FB03422002101A802F0DFFA01A8F7
S214019BE0EDF74AFC0598D0B182680E4BB2F5803F7E
S214019BF034BF92B2C2F38F2241881A81028828BFED
S214019C0041F010011A6042689980DA80C268DA6011
S214019C1002691A6142695A61027E18461A760FB0C5
S214019C205DF804FB2C490020054B1B7820B1012B65
S214019C3004D80220FFF7BEBF012BFBD8704700BF38
S214019C40DA65002010B5084C237853B921F0C0F826
S214019C500123237028B10368B3F5817F24BF037EF7
S214019C602370207810BD00BFD965002070B5184B51
S214019C701B78012B2BD821F08EF8164D024616497B
S214019C800020FDF78DFD0120FFF7CEFF2E78FF2E79
S214019C901DD1FFF79DFFC8B1848860223146C4F309
S214019CA040040E482C7002F079FA602231460C48C6
S214019CB002F074FA5CB1FFF7C5FF042807D9BDE8C6
S214019CC0704040F22B11074824F056BE287070BD34
S214019CD0DA6500200F700020446F0400A8490020B8
S214019CE048490020566F04002DE9F04FDFF88892AE
S214019CF08DB003AB05460F46144699E8070083E886
S214019D000700FFF7B3FFFFF79DFF954B064693F855
S214019D1000804B46B8F1010F40F07081012840F2F7
S214019D207281B5FBF0F200FB1252002A00F06B8143
S214019D308C4900228A46D1F800C0BCF1FF3F04D00E
S214019D40087A6044854200F019810132082A01F13F
S214019D500C01F0D193E8070006AE0DF1240A86E85F
S214019D6007008AE80700FFF76DFFB5FBF0FB00FB75
S214019D701B5BA0EB0B063246394681460AA80995BD
S214019D808DF82C6002F0A8FB00224FF00C0E7649ED
S214019D9002E00132082A0ED00EFB02F000EB010CA5
S214019DA008580130F5D19AE807008CE807006F499A
S214019DB00A7801320A70A64204DD4FF4E2716C485B
S214019DC024F0DAFDA4EB09025A4437442E4491B23A
S214019DD016FA82F2B2FBF9F309FB03F3D21A8D1AD3
S214019DE049B1791907A806938DF8202002F074FB73
S214019DF006A8FFF7BDFEADB2B5B10320FFF7DAFE48
S214019E00802D0AD82A4639465A4802F065FB2A466A
S214019E103046584920F0C7FF80460220FFF7CAFEA9
S214019E2040460DB0BDE8F08F4FF00008F8E74FF45C
S214019E300E714F4824F0A0FD494B1B78012B00F012
S214019E40E980002C38D00320FFF7B4FE802C30D8F0
S214019E5022463946474802F03FFB224628464549F6
S214019E6020F0A1FF80460220FFF7A4FEDFF8FC9059
S214019E7099F8003093B1039CFFF7E4FE3A4B0025B6
S214019E801F461A68511C04D0197A411A521A944274
S214019E905FD00135082D03F10C03F2D1B8F1000FA4
S214019EA05AD1039B0133BFD003A8FFF761FE80465A
S214019EB0B6E74FF00108D6E7A046D7E70C246C4377
S214019EC03B199DF814A093F808B00AEB0B03802BFE
S214019ED02BDC284B524604A9184602F0FDFA211D38
S214019EE05A463944504402F0F7FA0C2303FB057333
S214019EF09DF814201B7A13449E421ED040F2732113
S214019F001B4824F039FD4FF001080220FFF752FEEE
S214019F1099F8003013B1013B89F800304FF0FF3358
S214019F203A193B51C2E901337AE740F26D211048F4
S214019F3024F022FD4FF00108D7E7B8F1010FE2D077
S214019F40802EE2D832460B49039820F02CFF80463B
S214019F50DBE7B8F1000FB1D04FF0010860E700BFB2
S214019F600F700020A849002048490020D86500202D
S214019F70566F0400AC480020A0BD04004FF00C0949
S214019F8009FB02A3187AA6EB00085FFA88F8A04539
S214019F9001D35FFA84F809FB02F909F1040B58446E
S214019FA042463946504402F097FA0AEB09031A7AF8
S214019FB0A4EB08044244D2B2B242A4B21A7219D136
S214019FC003200193FFF7F6FD32460AEB0B015AF820
S214019FD0090020F0E8FE00900220FFF7EBFD4FF0AD
S214019FE0FF31019B009A4AF80910C3E90111002AC2
S214019FF0B2D14744002C3FF417AF4544104B1B78B1
S21401A000012B7FF41EAFB5FBF6F306FB1353002BB3
S21401A0107FF40DAF04EB0508B8FBF6F37343B8EB1A
S21401A02003083FF40EAFA4EB08043919424604A80E
S21401A0300393A4B202F050FA8DF8148001E700BF32
S21401A0400F70002070B5134B1B78012B0CD1FFF756
S21401A0500DFE0026104D55F8043C013306D103369B
S21401A060182E05F10C05F6D1002411E00320FFF7A8
S21401A070A1FD55F8044CFFF7E5FD294602462046AA
S21401A08020F091FE04460220FFF794FD002CE6D056
S21401A090204670BD0F700020AC49002070B5054603
S21401A0A00C46FFF7E3FD0520FFF784FD2146284611
S21401A0B020F087FE06460220FFF77CFD00220A4BB1
S21401A0C02C441968481C08D0A94206D3A1423EBFB9
S21401A0D04FF0FF31C3E9001199600332182A03F1EA
S21401A0E00C03EED1304670BDA8490020D0E90232FB
S21401A0F053F8223010B51C68204600F089FA28B1C2
S21401A1002146BDE81040024800F0EEBD10BD00BF7C
S21401A110BB6F040008B5D0E9023253F82230186844
S21401A12000F060F920B1BDE80840024800F0DCBD4F
S21401A13008BD00BFDD6F0400F0B5D0E9023253F868
S21401A140221003EB82035B680F681D789BB0642DB9
S21401A15004D964210F4800F0C7FD64252A46384615
S21401A16001A900F0F7F8044680B90B4800F0BCFDE1
S21401A17001AE013DA54201DC1BB0F0BD391916F850
S21401A180012B064800F0B0FD0134F3E7044800F067
S21401A190ABFDF1E700700400207004003770040086
S21401A1A04A70040070B500258CB0284603A900F05B
S21401A1B0EDF808B10CB070BD049B2946039A0093D4
S21401A1C0234800F091FD234800F08EFD05991029E3
S21401A1D00CD810290CD8DFE801F00F14300B320B25
S21401A1E00B0B340B0B0B0B0B0B0B380020292AD057
S21401A1F0194800F079FD07E0184800F075FD0135B3
S21401A200D3E7174800F070FD0699164800F06CFD7C
S21401A2100799154800F068FD144800F065FD102404
S21401A2200DF11F0616F8011F1148013C00F05CFDF8
S21401A23014F0FF04F6D10F48DFE70F48E2E70F48B6
S21401A240E0E70F48DEE70F48DCE70F48DAE700BF34
S21401A25065700400A97004000A710400BA70040055
S21401A260CA700400197104003071040048710400BA
S21401A2705971040098100400D2700400DA700400CA
S21401A280E3700400EE7004000571040010B50B4C79
S21401A2908EB023785BB9EDF769F8014650B9012312
S21401A2A001A82370EDF7E8F8054B049A1A602078A8
S21401A2B00EB010BD034800F017FDF8E7DB6500207F
S21401A2C0EC4C00205F71040000B58FB0FFF7DEFF95
S21401A2D0002829D001A8EDF7CFF8059B1448198866
S21401A2E000F002FD059B13485969134B002908BF6E
S21401A2F0194600F0F9FC059B1048598800F0F4FC5B
S21401A300059B0F48196900F0EFFC059B0D48D968BD
S21401A31000F0EAFC059B0C48197E00F0E5FC0B4BAF
S21401A3200B48196800F0E0FC0FB05DF804FB00BFB5
S21401A3309C710400AE710400CC3D0400C0710400A1
S21401A340D4710400E8710400FC710400EC4C002098
S21401A3501072040070B5064615460C4679B172B106
S21401A360FFF794FF68B121462A463046EDF78EF98D
S21401A370014618B1044800F0B7FC012070BD212049
S21401A380FCE71120FAE700BF2272040037B5054644
S21401A3900C46FFF77BFFE0B1114B1B68AB421AD9A5
S21401A3A0CCB100212422204601F0F8FE21462846A1
S21401A3B01BF012FC88B9284601AA04F10801EDF742
S21401A3C017F920B140F20643C01A18BF012003B0A6
S21401A3D030BD1120FBE72120F9E70120F7E700BF98
S21401A3E0EC4C0020F0B593B00546FFF74FFF002870
S21401A3F03AD0254B1A68AA4207D829462348013A7B
S21401A40000F072FC212013B0F0BD05A8EDF734F87A
S21401A410284603A91BF0E0FB40BB049A22F4FF5731
S21401A420C2F30C0327F01F072BB14FF40053294644
S21401A430174800F059FC039E039BF31ABB4206D350
S21401A4402A463946134800F04FFC002418E026F04F
S21401A4506EFA4FF400513046EDF7A4F906F50053B5
S21401A460044628B91E46E7E71120CCE70120CAE7D3
S21401A470009033462A464FF40051074800F034FC5A
S21401A480201E18BF0120BEE7EC4C002050720400CD
S21401A490FE720400BD7304006C73040010B504461C
S21401A4A038B1FFF7F3FE30B10020044B1B68236080
S21401A4B010BD2120FCE71120FAE700BFEC4C00207C
S21401A4C010B50446FFF7E2FEB0B10C4B1A68A24283
S21401A4D006D821460A48013A00F006FC212010BDA4
S21401A4E026F025FA40F2C12220460649EDF740F84B
S21401A4F0003818BF0120F2E71120F0E7EC4C0020ED
S21401A50050720400284A002010B50446FFF7BEFE2C
S21401A51070B121460848EDF74BF840F20323984204
S21401A52008D040F2012398420CBF0520012010BD3F
S21401A5301120FCE70020FAE7284A00202DE9F04127
S21401A5402D4D04462F68FFF7A1FE002851D029683B
S21401A550A14207D84A1E2948214600F0C5FB212002
S21401A560BDE8F0812648ECF7E3FFDFF89480024669
S21401A570B0B943462E68964222D1BE4214BF3A462F
S21401A58006F1FF3212BB31461D48C8F80040ECF711
S21401A590AFFF014600B31B4800F0A6FB0120DFE732
S21401A5A02046ECF785FF044638B10146164800F010
S21401A5B09BFB201E18BF0120D2E7ECF7D5FDF8E77C
S21401A5C053F8041BA142DDD00132D4E70C499200B6
S21401A5D0081D01F08DFCD6E729680948ECF7A8FFAD
S21401A5E0044610B101460948D6E7ECF7BDFD204602
S21401A5F0B6E71120B4E700BFEC4C0020507204000F
S21401A600084A002003740400D97304003674040059
S21401A61070B50446FFF73AFE002844D0234B1A686B
S21401A620A24207D821462248013A00F05DFB2124C8
S21401A630204670BD1F4800F057FB26F078F940F21F
S21401A640C1221D492046ECF793FF40F2032605463A
S21401A65026F06DF965B140F203239D421AD02946D2
S21401A660164800F041FB0124154800F03DFBDFE7EA
S21401A67026F05DF929461048ECF79AFFB04209D05A
S21401A68040F20123984203D10E4800F02DFBE1E78A
S21401A6900546DFE721460C4800F026FB2046FFF77B
S21401A6A04DFF0446E0E71124C2E700BFEC4C002052
S21401A6B0507204006D740400284A00208D74040052
S21401A6C098100400BF490400A574040010B50A469A
S21401A6D0044619B1024B00211B68984710BD00BF04
S21401A6E0ACBD040010B5114C2378580744BF03F0E5
S21401A6F0FB032370990705D500F05AF8237823F059
S21401A7000203237063781BB10023094A6360536018
S21401A7100023082106486370FFF7D8FF2378DA077D
S21401A72044BF23F00103237010BD00BFF04C00208E
S21401A730F44C002038B5184C62782378022A01D1EF
S21401A740072B19D0DD0707D41CF03FFA23780546FE
S21401A75043F001032370E0B9980707D400F020F80E
S21401A7602378054643F00203237090B962780AB94C
S21401A770D90704D45A0708D50025284638BD074905
S21401A78062604A6002226270F4E743F004032370B9
S21401A790F2E7FFF7A7FFF0E7F04C0020F44C0020AB
S21401A7A00122024B002083F8F0207047FC4C002069
S21401A7B02DE9F0410A4C002526464FF001080327F3
S21401A7C02046C4F81C802776013520F047FB062D6D
S21401A7D004F12804F4D1002386F8F030BDE8F081B6
S21401A7E0FC4C00202DE9F04F9B4691B00B1E0A93BE
S21401A7F0B64B904614BF8146994600251A9E9BF893
S21401A800000070B9454538BF2A4643464FF0000060
S21401A8100A9928BF08F1FF32C847284611B0BDE89B
S21401A820F08F25280BF1010B06D02A4643460A99DC
S21401A8306C1CC8472546E2E700230CE02D2A1FD0F2
S21401A840302A05D0A2F1300009280ED8002729E0C9
S21401A85043F001038B46594611F8012B2B2A12D0DF
S21401A860ECD8202A12D0232A13D02A2A33D156F81C
S21401A870047B8B46002FBCBF43F002037F4218E0E7
S21401A88043F00203E6E743F00403E3E743F008037B
S21401A890E0E743F01003DDE70A208B4600FB0722C2
S21401A8A0A2F13007594611F8012BA2F13000092810
S21401A8B0F2D99BF800202E2A44D19BF801100BF107
S21401A8C00102A1F13000092843F4806331D8002445
S21401A8D04FF00A0C06E00027EBE702460CFB0411DA
S21401A8E0A1F13004104610F8011BA1F1300EBEF1A3
S21401A8F0090FF2D9114611F8010B6C282CD024D877
S21401A900682830D06A2837D011468B461BF8010BD1
S21401A91067285DD8572832D8452807D085D94628D4
S21401A92000F0E680472880D143F4006343F020031B
S21401A930F2E02A2907D156F8044B0BF1020224EA69
S21401A940E474D7E75A460024D4E7742801D07A285D
S21401A950DAD143F48073D8E750786C28F9D143F400
S21401A9604073911CD1E75078682802D043F08003E9
S21401A970CBE743F0C003F4E743F40073C5E7A0F167
S21401A98058020F2A3FF651AF01A151F822F000BF3D
S21401A99027AA01002BA801002BA801002BA8010063
S21401A9A02BA801002BA801002BA801002BA8010051
S21401A9B02BA801002BA8010027AA01003DAB01002E
S21401A9C027AA010015AB0100F5AA010015AB01008D
S21401A9D0A0F16901C9B20F293FF627AF012249F25A
S21401A9E0410C8A4012EA0C0218D10A2900F0E280D2
S21401A9F007297FF41AAF43F0210305930823CDE915
S21401AA0003431023CDE9012356F8043B2A4600935D
S21401AA10484643460A9920F011FB79E06F2840F03A
S21401AA202D8108220BE0582810D0622800F02481DE
S21401AA3023F0100364284FF00A0200F0278123F068
S21401AA400C0323E17828F3D11022F8E743F0200322
S21401AA50FAE7D90506F1040A01D5316802E058067D
S21401AA600CD53178CDE90224CDE9047300294FEAEB
S21401AA70D1730193B8BF4942009120E01906ECD585
S21401AA80B6F90010EEE779B1CDE907730023CDE9F9
S21401AA90042306F1070A2AF0070A06940293FAE845
S21401AAA00223CDE9002316E1D80506F1040A0FD5E5
S21401AAB0CDE90473CDE9022401913368009343463E
S21401AAC02A4648460A9920F0B9FA0AE19FAE0300E1
S21401AAD0590607D53178CDE904730023CDE9022460
S21401AAE00193C9E7316813F0800F18BF89B2F2E706
S21401AAF043F02003CDE90173073626F007060094DC
S21401AB00B6EC020B43462A4648460A99E9F748FE40
S21401AB10054674E667280ED0CDE90173073626F0A0
S21401AB2007060094B6EC020B43462A4648460A99A5
S21401AB30E9F776FCECE743F40063EDE713F0020473
S21401AB4023D04FF0010A6B1C0B932A4643460A9901
S21401AB5016F8040BC8475CB354460B9A1EE04346EE
S21401AB6020200A99C84705EB0A020AF1010A57454F
S21401AB70F5D8002F07F1FF3308BF002307F1010ABC
S21401AB801D4408BF4FF0020ADDE7A246EBE7551C5D
S21401AB90434620200A99C8472A460134A742F6D8D8
S21401ABA0A7EB0A03574538BF00230B9A1A440B92AA
S21401ABB00B9D24E63246002C52F8046B14BF214646
S21401ABC04FF0FF310B9232463144107808B1914272
S21401ABD011D1A2EB060A13F480620D9202D0A245AF
S21401ABE028BFA24613F002030E931BD1AAEB05035E
S21401ABF02A460C9308E00132E7E7531C0F93202006
S21401AC0043460A99C8470F9A0C9BD318BB42F4D304
S21401AC10A7EB0A03574538BF00230AF1010202EBEE
S21401AC20030A1D44AB1B0C9304E01C4643462A460C
S21401AC300A99C8470C9B9D1916F8010B28B10D9B64
S21401AC40002BF3D0631E002CEFD10E9B93B12A4646
S21401AC50AAEB050405E0561C434620200A99C8477E
S21401AC60324613199F42F6D8A7EB0A03574538BF59
S21401AC7000231D440B9EC2E50222E0E63FF6E2AE4B
S21401AC80692823F010037FF4D5AE0A22590548BF80
S21401AC9023F00103692803F4007102D064287FF4CD
S21401ACA0F2AE00293FF4D5AE073626F00706B246C7
S21401ACB070685AF8081BCDE9077300230593C30F84
S21401ACC00028029306940B46049202DA4B4260EB8C
S21401ACD04000CDE9003043462A4648460A9920F00E
S21401ACE0EFF9054656468AE50FB41FB506AA52F88F
S21401ACF0043B02A90392009204484FF0FF32FFF78B
S21401AD0071FD05B05DF804EB04B0704761B1030056
S21401AD101FB5034600914FF0FF3203A90248FFF723
S21401AD2061FD05B05DF804FB61B103001FB5CDE917
S21401AD300201009302A9134603484FF0FF32FFF7C2
S21401AD4051FD05B05DF804FB69B103001FB5094B61
S21401AD50094A1868094B01A91860094B1360094A8A
S21401AD600192094A1268CDE902231BF0D5FF05B00E
S21401AD705DF804FB106C0020C43D0020C83D002097
S21401AD80046C00200EAB0400AC500020014B186888
S21401AD901BF0D6BF106C002038B5F1F73FFB044618
S21401ADA0064D2B68D3F8B002F1F72CFB28681BF090
S21401ADB0DAFF2046BDE83840F1F724BB106C0020CE
S21401ADC010B51F4CEFF744FA236F012023F0070359
S21401ADD043F002032367EFF749FAD4F82031002045
S21401ADE023F0070343F00103C4F82031D4F84031BF
S21401ADF023F0030343F00103C4F84031D4F8603173
S21401AE0023F0030343F00103C4F86031D4F8403261
S21401AE1023F0030343F00103C4F84032D4F80032B0
S21401AE2023F0070343F00103C4F80032D4F80832D4
S21401AE3023F0070343F00103C4F8083210BD00BF36
S21401AE4000800050064B1B681A7A022A01D81AB9EC
S21401AE507047032A00D070471B68024A1360704788
S21401AE60146C0020AC50002070B51E4DA6B010AC7E
S21401AE700FCD0FC495E807001B4B84E807001B4A5B
S21401AE800221CDE902234FF480330024CDE90413D7
S21401AE904FF4A023CDE907440994069317AD06AEF7
S21401AEA00FCECDE90C440E940FC5114B0BAE2B60A3
S21401AEB0104B1CAD0B930FCE0FC520200E4B10AAC6
S21401AEC02B600E4B17A921930D4B2494CDE9220339
S21401AED00C4B0D4825930D4B009302ABF1F7ECFD9F
S21401AEE026B070BDE8D404002201010100C005505F
S21401AEF024C00550020005003CC00550DC6500205A
S21401AF0000010100286C002064510020B050002090
S21401AF10831E012B10B50C4619D8012917D801211B
S21401AF20174B04221B6C0846C3F34003EFF7D2FA13
S21401AF3024B1144B18680368F3B910BD114B186897
S21401AF400368002BF9D0BDE81040F1F783BDA31EBE
S21401AF50012B0CD80128F0D8BDE810400121084B80
S21401AF6000221B6C0846C3F34003EFF7B3BA002C6C
S21401AF70E4D0012CDDD0E0E7BDE810401CF04CBC6D
S21401AF8000C003503C6C002008B504490448F2F7A1
S21401AF9081FABDE80840FFF767BF00BF406C00209C
S21401AFA08C51002001481CF0B7BC00BF6451002042
S21401AFB0014B5A6A186810476451002008B501F021
S21401AFC05DFF0022014B1A7008BD00BFFC65002022
S21401AFD00A46014920F034B9E5D504000A4601497C
S21401AFE020F02EB9E0D504000A46014920F028B920
S21401AFF0D9D504000A46014920F022B9D6D5040065
S21401B0000A46014920F01CB9D3D504000A46014975
S21401B01020F016B9CED504000A46014920F010B931
S21401B020C9D504000A46014920F00AB9C4D504006E
S21401B0300A46014920F004B9BDD5040081F000415B
S21401B04002E000BF83F0004330B54FEA41044FEA07
S21401B050430594EA050F08BF90EA020F1FBF54EAA2
S21401B060000C55EA020C7FEA645C7FEA655C00F03E
S21401B070E2804FEA5454D4EB5555B8BF6D420CDD0F
S21401B0802C4480EA020281EA030382EA000083EA92
S21401B090010180EA020281EA0303362D88BF30BD32
S21401B0A011F0004F4FEA01314FF4801C4CEA113188
S21401B0B002D0404261EB410113F0004F4FEA0333E7
S21401B0C04CEA133302D0524263EB430394EA050F72
S21401B0D000F0A780A4F10104D5F1200E0DDB02FAE1
S21401B0E00EFC22FA05F2801841F1000103FA0EF275
S21401B0F0801843FA05F359410EE0A5F120050EF13B
S21401B100200E012A03FA0EFC28BF4CF0020C43FA6B
S21401B11005F3C01851EBE37101F0004507D54FF078
S21401B120000EDCF1000C7EEB00006EEB0101B1F5C8
S21401B130801F1BD3B1F5001F0CD349085FEA30000E
S21401B1404FEA3C0C04F101044FEA445212F5800F19
S21401B15080F09A80BCF1004F08BF5FEA500C50F1B6
S21401B160000041EB045141EA050130BD5FEA4C0C99
S21401B170404141EB0101013C28BFB1F5801FE9D2F6
S21401B18091F0000F04BF01460020B1FA81F308BF19
S21401B1902033A3F10B03B3F120020CDA0C3208DDE5
S21401B1A002F1140CC2F10C0201FA0CF021FA02F1C0
S21401B1B00CE002F11402D8BFC2F1200C01FA02F130
S21401B1C020FA0CFCDCBF41EA0C019040E41AA2BF55
S21401B1D001EB0451294330BD6FEA04041F3C1CDA1D
S21401B1E00C340EDC04F11404C4F1200220FA04F03D
S21401B1F001FA02F340EA030021FA04F345EA0301E7
S21401B20030BDC4F10C04C4F1200220FA02F001FAA8
S21401B21004F340EA0300294630BD21FA04F029462A
S21401B22030BD94F0000F83F4801306BF81F48011C3
S21401B2300134013D4EE77FEA645C18BF7FEA655C36
S21401B24029D094EA050F08BF90EA020F05D054EA08
S21401B250000C04BF1946104630BD91EA030F1EBF0D
S21401B2600021002030BD5FEA545C05D14000494111
S21401B27028BF41F0004130BD14F580043CBF01F504
S21401B280801130BD01F0004545F0FE4141F47001EA
S21401B2904FF0000030BD7FEA645C1ABF19461046C5
S21401B2A07FEA655C1CBF0B46024650EA013406BFC6
S21401B2B052EA033591EA030F41F4002130BD00BF85
S21401B2C090F0000F04BF0021704730B54FF4806442
S21401B2D004F132044FF000054FF0000150E700BFC3
S21401B2E090F0000F04BF0021704730B54FF4806422
S21401B2F004F1320410F0004548BF40424FF000010F
S21401B3003EE700BF42004FEAE2014FEA31014FEA51
S21401B31002701FBF12F07F4393F07F4F81F06051A0
S21401B320704732F07F4208BF704793F07F4F04BFEB
S21401B33041F40021704730B54FF4607401F00045C8
S21401B34021F000411CE700BF50EA010208BF704728
S21401B35030B54FF000050AE050EA010208BF704719
S21401B36030B511F0004502D5404261EB41014FF482
S21401B370806404F132045FEA915C3FF4D8AE4FF08A
S21401B38003025FEADC0C18BF03325FEADC0C18BF6D
S21401B390033202EBDC02C2F1200300FA03FC20FABE
S21401B3A002F001FA03FE40EA0E0021FA02F114440B
S21401B3B0BDE600BF70B54FF0FF0C4CF4E06C1CEA24
S21401B3C011541DBF1CEA135594EA0C0F95EA0C0F95
S21401B3D000F0DEF82C4481EA030621EA4C5123EA08
S21401B3E04C5350EA013518BF52EA033541F4801137
S21401B3F043F4801338D0A0FB02CE4FF00005E1FBEA
S21401B40002E506F00042E0FB03E54FF00006E1FB33
S21401B41003569CF0000F18BF4EF0010EA4F1FF0476
S21401B420B6F5007F64F5407404D25FEA4E0E6D41B6
S21401B43046EB060642EAC62141EA55514FEAC520C7
S21401B44040EA5E504FEACE2EB4F1FD0C88BFBCF543
S21401B450E06F1ED8BEF1004F08BF5FEA500E50F1F4
S21401B460000041EB045170BD06F0004646EA0101BA
S21401B47040EA020081EA0301B4EB5C04C2BFD4EBEC
S21401B4800C0541EA045170BD41F480114FF0000EE5
S21401B490013C00F3AB8014F1360FDEBF002001F053
S21401B4A0004170BDC4F10004203C35DA0C341BDCCD
S21401B4B004F11404C4F1200500FA05F320FA04F09F
S21401B4C001FA05F240EA020001F0004221F00041D3
S21401B4D010EBD37021FA04F642EB06015EEA430E46
S21401B4E008BF20EAD37070BDC4F10C04C4F1200576
S21401B4F000FA04F320FA05F001FA04F240EA020029
S21401B50001F0004110EBD37041F100015EEA430EF9
S21401B51008BF20EAD37070BDC4F1200500FA05F219
S21401B5204EEA020E20FA04F301FA05F243EA020398
S21401B53021FA04F001F0004121FA04F220EA0200A7
S21401B54000EBD3705EEA430E08BF20EAD37070BDED
S21401B55094F0000F0FD101F00046400041EB0101CD
S21401B56011F4801F08BF013CF7D041EA060195F0AF
S21401B570000F18BF704703F00046520043EB030369
S21401B58013F4801F08BF013DF7D043EA0603704756
S21401B59094EA0C0F0CEA135518BF95EA0C0F0CD061
S21401B5A050EA410618BF52EA4306D1D181EA0301A7
S21401B5B001F000414FF0000070BD50EA410606BFA1
S21401B5C01046194652EA430619D094EA0C0F02D1E6
S21401B5D050EA013613D195EA0C0F05D152EA03362B
S21401B5E01CBF104619460AD181EA030101F0004149
S21401B5F041F0FE4141F470014FF0000070BD41F092
S21401B600FE4141F4780170BD70B54FF0FF0C4CF46B
S21401B610E06C1CEA11541DBF1CEA135594EA0C0F8A
S21401B62095EA0C0F00F0A7F8A4EB050481EA030ED7
S21401B63052EA03354FEA013100F088804FEA0333BE
S21401B6404FF0805545EA131343EA12634FEA02228C
S21401B65045EA111545EA10654FEA00260EF000414D
S21401B6609D4208BF964244F1FD0404F5407402D29F
S21401B6705B084FEA3202B61A65EB03055B084FEA30
S21401B68032024FF480104FF4002CB6EB020E75EB2D
S21401B690030E22BFB61A754640EA0C005B084FEA55
S21401B6A03202B6EB020E75EB030E22BFB61A7546D2
S21401B6B040EA5C005B084FEA3202B6EB020E75EB1D
S21401B6C0030E22BFB61A754640EA9C005B084FEA95
S21401B6D03202B6EB020E75EB030E22BFB61A7546A2
S21401B6E040EADC0055EA060E18D04FEA051545EA91
S21401B6F016754FEA06164FEAC30343EA52734FEA3A
S21401B700C2025FEA1C1CC0D111F4801F0BD141EAB2
S21401B71000014FF000004FF0004CB6E711F4801F17
S21401B72004BF01430020B4F1FD0C88BFBCF5E06FF7
S21401B7303FF6AFAEB5EB030C04BFB6EB020C5FEA07
S21401B740500C50F1000041EB045170BD0EF0004E5C
S21401B7504EEA113114EB5C04C2BFD4EB0C0541EA8E
S21401B760045170BD41F480114FF0000E013C90E68B
S21401B77045EA060E8DE60CEA135594EA0C0F08BF4F
S21401B78095EA0C0F3FF43BAF94EA0C0F0AD150EA4E
S21401B79001347FF434AF95EA0C0F7FF425AF1046E1
S21401B7A019462CE795EA0C0F06D152EA03353FF409
S21401B7B0FDAE1046194622E750EA410618BF52EA86
S21401B7C043067FF4C5AE50EA41047FF40DAF52EA5A
S21401B7D043057FF4EBAE12E74FF0FF3C06E000BFF7
S21401B7E04FF0010C02E000BF4FF0010C4DF804CD04
S21401B7F04FEA410C7FEA6C5C4FEA430C18BF7FEAC4
S21401B8006C5C1BD001B050EA410C0CBF52EA430CF1
S21401B81091EA030F02BF90EA020F0020704710F171
S21401B820000F91EA030F58BF994208BF90422CBF00
S21401B830D8176FEAE37040F0010070474FEA410CF9
S21401B8407FEA6C5C02D150EA013C07D14FEA430C17
S21401B8507FEA6C5CD6D152EA033CD3D05DF8040B88
S21401B860704700BF8446104662468C4619466346BA
S21401B87000E000BF01B5FFF7B7FF002848BF10F191
S21401B880000F01BD4DF808EDFFF7F4FF0CBF0120D6
S21401B89000205DF808FB00BF4DF808EDFFF7EAFF52
S21401B8A034BF012000205DF808FB00BF4DF808ED0D
S21401B8B0FFF7E0FF94BF012000205DF808FB00BF02
S21401B8C04DF808EDFFF7CEFF94BF012000205DF88C
S21401B8D008FB00BF4DF808EDFFF7C4FF34BF012099
S21401B8E000205DF808FB00BF4FEA410212F5001286
S21401B8F015D211D56FF47873B3EB625212D94FEAB1
S21401B900C12343F0004343EA505311F0004F23FA9A
S21401B91002F018BF404270474FF00000704750EAEF
S21401B920013005D111F0004008BF6FF000407047AC
S21401B9304FF00000704700BF4A0011D212F5001206
S21401B94011D20DD56FF47873B3EB62520ED44FEA71
S21401B950C12343F0004343EA505323FA02F07047F1
S21401B9604FF00000704750EA013002D14FF0FF302F
S21401B97070474FF00000704753B94AB9002908BF15
S21401B98000281CBF4FF0FF314FF0FF3000F0B2B976
S21401B990ADF1080C6DE904CE00F006F8DDF804E020
S21401B9A0DDE9022304B070472DE9F04F8C46099E6D
S21401B9B004460F46002B48D18A4215465ED9B2FA94
S21401B9C082F33BB1C3F120029F409D409C4020FA88
S21401B9D002F217434FEA154E1FFA85FC220CB7FBFD
S21401B9E0FEF10EFB117701FB0CF042EA0742904292
S21401B9F007D9AA1801F1FF3702D2904200F2588106
S21401BA003946121AA4B2B2FBFEF00EFB102200FB5E
S21401BA100CFC44EA0244A4450BD92C1900F1FF3270
S21401BA202CBF01270027A44502D9002F00F043812F
S21401BA30104640EA0140A4EB0C0400211EB1DC4094
S21401BA400023C6E90043BDE8F08F8B4206D90EB14C
S21401BA50C6E9000100210846BDE8F08FB3FA83F17C
S21401BA60002951D16345C0F01681824240F213810C
S21401BA700846002EE7D0C6E90047E4E7002A00F0B2
S21401BA80AF80B2FA82F3002B40F0C2808A1A4FEAE6
S21401BA90154EAFB20121200CB2FBFEFC0EFB1C22A0
S21401BAA040EA024207FB0CF090420ED9AA180CF1AC
S21401BAB0FF382CBF4FF001094FF00009904203D91F
S21401BAC0B9F1000F00F0F080C446121AA4B2B2FB1E
S21401BAD0FEF00EFB102200FB07F744EA0244A742E1
S21401BAE00ED92C1900F1FF322CBF4FF0010E4FF08A
S21401BAF0000EA74203D9BEF1000F00F0D280104617
S21401BB00E41B40EA0C4099E7C1F120058B400CFA92
S21401BB1001F400FA01F922FA05F72CFA05FC8A402D
S21401BB201F4320FA05F3380C23431FFA87FE1C0C2B
S21401BB30BCFBF0F800FB18CC44EA0C4408FB0EFCF6
S21401BB40A4450ED93C1908F1FF3A2CBF4FF0010B62
S21401BB504FF0000BA44503D9BBF1000F00F0B880ED
S21401BB60D046A4EB0C041FFA83FCB4FBF0F300FBF5
S21401BB70134403FB0EFE4CEA0444A6450ED93C19B9
S21401BB8003F1FF302CBF4FF0010C4FF0000CA6451F
S21401BB9003D9BCF1000F00F09F80034643EA08403A
S21401BBA0A4EB0E04A0FB02EC64457346E04602D308
S21401BBB007D1F14505D2BEEB02036CEB070C013849
S21401BBC0E0465EB1B9EB030264EB080404FA05F53E
S21401BBD022FA01F3CC401D43C6E90054002132E7A6
S21401BBE042082F464B08AC4642EAC172AE46C4072D
S21401BBF0110C92B241EA034142EA0142B1FBF5F16E
S21401BC00B3FBF5F01F23A2EB0C0241EA004142E729
S21401BC109D40C3F1200299409C402CFA02FC4FEA59
S21401BC20154E20FA02F2AFB2BCFBFEF80A430EFB39
S21401BC3018CC110C41EA0C4108FB07FC8C4550D985
S21401BC40691808F1FF302CBF4FF001094FF00009C9
S21401BC508C4502D9B9F1000F30D0A1EB0C01B1FB34
S21401BC60FEF808FB07FC0EFB181192B242EA0142ED
S21401BC70624534D2AA1808F1FF312CBF4FF00109F2
S21401BC804FF000096245BED2B9F1000FBBD1A8F151
S21401BC9002012A44B7E7841A6CEB03020120174617
S21401BCA0E7E62C4402382BE7ACF1020C2A440CE7F9
S21401BCB002392A44A5E62C440238BAE6A5EB0C0C58
S21401BCC0A8F102006144B1FBFEF808FB07FCCAE7D5
S21401BCD0A8F102083C4444E7023B3C445EE7414687
S21401BCE091E7A1EB0C014046B1FBFEF808FB07FC0F
S21401BCF0B9E700BF704700BF2DE9F04F924685B007
S21401BD0089461E460D46554A0390294615F8014BAD
S21401BD10135D13F00803F8D12D2C7CD02B2C4ED0BC
S21401BD204FF0FF3102936FF00043CDE9001336F078
S21401BD30100851D037464FEAE6783A464346DDE9E1
S21401BD400001FFF719FE002383468E461846194662
S21401BD50A44613E0ACF13704A6421FDD002B09DB35
S21401BD6083457EEB010305D38E4508BF83453BD152
S21401BD70A24239DA4FF0FF3315F801CBACF13004AB
S21401BD80092CE9D9ACF14104192CE3D9ACF16104D1
S21401BD90192C03D8ACF15704A642DFDC5A1C2FD06D
S21401BDA0029A12B1404261EB4101BAF1000F03D091
S21401BDB0002B48D1CAF8009005B0BDE8F08F4FF0CF
S21401BDC0FF30029336F010086FF000432C7801F133
S21401BDD00205CDE90003ADD1302C25D0002E3AD195
S21401BDE00A27B0463E46A8E700FB08F307FB0133E7
S21401BDF0A0FB07010B44201843EBE4710123BBE7CA
S21401BE002223039A1360BAF1000F17D005F1FF3908
S21401BE10DDE90001CEE74FF00047009301232C78BF
S21401BE208D1CCDE9017382E72B7803F0DF03582BD5
S21401BE300CD086B90827B0463E467EE7DDE900010C
S21401BE4005B0BDE8F08FCDE90001DFE710276C787B
S21401BE5002353E4671E710273E466EE7EDD50400F3
S21401BE604AE700BF10B4044C13460A460146206850
S21401BE705DF8044B40E700BF646C002010B4044C2E
S21401BE8013460A46014620685DF8044B34E700BFB6
S21401BE90646C002020F0030110F00300C0F10000E4
S21401BEA051F8043B00F1040C4FEACC0C6FF0000291
S21401BEB01CBF22FA0CF213434FF0010C4CEA0C2C77
S21401BEC04CEA0C4CA3EB0C0222EA030212EACC1257
S21401BED004BF51F8043B0430F4D0C2F1000102EA79
S21401BEE00102B2FA82F2C2F11F0200EBD2007047E1
S21401BEF088420ED98B1883420BD900EB020C002A1C
S21401BF006ED0624613F801CD994202F801CDF9D1FF
S21401BF1070470F2A0FD8034602F1FF3C002A5FD074
S21401BF200CF1010C013B8C4411F8012B614503F81F
S21401BF30012FF9D1704740EA01039B0751D1A2F1C5
S21401BF40100301F1200C70B523F00F0501F1100E5E
S21401BF5000F110041B09AC445EF8105C0EF1100EE3
S21401BF60103444F8205C5EF81C5C44F81C5C5EF8F7
S21401BF70185C44F8185C5EF8145CE64544F8145CFA
S21401BF80EAD1013312F00C0F02F00F0C01EB031192
S21401BF9000EB031329D0ACF1040C1C1F8E462CF0C9
S21401BFA003064FEA9C0C1E445EF8045B44F8045FEB
S21401BFB0B442F9D10CF1010402F0030203EB84034D
S21401BFC001EB840102F1FF3C4AB10CF1010C013B8B
S21401BFD08C4411F8012B614503F8012FF9D170BD8E
S21401BFE0704702F1FF3C03469AE76246EAE700BF64
S21401BFF02DE9F04780460C464548264614F801EBE5
S21401C00010F80EC01CF0080CF7D1BEF12D0F5BD056
S21401C010BEF12B0F3AD0654633F010003ED04FF0FC
S21401C020FF379A46B7FBF3F703FB07F96FEA0909EF
S21401C030002630460EE0AEF1370C63451DDD002EBE
S21401C04004DBB84202D833D1CC4531DD4FF0FF36A0
S21401C05014F801EBAEF1300CBCF1090FEDD9AEF1DD
S21401C060410CBCF1190FE6D9AEF1610CBCF1190F08
S21401C07003D8AEF1570C6345E1DC731C1CD005B147
S21401C08040420AB1F6B91160BDE8F08733F01000FE
S21401C09094F800E0654606F10204C0D1BEF1300F07
S21401C0A017D06BBB0A234FF005091A4F9A46BFE714
S21401C0B000FB0AC00126CBE722233046C8F8003031
S21401C0C0002AE1D0611EDEE794F800E00125B41CE9
S21401C0D0A2E7207800F0DF00582807D083B90823AC
S21401C0E04FF007096FF060479A46A1E7102394F8CE
S21401C0F001E04FF00F0902346FF070479A4697E758
S21401C10010234FF00F096FF070479A4690E700BF73
S21401C110EDD50400999999196AE700BF10B4044C4B
S21401C12013460A46014620685DF8044B60E700BFE7
S21401C130646C002010B4044C13460A46014620687D
S21401C1405DF8044B54E700BF646C00200F4B70B5DC
S21401C1500F4DAB42A3EB050607D0B6100024013401
S21401C16055F8043B9847A642F9D80A4D24F0E8FD55
S21401C170094B5E1BAB424FEAA60606D000240134EB
S21401C18055F8043B9847A642F9D870BD4470002084
S21401C19044700020447000204870002070B5860767
S21401C1A047D0541E002A3ED0CAB2034601E0013CE5
S21401C1B039D303F8012B9D07F9D1032C2CD9CDB225
S21401C1C00F2C05EB052505EB054535D9A4F1100C1B
S21401C1D003F1100E1A462CF00F064FEA1C1CB6444B
S21401C1E0C2E90055C2E9025510327245F8D10CF188
S21401C1F0010214F00C0F04F00F0C03EB021213D023
S21401C200ACF1040323F003030433134442F8045B44
S21401C2109342FBD10CF003042CB1C9B21C4403F8C1
S21401C220011BA342FBD170BD64461346002CF4D11A
S21401C230F9E703461446C0E71A46A446E0E700BFFE
S21401C240032A30B415D941EA000484460B46A407F4
S21401C25004D0541E0FE0043A032A08D91946604652
S21401C26053F8044B5CF8045BA542F4D0F1E7604652
S21401C2701946541E7AB1431E0139021901E09A4249
S21401C28009D013F8010F11F801CF6045F7D0A0EBE4
S21401C2900C0030BC7047002030BC704780EA010CAF
S21401C2A01CF0030F37D110F0030C20F0030021F02F
S21401C2B0030150F8042B08BF51F8043B0ED08CF054
S21401C2C0030C6FF07F434FEACC0C23FA0CFC51F8B9
S21401C2D0043B42EA0C0243EA0C0300BFA2F1013C14
S21401C2E09A4201BF2CEA020C1CF0803F50F8042B46
S21401C2F051F8043BF2D04FEA02604FEA12220128BD
S21401C30028BFB0EB036F08BF1B0AF4D003F0FF038E
S21401C310000EC01A704710F0030F0AD010F8012B58
S21401C32011F8013B012A28BF9A42F4D0A2EB030080
S21401C33070474DF8045D50F8042B01F0030521F019
S21401C340030151F8043B022D26D04DD822F07F453B
S21401C350B5EB132FA2F1013C2CEA020C0DD11CF017
S21401C360803C08BF51F8043B0AD185EA0205B5EBCB
S21401C370036F0CD150F8042BE8E74FEA13235BE078
S21401C3803CF07F4C54D10B784FEA126554E04FEAEB
S21401C390126503F0FF034FE04FEA0245A2F1013CAC
S21401C3A04FEA15452CEA020CB5EB134F18D11CF0D9
S21401C3B0803C08BF51F8043B07D185EA0205B5EB7E
S21401C3C0034F09D150F8042BE6E75FEA0C4C2FD156
S21401C3D00B884FEA12452FE04FEA03434FEA124516
S21401C3E04FEA134328E000BF02F0FF05B5EB136FD9
S21401C3F0A2F1013C2CEA020C0DD11CF0803C08BFD6
S21401C40051F8043B0AD185EA0205B5EB032F0AD1A0
S21401C41050F8042BE8E74FEA13630DE012F0FF0F24
S21401C42006D051F8043B4FEA122523F07F4303E080
S21401C4304FF0000020BC704705F0FF0203F0FF003C
S21401C440012828BF904204BF2D0A1B0AF4D0A2EB94
S21401C450000020BC704700BFCAB384460B4630B507
S21401C46004460843800719D09CF800000C78A042C7
S21401C47012D150B3012A28D0E64603E01CEB030F85
S21401C48023D010B31EF8010F11F8014FA2EB0E03D3
S21401C490A04203F1FF33F1D0001B30BD032A07D8B9
S21401C4A0E2E7043A11D01EF0803F0ED1032A10D9DC
S21401C4B02068194653F8045BA446A0F1013E0434F3
S21401C4C0A8422EEA000EECD0CEE7002030BD104682
S21401C4D07047A4461946C7E7844641EA000313F0AD
S21401C4E0030349D1403A23D30B6803604B6843608A
S21401C4F08B688360CB68C3600B6903614B694361DA
S21401C5008B698361CB69C3610B6A03624B6A4362C1
S21401C5108B6A8362CB6AC3620B6B03634B6B4363A9
S21401C5208B6B8363CB6BC36340304031403ADBD2C5
S21401C53030320BD30B6803604B6843608B688360B3
S21401C540CB68C36010301031103AF3D20C3205D3E9
S21401C55051F8043B40F8043B043AF9D2043208D0BF
S21401C560D2071CBF11F8013B00F8013B01D30B8831
S21401C57003806046704700BF082A13D38B07B1D0EB
S21401C58010F00303AED0C3F10403D21ADB071CBFBD
S21401C59011F8013B00F8013BA4D331F8023B20F827
S21401C5A0023B9FE7043AD9D3013A11F8013B00F860
S21401C5B0013BF9D20B7803704B7843708B7883700C
S21401C5C0604670472DE9F04F82468E463F487546D5
S21401C5D01EF801BB10F80B4014F00804F7D1BBF1AC
S21401C5E02D0F5BD0BBF12B0F6FF0004904BF9EF8F7
S21401C5F000B005F1020E33F0100010D1BBF1300F80
S21401C60004D0002B5ED10A231F4609E09EF80000E5
S21401C61000F0DF0058284ED0002B53D108231F46C8
S21401C6200025B9FBF7F6284607FB16980EE0ABF196
S21401C630370C63451DDD002D04DB864202D321D174
S21401C640E0451FDA4FF0FF351EF801BBABF1300CA9
S21401C650BCF1090FEDD9ABF1410CBCF1190FE6D9CC
S21401C660ABF1610CBCF1190F03D8ABF1570C634564
S21401C670E1DC6B1C0AD004B140420AB1CDB91160AD
S21401C680BDE8F08F07FB00C00125DDE72223CAF8CD
S21401C69000305AB10EF1FF314846F0E79EF800B07F
S21401C6A04FF0004905F1020E0124A4E74846BDE813
S21401C6B0F08F8146EEE710239EF801B00EF1020ED0
S21401C6C01F46ADE710231F46AAE700BFEDD50400BD
S21401C6D0242B02D8012B00D074E710B500F06CF8BB
S21401C6E016230360002010BD10B5242A084C1346FB
S21401C6F0246807D8012A05D00A4601462046BDE827
S21401C70010405FE700F058F816230360002010BDC4
S21401C710646C002010B5242A084C1346246807D8F8
S21401C720012A05D00A4601462046BDE8104049E7E1
S21401C73000F042F816230360002010BD646C002050
S21401C740024B014618681BF011BB00BF646C002049
S21401C750024B014618681BF00CBB00BF646C00203E
S21401C76008B5064B044613B1002100F081F8044BCE
S21401C7701B6803B19847204619F0C5FA71C8010035
S21401C780CC520020002301461A46184600F01AB87B
S21401C79038B5074D074C2C1BA41005D0013C55F8A5
S21401C7A0043D9847002CF9D1BDE8384024F0CEBAB4
S21401C7B04C70002048700020014B1868704700BF7D
S21401C7C0646C0020F0B5264C83B006460F462568FB
S21401C7D005B36C681F2C3FDCA6B1D5F8880048B3BA
S21401C7E0D0F800114FF0010C40F82420022E00EB87
S21401C7F084020CFA04FC4CEA0101C0F80011C2F8EC
S21401C800803010D0631C002002346B6045F8247021
S21401C81003B0F0BD13491448216010B10068C1F897
S21401C8208800104DD5E7D0F8043143EA0C03C0F870
S21401C8300431E7E70D49CDE9002369B14FF484706F
S21401C840FFF77EFF40B100216C68C0E94011DDE9C9
S21401C8500023C5F88800C5E74FF0FF30D8E700BFD2
S21401C8605C530020D05200200000000041C70100A8
S21401C8702DE9F04FDFF8B49083B0D9F8006096B395
S21401C880884601907568D6F888706C1E2BD40135E1
S21401C89007F1800B06EB8505B8F1000F26D173680A
S21401C8A02A68013BA3423BD000232B60BAB1D6F8DD
S21401C8B004A05FB30123D7F80011A3400B4225D093
S21401C8C0D7F8040157F8241003422BD1019890475A
S21401C8D07368D9F8002053451ED1B2421CD1013CE1
S21401C8E0043D631CD8D103B0BDE8F08F4FB15BF8AF
S21401C8F024304345D3D0013C043D621CF3D0002FC5
S21401C900F5D1013CEFD3013CFBD2ECE790477368CD
S21401C910D9F800205345E0D0002AE4D01646B1E706
S21401C9207460C3E708469047D2E700BF5C53002017
S21401C930431E033306D8044B984228BF1846642882
S21401C94038BF6420704700BF40420F0038B5194B0E
S21401C95005461B680C4603B1984744B1236833B1BA
S21401C9601B68013303D0E3680BB1A3684BB91FF012
S21401C97023F900204FF4C172412100F0FFF9212074
S21401C98038BD204602F04AFC00230B4A85F83C31AC
S21401C990C5E93743C2E9003363694BB1074A42210F
S21401C9A010684FF4D272C31A5842584100F0E6F9A3
S21401C9B00020E5E7CC550020C06800203056002056
S21401C9C0F8B5044623F0B1FE002607460E4B1B6859
S21401C9D093B19E68AEB196F82420D20711D435469D
S21401C9E00FCC0FC50FCC0FC523682B6096F82430EB
S21401C9F043F0010386F82430384623F091FE304692
S21401CA00F8BD1B68E4E700BFB86C002010B504460B
S21401CA1018B9054B054A136010BD00F0D9FCD4F8CF
S21401CA20E830002BF6D1F4E763B30300B46C0020C2
S21401CA30014B1868704700BFC068002008B5024661
S21401CA400868FFF775FF08604868FFF771FF4860E0
S21401CA508868FFF76DFF8860C868FFF769FF0B6994
S21401CA60C860581C03D00B48834228BF03460B619D
S21401CA704B69581C03D00748834228BF0346886980
S21401CA804B61FFF755FFBDE808408861104601F08D
S21401CA907BBC00BF40420F00D0F8E0302DE9F041EA
S21401CAA005460C4613B1C38D8B424CD0D5F8DC300D
S21401CAB0002B4BD09E68002E48D0D868002845D061
S21401CAC0013800B200281ADB002106E0128A591C40
S21401CAD0A24217D209B2884211DB0B1803EBD373BB
S21401CAE05B1003EBC30206EB8202B2F80EC003F141
S21401CAF0FF3EA445EAD90FFA8EF08842EDDA2120EE
S21401CB00BDE8F0814FF6FF7299B29142F7D09BB221
S21401CB1003EBC30306EB83062846B6F9122095F805
S21401CB203011D5F8F080EEF773FA0746B8F1000F2A
S21401CB3004D00023324628461946C047EC85C5F87E
S21401CB40E06085F839710020BDE8F0810E20BDE86F
S21401CB50F08100BF2DE9F04782B004460F46164625
S21401CB6001F086FE002863D14F4D2B68D4F8DCA077
S21401CB70D4F8E0800BB1534576D04FF00009AF6092
S21401CB8001F09EFE0128074665D120461EF053FFA0
S21401CB90002851D12B68DAF80010D8F8002013B11C
S21401CBA0186888426BD020461EF0F7FEC5E900A83B
S21401CBB0D4F8F0508DF80760002D67D0002220468B
S21401CBC011460DF10703A847204600F0EDFF054684
S21401CBD0B9F1000F0FD076B9D4F88C300BBB012F0A
S21401CBE005D025B1314B002103205B6898472846C4
S21401CBF002B0BDE8F087B5FA85F040F2075233215E
S21401CC00400900F0BBF83146204601F00BFA284BEC
S21401CC1005461B68414620469847D4F88C30002BC1
S21401CC20DDD000224FF40073204600F0E1FBD6E78A
S21401CC3000231D4D6B6098E794F82530DA07A9D5D7
S21401CC40D4F894305B05A5D51A4B01220021204665
S21401CC501B6898479EE70021012000F001FC01F0C7
S21401CC602FFE0128FBD190E76B68002B85D043454A
S21401CC7083D1AB689F4215D04FF001097FE7696801
S21401CC8011B10968914291D059688CE794F82A103D
S21401CC9094F839313246994228BF1946204600F0A9
S21401CCA0D1FE91E70025A2E7C0680020C06C0020F5
S21401CCB0B46C0020D0550020F8B50F46054623F089
S21401CCC034FD394606462846FFF7E6FE044620B1FF
S21401CCD0304623F025FD2046F8BD01F0A7FD22468B
S21401CCE039462846FFF736FF04460028F0D1284685
S21401CCF01EF0A1FE0028EBD095F8253013F00103B5
S21401CD000DD0D5F8942052050DD5B5F82A21BA4292
S21401CD1005D0B5F82C31DB1BB3FA83F35B09034A64
S21401CD2082F8C430D4E72346F9E700BF001E00B0FE
S21401CD3013B5044669461EF042FC20461EF086FDE9
S21401CD40FF28024606D020469DF80010EEF7DEF9D1
S21401CD5002B010BD0048FBE70080FFFF38B5044D68
S21401CD60044C054B286021601A6023F033F938BD66
S21401CD7060550020BC6C00206455002010B550B9E9
S21401CD800548064B0160064802601868054B1860A6
S21401CD901868FFF7E3FF10BDBC6C0020BC560020EE
S21401CDA064550020605500202DE9F0418AB001ACA1
S21401CDB005460B462746194A02F1200C26461068FE
S21401CDC05168083203C662453446F7D1002B08BFC6
S21401CDD03B46002710681C463060384603F10C06B7
S21401CDE090B95FFA87F84246284621881EF026FE4B
S21401CDF050B942462846E1881EF031FE20B9424627
S21401CE00314628461EF03DFE0137032F06F108067F
S21401CE1004F10204E4D10AB0BDE8F08110D70400A1
S21401CE20F0B589B005460E461EF03AFE044600BB34
S21401CE3001AC06F10C070FCF0FC497E8070084E892
S21401CE40070001A92846FFF7F9FD2846311D1FF006
S21401CE5001F8044648B92846074901F057FA04463E
S21401CE6018B9284601F0C6FD044628463168FFF782
S21401CE709BFF204609B0F0BD08D7040001491EF00B
S21401CE80F1BB00BFC5E9010070B5164E0328044684
S21401CE900D4633781ED023FA04F202F00102AA42AC
S21401CEA01DD053B10122A240A54023EA02032B4321
S21401CEB0DBB233704BB1012070BD2DB10A4B01209E
S21401CEC01B6898473378EDE73570074B00201B68E1
S21401CED09847F0E79A07DED003F0FC03E9E7002065
S21401CEE070BD00BFFD650020A455002038B504467E
S21401CEF00D4605F077FD60B101F0C6FC48B9012D7D
S21401CF0007D801201EF077FD0D4B1B6823B15B6827
S21401CF1098470C4B1C7038BD23F057FD0A4B1A6816
S21401CF20801A186022F0D2F94FF47A72074B1B6808
S21401CF3002FB00301EF094FB012001F0ADFCE8E797
S21401CF40C8550020117000209C550020A0550020D7
S21401CF50F8B505460C4623F0E8FB104F06463B782D
S21401CF6033B1012D04D01CB90D4822F003F93C70F1
S21401CF7021462846FFF788FF0A4B04461B783BB933
S21401CF803B782BB91EF02BFD10B1074B1B68984759
S21401CF90304623F0C5FB2046F8BD00BFFE650020E5
S21401CFA078550020FD650020C06C0020054A0B4620
S21401CFB0117831B100211170034A012152681878A5
S21401CFC010477047FE650020C06C0020124B0239E6
S21401CFD0012910B518701ED805F004FDD8B101F06E
S21401CFE053FCC0B101F034FAA8B90C4B1C6834B13B
S21401CFF023689847BDE8104000201EF0FCBC1EF0D8
S21401D0002DFB074B186023F0E0FC064B186020460A
S21401D01001F042FCEEE710BD11700020C85500205B
S21401D020A05500209C55002038B5044680B123F059
S21401D0307CFB01210446084621F03EFD01210B4AF6
S21401D04008461AF066FF2046BDE8384023F068BB64
S21401D05023F06BFB05462146012021F02DFD012022
S21401D0602146024A1AF055FF2846EDE7ECAB0400CC
S21401D070F0B585B023F059FB344D04462B7823B127
S21401D080334822F077F8002852D122F0FDF802AAA0
S21401D09003A91EF08EFC0346002838D01EF09DFC26
S21401D0A0029B98421CD100202A4B03991B682A4EEA
S21401D0B09942307020D90027C91A012324482B70C1
S21401D0C0264A3346CDE9007723F057FC002837D1AE
S21401D0D0234A1378D90701D53178F9B1204611E0F2
S21401D0E01EF079FC029B984228D000231846194965
S21401D0F0194A0968137003910121FFF7C5FE002341
S21401D10020462B7023F00CFB002005B0F0BD204616
S21401D1102B7023F005FB212005B0F0BD03F0FE03C4
S21401D1201370002BDAD10F4B1B6898472046E9E7AE
S21401D130204623F0F5FA0E2005B0F0BD0220B3E735
S21401D140032320462F703370F3E700BFFE650020EF
S21401D150785500209855002010700020ADCF0100B2
S21401D160FD650020A455002038B523F0DEFA0F4DEA
S21401D17004462B789BB90E4A0E4913700E4B0F4A84
S21401D1800F481A600F4A5A60F0F784F90E490F48A3
S21401D190F0F780F90E4B0F4A1A6001232B70F0F757
S21401D1A083FA204623F0BCFA002038BDFF65002034
S21401D1B0FE65002034D70400C06C002071D0010049
S21401D1C06855002051CF01003CD70400705500205F
S21401D1D0A455002029D001002DE9F0438F78804620
S21401D1E00F2F0C4685B003D9212005B0BDE8F0838A
S21401D1F027B90123374A00201370F6E70D784E78D9
S21401D200EDB9002EF0D194F90310E08803F00AF886
S21401D2102128E9D055EA0603A088DFF8C89013D084
S21401D22003F064F84FF60403B9F8002001469A4269
S21401D2304BD1AE42334638BF2B4600262DE0082D93
S21401D240D2D8082ED0D8DEE703F050F84FF6040502
S21401D25001464FF60500204A136E9BB2AB4208BF4B
S21401D2600346B1F5803FA9F800300FD902230825FF
S21401D270136680230126C2F880302B4649084FF6F4
S21401D280FF720139914228BF114608E0802301262A
S21401D29008251666C2F880302B460029EFD10022F9
S21401D2A002920122013FFFB2009201972A4608F13D
S21401D2B0F80002F0B7FE1EB14FF48012074B5A6514
S21401D2C0074BA2681A60022394E703480266A9F88E
S21401D2D00030AEE70066002000C001B800D001B8FB
S21401D2E0B0550020926F002010B50446D0F81821E2
S21401D2F00B4B4FF40061C3F8A82090F82420D2010C
S21401D30002F4006205F0D2FA94F8243013F0100FFC
S21401D3104FF4007314BF034A034A136710BD00BFDE
S21401D320001E00B0001002B8002002B8431C07D04F
S21401D3306FF0FF02034B10401A62A3F58053186288
S21401D340704700BF00E000B8F8B504460F46164621
S21401D35023F0EBF90546A047044620B1284623F002
S21401D360DFF92046F8BD04F07FFC04220549D1F818
S21401D370D83E23EA07033343C1F8D83E024B1A6767
S21401D380ECE700BF001000B0002002B800F0180360
S21401D390182B0AD003070AD440F2011310F010002C
S21401D3A018BF1846034B186570470020FAE701209E
S21401D3B0F8E700BF001F00B0044B1868830654BF8F
S21401D3C0C0F30F204FF6FF70704700BF985600203D
S21401D3D038B10368044A002B08BF1346034A13609A
S21401D3E07047014BFAE700BFABB60300CC6C0020D8
S21401D3F010B4D0E9544122400B4052EA030104D054
S21401D40003495DF8044B096808475DF8044B70470B
S21401D410CC6C00200F2938B505460C460ED801F015
S21401D4204FFA01280CD1074A2846D36B23F00F0385
S21401D4302343D3631EF043FB002038BD2120FCE7C5
S21401D4400220FAE7001F00B0014B186C704700BFBE
S21401D450001F00B0014B002019647047001F00B088
S21401D46003282DE9F347884655D82C4B13F800902E
S21401D4702B4B1E5C2B4B13F800A023F056F90746E6
S21401D48004F03EFB054640B100230022CDE90033FF
S21401D49001200023002104F079F904F039FB48B19A
S21401D4A000230022CDE90033002000234FF4004181
S21401D4B004F06CF96EB31C4BDC6C04F008041B4BD7
S21401D4C03146DC64484604F02DFC52463146484657
S21401D4D004F092FC164BDC646DB1164B1868D0F85C
S21401D4E09410F83003F06EFA13490868FFF71EFF30
S21401D4F04FF0FF330B60B8F1000F04D00F4B002143
S21401D50003205B689847384602B0BDE8F04723F031
S21401D51007B93446D3E702B0BDE8F0874CD704001C
S21401D52048D7040044D70400004000B8006000B8A3
S21401D530005000B8BC560020C86C0020C06C00200B
S21401D5400F4A136F13F0A00F15D1506F10F004009F
S21401D55013D10C4BD3F8D83E23F07F4323F0FF03BF
S21401D5605BB1D368C3F30362092A07D0B2F10C009A
S21401D57018BF01207047002070470120704700BF88
S21401D580000002B8001000B070B50D46064620B97E
S21401D5901A4B1B68A3B10E2011E001F091F9012886
S21401D5A029D1174B93F90040C4F11C04641BC4F144
S21401D5B01C03002BB8BF5B42232B0CDD212070BD62
S21401D5C081EAE173A3EBE173DBB2232BF6D80C4BB4
S21401D5D019700020F3E786F8285023F0A6F8094AC8
S21401D5E0E402D36904F4FF2423F4FF231C43D4612B
S21401D5F023F096F8EDE70220E1E700BFBC560020D5
S21401D6000166002000C000B818B9034B93F900006A
S21401D610704790F9280070470166002010B504464F
S21401D6201EF009FA10B1012001F0D4F92046FFF7E7
S21401D6305BFE23F07AF80A4A0121D2F8A0300446AC
S21401D64023F02003C2F8A0300222064B08469A6057
S21401D650054B5B689847204623F062F8002010BD12
S21401D660001E00B0001002B8C06C0020064B5A6ABB
S21401D670920207D4D3F8803013F4706F14BF0120E0
S21401D6800020704701207047004001B8F8B50E46EB
S21401D690D0F8943002EA010423EA01032343C0F8D8
S21401D6A09430464A01F00B0323EA0401D164234077
S21401D6B0A2F58052D3647207054610D50121FFF703
S21401D6C0D5FF60B104F0D0FA4FF4007314F0040FE4
S21401D6D014BF3B4A3B4A536204223B4B1A67F3068C
S21401D6E006D514F0100F14BF00221B22374B5A65C3
S21401D6F037061DD5200616D54FF40012304B1A6298
S21401D700012203F58053C3F8002123F00EF80E2101
S21401D7100746032003F09EF840F201222B4B3846C1
S21401D720DA6222F0FDFF214605F1F80003F04AF91E
S21401D730F10503D5E2052AD503F05CF8B30503D558
S21401D740A70527D503F062F816F48C6F1DD014F4E4
S21401D750806224D095F82530DC070CD5EA8DB5F823
S21401D7602A31934219D0B5F82C31981A43424341D5
S21401D770174A82F8C430D5F8E41028461DF096FF03
S21401D7808022144BD864144B1A610020F8BD03F0B4
S21401D7902BF8D3E703F034F8D6E70123E8E7710561
S21401D7A0E9D595F82530DB07E5D5094B114683F811
S21401D7B0C4200A4B28461B689847DCE7006000B87F
S21401D7C0005001B8006001B8002002B8004000B85F
S21401D7D0001E00B0001F00B0000002B8D0550020A7
S21401D7E0014B1868704700BFBC55002037B522F0C2
S21401D7F09CFF002401230022CDE9003400230546C6
S21401D8001946104603F0C2FF022002F0E7FA064B63
S21401D81021461C60054B02205B689847284622F08B
S21401D8207FFF204603B030BDC4550020C06C0020E9
S21401D8302DE9FF4102290D4616469846039004D16C
S21401D840FFF7D4FF04B0BDE8F08122F06EFF1E4F53
S21401D85004463B683BB1B34205D022F061FF00238A
S21401D86021203B60EEE7194B0022C3F800803E60A2
S21401D870002301264FF0000810461946CDE9006640
S21401D88003F084FF124B022083F8008002F0A6FA10
S21401D89043462A46022003A902F0BEFA0D4B039A1C
S21401D8A01A6008B92046D8E70B4D2B6898472128FF
S21401D8B004D0204622F034FF0020C3E731466B68CF
S21401D8C002209847F5E700BFC4550020C055002048
S21401D8D003660020BC550020C06C0020044B5B6E24
S21401D8E05B054EBF0120034B187800F0010070471E
S21401D8F000C001B8036600200A78022A11D0101F62
S21401D9004242424152004B781201022B0BD0191FA2
S21401D9104B424B415B000549054842EA8312FFF73B
S21401D92013BD0122EFE70123F5E700BFF0FFFF007B
S21401D93009E901000B78022B10D0181F434243411E
S21401D9405B004A78022A0BD0111F4A424A41520014
S21401D9500F21044843EA8202FFF7F6BC0123F0E7F1
S21401D9600122F5E735E901002DE9F8430E78044672
S21401D970042E0D4690F830810BD100275FFA87F907
S21401D980484601F07DFD08B14E4602E00137042FFE
S21401D990F4D1304601F074FD002849D094F83031B6
S21401D9A0B34209D1AA88D4F8A8309A4204D16A8829
S21401D9B0B4F832319A4238D084F83061AB883046B8
S21401D9C0A4F834316B88A4F83231AB8804F5987525
S21401D9D0C4F8A830FF2384F82B301EF021F984F810
S21401D9E02A00284601F078FC18BB284601F03EFDC7
S21401D9F0F8B9D4F8E03053B194F83011414506D067
S21401DA002046B3F91220EDF703FB84F839012046CE
S21401DA1001F09AFE0949A4F834010123084AD1F815
S21401DA20FC1004F1F80003F0AFFC0020BDE8F88319
S21401DA3021200C2384F83031F8E700BF001F00B026
S21401DA40581F00B0F8B5054690F830010C460C2872
S21401DA50164623D0FF2923D01AB14FF0FF32114BBF
S21401DA601A601EF0DDF8074695F8300101F068FDF2
S21401DA70844228BF0446E4B2BC4238BF3C46E0B20A
S21401DA8085F82B0001F002FEFF280CBF212400249C
S21401DA9016B9284601F068FD2046F8BD0224FBE7CA
S21401DAA02124F9E7D06C002010B590F830310446F7
S21401DAB00C2B43D0D0F8E03080F82A10D3B3D0F83E
S21401DAC0F020CAB990F839318B421BD30022204688
S21401DAD0FFF7B8FF40BB1A4B1B78022B23D8204612
S21401DAE001F032FE17490123174AD1F8FC1004F160
S21401DAF0F80003F049FC16E0B0F94220B3F9123001
S21401DB009A42E3DD0022204694F83911FFF79AFF86
S21401DB1050B9C4F8E00020461DF0CBFC4FF6FF7369
S21401DB209842014601D1002010BD2046BDE81040B4
S21401DB30FFF7C2B8FF2380F82B30F4E70220F3E7A3
S21401DB40966F0020001F00B0581F00B0F0B51D46AC
S21401DB50144B04461B780F46164685B05BB1D0F8C9
S21401DB60E030E3B102AAB3F912300092002218F0B5
S21401DB70EDFE05B0F0BD02A91DF021FD9DF80810CF
S21401DB803A462046EDF744FA014626B92A4620468B
S21401DB90FFF758FFEDE72046FFF786FFE9E718464F
S21401DBA0E7E700BFC2AD0400D0F89C30012B01D1DD
S21401DBB00020704770B5044665498CB01EF065F8C4
S21401DBC0D4F8E0600146E58DC4F8E40026B1336878
S21401DBD013B15B68002B71D122F0A7FD22F0A0FDE6
S21401DBE00123D4F8E4108DF80630B389D6E9012074
S21401DBF0EB1A9BB200FB03225648ADF804300368CB
S21401DC0000928B4207D020461DF050FD80225249DB
S21401DC10524BC8641A61514D00F052FE0128FBD1E7
S21401DC20AB689E06F8D420469DF80620009906AB00
S21401DC3003F0E6F800283ED100F042FE0128FBD1B1
S21401DC40464A136FD801FCD493689906F9D46846FE
S21401DC5006A903F08DFA054668BBE28D404B5A646F
S21401DC6094F8243060F3410384F8243000F0EEFF8A
S21401DC70D4F8E0305969431E0E68DBB2FD2B0296DC
S21401DC8022D9F31C34D84B68FF2803935ED10126B2
S21401DC90DA1C25D8024602A920461DF01FFFE6B968
S21401DCA0D4F8543199053FD494F8243043F0020354
S21401DCB084F8243011E002200CB070BD1A68032AE3
S21401DCC08AD99B6A5B0E8EE74B6801280393DED0E8
S21401DCD00246204602A91DF001FF00200CB070BDCF
S21401DCE00133204B5B6816D0DA1C23D80393D1E7A7
S21401DCF01C4B01361B6818BF0126DD1C06D8029393
S21401DD004B68FF280393C3D00020C3E7FF284B6866
S21401DD1019D00393C3E7DD1C0FD80246204602A99B
S21401DD2003931DF0DBFEBBE720464FF480311EF067
S21401DD305DF8D2E7FF28B2D1E6E7FF28B0D100228E
S21401DD40204602A9EDE701200393A1E72A46C0E792
S21401DD50FC1F00B0AC550020001F00B0000002B848
S21401DD60008001B8D86C002010B50C4619B11DF022
S21401DD7062FE00B10434204602F0B8FA024B40427B
S21401DD80C3F8C80E002010BD001000B0838E70B519
S21401DD9093420C4615461CD3836C8B4208BF002465
S21401DDA022F0C3FC4FF49C530B490646CA68C2F3E3
S21401DDB00362D340DA0702D50B6F9B0304D401221A
S21401DDC02946204601F016F8304622F0A9FC00202C
S21401DDD070BD2120FCE700BF000002B82DE9F84F16
S21401DDE0064615460B4611B92120BDE8F88F002AD4
S21401DDF0FAD0032905D8002201F05EF9034600286F
S21401DE00F2D01C889978B4F5804F01F0070080F0B5
S21401DE10C580A0F1070C1A7993F805A0DF88DCF11C
S21401DE20000343EB0C0305282B7394BF0023C1F3B7
S21401DE300013C1F3801C6B738B0985F810C003F0C7
S21401DE400203C1F3C00C43EA0C03C1F340116B7427
S21401DE50A974AF82002A40F0828096F81E31013BF9
S21401DE60DBB2EB74D6F89430DF0600F18380063817
S21401DE7001287FD8B6F81280F76908F1FF38484BB9
S21401DE80083C04EA08045B6D3B5D0134802B0EBF41
S21401DE906FF07F03323B5BB2AB730023AB6096F847
S21401DEA0279004EA0804B9F1000F61D1631D03EA63
S21401DEB008035A1C02EA0802BA5CFB5C43EA022326
S21401DEC0D9040FFA83FB4CD5D6F8E43013B11B689E
S21401DED0022B05D841F24D724C210020FEF74EFF71
S21401DEE0D6F8E420CBF30B0392F82420DB000AB12A
S21401DEF0B3FBF2F39A4508D83BB1CAEB0A2ABAFB40
S21401DF00F3FA6FEA0A0A5FFA8AF9D6F8EC3023B117
S21401DF10484695F90E1098478146631C85F80F9080
S21401DF2003EA0803F95C013303EA0803FA5C0133E8
S21401DF3003EA080341EA0221FA5C013303EA080313
S21401DF40F85C41EA0241002341EA00616A7C3046FE
S21401DF5003F0D8FA06232860AB71002045E7531E6C
S21401DF607EE717F804904FEA49095FFA89F9CCE78A
S21401DF709946D2E700230020EB730A4B5A69C2F395
S21401DF800723120448BF63F0FF035AB212F1800F51
S21401DF901CBF323B5AB2AA730346DCE7022024E7D1
S21401DFA0004000B800C000B838B5148811F0030569
S21401DFB04FEAC40422D13F2C20D9B4FA84F4C4F128
S21401DFC01903DBB2052B01D8192C15D0052B28BF58
S21401DFD0052301240633DBB29C40C4F3CF03138030
S21401DFE003828161448700F02DFF054A631E2343A7
S21401DFF0C2F8A430284638BD2B46EAE72125F9E7C2
S21401E000001E00B011F5004F1FBF01F30E01044BB7
S21401E010C1F30E01002014BF99642120704700BF90
S21401E020008001B8F8B504460E4619B990F82430B8
S21401E0305A063FD44FF6FF73618ED4F8E4709942C6
S21401E04004D0314B1B680BB1204698472F4D2B68E7
S21401E050BB424DD02E4B1B683BB11FB13A68002A1C
S21401E06048D0BF683946204698470727204601F022
S21401E0706BFB002E32D006270126264B94F928206A
S21401E08093F900302449C3F11C039B1ACA69DB02C9
S21401E09022F4FF2203F4FF231343CB61D4F8E430C8
S21401E0A01E4A2B601E4B976720461E701DF007FD0B
S21401E0B00020F8BD4FF6FF71144DD0F8E4702A68C1
S21401E0C066F386139742418680F8243017D0104BAA
S21401E0D01B68002BC1D101F037FB072711493B46CE
S21401E0E0114AD1F8FC1004F1F80003F04DF9C2E72B
S21401E0F00127BBE71746204639469847B5E701F0A2
S21401E10023FB0127EAE700BFB8550020AC550020E5
S21401E110B45500200166002000C000B8006000B8B9
S21401E12002660020001F00B0581F00B0054A1268A2
S21401E1301AB190F81E1119B91047084602F0AABB89
S21401E14001487047A855002000FEFFFF344B2DE91B
S21401E150F7431C6801F4007900F00103174653EAFF
S21401E160090206460D4635D04FF000083BB30023A2
S21401E170002200210120CDE9008803F007FB0420DE
S21401E18001F02CFE41462046FFF7D0FF0122414612
S21401E190208610461DF03FF9D4F8941004F1F800DB
S21401E1A002F010FC1F490868FFF7C0F84FF0FF3374
S21401E1B00B6094F8243043F0040384F82430B9F15A
S21401E1C0000F07D0012120461DF010FE25F4007532
S21401E1D006430D432B4632462046FFF709F9FB0757
S21401E1E00FD51149114A08680021136811600121F1
S21401E1F00F4A117003B198470E4B002102205B684D
S21401E200984717F00E0F08D04FF409723B210020F3
S21401E21003B0BDE8F043FEF7B1BD03B0BDE8F0833F
S21401E220BC560020C86C0020C0550020C4550020F4
S21401E23003660020C06C002008B548220021024871
S21401E240FDF7ACFF002008BDDC1E00B073B57821D9
S21401E2506422A0F8141182210C23C0E94112C0E9FE
S21401E2604322C0F8002107224FF0FF35002680F830
S21401E27030314FF6FF730446C28700F14C028264C8
S21401E2801E4AC385A0F8403080F82C30438642638E
S21401E290038780F82860C0F8A850458580F8265086
S21401E2A003F03EFC2046FFF7C7FF94F928102046EE
S21401E2B0FFF76AF9602340F6FF71114A2046D364DE
S21401E2C002F11C42D162D1650E4A2946D36440222E
S21401E2D00D4B1A67D4F89420FFF7D8F90E230022C5
S21401E2E0CDE9003340F202231046194603F04EFAF8
S21401E2F001F0E2F8304602B070BD00BF4000FFFFFB
S21401E300004000B8005000B8002002B810B50C4616
S21401E310FFF792FFBCB1A378082B16D8E278082A3B
S21401E32013D843EA021313F0FF030CBF19466168C2
S21401E330074AC2F8DC10217882F82011617882F849
S21401E340233182F82111002010BD2120FCE700BFF7
S21401E350001E00B0012A10B512D8032B10D803EB0B
S21401E36082020123074C934094F82201DBB221B1CB
S21401E3700343002084F8223110BD20EA0303F8E7A6
S21401E3802120F9E7001E00B0034670B50C68B0F80E
S21401E3903421013408BFD3F800418D6808BF0C60F2
S21401E3A04C68F830013404BFD3F80C414C606E1C45
S21401E3B03CD1D3F80841CE688C60751C3CD1D3F8AB
S21401E3C004510E69CD60013604BFD3F8F8600E61C2
S21401E3D04E69013604BFD3F8FC604E618E69013682
S21401E3E004BFD3F810618E618E695EB35A32B242B1
S21401E3F038BF32460E688A6116B15A2E38BF5A2681
S21401E400C3F808414C68C3E94065C3E943420A6959
S21401E410C3F8F8204A690C49C3F8FC20D1F8FC106F
S21401E42007230A4A02F0B0FF002070BD02F15A0429
S21401E430AC4238BF2C46BEE702F17805B54238BF7C
S21401E4403546BEE76422D5E7001F00B0581F00B06E
S21401E45070B522F06AF904460B4E00F031FA012835
S21401E46005D0204622F05CF90225284670BDF368E7
S21401E47013F0706FC3F30365EFD1B36ADB06ECD517
S21401E480204622F04DF9F0E7000002B838B522F038
S21401E4904CF94FF6FF710A4A13888B4203D122F0DA
S21401E4A03FF90E2038BD074C074D1B046566A4F5E1
S21401E4B080546366118022F033F90020F2E700BF32
S21401E4C0946F0020006001B80000FFFF2DE9F743BC
S21401E4D004460F4615461E46FFF732F830B3A38AA8
S21401E4E023B320461DF0ADF878B9002E40F0F28037
S21401E4F0794BD3F8D83E03F03002102A00F0EA80B8
S21401E50003F0C003402B00F0E580DFF80082D8F866
S21401E5101430D90740F1DE8022F007F906460320C1
S21401E52001F058FD30B1304622F0FAF8022003B06F
S21401E530BDE8F083D8F8142012F00608F3D130466F
S21401E54022F0EEF8644B4FF400612046D3F8D89ED3
S21401E550D3F8AC6E04F0BEF940B14FF4007201215D
S21401E5605E4B08461A6742461CF055FF94F8253064
S21401E570DA0707D5D4F894305B0542BF4FF4002282
S21401E580574B1A6739462046FEF796FB524BC3F89F
S21401E590D89EC3F8AC6E0028C9D194F824309806EA
S21401E5A001D4002D57D0C5F3400003F023FB02230E
S21401E5B015F4807F1BBF0021494A484A136717BFDD
S21401E5C0484A13675161136303F04EFB4FF48063AF
S21401E5D015F0040F14BF444A444A15F0400F536225
S21401E5E04FF004023D4B28461A674FF0400314BF14
S21401E5F03F4A404AC2F88830FEF7C8FE20461DF062
S21401E6004AF938B14FF4807315F0010F14BF344A3C
S21401E610324A1367A90647D54FF6FF72B4F8403061
S21401E62093420FD0344A3549526E100CC2F3011290
S21401E6300132B3FBF2F308802B4A2C4930481B0405
S21401E64048665366003D18BF012594F8243065F3EB
S21401E650451384F8243020461DF0EDF9F0B120462C
S21401E6601DF019F9D0B14FF40031204604F032F90B
S21401E670431C03229BB2234801A91DF094FA9DF87E
S21401E680042002F00703052B9DF8053015D112076B
S21401E6900DD443F480731C4AC2F8B830002003B08E
S21401E6A0BDE8F0431DF08CBAFFF7F0FECAE713F0A1
S21401E6B0040F09D19DF80630EBE703F03002202A5B
S21401E6C005D113F0010FF4E74FF48073E3E79DF8EB
S21401E6D00630E0E70E202AE7001000B0002002B85E
S21401E6E0001002B800400054005001B8006001B8A4
S21401E6F000D000B800E000B8004001B8946F0020D8
S21401E7000000FFFF08400054001E00B000C001B822
S21401E7102DE9F3410646884615461F4622F005F8C0
S21401E7200446032001F056FC38B1204621F0F8FFDC
S21401E7300E24204602B0BDE8F081042001F04AFC18
S21401E7400028F2D1204621F0EBFF01232A4641465C
S21401E7503046FFF7BBFE04460028EAD1DFF8C88042
S21401E7605FB388F8000039463046FEF735FD0028CD
S21401E7704CD198F80030012B1CD02022244B1A676C
S21401E780244BDB6CB3F5817F1FD201201DF059FAB3
S21401E79021F0CBFF204B06461B680193CBB901F055
S21401E7A093FC15F0800526D101F0E0FC284603F025
S21401E7B0F5F925E003F008FABBE798F80030012BDD
S21401E7C0F8D0002BD9D12124B3E78022134B1A614C
S21401E7D0DBE7042001F002FB00230122042001A94B
S21401E7E001F01AFB0028DAD103F056FA212430464C
S21401E7F021F096FF9DE70022094B9A6701F0B6FCCF
S21401E800084B01215B6800209847F0E7044690E733
S21401E810001002B8001F00B0B0550020000002B87A
S21401E82000C001B8C06C00200066002008B50C4B83
S21401E830D3F84C114B1C12D011F080410FD1094B6B
S21401E8401B6813B10320FEF70BFE4FF080624FF4F6
S21401E8500071054BDA67054AD16201225A6108BD8B
S21401E8600080E00FBC560020001002B8004000B83F
S21401E8704FF40022034B186F03F500531A67C0F3D9
S21401E880C0407047000002B8024B586900F0010012
S21401E890704700BF00C001B8084B5A69D10707D5B9
S21401E8A008B901F077BA5B69DA0706D401F064BAF1
S21401E8B05B69DB0701D40028F8D1704700C001B8B6
S21401E8C00F4BDB68C3F30363013B0B2B0FD8DFE869
S21401E8D003F006060C06060606080A0808080220C3
S21401E8E07047042070470520704703207047054B8A
S21401E8F05B6913F0060F0CBF01200420704700BFB0
S21401E900000002B800C001B8094AD368C3F3036324
S21401E9100B2B08D06FF49050184100F0010080F0E6
S21401E920010040007047106F10F48030EDD1704741
S21401E930000002B80C4AD368C3F30363062B07D85A
S21401E940042BD8B20BD8C31E58425841400070471A
S21401E950072B06D1D2F830010028ECD170470220EF
S21401E96070470020704700BF000002B8094BDB6803
S21401E970C3F303639A1E012A8CBF00220122012BD6
S21401E98002701EBF4FF4026222FA03F303F0010382
S21401E9900B707047000002B8094AD368C3F30363DB
S21401E9A0032B01D0072B08D1536FDB0605D4906FDC
S21401E9B080F00800C0F3C00070470020704700BF19
S21401E9C0000002B8024B002219681DF015B800BFFE
S21401E9D0B0D70400024B1B6803B11847704700BF4D
S21401E9E0DC550020024B1B6803B11847704700BF77
S21401E9F0D855002010B5FF224FF6FF7104461DF0D2
S21401EA001DF868B9FF224FF6FF7120461DF027F862
S21401EA1030B92046BDE81040FF2202491DF031B84A
S21401EA2010BD00BF54D704002DE9F0411C46184B19
S21401EA3005461E680F46904646B1306801F01CFE3A
S21401EA40F3681BB1B368186801F016FE114B1B681A
S21401EA502BB1DA681AB19B68186801F00DFE9DF8B3
S21401EA601830640744EA08425B0503F0BC6342EAD7
S21401EA70C7621A432846084942F4C87203F016FFD3
S21401EA80002228461146FFF781F90020BDE8F081F3
S21401EA90ACD70400B0D704009007E12D08B5FFF706
S21401EAA07BFF88B1094BDA6912030DD5186F10F494
S21401EAB0003009D19B6F13F0100F4FF010030CBFFD
S21401EAC0034A044A936708BD0220FCE7000002B827
S21401EAD0001002B8002002B838B50446F8B1124A50
S21401EAE0D3691B031DD5556F104BC5F38115032D37
S21401EAF0B3F8B4300DD10822083B9BB221460C482E
S21401EB001DF051F80020084B25729B6F1B0A63729B
S21401EB1038BD022D05D1023B2A469BB2EEE72120E5
S21401EB20F6E70220F4E700BF000002B8001E00B0BE
S21401EB3038400054431EDBB2FD2B14D9FF280B6866
S21401EB4001D14A68134313F0802F1EBF42F201021F
S21401EB50074BC3F8282251F82020054BC3F8502252
S21401EB60C3F8542270470128F5D10023E9E700BF16
S21401EB70004001B8F0B585B06D460E460F4B07460E
S21401EB8014460FCB85E80F000D4BD3F848020090D2
S21401EB90D3F84C2201923EB1631EDBB2FD2B0AD99B
S21401EBA03060FF2C00D172602246294638461CF0A0
S21401EBB095FF05B0F0BD012CF4E700BF5CD704005B
S21401EBC00080E00FF0B585B06E460D4B07460D464A
S21401EBD00FCB86E80F0000F039F8314604460246AE
S21401EBE038461DF0F4F84DB140B9FF2C1BBF04ABFD
S21401EBF003EB8404009B54F8103C2B6005B0F0BD79
S21401EC005CD7040030B50C4B0546187085B0082358
S21401EC1080B90A4AC2F8FC3351B96C46084B0FCB8F
S21401EC2084E80F00074B2A4621461868FFF7A2FF23
S21401EC3005B030BD044AEDE712700020001002B89E
S21401EC406CD70400BC560020002002B8014B18788F
S21401EC50704700BF12700020124BD3F8E020D20399
S21401EC601ED54FF480321049C1F8E020A1F580513D
S21401EC70C1F8EC201A6CD1B2C2F30722C3F8801097
S21401EC80C3F880200422C3F880200022C3F8802025
S21401EC90C3F88020C3F88020C3F88020C3F8802002
S21401ECA0704700BF0040005400600054F0220A4B39
S21401ECB001219A64A022A3F580539A64074B826CC3
S21401ECC0C3F8C010FC21C3F89810C3F89C204FF479
S21401ECD00052C3F8BC207047006000B800400054E2
S21401ECE0F8B50D461746064621F01FFD01230421FF
S21401ECF0084C094A2363A760E6602561C2F8E01064
S21401ED00064AC2F8843121F00BFD0DB102232363BC
S21401ED10F8BD00BF004000540060005400E100E070
S21401ED200222024B58611A63704700BF004000542C
S21401ED300122044B1A6640F6FF729963D863DA65BE
S21401ED40704700BF004000542DE9F04F042A0546E5
S21401ED500B4683B039D901260978141F81615A7888
S21401ED6003F1040982619A788261DB788361036822
S21401ED70D0F808B003F0070306339E4006F1FF3AC9
S21401ED800AEA0B084768A6EB0802944247F00057C8
S21401ED900ED84946224607EB0800FDF79DFB46EADA
S21401EDA00A0604EB0B023240AA6003B0BDE8F08FFE
S21401EDB0494607EB08000192FDF78EFB019A38469B
S21401EDC009EB0201A21B4244E7E7013A032AECD809
S21401EDD0DFE802F00B08050213F8012B826113F835
S21401EDE0012BAA6113F8012BAA611B78AB6103B052
S21401EDF0BDE8F08F38B50C46154601460F4B60B19D
S21401EE0001220F48C3F8C0202246FFF79DFF1DB11F
S21401EE1004220A4BC3F8C02038BD64B1D3F8A4203D
S21401EE20A24284BF0122C3F8C0200222C3F8A04038
S21401EE30C3F8C020EBE70122FAE700BF0040005408
S21401EE409840005438B5044621F06FFC01211A4A57
S21401EE50638F054611663BB3B3FA83F3C3F1190317
S21401EE60DBB2A069C2F8901093660723D066C2F899
S21401EE708C304FF4A02302F50052C2F8E030A2F520
S21401EE808052C2F8EC3000220C4B1A600C4B1B6F00
S21401EE905B0209D54FF480020A4B04F1F8001A67A9
S21401EEA0D4F8941001F08EFD4FF4E0232846E36376
S21401EEB0BDE8384021F034BC00400054E055002045
S21401EEC0000002B8002002B82DE9F84305460C46BA
S21401EED0B1B1D0F81880478F21F027FCB5F83CC0B7
S21401EEE0791E01EA0C0323F00702032C0646DFF81D
S21401EEF0F8E042445CD1DEF8004024B921F010FC71
S21401EF000E20BDE8F88324F00104DEF8000020F0AE
S21401EF100100A04251D10023CEF80030238894424C
S21401EF206FEA43436FEA534323803CD1EB8F08EBF0
S21401EF3007091846083880B202F108044C4528BF74
S21401EF404446082804D9B4F800E0BEF5804F3ED206
S21401EF5063440F431B1A3B409BB2AB87E88711887B
S21401EF6094781C4AC1F30C0151645367C2F88C00B3
S21401EF704FF48022184B04F00704C3F8E020012266
S21401EF80164BC3F88421FFF767FE042C0BD14FF410
S21401EF908002134B05F1F8001B6F124B1A67D5F868
S21401EFA0941001F00FFD304621F0BAFB0020A8E7CF
S21401EFB0601E012898BF1446A7E7E88F4344E31A6A
S21401EFC048BFDB1908389842A8DC304696E7224647
S21401EFD0B0E700BF004000540060005400E100E0CC
S21401EFE0000002B8002002B8E0550020144B10B50E
S21401EFF01968CA8F8B8F488F13440138073B8C6979
S21401F000034023F007031C4402F108030D4A9BB298
S21401F010CB87C2F88C304FF480220B4BC3F8E0202C
S21401F02001220A4BC3F88421A07800F007000428C7
S21401F03003D1074AD3681B03FCD4064B1C6010BDE2
S21401F040BC560020004000540060005400E100E07F
S21401F050000002B8E055002010B5064C216839B111
S21401F060CB0703D4044B1868FFF72EFF0023236059
S21401F07010BD00BFE0550020BC5600204FF4803282
S21401F0800B4B0C49C3F8EC20A3F50053C1F8E02064
S21401F090D3F888109A6E012302F0070206329340D5
S21401F0A0C1F30C01083B994201D8FFF7D5BD704763
S21401F0B000600054005000542DE9F04780460C468D
S21401F0C016468769458F21F030FBB8F83C2005F1DC
S21401F0D0FF3C02EA0C0323F00701032C8246394465
S21401F0E0B8F83E0019D1494C24689CB90244073A45
S21401F0F002EA0C0222F00702BC183B44E31A48BF9E
S21401F1005B19834210DB504621F00AFB002420469F
S21401F110BDE8F08724F00104EFE7012C02D0022CB1
S21401F120EBD108380C46E8E7002E3DD08C423FD1A3
S21401F130374AD2F844903649B8F81270D1F8882088
S21401F140C2F30C02934247DA2588B5F5804FDAD22E
S21401F150A378C5F30C0503F007037A1EA5EB090592
S21401F1603A43052B337005EA02052DD82DB2E84344
S21401F17040F241420421C00FFDF700FE7580E3789E
S21401F1803374D8F81C207B1E03EA0903D118B1603A
S21401F190A9B213FA85F5AF422FBF0023FF1AB78035
S21401F1A0F26024BFB180F360504621F0B9FAAEE7B1
S21401F1B0A4F10802974284BFED0802EBC502B2F83B
S21401F1C00090C9F30C09B6E7124B5B6D003B18BF04
S21401F1D00123A5EBC305C9E70B6C7A1EA3EB090354
S21401F1E03A431A400C4915B2002DCB680BDCC3F329
S21401F1F00363D81E43424341DB0033708B6F72803A
S21401F2001B0A3374BDE70823F7E700BFE05500206B
S21401F21000400054004000B8000002B8054BA82288
S21401F220D3F84C013121431C0CBF0120C0F3807080
S21401F230FDF7A4BD0080E00F38B5094D04462868E7
S21401F24040F69702003818BF01202B21FDF796FDE6
S21401F250FA235C432B680A20B4FBF3F4604338BD01
S21401F26014560020174B30B51A68431C164B22D093
S21401F270B2F1407F1FD3154D00F03F04D5F80021B1
S21401F28022F03F021443C3F8C84001F03F04224372
S21401F290C3F8D020D5F804310D4A1A400D4B03EAC5
S21401F2A0500003EA510110431143074BC3F8CC0049
S21401F2B0C3F8D41030BD00200146C3F8C800C3F817
S21401F2C0D000F2E70080E00F001F00B0000002B897
S21401F2D01FF087E1E0FFFF7F73B5574E0446317894
S21401F2E019B91C225548FCF759FF2378544A6188FE
S21401F2F0137051804FF0FC62524CFF21C4F8FC2081
S21401F3004FF47F02C4F808214F4A022B4F4D11706B
S21401F31033D1042307224E49C4F8FC23C5F8FC3335
S21401F320C4F800114FF4C071C5F80011C4F8FC23ED
S21401F3304FF48052C5F8FC33C5F870214FF40052E3
S21401F340C4F87021C4F808314FF4FF13C4F8FC3038
S21401F3504FF4BB13C5F8FC308023C4F8703148F273
S21401F360C8023C4BC3F8D8203B4B3C4A0020C3F8AC
S21401F370C02F0123337002B070BD394A012BC4F887
S21401F3800021384B27D14FF4C072C5F80021D3F8BD
S21401F3903802D3F83C12FFF765FF0723C4F8FC33A5
S21401F3A00223C5F8FC334FF48053C5F870314FF48F
S21401F3B00053C4F870310423C4F808310DEB030080
S21401F3C0EBF762FC9DF80530023B012B9CBF8023C6
S21401F3D0C5F87031C3E7244AC5F80021D3F83002D6
S21401F3E0D3F83412FFF73EFF0723C4F8FC3301239A
S21401F3F0C5F8FC338023C4F870314FF4805301A85C
S21401F400C4F87031EBF740FC9DF80530012B05D1AF
S21401F4109DF8043053B948F25D1309E0FBD9023B6D
S21401F420012B9CBF4FF40053C5F8703148F25813B6
S21401F430084AC2F8D83097E704660020C41F00B017
S21401F440966F0020002002B816700020001002B847
S21401F450C0F10F00001F00B0001000B0E8550020FA
S21401F460C0F70F000080E00FC0F60F00034B1A68CC
S21401F47002609B8883800020704700BF966F002043
S21401F48010B5044601F026F80A4BD3F8F83724B92C
S21401F49083F40023C3F3C04010BD012C05D113F43F
S21401F4A0C02F0CBF01200020F6E7A31E584258418A
S21401F4B0F2E700BF000002B86FF07F42154BD3F8A9
S21401F4C0FC37934208D0144A03F03F031370F1232C
S21401F4D0124A1370124A13701249134B09781A68AC
S21401F4E0A9B1B2F1A06F12D3D3F850120F4A104B44
S21401F4F0B1F1FF3F18BF13460E4A136041F66A0288
S21401F5000D4B1B68B3FBF2F30C4A13607047084BB4
S21401F510F2E700BF000002B8177000201870002044
S21401F52019700020157000200080E00F5082E00F57
S21401F53090D70400E45500203056002014560020D1
S21401F540012807D0022802D030B100207047034BB3
S21401F55018787047024BFBE7024BF9E7177000205B
S21401F56018700020197000200023F0B590F8304183
S21401F57085B002462046CDE90133CDF80B30FFF7C2
S21401F580DFFF92F82B30411EC9B28B4228BF0B46D3
S21401F590002C3CD0012C38D1042418464FF00F0C17
S21401F5A0384E0DEB0405B0FBFCF7F75D013CC01BC4
S21401F5B0C0B2814238BF00206055002CF3D105242B
S21401F5C00F278DF80830B3FBF7F0305C0344DBB24D
S21401F5D08B4228BF0B462B5501340B2CF3D10F263B
S21401F5E002F1A800D43215F8013BB3FBF6F14C1C2E
S21401F5F0C1EB01115B1A0133DBB2E4B21B0443EA2F
S21401F600045340F8043F8242EDD105B0F0BD042416
S21401F61018464FF00F0C1C4F0DEB0406B0FBFCF523
S21401F620EDB27D5D013C401BC0B2814238BF002077
S21401F630A055002CF2D105240F258DF80830B3FB18
S21401F640F5F0385C0344DBB28B4228BF0B463355DA
S21401F65001340B2CF3D10F2502F1A804D43216F88D
S21401F660013BB3FBF5F1481CC1EB01115B1A0133F9
S21401F670DBB2C0B21B0443EA005344F8043FA24283
S21401F680EDD1C2E789D704007CD7040038B5284BF2
S21401F69005461A7827490C2A02D1FF20087038BD82
S21401F6A010461CF0BDFA04461046FFF749FFA84273
S21401F6B028BF2846C0B2A04238BF20460B78C0B249
S21401F6C08342ECD0087088B1431EDBB2022A1A4985
S21401F6D00ED14FF0FC62C1F8FC20A1F50051D1F823
S21401F6E0FC2042EA4353C1F8FC30D8E70346EDE775
S21401F6F0124A134C1268AC32C4F8C02F4FF47F0282
S21401F700C1F808210F49CA6FD202C8D40F22B3FB31
S21401F710F2F2551CC2EB02129B1A0133D1F80841D2
S21401F7201B0443EA05532343C1F80831B7E700BF7A
S21401F730966F002016700020002002B8BC560020EC
S21401F740001000B0000002B82DE9F04F90F83051DB
S21401F7500646D0F8A82087B035BB1F2A38BF1F221F
S21401F760093A4C24844B85481B6A96F82B10C3F340
S21401F7708213DC400368DFF82CA29342DFF828826C
S21401F7807F4B04F0010414D11F78A74211D19AF8D7
S21401F7900070AF420DD17B4F3F788F4209D1B8F848
S21401F7A0040007B0BDE8F08F032A38BF0322023AEF
S21401F7B0D7E7026098F800001C70FFF7C1FEFF292A
S21401F7C024D128461CF02CFA07466F493CB3D6F8DC
S21401F7D0E4702FB13B68082B40F2CB8097F8387065
S21401F7E01DBB0B6840F27121B3FBF1F353431922A1
S21401F7F0B3FBF2F339462A4605A805931CF0E6F951
S21401F80002023C04059842F0110988E0471E8F4227
S21401F81028BF0F46012F38BF0127FFB2D5E7012DBC
S21401F82029D0022D01D0B5B327460B6840F27121CD
S21401F830B3FBF1F353431922B3FBF2F3394601222A
S21401F84007EB072405A8059307EB04241CF0BEF973
S21401F8507F00032F38BF0327020242EA001242EA62
S21401F8600009033F00F01F0007FA00F0FFF7E4FC71
S21401F87000F5FA6758E00F23B7FBF3F3581CC3EB08
S21401F8800313FB1A0133DBB2C0B21B0443EA005375
S21401F890C3F30747C9E70C6840F27121B4FBF1F4E2
S21401F8A00F2354431922B7FBF3F3B4FBF2F43748A2
S21401F8B0374A0068A2FB0412013350FA83F313F8A7
S21401F8C0013C0392A3F140012A4603A801931CF0D0
S21401F8D07DF9039F2F4AE41BA2FB041200903021FE
S21401F8E0049204A82A461CF071F9DDF810B081468E
S21401F8F0A4EB0B0401220594102144F2100405A880
S21401F9001CF064F9009B1A02019B42EA091244EAC0
S21401F9100344059B42EA000907EB0B001844FFF776
S21401F9208BFC00F50C57283740F6FF711A4B38460A
S21401F930C3F8C010A3F58053C3F8C090A3F5805355
S21401F940C3F8C440154C276001F0B0FC4FF47A723E
S21401F950134B4042986523680A49B3FBF2F3A8F8B3
S21401F960043096F82B30B7FBF2F08AF800500B7093
S21401F97017E7002734E700BF004001B8D06C00202D
S21401F980056600201370002030560020E455002044
S21401F99069C2F568911E856B006001B81856002093
S21401F9A0001F00B014700020966F0020014B1870E5
S21401F9B0704700BF1570002010B5044603F012F81A
S21401F9C078B1174B1B786BB964B1164B1B784BB1EA
S21401F9D0154B1B78013B012B04D84FF40042134B07
S21401F9E0DA6710BD124BDB6F1B04FAD420F09DFEC4
S21401F9F04FF400420F4B0446DA67A3F5A0435B6859
S21401FA002BB1FEF741FF10B102201CF01AF90222B9
S21401FA10094B2046BDE81040C3F8842420F080BE80
S21401FA2006660020076600201C560020002002B84B
S21401FA30000002B8001002B800D003500122024BA9
S21401FA4000201A70FFF7B8BF066600200022024B9E
S21401FA5001201A70FFF7B0BF06660020F7B506460C
S21401FA60504C00F037FD504B2578504F1E7085BB2B
S21401FA702846FFF7A1FF2378013B012B19D8E37B2A
S21401FA8001A88DF80430237C8DF80530E8F732F8AC
S21401FA90C7F884544FF6FF72454BC3F88420F8220A
S21401FAA0A3F58053C3F884200022404BC3F8842476
S21401FAB00DE04FF6FF723E4BC7F88454C3F884201E
S21401FAC0F822A3F58053C3F88420C7F88454394B31
S21401FAD05BE00020FFF770FF2378013B012B08D87D
S21401FAE0E37B01A88DF80430237C8DF80530E8F718
S21401FAF001F80023C7F88434002ECBD062685AB3CD
S21401FB002D4B1B6803EB5203B3FBF2F3013B1B02C5
S21401FB1043F0F80326782649022E284A1ED0032EE3
S21401FB204FF6FF75214826D0012E34D143F002034B
S21401FB30C1F88450C2F884300723C0F88434E37BCC
S21401FB4001A88DF80430237C8DF80530E7F7A6FF71
S21401FB500120FFF731FF17E0F823DBE74FF6FF70D0
S21401FB6043F00103C1F88400C2F8843006220F4B2B
S21401FB70C3F88424E3E743F00503C1F88450C2F8D0
S21401FB8084300423C0F884340D4B4FF080420020AB
S21401FB90DA6703B0F0BDC1F88450C2F884300023A0
S21401FBA0F0E700BF1C5600200766002000C0035087
S21401FBB0006000B8002002B830560020005000B89F
S21401FBC0001002B8F0B5294F06463D4604460FCE52
S21401FBD00FC5336885B02B6000F07CFC0022244BF7
S21401FBE0C3F88424A17A627A42EA0142C3F89024D7
S21401FBF0217CE27B42EA0142C3F88C24217B627BB2
S21401FC0041EA0240C3F888043B78032B2AD8DFE890
S21401FC1003F022020C178DF8041004218DF805203C
S21401FC200DEB01000022E7F705FFE37B00228DF8CC
S21401FC300830237C042102A88DF80930E7F7FAFE84
S21401FC40637A01228DF80C30A37A042103A88DF87B
S21401FC500D30E7F7EFFE074B187805B0BDE8F0402A
S21401FC60FFF7FCBE212005B0F0BD00BF1C560020EA
S21401FC7000C0035007660020034BDB6F002BBCBFA0
S21401FC80024BC3F888007047000002B8004000B875
S21401FC902DE9F0471CF039F84FF47A762D4BB0FB7E
S21401FCA0F6F618604FF4FA73734307462A48190E9E
S21401FCB01B021818294A4FF0000341F10001FBF717
S21401FCC05BFE274BA0F5807205461A6320B94822D1
S21401FCD02B21FDF753F801254FF47A724FF0000AF5
S21401FCE06A43534650083102FBF746FE1C4B1D4A39
S21401FCF0B7F57A7F9A601C4B4FEA056819601B4B73
S21401FD008946044618604FEA152505D29B222B2109
S21401FD105046FDF733F801264FF47A73A8FB03012A
S21401FD2003FB05117308C01841F100010023324698
S21401FD30FBF722FE0E4B023419600E4B49F1000907
S21401FD40A408186044EA8974054B013C9C63BDE82D
S21401FD50F08700BF3056002020A1070040420F0068
S21401FD6000C001B802110100405600203C56002098
S21401FD7038560020345600201022044BC3F8842144
S21401FD805A600122024BDA60704700BF00E100E0D2
S21401FD9000C001B81022064BC3F88421C3F88420A2
S21401FDA0BFF34F8FBFF36F8F0422024BDA607047A9
S21401FDB000E100E000C001B810B50446A242A2EB83
S21401FDC00000A3EB010104D2034B01399B6B013305
S21401FDD0184401F0030110BD00C001B838B5012573
S21401FDE00A4B02019D504FF480730446084A834033
S21401FDF0536620F09AFC074AA540137823EA0503C8
S21401FE001370BDE8384020F08BBC00BF00E101B89C
S21401FE1000E001B8106600202DE9F84F16460546A9
S21401FE208A461F4620F081FC022E00F09080804614
S21401FE3020F088FC594B5A4AD3F82090147D5A6E0C
S21401FE40E4B2520744BFD3F82090013404F003040F
S21401FE5020F073FC4846214600F036FA8446DAF86C
S21401FE600000012E04BF01306044ACEB000C08BF5B
S21401FE70CAF80000BCF1804F7DD300F037FA814507
S21401FE80A1EB040188BF454BDFF834C188BF01F1FF
S21401FE90FF3101F0030188BF9B6BA0EB090E0CF844
S21401FEA00510A1B1F90742BF41F61F723D4B5A67D3
S21401FEB0BA0742BF3B4B3C4A5A677B0742BF002208
S21401FEC0364B9A673C0742BF0022344B9A65112491
S21401FED04FF0010A314B05F11002120103EB051B2D
S21401FEE0CBF80C0131499C501A6A0AFA05F4586E8F
S21401FEF00B78A2EB0902E4B2234372450B7025D3BB
S21401FF004FF48073AB40034220D11CF80520002A31
S21401FF1040D10EB3264AF807536607D541F61F713E
S21401FF2040F201101F4B596750675967B90706D54C
S21401FF301C4B1D4A1E491F485A6748675A677A076D
S21401FF4042BF01221C4B1A613B071AD4404620F0DF
S21401FF50E7FB0120BDE8F88F184A2D0142F805A0FD
S21401FF6042F89C3C20F0E1FB10490B7823EA04039D
S21401FF700B7020F0D5FB404620F0D2FB0020BDE8F8
S21401FF80F88F2120FFF778FE4FF48032034B40466E
S21401FF90DA60DCE7064A40465366D8E700C001B897
S21401FFA0A056002000E001B800001F1F10660020C8
S21401FFB000D001B800000101000002B800E101B85C
S21401FFC008660020024B1878003818BF01207047D9
S21401FFD010660020034B10300001185800F0010095
S21401FFE0704700BF00C001B870B50646FEF74CFC6E
S21401FFF0044608B1FFF7CEFE0023084D3046AB613C
S214020000EB612B6200F072F9054BC9B219752862D2
S2140200100CB1FFF7B1FE002070BD00BF00C001B8F2
S214020020A05600202DE9F0419DF818800D46B8F143
S214020030000F08BF0022214EB5F5803FB168074683
S21402004021F4700141F4A001B1609DF820409DF8B2
S2140200501C104FEA042444EA016444EA031444EA06
S214020060084444EA02044FF0180140F2E9222CBF89
S214020070002001207465FCF781FE3564B8F1000F9C
S2140200801AD00F4BBC68D3F888305A2C38BF5A2483
S2140200905B0606D500F0F0FB18B10A4BB3FBF0F393
S2140200A01C44204600F022F90130854238BF002267
S2140200B0024B34BF5A645864BDE8F08100C001B8F0
S2140200C000C000B800093D00214B10B51A6E1A6632
S2140200D0596C59B11F49C96800292EDB596D4FF07A
S2140200E0FF3301F00F018B409A4326D110242020C3
S2140200F0FFF7C2FD184B9C6002F088FB2022174BCC
S214020100C3F8842101F0F4FC48B100220020082143
S214020110FEF71CF8124B5C66A3F580531C670D4A6B
S214020120D36803F07063B3F1807FF9D9084B0D4AA8
S2140201305A6741F201429A6710BD01F0D9FC0028C5
S214020140F4D0094B064A5366A2F580521367EDE7D0
S21402015000C001B8000002B8001002B800E100E0DA
S21402016000E001B8011B01181000002008B521208C
S214020170FFF782FD4FF48032014BDA6008BD00BF04
S21402018000C001B8F8B5184D04462B6A1B0426D5E4
S21402019000F0E6FB2B6AA0FB044613F0787F4FEADA
S2140201A09367C3F34450C3F3044505D140F25A4261
S2140201B02B21FCF7E3FD0120AD01B5FBF0F010EBBF
S2140201C0871005D140F25F422B21FCF7D7FD0120B4
S2140201D00246002320463146FBF7CEFBF8BD00F070
S2140201E04BFBA0FB0401F9E700C000B80246012061
S2140201F030B50B4CA0F12003C0F1200524FA05F51A
S21402020004FA03F32B4304FA00F595428B4100D31C
S21402021030BD0F2801D00130ECE7FF20F8E700BF21
S21402022040420F0010B50C46FFF7ACFFC30943EA85
S2140202304163C01A61EBD111FFF7D8FFFF2814D033
S2140202400F220C4B40F01000C3F88820A3F5805311
S214020250C3F88800A3F580531B6ADBB2802B06D056
S2140202602046BDE8104000F067BB212010BD0220EA
S214020270FCE700BF00E000B838B520F063FA084B90
S214020280084A1D6A147D5A6EE4B2520744BF1D6ABC
S214020290013420F052FA284604F0030138BD00BFAC
S2140202A000C001B8A05600200346064A103302EBEF
S2140202B000111B01D1F80C01D158C1F340011BF00B
S2140202C0CBBC00BF00C001B8064B1B68434303EB20
S2140202D08171054B1B68A3FB003013F1004341EB11
S2140202E00000704738560020345600200C4A20F092
S2140202F04043014610B5002014684FF00042E4FB6C
S2140203000320084A890F126802FB0300064B9B6B08
S214020310984204D901330131C01A01F0030110BD1D
S2140203203C5600204056002000C001B8044B01F0A5
S214020330F071103041F0030100011950704700BF00
S21402034000C001B808B52220FFF796FC4FF48022C1
S214020350014BDA6008BD00BF00C001B808B5064B05
S2140203604FF030401A6805499200FCF7B5F8BDE830
S214020370084001F0E3B800BFCCD70400D0D7040091
S21402038070B50C68651C15D0C4F302669E42C4F3B1
S214020390074530D1A4B294422DD804EB8506B2426A
S2140203A029D2141BA50824F003040E59340F04D0D6
S2140203B0012C08D00022212402E06B1C51F82320D5
S2140203C0C0E9002470BD0E4C34F8133042EA0343F1
S2140203D01A686B1C51F8234001EB83014B682240DC
S2140203E05E4036F0704404D11B0F032B04BF8B68AB
S2140203F01A430024E4E7013501EB8501C1E700BF9B
S214020400A4D7040007B501A8EAF73EFC4822164B1B
S2140204105A65164AD2F8D43023F4FC33C2F8D430E4
S214020420134B1B689DF80530023B012B19D840225E
S214020430104BC3F8FC23104BD3F85C32DBB2FF2B15
S21402044000D10623094A1B03D2F8FC139BB20B43C6
S214020450C2F8FC33D2F83021084B1A6003B05DF8BC
S21402046004FB00F0E7FEECE7008001B8000002B8EB
S214020470002000B0001002B80080E00FD455002023
S21402048000224FF400710F4B10B51A675A679A672D
S2140204900D4AD162012102F5E8325161DA6812F0A2
S2140204A0706FFBD14FF0304201245A6602F5FC52BF
S2140204B008329C66DA64054B1B689847044B5C61FD
S2140204C010BD00BF000002B8004000B8D46C002087
S2140204D0002002B801230F4A0F49C2F880328A6A06
S2140204E022F002028A620D4A53600D4A53600D4A98
S2140204F05360A2F580425360A2F54042536002F573
S214020500C032536002F580425360A2F50042536047
S214020510704700BF0080005000C0005000D000B8F6
S21402052000500054005001B808B5FFF7D3FF0E4B39
S2140205300E4ADA6700F076FEFFF764FF03220C4BE2
S214020540C3F8E020012203F54043DA674FF46072F5
S2140205505A614FF40072DA67FEF778FBBDE808408E
S2140205600021FEF74FBB00BF000002B80048F000B3
S214020570005001B82DE9F04F054687B002900F46AD
S21402058057F8044B631C06D1029B2C60E81A8010B5
S21402059007B0BDE8F08F5FEA147B18BF0123344A28
S2140205A0C4F3016108BFC4F3074332F81120A4B2B2
S2140205B04FEAC30A2F4844EA02440AF104022A44D4
S2140205C082421BD20722CA4002F0010201929A001E
S2140205D004EB830303930123B94603FA0BF808F0EE
S2140205E0940305F1080604920593039B09F1040996
S2140205F0A34208D1049955443944C0E71D4A95429E
S214020600E0D80020C4E7059B53B918F0420F19D171
S21402061018F0280F0BD146F8084C59F8042C21E0A4
S2140206204FF4206232210020FCF7A8FBF3E740F6E5
S214020630042232210198FCF7A1FB04F5805246F809
S214020640082CEAE740F60D2232210198FCF796FBC9
S21402065004F50052BBF1010F46F8082CDDD159F81B
S214020660042CD24346F8042C04340836BDE700BFF7
S214020670A4D70400003000B0F8B50546F0B1002655
S214020680154B34461F46154953F8042BBAB9A00039
S21402069000F13040294600F50150FFF76BFF30B9F4
S2140206A040F6AE323621BDE8F840FCF767BB0C4B8D
S2140206B00134044447F8265023F81640F8BDAA42EF
S2140206C0FCD001360C2E02D031F81640DCE740F69C
S2140206D0C83236210020E6E7445600208A5E002013
S2140206E08C5E002070B50446A8B1C1B1384A52F8F3
S2140206F0043B984215D1002336498A689206FCD4F8
S2140207009B00354A03F1304303F50153C2F8B0307B
S2140207102022324B9A6070BD01330C2B02D1304D31
S21402072012E0012352F8041BA142F5D12D4A32F8F9
S2140207301330E1E704D16268C3E90012083403E02B
S214020740012A01D1043419602268531CE3D0C2F393
S214020750016335F81300110C93B211F0FE0F43EA51
S214020760004360680DD00434CAB2022A2168E1D977
S214020770D4E90160033AC3E9001698600C340C33DE
S214020780F3E7120F072AD9D8DFE802F00704090DAB
S2140207901013181DC04303F500531860CEE71A68FD
S2140207A042401A60CAE703F58053F6E71BF049FA9F
S2140207B0C4E7012203F580538240F2E7012203F5E3
S2140207C000538240EDE71A6830EA0202FBD1B5E731
S2140207D044560020000002B8001E00B0001002B806
S2140207E0A4D704008A5E00200122014BDA67704714
S2140207F0001002B80122014BDA677047002002B8E7
S2140208004022014BDA677047002002B84022014BB3
S214020810DA677047001002B80B4B1B68D3F8E43057
S21402082023B11A68022A01D9186A7047074B9A6DD3
S21402083090B238B1064BC2F307421B68DB0853433B
S214020840B3FBF0F0704700BFBC560020004001B872
S21402085030560020064BDB68C3F30363984206D18A
S214020860044AD36B23F0F00343EA0111D1637047C5
S214020870000002B8001F00B0054B1B68D3F8E43036
S21402088013B11A680A2A01D8FFF7C6BF186C704758
S214020890BC5600202DE9F74306461BF0CBF9002490
S2140208A08046DFF890901FF040FF0DF107010546E5
S2140208B00DF10600FEF75AF89DF806308BB9721C49
S2140208C029D01BF0B7F9A0EB080428461FF028FF32
S2140208D09DF8063013B99DF807303BB3A642E2D81E
S2140208E024E0D9F80C3013F4603FE8D0D9F81000B1
S2140208F01BF00DFA731C074603D01BF09BF9A0EB06
S214020900080428461FF00CFF17F5007FE0D0384693
S21402091003B0BDE8F08328461FF002FF9DF80630BC
S214020920002BC0D19DF80730002BBCD1004FEEE75C
S21402093000FEFFFF00C000B810F1800F04D04D2863
S214020940CEBF7F20323040B2FF22044BC0B21A62C2
S214020950A3F5805318620020704700BF00E000B87D
S2140209600B4A10B5136E0B4C116E03F00703E35CD3
S214020970C1F3CD0101FB0333126E0748C2F34542B1
S21402098002FB033300688001B0FBF3F010BD00BF2A
S214020990004001B89CD7040030560020084910B524
S2140209A0D1F89C3040B11C46CA68D1F89C309C42B3
S2140209B0F9D1C2F30362027003F00F0010BD00BF4C
S2140209C0000002B8094B01F080011B6F03F480039C
S2140209D00B4309D14FF40012054B1A62837F1BB1F9
S2140209E00122044BC3F80021704700BF000002B882
S2140209F0006001B8005001B82DE9F04F404F804624
S214020A0085B038680C461AF01CFE20B90024204631
S214020A1005B0BDE8F08F224600214046FBF7BEFB3C
S214020A20384B5D6915F00105F0D1FCF701F8064672
S214020A300028EBD03F6838461AF03BFD4FF6FF73AE
S214020A40984234D04FF060512F4E304B304AD3F894
S214020A502090D6F88C3011624FF00061A2F58052D9
S214020A60116224220421C6F88C202A4A4FF4804BB5
S214020A7091604FF480520027DFF8A4A0CAF868B04D
S214020A80F262A7421ED30421234A9160A2F5F032F5
S214020A90C2F88C304FF060521D4B1A6209EA02030C
S214020AA01E4A13624FF480421D4B9A66AFE73146E8
S214020AB038461AF0A2FC01463846FCF7FDF8002834
S214020AC0C0D0A3E7B26E5104FCD5B268D205F9D500
S214020AD0CAF868B0D6F890200135012D0392D0D915
S214020AE0E21B042AA8BF042208EB070003A901930D
S214020AF00092FBF7F1FC009A019B3A4497B2C0E7DA
S214020B00BC560020000002B8004000B8004001B801
S214020B10006001B8001002B8002002B8005001B808
S214020B20006000B84FF604014FF60502044B0120A0
S214020B301B6C9BB28B4208BF1346024A1366704771
S214020B400080E00F00C001B82DE9F74F81460F463E
S214020B504FF0FF35FFF790FB002601908A462C46A1
S214020B603046DFF8D8B006F110031B015BF80330FD
S214020B7003F00308B8F1010F15D13046FFF794FBD6
S214020B8002460B4601985146FFF716F9DBF8643029
S214020B9006F10802D340DB0739D5002F40D00025E6
S214020BA02C463E6040460136082EDCD160B3234A0E
S214020BB00027D2F808C0916B0CF440330131A4FB35
S214020BC00141641941F10001B3F5003F30D1536B86
S214020BD00CF4405C013347F10006BCF5805F22D17D
S214020BE0156B15F5807505FB06F647F1000203FB4B
S214020BF00266A5FB03323244594304FB0212A3FBEE
S214020C0004341444C9E9003403B0BDE8F08FA842A6
S214020C1071EB0403C6D207B13E6005460C46C1E737
S214020C203D463C46BEE7320242EA13621B02E3E757
S214020C30136B13F5807347F10002DDE700C001B8BD
S214020C4008B51BF078F8044B5A7C01230232934015
S214020C50024A536108BD00BFA0560020002000587B
S214020C602DE9F34105460F4668461146FFF76CFF2D
S214020C700646B0B1AFB1DDE900321B0A43EA0263B1
S214020C80A5FB0384094B120A05FB02441A6812B933
S214020C901BF03BF80246002340462146FAF76CFE5C
S214020CA03860304602B0BDE8F08100BF3056002002
S214020CB037B50446FFF70EFCE17822791B4841EA75
S214020CC00243C0F8CC34E579A37943EA0543C0F879
S214020CD0D03423784BB18DF8041004218DF805200A
S214020CE00DEB01000022E6F7A5FE63785BB1042156
S214020CF0A37900228DF80430E3790DEB01008DF81C
S214020D000530E6F797FE227801235AB1084AC2F860
S214020D10C834627802233AB1054A0020C2F8C834C1
S214020D2003B030BD034AF2E7024AF6E700C00350BA
S214020D3000D0035000E0035070B52C4B0C461A78D6
S214020D4012B92B4A926D1A702A4AD26F52054AD5A8
S214020D501D78294B05F00F06B0FBF3F040434FEA2F
S214020D60151505D140F27C622B21FCF707F801200D
S214020D70224A0A217243B2FBF0F34843B3FBF1F670
S214020D8002EB5002B2FBF0F201FB1633042BD2B296
S214020D9007D8C3EB8310C3EB80035BB283B96DB293
S214020DA017E0C3F10B0303EB8303DBB2B3FBF1F3F0
S214020DB02B44DDB20F2DF2D9013AD2B2053DEEE751
S214020DC0053B5BB293FBF1F31D44EBB26DB2002D13
S214020DD004DB002042EA0512226070BD01320533B0
S214020DE0D2B25DB2F5E70220F7E700BF1166002037
S214020DF0008001B8000002B8403B250080969800AB
S214020E004FF0000C2DE9F84FA2FB017BC84EDFF82D
S214020E105CE3BE1999466BF10003B6457CEB03030F
S214020E2008D240F23E220E216046FBF7A7FF0220C0
S214020E30BDE8F88FD0F8E4A00C461546BAF1000FCC
S214020E4004D0DAF80030032B00F21B81B94BBA4A01
S214020E509B6BD2F8FCA0C3F31408B84BD3F8EC3063
S214020E605E00B64B48BF48F400181B6E48EA456859
S214020E7058074EBF4FF440039B0503F0E07348EA61
S214020E8003081DF0B3FC012D0646D0D10028CED0B3
S214020E90AB4B984200F0048103F5122303F5F86386
S214020EA0984200F00381A74B984200F02F8100255C
S214020EB002462B4600204FF00071FAF75DFD2B46E6
S214020EC0013007FB03F3C8F3130100FB0B33A1FB4E
S214020ED00662A7FB007001FB0522034420339B0930
S214020EE0C9F80030F60C984B46EA423618F4801FD2
S214020EF01C6008BF7642954B954DC9F814403444A1
S214020F001E602C60BAF1000F00F0B98000239149F0
S214020F10C8F381528A5C194618F0807F18BF6408AD
S214020F20002EB8BF764292066008C2FB0601224631
S214020F30FAF722FDDAF800300E2B08D97F4B7D4AED
S214020F40926BD969D3F80C31C90600F1D68018F431
S214020F50001814BFC42240F207127F49C0F31300E0
S214020F60A1FB04614FEA511102FB01F1C9F804002A
S214020F70DAF818004FF4FA73B1FBF0F118BF4FF02D
S214020F80000801FB03F3A4FB0262FA33A3FB003062
S214020F9004FB0822B342904138BF0131C9B241F482
S214020FA0006CC9F808C000297ED0DAF81C00A1FB44
S214020FB0003624B1B4FA84F20E2A40F38880E203A3
S214020FC0002E77D1B2FBF3F2530003FB0113A3FB0F
S214020FD000764FEA044EBE454FEA144474EB06060A
S214020FE009D34E003344A0FB0371BE4574EB0101E6
S214020FF002F10102F6D2C2F30E024CEA023C4CF0B7
S2140210000063C9F808301DF0F1FB2B68002B00F0D6
S2140210108880B3FA83F4D4F102044CBF1C4623FA48
S21402102004F44E4B9C4288BF6408002846D0B4FBAA
S214021030F0F3642100FB134201FB02F2904244D813
S2140210405A1E52085B08013B120242EA0313C9F811
S2140210500C301DF097FB00285CD0B4FBF0F2642144
S21402106000FB124401FB04F4A0425ED8531E5B0848
S2140210705208013A1B0243EA0213C9F81030002054
S214021080D6E6042BDAF828807FF4FBAE18F0807FD1
S2140210900CBF08F0E0734FF4400328F0E078EEE669
S2140210A000232F481D460CE72120C1E600232D48C9
S2140210B01D4606E70B46002289E7044640F2C24276
S2140210C02B210020FBF75AFE2346013BB8E7C2F16C
S2140210D00F0702F1110E06FA0EFEFB4043EA0E035C
S2140210E0A7F1200E26FA0EFE43EA0E03FE40013357
S2140210F004FA02F246F1000662E702F4801203F4F2
S21402110000131A4308BFC0F5801020E700231648D4
S2140211101D46D6E640F2E5422B21FBF72FFE621E65
S214021120A4E70028C9D01C46CFE71446F7E700BF5D
S214021130006CCA88008001B8001F00B0004001B8E9
S21402114000F04902005A62027C56002078560020BF
S21402115074560020B4D70400D34D62103FBE40251B
S2140211600A3BB2DF313641DCD694BFD6807C814A58
S21402117010B50B46044686B039B982790168214813
S2140211806B460068FFF73CFE6B461F4A19685163C0
S2140211901E4AD2F8FC2062B35A6842B11C4A1D4964
S2140211A0C2F80C115968A2F58052C2F80C119A685E
S2140211B042B1174A1849C2F8EC109968A2F5805253
S2140211C0C2F8EC101549D868D1F8642122F4EE6210
S2140211D00243C1F86421D1F85C21186922F4EE6258
S2140211E00243C1F85C21A1F5FF4158692839FFF78F
S2140211F0A3FD0020A2880A4B9A6203F5A033186466
S21402120006B010BDBC560020008001B8001F00B01A
S214021210006001B8FFFF0F00FFF8FF0F000002B8E2
S214021220004000B84FF48062014BDA67704700BF97
S214021230001002B84FF48062034BDA67034B1B7848
S2140212400BB1034A93657047002002B8116600206E
S214021250008001B840B10368012B05D90069034B31
S214021260002808BF1846704700487047BCD70400DD
S21402127010B590B10468012C0FD902696AB11168E1
S214021280094B102C196051685960916888BFD26862
S214021290996094BFD960DA6010BD1022002102481E
S2140212A0FAF77CFFF8E700BF84560020084BC11708
S2140212B01A68A2FB000302FB013310F1807043F1AF
S2140212C00003400E40EAC310803820EAE070704700
S2140212D0945600200722164B70B5DA66154B164A4E
S2140212E01D68164BEC08E005C0184FEA153141F1AF
S2140212F000010023FAF740FB114B124E18604EF61F
S2140213006020FFF7D3FF4042C6F884000E48FEF77F
S214021310EDFF024658B1E301500818184FEA15715E
S2140213204FF0000341F10001FAF726FBF06570BDAD
S214021330000002B83056002065CD1D00B2E60E0051
S21402134094560020001F00B040420F0010B504461D
S21402135098B10B4BD3F8FC00FFF78AFF4FF47A7371
S21402136003FB04F0074BA0F6AC50DA689B68104407
S214021370C01ABDE81040FFF799BF4EF66020F8E7A6
S214021380001F00B0845600202DE9F84305460846A3
S21402139014461E46FFF76CFF0DB306F0020716F062
S2140213A004061ED1DFB14FF47A706B685843002BE7
S2140213B040F08C80FFF77AFF60626B69002B00F0CA
S2140213C08C804B4AD0684FF47A7202FB0300A0F579
S2140213D003501038FFF76AFF2062002E57D1BDE88F
S2140213E0F8832869002868D04FF47A735843404B34
S2140213F0A0F6AC509B68C01AFFF758FFE061A88BB6
S21402140000285DD04FF47A735843394BA0F6AC509F
S2140214109B68C01AFFF74AFF2061364BE968D3F88B
S214021420008000294FD04FF47A735943304BA1F60F
S214021430AC519A685B68891AC91A2F4BC8171A6882
S214021440DFF8BC90A2FB011302FB003311F180719E
S21402145043F10003490E41EAC3118039274B61610B
S214021460DB6EA361D9F8003053B140461AF0E3FAB6
S21402147030B12246D9F800301D49D8F8D80098472E
S2140214800021A869FFF762FFA062002F8BD1A8682F
S21402149030BB47F23050FFF709FFA0604FF47A7076
S2140214A02B6858432BB1124B1B6803F51C531033A1
S2140214B01844FFF7FBFEE06091E74EF660209BE7DC
S2140214C04EF66020A6E74EF66021B6E7084B1B688C
S2140214D003F51C53103318446CE747F2305079E793
S2140214E04FF47A735843A0F503501038D3E700BF81
S2140214F084560020BC56002094560020001F00B0E0
S2140215008056002038B5054608461C461AF0B5FB3C
S2140215100246D5F8E400FFF79DFE4368A018002BAC
S214021520044AA8BF4FF4FA721A44034B92FBF3F232
S214021530104438BD0CFEFFFF18FCFFFF70B5124CBE
S21402154088B001AD0FCC0FC594E8070085E8070008
S2140215508C2200210D48FAF721FED42200210C48E5
S214021560FAF71CFE0B4B0C4A5A6301F04DFA0B4B72
S2140215701B783BB1044E01AD0FCD0FC695E80700B0
S21402158084E8070008B070BDC41F00B0A01E00B0FB
S2140215902C1F00B0001F00B01011111104660020AD
S2140215A008B51FF0C2F80E4B1A78A2B90D4A126897
S2140215B012F4843F0FD10C4A1021D1671B7863B90D
S2140215C0084B1B68DB0508D4074B2022DA67BDE808
S2140215D008401FF0A5B8054AEEE7044BF5E700BF42
S2140215E01766002048160020002002B8001002B835
S2140215F00A4B197801F0FF0229B100211970084937
S2140216009202C1F8B420597801F0FF0229B10021F4
S21402161059709302024AC2F8B83070471266002028
S214021620005000B8064BD3F8D80E064B5B6F1A0173
S21402163003D4054B9B6E1B0401D500F580707047E2
S214021640001000B0000002B8004000B810B51FF04D
S2140216506CF80E2104460320FFF7FCF840F2012244
S214021660034B2046BDE81040DA621FF059B800BFAF
S214021670004000B808B51FF058F84FF00042224B61
S214021680C3F88020BFF34F8FBFF36F8F0122C3F8DA
S2140216908420BFF34F8FBFF36F8F0222C3F88420DC
S2140216A0BFF34F8FBFF36F8F0422C3F88420BFF3BC
S2140216B04F8FBFF36F8F0822C3F88420BFF34F8F7C
S2140216C0BFF36F8F1022C3F88420BFF34F8FBFF390
S2140216D06F8F2022C3F88420BFF34F8FBFF36F8F24
S2140216E04022C3F88420BFF34F8FBFF36F8F4FF4AF
S2140216F08072C3F88420BFF34F8FBFF36F8FBDE8AD
S21402170008401FF00DB800BF00E100E008B51FF06A
S2140217100CF84FF00042094B1A6001225A6004226C
S2140217205A6008225A6010225A6020225A604022CA
S2140217305A60BDE808401EF0F3BF00BF00E100E0BB
S214021740012370B5074C2370074B1E68074B3240C7
S214021750D3E9005319402840FCF7F8FC0023237015
S21402176070BD00BF156600209C560020481600205B
S2140217700022044B1A70044B197811B11A70FFF745
S2140217800FBF704716660020176600202DE9F04747
S214021790DDF820A003EA0108099B06460C4602EA89
S2140217A0000703EA0A09BAF1000F40F04E81031F50
S2140217B00B4300F00E81052871F1000380F0E480EF
S2140217C050EA010300F06081431E0B4300F02481BF
S2140217D0FFF750FFAD4AD2E9005323EA040325EA95
S2140217E006053D4343EA0807A94BC2E900571E68AF
S2140217F0DFF8F48226EA0A0646EA09061E60FFF7C2
S214021800CFFE15F02A4F14BF48F202034FF40043EE
S214021810A04AB007D26EA04848BF43F4005383EAFA
S214021820020122EA0302C2669C4A0B408166D36624
S214021830C5F380421203290348BF42F48072EB06C6
S21402184048BF42F40052964BAC0648BF42F40072C0
S2140218506806D3F80C3248BF42F48062290648BFB5
S21402186042F400628F4882EA030123EA0203C0F8C8
S2140218700C328D4B0A40C7F34024A404C0F8081269
S214021880C3F80C22EA0448BF44F48034AB0348BFD2
S21402189044F48014A80748BF44F4800415F4001FDB
S2140218A006D0D8F800001AF01CFB08B944F400244D
S2140218B0E90248BF44F40034FA0648BF44F4000480
S2140218C073077A4B48BF44F004041A6A44F40014BF
S2140218D084EA020323F0010375491A400A621C4097
S2140218E0CB61744B16F0010F1C62734B734A18BF20
S2140218F01A46734B7C071B6F48BF42F00062714862
S21402190082EA030123EA020303676F4B0A40416639
S2140219101A676E4A05F00103516CA0F5803081EA21
S214021920030221EA0301416482631A40684B2802DB
S2140219305A64D8F8002048BF664B92F8F62058BF83
S214021940654B690748BF43F4806322B115F4C06F44
S21402195018BF43F480733207604A48BF43F000431F
S214021960D2F8EC105E4883EA010222F4A02211406B
S214021970C0F8EC101340C0F8E0205A4ABDE8F04721
S214021980C2F8EC30FFF7C2BEA0F580630B4306D068
S21402199020F48063A3F500730B437FF419AF1EF0A7
S2140219A0C4FE3A49D1E9003223EA060322EA0402D7
S2140219B042EA08023B43C1E900324B4A126892F8F7
S2140219C0F610474A09B313F4C06F1ED04FF4807363
S2140219D011E01EF0AAFE2D4AD2E9003123F00403DC
S2140219E03B4341EA080157EA0807C2E900314FF4CF
S2140219F080633B4A0BD0C2F8E030A2F58052C2F8B0
S214021A00EC30BDE8F0471EF08BBE4FF48073C2F890
S214021A10EC30C2F8E030F4E71EF087FE1B4AD2E94B
S214021A20003123F001033B4341EA0801C2E90031D9
S214021A3001232E4A57EA08071BBF9363A2F580527A
S214021A405364536408BF9363DBE750EA01037FF4F1
S214021A50BFAEBAF1010F7FF4BBAE1EF066FE0C4AB3
S214021A60136823F0010343EA090313604FF480630B
S214021A70144AB9F1000F04D05366A2F580521367D8
S214021A80BFE713675366BCE7BDE8F0874816002039
S214021A909C560020004000B8006000B8005000B815
S214021AA0004001B8006001B8005001B8000002B85A
S214021AB0002002B8001002B8041C00030418000339
S214021AC000C001B800E001B800D001B800C000B8FC
S214021AD000D000B80D0A0A09090A0A090040005493
S214021AE00060005400500054BC56002000E000B8CD
S214021AF0024B5868C0F3C000704700BF481600206B
S214021B00024B186800F00100704700BF481600201C
S214021B10024B5868C0F3C030704700BF481600201A
S214021B2010B50446FEF700FDFFF7A4FD2046FDF7BC
S214021B30BDF8FEF7A5FCFEF7ABF8FEF71DF9FFF7BA
S214021B40C9FB13490723134AD1F8FC1004F1F80025
S214021B50FFF71AFC4FF080710020FEF7E7FB4FF00C
S214021B6000720D4B4FF400110120C3F80021FEF75E
S214021B70DDFBFEF7D7FF20B940F292321421FBF7C5
S214021B80FDF81AF0E1F8BDE810400120FDF766BF47
S214021B90001F00B0581F00B000D001B88023074ACB
S214021BA01367082340B11367054AD2F8A03023F022
S214021BB02003C2F8A0307047024AF4E7001002B8C9
S214021BC0001E00B0002002B810B51EF0AEFD0121C6
S214021BD004460020FFF7E2FF044B1961044B5B68E2
S214021BE098472046BDE810401EF09ABD000002B895
S214021BF0C06C0020F8B5194C0546207840F2E44245
S214021C00B0FA80F03E214009FBF7B8F855B9607883
S214021C1040F2E442BDE8F840B0FA80F03E214009C6
S214021C20FBF7ACB84FF440660D4F0E4DD7F8B43004
S214021C3040F2E442C3F381232370C5F8B4606078AF
S214021C403E21B0FA80F04009FBF798F8D7F8B83092
S214021C50C3F381236370C5F8B860F8BD126600202E
S214021C60004000B8006000B8F8B5084C084D236F75
S214021C700423084F2B67236F5B0300D4F8BD0426AA
S214021C8002203E6719F0DDFF2E67F4E7000002B877
S214021C90001002B8002002B8A82238B51A4B1D6FF1
S214021CA003F500531A6710229A60A3F5804302F1E7
S214021CB000521A675A66FFF79BFC144B1B7813B93F
S214021CC00320FEF78BF80024114B9C67FFF7CCFF2E
S214021CD0104A114BD2F8D81E0B40C2F8D83E042246
S214021CE00E4B1A670E4BAA06C3F8AC4008D503F58E
S214021CF08073DB6CB3F5817F22BF8022024B1A61B0
S214021D00BDE83840FCF7C2BB000002B814660020EB
S214021D1000C001B8001000B0DF0000FF002002B8CB
S214021D20001E00B010B549B930B3164AD3681B0E70
S214021D3013F00E0F20D193689A061DD4FFF786FC87
S214021D40104C0020FEF72AFE032801D0092805D1F0
S214021D50636FDB03F5D4E36D0C2BF2D9FFF784FF38
S214021D604FF40072084BDA62012203F5E8335A6137
S214021D70042203F580531A674FF4C062034BDA62FB
S214021D8010BD00BF000002B8004000B8006001B8F5
S214021D9008B503210920FEF75DFD2022014B1A61DA
S214021DA008BD00BF000002B838B505461EF0BDFCEF
S214021DB00E4B04461868FDF745F835B1FFF7D8FC18
S214021DC02046BDE838401EF0ABBC094B1B78002B02
S214021DD0F6D0084B1D78002DF2D1FFF7C9FC2A4633
S214021DE04FF480400021FFF7ABFCE9E7BC56002029
S214021DF016660020156600202DE9F84F5C4B064655
S214021E000D4614461B6F002A40F0AE8013F0A00F5A
S214021E1014BF4FF001094FF00009FCF737FBA0236F
S214021E204FF0000ADFF868810320C8F87030FDF72B
S214021E30D5FF0420FDF7D2FF4E4FFFF799FC4E4B1D
S214021E404FF0040B7B67C7F878A0FFF70DFF4B4BEC
S214021E504FF48071D3F8A020494842F02002C3F81C
S214021E60A020FF22C8F80820414A1161D0F8D82ED7
S214021E7044491140C0F8D81EC8F870B0C3F8ACA0E8
S214021E807B6913F0060F04D0FEF75CFA5846FDF79E
S214021E90A5FFB9F1000F08D04FF400623A4B1A675B
S214021EA04FF40042A3F5E0339A6666B1374BDB6C1B
S214021EB0180701D4FFF7CAFBFFF76AFF0420FDF7F5
S214021EC08DFFFFF795FB2A4B5A69D10747D5DA688B
S214021ED012F0706FFBD12E4B2E4A1A672E4AD36B26
S214021EE023F0F003D36315B12046FFF75DFF2B4BBB
S214021EF0D3F84C315A1C01D05B0002D50122244B88
S214021F005A6164B3214BDA6E03F500539A6603F501
S214021F10D0331B6A1E4A23F00103D361204BD3F849
S214021F200C1203F50053C3F8081203F50053D3F856
S214021F30841003F5005399671A4BD3F8EC1003F597
S214021F400053C3F8E010184B596C03F5005399631D
S214021F50164903F5803359664FF608431367002087
S214021F60BDE8F84FFCF736BD4FF0000955E700BF55
S214021F70000002B800C001B800000101001E00B057
S214021F80001000B0DF0000FF001002B8004000B8EA
S214021F90002002B810003000001F00B00080E00FE2
S214021FA0004001B80040005400C000B85000002FA6
S214021FB09B4B2DE9F04F9F6EDB6E85B01F40994B11
S214021FC09F66994BD3F8E050D3F8EC301D40974B00
S214021FD0C3F8E050964BD3F80822D3F80C3202EA44
S214021FE00309944BC3F8089203F52043DA691B6A87
S214021FF002EA0308904B08F47702DA618F4BD3F8B3
S2140220000422D20605D4D3F80431C3F30016DB0645
S21402201051D51EF08AFB8A4B5A695E6E1B6F12F010
S214022020060F06EA0306874A26F0007314BF4FF02F
S214022030010A4FF0000A23F400637407536604D5BE
S214022040814A137D0133DBB213751EF069FB002F44
S21402205000F0E28017F4004300F0D3801EF065FB28
S2140220600146FFF7DFFA0446784BD3F800B0DBF8F8
S2140220700020DBF800309A42FBD0DBF800209A42C0
S214022080FBD0FFF7CFFAA04217D108461EF048FB56
S2140220906F4B1C606F4BD3F870B01BF4E0520ED13E
S2140220A024F07F4424F0DF040CB9FFF7F5FD4FF06F
S2140220B0807B002414E0B246C9E70446D7E70192C3
S2140220C0FFF7EAFD5C4B019A1BF480541A6740F056
S2140220D09A801BF4806F0CBF4FF0805B4FF0806BD2
S2140220E0B80715D55B4A5448126F02F4604101677F
S2140220F0002900F08B80110400F18B8012F4005F3F
S2140221000CBF4FF000524FF0006200244BEA020B65
S214022110C7F340377F00504A2A40002A4AD015F4B7
S214022120206F0AD040F6A31206210020FAF726FEF8
S2140221300020FFF739FE25F48025EB0506D5FF21A2
S2140221403D4A4BF4C06B9160FFF780FA15F0090F19
S2140221500AD040F6B81208210020FAF70FFEFFF761
S21402216017FE0121304A116315F0106F0CD040F6AD
S214022170C11209210020FAF701FEFFF709FE00222C
S21402218011461046FCF736FE15F4202F0AD040F60C
S214022190C91207210020FAF7F1FD0020FFF704FE1E
S2140221A025F48025E80301D5FCF768FF002DB8BFAB
S2140221B047F0080769070DD51B4AD26A12F4005F7A
S2140221C04FF4005217BF19492449CA624BF4000B58
S2140221D008BFCA626A0548BF4BF0040B15F4802399
S2140221E0019300F0A480FCF701FF0138062837D8D7
S2140221F0DFE810F028012B0128012E0131013401FD
S21402220034019B4655E74FF0804B52E74FF0007281
S2140222107BE74FF0004278E7BB463C467BE700BFD1
S214022220004000B8006000B800400054006000544F
S214022230004001B8006001B8002002B800E100E0EA
S21402224000C001B800E001B8A056002050D7040034
S21402225098560020000002B8090B0B890050005463
S21402226040F6FA1203210020FAF788FD012185487C
S214022270826ED0F8883002F00702063201FA02F2C5
S214022280C3F30C0CA2EB0C0292B2072A12D97E4AB6
S214022290126F53020ED47D4B826B806D5B6D5BB109
S2140222A002F0070206329140C0F30C00091A89B206
S2140222B0072901D84BF4007B754A1278002A36D0DB
S2140222C0704AD2F8E02012F4A02F30D1714A724937
S2140222D012789AB9F20411D40A787AB14FEADB027C
S2140222E06E4842EA447282F00102D0F8D80E02F03A
S2140222F00102520020FA02F2930718D10420FDF7D9
S2140223006DFD674A67485067FFF732FA62490A78F6
S2140223104AB9654A127832B1644A654912680BEACC
S21402232002020A4201D14BF4804B26F48056B9F1E0
S214022330000F1DD019F4805F18BF4BF4802B19F4E0
S214022340807F18BF4BF4002B19F4005F18BF4BF0C8
S214022350100B19F4007F18BF4BF0200B19F4806F96
S21402236018BF4BF0400B19F4006F18BF4BF0800BF0
S214022370B8F1000F48D018F4001F0AD04D4A13686F
S2140223803BB1414A4C48116F00680022C1F3C0615C
S214022390984718F4802F18BF44F4007418F4803F4E
S2140223A018BF4BF4805B18F4801F18BF4BF4003B39
S2140223B018F4800F18BF4BF0020B18F4003F18BF3A
S2140223C04BF4801B18F4000F18BF44F0100418F4E6
S2140223D0002F19D0394AD2F8A02012F0C00F13D01D
S2140223E02949CA68C2F30362032A01D0072A05D123
S2140223F04A6FD00602D48A6F120732D54FF40021F4
S2140224002F4A28F40028D161002E00F01B813305E4
S21402241040F18F802B48DFF88890C2782A49002A3C
S21402242058D04FF40063013AD2B24B66C27032B94A
S214022430264A1278C2B140F60141254A5167002267
S214022440002173E04BF4803B10E74BF4006B0DE782
S2140224504BF4806B0AE74BF4807B07E74BF0080BE4
S21402246004E74BF4001BCFE7D9F8782012F4A05FFC
S21402247015BF4FF4807240F60142C9F85820C9F8D9
S2140224807820DCE700400054000002B8004000B8A4
S214022490176600201666002019660020001000B09D
S2140224A000C001B80000010118660020481600208E
S2140224B0088D0100D0550020BC560020001E00B03A
S2140224C0002002B80866002000E001B8146600206A
S2140224D000D001B80320FDF781FCD9F81420A84BE0
S2140224E012F0060F04BF41F61F72A649A64808BF9F
S2140224F04A674FF40061A34A5166D9F8142012F0D5
S214022500060208BFC9F878205A8A12F4006162D01F
S21402251022F400625A82027802F0FF09002A5ED193
S214022520FDF710FFFFF7B8FB4A4620214BEA020BE5
S2140225300C43B00009D52E20FDF79EFB4FF000514C
S214022540904A44F0080411675166F10606D52B201E
S214022550FDF792FB10218B4A1167516616F0306F19
S21402256005D1F20463D5BAF1000F00F0C080330142
S21402257017D52920FDF780FB844A526C12B1102130
S214022580834A9160FFF7B4FA48B1824A82487D498D
S2140225904A66026700F54050C068400422D444F000
S2140225A0040416F0007A28D00420FDF717FC272032
S2140225B0FDF762FBFFF770FB4FF00071714A516640
S2140225C0764AD2F8D82E520679D40221704A916001
S2140225D044F0020428E002784FF40052A6E74FF4D3
S2140225E000422DE70A6720204A66FDF745FB2D20AC
S2140225F044F00C04FDF740FBD3E716F0807FDFF8CB
S2140226008C9147D00420FDF7E9FB2820FDF734FB28
S214022610D9F87820002A3AD1FFF73EFB594A5D499D
S21402262044F00104116751660021584A916572050B
S21402263008D55B498A78002A00F0D880013A8A7069
S21402264000221743574AD2F8A020130603D558464D
S2140226502146FCF7C7F93A4658462146FFF770F876
S214022660019B0BB1FCF7F8FC01224F4B05F0043539
S214022670C3F8E0504D4B18F4002FC3F884211EBF58
S2140226804FF40022424BDA6105B0BDE8F08FC9F87C
S21402269078A0C3E7F104C7D50420FDF79FFB444AA0
S2140226A0C9F87420FDF74EFED9F8642012F0407F78
S2140226B0BAD12A20FDF7E0FAFFF7EEFA80E7394AA8
S2140226C0D2F8A0108B0683D402203A4988603A4991
S2140226D0096891F82510C8077FF57AAF92F8C420EA
S2140226E0002A3FF475AF8021344A116170E7344AFC
S2140226F01268013202D04BF0010B98E728490A799A
S21402270052B1013AD2B20A7112B9234A2D4951671F
S21402271000224BEA020B8AE70420FDF75FFB032048
S214022720FDF75CFB194A224951671DF0FEFF814600
S2140227300DF10F00FEF732F9234A824612780AB1EB
S214022740FEF784FFBAF1030F0ED1DFF870A0002067
S214022750FEF724F9032807D1DAF87420D103F6D459
S214022760DAF85C200C2AF2D99DF80F20032A2FD122
S2140227700121164A484611701DF0D2FFC8E700BF75
S214022780A056002000E001B81466002000C001B880
S214022790002002B81000002000D001B8001000B0DF
S2140227A008660020001E00B00060005400E100E051
S2140227B000000101001002B8BC560020000002B85A
S2140227C0C86C00200000010D1A6600201666002064
S2140227D0094AD2F8E02012F4A02FC9D1FEF7C8FFAA
S2140227E048461DF09DFF4FF4804292E70220FDF717
S2140227F0F5FA012225E700BF004000540122024BF1
S2140228001A62DA61704700BF002002B80D4B10B59D
S214022810DC691A6A14400C4A24F47F01D161E2078B
S21402282006D5D9684FF0FF30C1F3036119F096FA66
S214022830630706D5BDE81040042200200021FEF7FB
S2140228407FBF10BD000002B8002002B80C4A08B5CF
S214022850936B526C13400B4A9363DB070FD50A4BFC
S21402286040F663421878122100F00100FAF786FA61
S214022870BDE80840002201200021FEF761BF08BD26
S21402288000C000B800E000B848160020054AD2F89A
S2140228908430DB07FBD4936FD2F884201340024ABD
S2140228A093677047008001B800A001B870B514465F
S2140228B00D461DF03AFF064BD3F8A06074402C403C
S2140228C07440C3F8A0401DF02BFF06EA050070BD59
S2140228D0001E00B0034BD3F8A03099430CBF012072
S2140228E000207047001E00B02DE9F04117460A434B
S2140228F0012A1D469DF818409DF81C60DDF82080D0
S21402290029D8B44227D2082E25D8032B23D8B8F1CB
S214022910000F20D00A460021FBF71CFDFF21EB002A
S2140229209940C943DFF834C008F1FF38FF00E2B22D
S214022930964202D80020BDE8F0813D190CEB8505D1
S214022940D5F8E02018F8010F0A4098401043C5F861
S214022950E0000134EBE72120EDE700BF001E00B0E7
S214022960034B1868034B002808BF1846704700BF81
S214022970B8560020A0F804002DE9F843DFF860906E
S2140229800646D9F8008008461746B8F1000F03D06D
S2140229900E242046BDE8F88306B3336801331DD102
S2140229A0E1B1FAF70DF805460028F1D0C9F80000A3
S2140229B0FAF72CF8284618F0E5FC044640B14046E3
S2140229C0C9F80080FAF722F8284618F0D6FCE0E7A5
S2140229D03560002FDDD02846B847DAE72124D8E74D
S2140229E0BC560020024B1868003818BF01207047FA
S2140229F0BC560020002108B5024B08465B68984783
S214022A00002008BDC06C00200523064AA2F84A3002
S214022A1092F8493003F0010363F0730382F84930F9
S214022A20704700BF001F00B00023F0B585B0CDE9A7
S214022A3001330393124B134D1B78134E8DF804305B
S214022A401DF080FE2A78337804469A420F4F0CD047
S214022A503178386801AA297019F0B5F950B140F6F4
S214022A6008210B481BF088FF04E0386819F08BF940
S214022A700128EDD020461DF060FE05B0F0BD00BF77
S214022A80EB6F00202270002023700020D856002012
S214022A90F1AB0400F8B52B4B1B7823B140F6FC31A2
S214022AA029481BF069FF1DF04DFE284B07461C887F
S214022AB014F0060409D001214FF480701CF0F6FDD4
S214022AC03846BDE8F8401DF038BE21464FF4807007
S214022AD01CF0ECFD204600F0ABFF022808D1802255
S214022AE01B4B8021186818F017FDFFF79DFFE7E7DC
S214022AF0204600F09DFF054638B1012807D040F673
S214022B00314111481BF038FFDAE70246E8E7FF22B8
S214022B100F4E104B30681A70FFF76CFF306819F0D2
S214022B2032F90128CCD02A462946306819F02DF908
S214022B3021462C201CF0E6FD21460A201CF0E2FD70
S214022B40BEE700BF20660020F1AB0400A65E0020B0
S214022B50D856002022700020002101481DF0ECBB50
S214022B60406D00207F2837B5044610D14FF6FF731C
S214022B70022217480DF10601ADF80630EBF7D8F839
S214022B80BDF80640E2054CBF6FF04A0464B21DF081
S214022B90D9FD104B05461C700F4B1B88DB0710D562
S214022BA00E4B1B78002B0E4B0CBF21466FF07F019D
S214022BB0186818F0D6FC20B140F6786109481BF078
S214022BC0DBFE284603B0BDE830401DF0B6BD00BFB0
S214022BD0641002C01A700020A65E00202166002043
S214022BE0D8560020F1AB040010B513F0ABFE60B16E
S214022BF013F0AAFE0B4A80B141F20D03BDE8104065
S214022C0041F20D0107481CF0A3BE074B1A781B7948
S214022C109A4204D100220023F0E70D23EEE7034A8E
S214022C20F9E700BF400D0300EB6F0020488D01005E
S214022C30F8B5164E0D46337802F0010423B140F281
S214022C40C53113481BF098FE124B134F1D60134DEF
S214022C50A4B1134B997801B1012120201CF026FD66
S214022C602B783B700F4B1C780F4B00211C700423F3
S214022C7033700E48BDE8F8401DF05EBB21462020AA
S214022C801CF014FD2B783B70EEE700BF2066002098
S214022C90F1AB0400C85600201D66002024700020F8
S214022CA0CC5600201E6600201F660020406D0020C5
S214022CB02DE9F8431DF046FDDFF8A0810546B8F879
S214022CC00030614C13F4807F03D0237873BBFFF788
S214022CD0E1FE002108461CF015FD5C4B1A78FF2A1F
S214022CE013D01A7802F0FF0632BBFF221A7023783E
S214022CF0052B0AD10023284623701DF01EFD304600
S214022D0019F0F1F81DF01EFD05462378504E062BED
S214022D1009D13378FF2B06D03378022B15D1002148
S214022D204C481DF009FBFF2333702BE000214FF4C3
S214022D3080701CF0BBFCCCE71A78012A4FF0FF0229
S214022D4014BF33264C261A70D4E7337813B133787F
S214022D50012B22D11CF04AFD07463E4896F8009009
S214022D6001F0DCFBFF235FFA89F9337077B1B9F122
S214022D70010F44D16421374884F800901DF0DCFA34
S214022D80FFF752FE28461DF0D8FC06E028462770BC
S214022D901DF0D3FC384619F0A6F8B8F800301B062A
S214022DA005D5002180201CF081FC17F08EFB01F077
S214022DB0F1FA294E308000B32778012F42D11DF058
S214022DC0CFF9054610B301301DF087FE00F44060CF
S214022DD0B0F5006F1AD10422394628461DF000F9D4
S214022DE028441DF07AFE4FF6FF7398420ED100205B
S214022DF0318800F0FFFC00233380BDE8F88300230F
S214022E00284623701DF099FC3F20C4E7114801F0C4
S214022E1085FB002108462170012500F09DFC2378E1
S214022E200BB9FFF737FE0020318800F0E3FC0023E1
S214022E303380002DE1D020780028DED1BDE8F843AB
S214022E4019F09CB90025EAE72066002021700020D0
S214022E5020700020406D0020A45E0020A65E0020A8
S214022E6008B513460A461946064B186818F006FCBB
S214022E7030B1BDE8084040F2F44103481BF07CBD87
S214022E8008BD00BFD8560020F1AB040008B51346B3
S214022E900A461946064B186818F0EAFB30B1BDE838
S214022EA0084040F2FB4103481BF066BD08BD00BF68
S214022EB0D8560020F1AB0400024B1878431E584245
S214022EC0584170472066002008B5064B1B7823B190
S214022ED040F2255104481BF04FFDFFF7DBFD0020B2
S214022EE008BD00BF20660020F1AB040008B5054B04
S214022EF001EB81011868490018F035FB002818BF5D
S214022F00212008BDD856002008B5044B1868F9F7EA
S214022F100FFF0A2390FBF3F040B208BDD8560020FC
S214022F20014B1878704700BF2370002008B5044B89
S214022F30186818F083FAB0FA80F0400908BD00BF9E
S214022F40D856002038B5124D0C462B78012B04D9E2
S214022F5040F246510F481BF00FFD21460020FFF7B6
S214022F60E5FF90B10C4B1C702B785BB9FFF792FD16
S214022F700A4B93F900100A4BC901186818F0C7FAF1
S214022F80002038BDFFF750FDF2E72120F9E700BF29
S214022F9020660020F1AB0400237000202266002089
S214022FA0D856002008B5074B186818F045FA30B115
S214022FB0054BB3FBF0F083B20BB1184608BD0120F7
S214022FC0FCE700BFD856002040420F002DE9F34729
S214022FD05C4E01201DF0A8FC3388990704D440F605
S214022FE03F4159481BF0C8FCDFF8808198F8003052
S214022FF0053B012B04D940F6414153481BF0BCFC6B
S214023000524F3B6823B940F644414F481BF0B4FC8C
S214023010348814F0200478D0012122201CF072FBA0
S2140230204FF47A74FFF7BEFF3B681B7809334343BD
S21402303004EBC30498F80030A5B2062B0BD11CF0A3
S2140230409DFF0446FFF7AEFF602358430C2303FBA5
S2140230500400284485B2D7F800903D4B99F80080CA
S2140230601C7808F1FF381FFA88F8002C52D13388F2
S2140230705A0505D409F101001DF02FFDC0F34014D6
S2140230803449354A887812784B7812FB00F2334F6F
S21402309093423B70A4BF9B1A3B703B78CA78BD60D4
S2140230A0934238BF13463B7013F054FC002833D0CB
S2140230B013F04EFC012814BF1025082525430023D3
S2140230C0DFF8ACA00093802243464946DAF80000B7
S2140230D018F07BFA20B14FF43B611B481BF04CFC06
S2140230E01F4BDAF8000019781E4B197033889B06BE
S2140230F014D52A461C4B009718F063FEC0B9002070
S21402310002B0BDE8F0471DF00FBC214622201CF09D
S214023110F9FA87E70024B3E72546D0E72A460F4B9D
S21402312018F04DFE014618B925201CF0EBFAE6E72A
S214023130214626201CF0E6FA40F6F43102481BF03F
S2140231401BFCDCE7A65E0020F1AB0400C85600209C
S21402315023660020EB6F00201D660020F06C002026
S2140231602370002022700020CC560020206600200B
S214023170D8560020184B10B51B889B0704D440F67F
S214023180A66116481BF0F8FB154B1B78053B012B76
S21402319004D940F6A76111481BF0EEFB114B1B68E1
S2140231A023B940F6A9610D481BF0E6FB00240E4B3E
S2140231B00E4921201C701CF0A5FA014618B9BDE87C
S2140231C01040FFF703BF022804D12046BDE8104096
S2140231D01CF02EBB10BD00BFA65E0020F1AB0400A3
S2140231E020660020C85600201B6600208D33020091
S2140231F0F8B55A4C23889A0704D54FF43E715848BE
S2140232001BF0BAFB574801F089F91DF09BFA238898
S21402321005465B070DD54FF0FF3018F01DFA524BEE
S2140232201B68C01AB0F5717F03D9002104201CF078
S2140232303DFA28464D4D1DF080FA2B78042B32D1EC
S2140232401DF080FA238806465F0708D54548002108
S2140232501DF072F83046BDE8F8401DF06EBA1DF05B
S2140232606CFA1DF06FFA424B06461B78414F13B9B3
S214023270238859050FD50523012102202B701CF047
S21402328015FAFFF777FF30461DF057FA3B68DA78F3
S214023290394B1A70F8BD386801301DF01EFC8206E4
S2140232A0E9D50623E8E7062B4DD1344B1B78FF2BD6
S2140232B0F0D1334E13F050FB3378002B3DD01DF087
S2140232C041FA238805465B0705D5264800211DF0EE
S2140232D033F82846BFE71DF030FA3378013B3370E7
S2140232E01DF030FA0446012102201CF0DFF9FFF738
S2140232F041FF20461F4C1DF020FA206801301DF0C9
S214023300ECFB00F44060B0F5006F13D12468012195
S214023310042220461CF064FE20441DF0DEFB01461B
S214023320184B04201A783378D21AD2B2BDE8F84085
S2140233301DF09ABB4FF6FF71F2E740202B70BDE8F6
S214023340F84018F0D0BD012BA4D100232B700E4BF1
S2140233501868FFF74FFB3F20F1E700BFA65E00208C
S214023360F1AB0400406D0020C45600202066002009
S21402337023660020C85600201C660020207000200D
S2140233801D66002024700020D856002008B50A4B7F
S2140233901A7882B9012210281A7004D040F69D616C
S2140233A006481BF0E9FA002120201CF07FF9BDE850
S2140233B00840FFF70BBE08BD1B660020F1AB0400F9
S2140233C008B5094B1B88DB0604D440F2C3510748F4
S2140233D01BF0D2FA102000211CF068F9044B186882
S2140233E0BDE8084018F0E4BCA65E0020F1AB04007D
S2140233F0D8560020012208B5074B1146186818F067
S214023400C4FC00212C201CF07DF9BDE808400021F8
S2140234100A201CF077B900BFD8560020014B40089E
S214023420185C70471C70002008B513460A461946F9
S214023430064B186818F028F930B1BDE8084040F687
S214023440E94103481BF098BA08BD00BFD8560020D1
S214023450F1AB040008B5044B186818F094FC013868
S21402346018BF012008BD00BFD8560020054B10B576
S2140234704C0022460146186818F063F8031B5842AF
S214023480584110BDD856002070B505461DF05AF9B1
S2140234900E4B0F4E1B880446DA07357008D50D4BC7
S2140234A00D4D1B78012B08D90121286818F015FD4F
S2140234B02046BDE870401DF040B91BB113F040FA3B
S2140234C0C305F1D4317881F00101EEE7A65E002053
S2140234D01B70002021660020D85600200C4B10B529
S2140234E01B880446DB0711D5FFF77EFB094B84F0E9
S2140234F0010208211868D20018F00EF830B1BDE8B3
S214023500104040F6367104481BF036BA10BD00BFB4
S214023510A65E0020D8560020F1AB040008B5044B86
S2140235200146186818F0BBF8003818BF012008BD1D
S214023530D856002010B50A4C23787BB1FFF75AFF05
S214023540002104201CF0B2F8002102201CF0AEF884
S21402355000232370BDE81040FFF79CBA10BD00BFE1
S2140235602066002038B5094800F0E8FC0024084D23
S21402357095F84430E0B2834200D838BD05EBC0006F
S214023580043000F0DBFC0134F2E700BF7C57002079
S214023590DC56002008B5104602494822F8F79CFF80
S2140235A0002008BD3457002008B505481DF033FB3F
S2140235B0014620B9BDE8084001481CF0BDBE08BD62
S2140235C0606D0020002238B51C4B15461C461A704A
S2140235D00132082A5D609D8043F8085FF8D14822D0
S2140235E000211748F8F7DAFD4FF6FE73A4F86830A4
S2140235F06FF48033E365134B00211A88124B186868
S214023600F8F7CCFD114BC4E91255C4E9283584F805
S214023610445084F85050656584F8A850E9F7F2FEE5
S214023620FF220B4B012118700A4B00201A70E1F79B
S21402363027FA0020FFF7B8FF002038BDDC5600202E
S214023640345700208C6F0020006C00200000FFFF23
S214023650246600207966002010B5AC24084B04FBD3
S2140236600030836C53B990F850403CB931B1C0E990
S21402367012122046FFF798FF204610BD2120FCE7D5
S214023680DC560020AC2370B503FB00F5094E731917
S21402369093F850405CB9204610F0AAFC735D2046B1
S2140236A043F002037355FFF77FFF204670BD0120EB
S2140236B0FCE700BFDC560020AC235843024A135CEA
S2140236C023F0030313547047DC56002070B51646E9
S2140236D01F4A04461278C2BBAC211E4D01FB0051A4
S2140236E08A6C92BB91F850203AB1022B2DD191F8F8
S2140236F04410072907D91C2026E091F84410072910
S214023700F9D8012B08D0AC2000FB0450CA00011DDA
S2140237100C30F8F7EDFB0021AC2303FB04F0002489
S2140237209DF8143000EBC1012944CB71049B8E80B6
S2140237308B602B1893F84420204601328C7183F854
S2140237404420FFF731FF204670BD0120FCE700BF92
S21402375023660020DC560020F8B5234B04461B786F
S2140237600F46002B3ED1AC23204D03FB0053B3F88B
S214023770A03023B940F245311D481BF0FDF8AC22BB
S21402378002FB0452D2F8A46036B192F8A33039464E
S2140237900020B2F8A020B047AC2300216343EA1809
S2140237A0A2F8A010C2F8A410482192F8A82001FBA3
S2140237B002322A44D2F89820964213D0EB5C9B073A
S2140237C00CD5AC226243AB5C204623F0020343F0E6
S2140237D00103AB54BDE8F840FFF7E6BE10F02AFC42
S2140237E00028EED1F8BD00BF23660020DC5600207C
S2140237F048AC04002DE9F04F89B0059008460D4606
S2140238001CF0AEFC044618B9212009B0BDE8F08FC2
S21402381028461CF0C1FCC0B20838215C221892F877
S21402382002A00491D1785268277803920022B4F855
S2140238300130ADF81E20434A029192F800B0BBF167
S214023840000F08D0404B1B681BB120464FFA8AF285
S21402385098470020D9E703F00703022B70D0013403
S2140238600922594620461CF0BBFB023F3F1A3B0684
S21402387006465FFA87F8C7D4344FD7F89090B9F166
S214023880000F27D100210DF11E0B434622460846A3
S214023890CDF800B010F0E4FAC3B20546002B4BD1C7
S2140238A0BDF81E0018F063FBE0B9BDF81E0018F064
S2140238B05AFC8146BDF81E0018F059FBF0B906EB1B
S2140238C0080201232146584692B200F07BFDD0B191
S2140238D019209AE75B465A4601212846C84700281F
S2140238E0D0D191E7D7F89430BDF81E00002BDCD07B
S2140238F0A11998470028D8D1022086E742464846B2
S214023900A119F8F7E9FDBDF81E001CF029FC029B80
S214023910059A0372049B80F809A08372039B1BBA64
S214023920C360AC2303FB027393F85020BDF81E005D
S21402393022B1DB6C03B19847E8B266E7BB6FF9E7E2
S214023940012062E723660020C0560020DC560020D5
S2140239502DE9F84308460F46164602F1010918F00B
S21402396007FC8046384618F0FBFA042856D138463B
S21402397018F01AFB48F661054FF6FF7248F6410347
S214023980294C904208BF1D46B4F85C10301D1DF04D
S214023990A6F8384618F008FB0146B01D1DF09FF841
S2140239A0B4F85E1006F108001DF099F806F10A0454
S2140239B038460DF067FF10B145F01005ADB2294646
S2140239C048461DF08CF8384618F0CDFB42460146B4
S2140239D02046F8F781FD384601211CF0F9FB4444E5
S2140239E0074660B11CF0D8FB054638461CF0B8FB0B
S2140239F0EDB201462A462046F8F76EFD2C440B4AE5
S214023A00A41B13780134591C1170F37034703046BD
S214023A10BDE8F843092201211CF0E2BA48461DF02F
S214023A205CF84C460546C3E7DC56002024660020B8
S214023A30AC2210B548245043094B1A1892F8A81025
S214023A4004FB0100034493F87700022806D092F89C
S214023A5050301BB9032818BF012010BD0020FCE718
S214023A60DC56002070B508B1012070BD234C94F8D6
S214023A70A850002DF8D12946B4F85C20FFF706FAC4
S214023A8029462846B4F85E20FFF7EAF92946284672
S214023A9004F16002FFF7C8FC94F87730002BE3D0FD
S214023AA0284694F85860FFF73BFA864215D1002064
S214023AB094F95A50FFF728FA854216D10020FFF7EC
S214023AC0B7FF044600201CF041FA0028CDD021465C
S214023AD0BDE870400020FFF7F7B9284694F8581062
S214023AE0FFF730FA0028E2D0BFE7002094F95A1018
S214023AF0FFF7FCF90028E1D0B7E700BFDC5600204C
S214023B000346AC2010B51446164A00FB032292F870
S214023B10770002280CD1E07F022809D141B1124970
S214023B200978012913D992F85810227891420ED1B9
S214023B3018462178FFF7FAF990B1482221460B4839
S214023B40F8F7CAFC00201CF001FA08B9002010BDE4
S214023B50044B93F8A8000028F8D1FFF783FFF5E797
S214023B602120F4E7DC560020F16F002034570020B5
S214023B7038B5AC230D4C054603FB004300205A6DB6
S214023B80D86483F8500012B15865FFF719FCF5F7B0
S214023B9097FAFF281EBFAC2303FB054484F8A8004F
S214023BA00020FFF75FFF002038BD00BFDC56002074
S214023BB07FB51D4C94F8A83023B1002084F8A800E5
S214023BC0FFF750FF94F85A30B4F8A0608DF80F3023
S214023BD026B940F2FD2115481AF0CEFE144B3146A6
S214023BE01D6800202A46FFF7B3FEE46F02469CB12A
S214023BF00DF10F0301930023294630460093A04798
S214023C0002462C7854B920462146FFF7A5FD2046E9
S214023C10FFF7CAFC04B070BD0122F2E72946002075
S214023C20FFF706F8F6E700BFDC56002048AC0400B3
S214023C30006C002038B5494B1C78002C58D14848F7
S214023C4000F06CFC20461CF081F9002850D0454C50
S214023C502378D90733D594F850201AB123F00303FA
S214023C60237045E023F00103237010F0CBF923788C
S214023C7005469A0701D510F0BBF9294600200FF039
S214023C8053FF40B92378284643F001032370BDE86A
S214023C90384010F0ADB90023482284F8A33094F8D7
S214023CA0A83084F8A25002FB0343D3F89830A4F855
S214023CB0A000C4F8A430BDE83840FFF779BF94F8F6
S214023CC04400B0B104F1A003251D95E8030083E883
S214023CD00300FFF76DFF94F844202846D20004F153
S214023CE00C01F8F705F994F84430013B84F84430A7
S214023CF038BDA26C62B99B0711D52378002023F049
S214023D00020343F001032370BDE83840FFF74CBCC2
S214023D100123A06484F85030904723789EE710F081
S214023D2089F90028E9D194F8A83073B1F5F7C8F9F3
S214023D3094F85030002BDBD1FF2818BF84F8A80077
S214023D40BDE838400020FFF78DBED4F88C30002B3B
S214023D50ECD098470028CBD1E8E700BF23660020C6
S214023D60606D0020DC56002070B5044600201CF072
S214023D70EDF8AC235C430B4E351995F850300BB179
S214023D80002070BD0028FBD007481CF044FF002826
S214023D90F6D1335D002BF3D195F84400B0FA80F0EB
S214023DA04009EEE7DC560020606D002010B5084A98
S214023DB0034618F0EBF914684FF6FF7203EB400364
S214023DC09C42184603D9018802339142F8D010BDAE
S214023DD0985700202DE9F047204F05463B88A3B3AD
S214023DE0B0F90230002B30DBDFF87C801C49D8F8B3
S214023DF00000F8F753FA20B94FF4EA7119481AF09E
S214023E00BBFD0026DFF85CA0DFF860903A88B3B20C
S214023E109A4204D84FF4EB7150461AF0ADFDD9F829
S214023E200030B2B253F83200D8F8001003EBC204E6
S214023E3068B943F83210A38828460133A38018F0E5
S214023E40A5F9E38803EB4003E380BDE8F087F8F7C3
S214023E5025FA01360028D9D1EDE700BFA85E00207A
S214023E6015AC04001FAC0400806D00208C570020A7
S214023E7038B5094C094D22682B689A4204D94FF48A
S214023E80877107481AF078FD28682368C01A20F060
S214023E90010080B238BD00BF98570020A05700200E
S214023EA01FAC040038B5124C124D21462846F4F7D2
S214023EB08DFF23680BB12B681BB9DE210E481AF062
S214023EC05BFD2A680D4B0E491A60236823F0010336
S214023ED013440B600B4B1A602AB9BDE83840F82130
S214023EE005481AF049BDFFF7C3FF6428F5D938BD67
S214023EF090570020945700201FAC04009C570020C7
S214023F00A05700209857002038B5094C094D226862
S214023F102B689A4204D34FF48A7107481AF02CFD94
S214023F2028682368C01A20F0010080B238BD00BF9E
S214023F309C570020A05700201FAC04002DE9F0413A
S214023F401D4B04461B78012B24D100881CF0EAF88E
S214023F500546D8B10426DFF864802C461CF0F2FB36
S214023F6007462046FFF736FF638843EA0803638066
S214023F70A05B1CF0D7F8044638461CF0DEFB1CB1EA
S214023F80B4F90230002BE9DA062E01D1BDE8F08141
S214023F900626E2E7022BF9D11CF0D4FB0246208863
S214023FA01CF0C0F818B10388C3F30E032380104632
S214023FB0BDE8F0411CF0C1BB256600200080FFFF73
S214023FC02DE9F04F0024BA4B97B006461C801CF031
S214023FD0B9FB0123DFF8EC82B64F3B70B8F800302D
S214023FE0A8F80040ADF81630B34B1B6801931CF0DE
S214023FF0A4FBB24B21461A88B14BD2001868F8F7D8
S214024000CDF80DF11600FFF799FF002E3CD1DFF830
S214024010B8924FF0000B0125D9F80040019B9C4254
S21402402039D3BBF1000F39D1002DF2D0D9F80040B8
S214024030DFF898A225462246019B9A4273D30223B2
S2140240400DF116003B70FFF779FF002E40F08F80CF
S214024050D9F800603246AA4280F0A28090881CF00E
S21402406061F818B10388C3F30E039380D0881CF05E
S21402407059F818B10388C3F30E03D3801046FFF72E
S21402408095FE0246E7E79847E3B256F82330013436
S214024090002BF8D1BBE7BBF1000F3ED00BF1FF338C
S2140240A05FFA83FB16AB03EB8B0252F8402CB2F995
S2140240B0020051880028B1DA4B04AFD4924641F48C
S2140240C08040931D2AF8020F02933AF8020F1CF062
S2140240D029F8F0B1B0F902E0B0F802C0BEF1000F64
S2140240E017DB6FEA4C4C6FEA5C4CA0F802C00390F8
S2140240F0FFF770FEBBF10F0F8FBF002516AB039ABA
S21402410003EB8B009EBF0BF1010340F8402C5FFAD5
S21402411083FB029B9A45D8D180E72046FFF746FEEE
S21402412022460446C3E7104618F030F88346B2F932
S2140241300200118800280AEA010108DA20461BF06C
S214024140E7FF084381B204EB4B0402EB4B05104633
S2140241501180FFF72BFE02466EE798475FFA8AF356
S21402416056F823300AF1010A002BF6D170E74FF019
S214024170000AF3E73046FFF719FE82467EB1B6F92B
S21402418002307188002B0ADA3088C0F30E001BF06A
S214024190C9FF864203462DD1C1F30D0171805646F2
S2140241A0AE42E7D3DFF81CA11CF0CCFA002106468B
S2140241B0504618F04EF81BF0B5FF0546002800F0F2
S2140241C0878030461CF0B9FA284617F0DFFF06460D
S2140241D020461BF09DFF8146760032462946204641
S2140241E0F7F786FE002249460DF116001CF0EBFC9E
S2140241F03444D9E71BD9304617F0C8FFC1F30D0186
S214024200420071801846314692B2F7F771FEC6E751
S2140242105046FFF7CBFDD146854203D9B0F90230AE
S214024220002B01DA824603E0FFF7C0FDF4E7B14651
S214024230554507D9BAF80000C0F30E001BF072FF0E
S2140242408245E5D3B9F1000F30D0B9F80000C0F3CB
S2140242500E001BF067FF034638B93346CB46994536
S21402426013D8B1459BD0D946ECE7484617F08EFFE7
S214024270B9F802204946C2F30D02A9F8022042000C
S21402428092B21846F7F734FEE7E718460193FFF7AF
S2140242908DFD019B9B46854203D9B0F90230002B67
S2140242A001DA0346DBE7FFF781FDF4E7CB46DAE700
S2140242B0AA5E00202566002098570020A85E0020EF
S2140242C08C570020AC5E00209C5700200080FFFF29
S2140242D0BDF816303870A8F80030044B30461C6023
S2140242E01CF02BFA17B0BDE8F08F00BF98570020DD
S2140242F02DE9F04105461BF015FF0F460446D8B1DE
S2140243001CF04BFC20B940F2FB4120481AF034FB6B
S21402431028461BF041FF05462046FFF747FDBD42F3
S214024320064609D004D840F2035118481AF024FB76
S2140243302588ED0B02D02781BDE8F08167802046F4
S21402434017F024FF074604EB40081CF0FBF9104B5D
S2140243501A68B2420AD1C3F800801CF0EEF92A4667
S2140243604046BDE8F041FF21F7F718BFA6EB080666
S214024370B5B21CF0E2F9072DF1D90023083D44F846
S2140243801730C8F80430A8F80250D5E71FAC04006E
S2140243909857002038B51CF0D5F900210546044888
S2140243A017F057FF044628461CF0C7F9204638BDCA
S2140243B0AC5E0020024B1888B0FA80F040097047C5
S2140243C0AC5E00202DE9F74F044600881F461BF01E
S2140243D0A9FE8846154606461CF0DFFB20B940F2C9
S2140243E0FE613F481AF0C8FA3388DB0B009306D00A
S2140243F033892B443381002003B0BDE8F08F208838
S2140244001BF0CAFE82463046FFF7D0FC01901CF035
S21402441099F9DFF8D0B0019BDBF8002081469A427A
S2140244201DD1FFF725FDA84204D248461CF085F9A7
S2140244301A20E1E70AEB050373803FB120881BF0E0
S2140244408FFE2A4641465044F8F746F83046FFF7B4
S214024450ADFCCBF8000048461CF06FF9CBE71CF029
S2140244606CF920881BF098FE2844009980B21BF055
S214024470EBFE06460028DBD01BF072FE8146208843
S2140244801BF06EFE824620881BF086FE51460246D0
S2140244904846F8F721F83046AFB11BF061FE0746F2
S2140244A020881BF079FE2A4641463844F8F714F86D
S2140244B0012120881BF08CFE0121024630461BF0AB
S2140244C09BFE268097E71BF04BFE804620881BF05B
S2140244D063FE2A4639464044F7F760FEE8E700BF27
S2140244E01FAC040098570020342101481AF044BA41
S2140244F033AC0400036910B55BB18268064B9A427E
S21402450001D1002010BD44691CF00AFA201AF9D520
S214024510F7E74FF0FF30F5E7E944020082681C4BEC
S21402452070B59A420446056819D11CF00BF9236946
S21402453023B1A34206D100222A601A61BDE8704068
S2140245401CF0FBB81A4611461269A242FBD12A6831
S214024550A24208BF29600B6100232361EEE70369CC
S21402456093B198426E6803D19D210A481AF004FA64
S2140245702B46B44209D122699D4218BF1A614FF0F8
S214024580000308BF6A60236170BD33463669F0E7F0
S214024590E944020033AC04002DE9F0470746002543
S2140245A04FF0010A154EDFF858808AB0347914B9F4
S2140245B00AB0BDE8F087D6F8009087B900972A4679
S2140245C0B8F80010234603A81CF094FB224648467F
S2140245D003A9E9F7D9FB2544EDB20836E6E72246F9
S2140245E003A94846E9F7A4FBCDF800A023462A46CD
S2140245F0B8F8001003A81CF07DFBECE7CCF804002A
S214024600AE5E00200148FFF799BC00BFAE5E0020F8
S2140246109C46174BF7B5054608461988164611B14B
S214024620144B1C78CCB1014662463046BDB103B08D
S214024630BDE8F040E9F77CBB1C44E4B208373B799E
S214024640002BF0D03A689642F6D185F00105224654
S21402465000951CF04FFB03B0F0BD074FEFE7E9F7FC
S21402466093FBB0B203B0BDE8F04015F032BF00BF16
S214024670AE5E002025700020CCF8040010B5074C72
S214024680238843B10020FFF787FF0020FF22044B58
S21402469020801A7010BD0220FCE700BFAE5E00202C
S2140246A025700020142810B518D8082805D115F052
S2140246B08CFFC401E4B2204610BD0E2802D115F0CC
S2140246C087FFF6E7064B53F82040002CF3D00A2863
S2140246D02478F0D107F0C2FB0443EBE7FF24EAE7B5
S2140246E01CF90400014BB3F868007047DC56002042
S2140246F00048704746570020014B1878704700BFA5
S2140247007C650020014B1878704700BF7F6500204B
S214024710014B1870704700BF7F650020204B0228AF
S21402472010B5204C187002D00438012822D82378FD
S214024730042B0BD000211C481BF0FEFD2378033B04
S214024740012B03D9002119481BF0F6FD184B1B68F4
S2140247509A0022D513F0805F40F6114418BF4FF43A
S2140247604164204616F0E3FAC8B92046BDE8104078
S21402477015F0ADBE0C48FFF7D1FE0C48FFF7CEFE93
S21402478017F0E0FF2378033B012B03D816F0C9FA93
S2140247901624E6E70DF0BAFFFAE71524E1E710BDA6
S2140247A08365002084650020A46D0020F447002065
S2140247B088480020024B187800F00F00704700BFB0
S2140247C083650020034B187800F00F00831E5842C2
S2140247D0584170478365002008B517F09EFFC0B1A8
S2140247E017F0B4FFA8B10FF01BFD90B90A4817F0F6
S2140247F0E7FC70B1094817F0E3FC50B115F0EDFE86
S21402480038B116F096FA20B9BDE80840044817F009
S2140248109ABD002008BD00BFB05E0020E45E002006
S214024820A457002030B505460C4693B081B910B99E
S214024830002013B030BD1023214A69460120FFF73D
S214024840E7FE9DF805305A1E052A28D91720F0E7FC
S214024850182200212046F7F7A1FC002DEBD1FFF726
S214024860B1FF30B315F05EFD6A4601460020FEF742
S21402487091FEBDF80430204623819DF80230A372D3
S2140248809DF80030E37218F026F9002304F11401B3
S214024890237304F1100004F0F7FDE081C8E7094A2B
S2140248A09DF8041012789142D0D12B70002CD6D1EC
S2140248B0BEE7054B1B78033B022BD3D9C6E700BFE6
S2140248C064EE0100F86F00208365002030B593B0D7
S2140248D005460C46FFF776FF20B90C4B1B78033BC8
S2140248E0022B10D815F01EFD6A4601462846FEF732
S2140248F051FE00209DF80230607023709DF8003053
S214024900A37013B030BD1720FBE700BF83650020FD
S214024910054B1878012805D000F0FD00A0F1310300
S21402492058425841704700BF836500202DE9F34185
S2140249300E46002105461CF040F90023124FADF842
S21402494006002B800DF1060017F03AFC044610B163
S21402495002B0BDE8F08121460DF1060017F079FCA1
S21402496080461BF0FDFB438AB34207D99B1B43825A
S2140249702246414628461CF026F9E3E743895B07B0
S214024980E0D53B88F3E700BF8E6F002008B50A48E3
S214024990FFF7C4FD09484FF47A71FFF7C7FF0748CF
S2140249A017F00EFC30B9BDE808404FF47A710248A1
S2140249B01BF0C2BC08BD00BF846D00209C6F0020A7
S2140249C01FB50146002201A81BF086FD064801A974
S2140249D01CF056F920B11BF0C3FB4089C0F340001F
S2140249E005B05DF804FB00BF9C6F002030B585B0B3
S2140249F00D460022014601A81BF06EFD084801A9DB
S214024A001CF03EF950B11BF0ABFB044601460822EF
S214024A102846F7F76DFA6089C0F3400005B030BD4E
S214024A209C6F002010B5044C204617F000FC6388EB
S214024A30181A80B210BD00BF9C6F0020F8B505465C
S214024A40F8B100210F481CF0B8F80446A8B10D4F83
S214024A5020461BF085FB06461BF02AFD830705D47D
S214024A60082229463046F7F7EBFB38B1214638468E
S214024A701CF0C7F804460028EAD10024201E18BFFE
S214024A800120F8BD9C6F002010B50C460146064872
S214024A901CF0F6F830B11BF063FB43891C4214BFCE
S214024AA00120002010BD00BF9C6F00201FB51446D9
S214024AB0024601A81BF010FD074801A91CF0E0F809
S214024AC040B134B11BF04CFB142201462046F7F7E6
S214024AD00FFA012004B010BD9C6F00201FB50146DE
S214024AE0002201A81BF0F8FC094801A91CF0C8F82E
S214024AF058B11BF035FB4389024613F0020004D07E
S214024B00507B80F00800C0F3C00005B05DF804FBDF
S214024B109C6F00200146014817F0AFBC9C6F002036
S214024B20F8B504460E46142000211BF08DFB054600
S214024B30204617F07CFB6388834225D925B331468D
S214024B40204617F09AFC08BB28461BF009FB0746CE
S214024B500A223146F7F7CCF9082206F10A0107F1D4
S214024B600A00F7F7C5F90A4B1B887B82238823B90C
S214024B704FF47A7107481BF0DFFB204600222946D5
S214024B801CF021F80020F8BD1C20FCE72E20FAE7D6
S214024B908E6F0020846D002010B5044686B0B0B13A
S214024BA01BF086FC10F0020011D1CDF80E006168F1
S214024BB0CDF81200ADF81600206801AB03C32289B7
S214024BC0044801A91A80FFF7ABFF06B010BD2120EA
S214024BD0FBE700BF9C6F0020F8B50D4616461F4641
S214024BE0044648B31BF064FC30BB2046FFF792FF36
S214024BF0E0B1214611481CF043F81BF0B1FA438994
S214024C0005734673877343F0020321894381204666
S214024C1001F0F2F9FF28044606D001F0F3F818B1C5
S214024C200022074B43F82420002004E02046FFF72A
S214024C30B3FF0028DDD0F8BD2120FCE79C6F0020E2
S214024C40C4450020F7B59DF824400D4601949DF812
S214024C502040064600941F460DF076FC4FF6FF7184
S214024C608842044610D0BB0711D4284600F0CCFF79
S214024C7020461BF095FCFF281FBF084A32F810306A
S214024C8023F4804322F81030204603B0F0BD0246DB
S214024C902946304617F0F8FBEAE700BF745E0020AC
S214024CA073B50E46014614481BF0EAFF0546D8B116
S214024CB01BF056FA43890446334012D09B0736B29D
S214024CC00BD5002E09DAA17B437B0289007B01917A
S214024CD0012100912146FFF7B5FF638923EA060307
S214024CE06381628912B1012002B070BD2946024872
S214024CF017F0CEFAF7E700BF9C6F00200148FFF7D7
S214024D001DB900BF9C6F00201FB50C460B4A01461A
S214024D1001A81BF0E1FB01A8FFF7FCFE60B101A9A8
S214024D2007481BF0ADFF1BF01BFA036823604368BD
S214024D300020636004B010BD2D20FBE78AF9040052
S214024D409C6F002013B53E4C12F005FED4F8FC31E1
S214024D501020C3F307430193FFF7A4FC000650D5C7
S214024D600020FFF79FFC01064BD5019B802B3ED10E
S214024D70236A9A0704D440F61544204602B010BDB2
S214024D80E3699B07F7D52F4816F0F5FA012017F0CE
S214024D90C5F812F0F3FD04460028EED100F086F9BD
S214024DA0294817F0AAFA00F0F1F9E7F76DFF12F0BA
S214024DB0D1FD0AF0F1FC0AF043FDF4F763F8F4F7CC
S214024DC017F9F4F731F904F003FD15F000FC15F0BD
S214024DD001FC15F0B1FF1D480CF00CFC07F092FE2A
S214024DE015F069FF0028C8D015F067FFC5E7019BDC
S214024DF0812BC0D1D4F80C315B00BCD5D4F80C3171
S214024E00BFE71020FFF74EFC0006BCD40020FFF7D9
S214024E1049FC0106B7D5019B802B05D1084B1A6ABF
S214024E20D207A8D5DB69ACE7019B812BA3D1044B43
S214024E30D3F80C21002A9EDAD3F80C31A1E700BF82
S214024E400080E00F690345ECA4570020C149020028
S214024E5010B517F074FC70B301F0B8FB80F00104D3
S214024E60E4B20020FEF7F6FA44EA800424B217F011
S214024E7054FC10BB0220044316481BF0CCFE44EA46
S214024E80401415481BF0C7FE24B244EA0014134827
S214024E901BF0C1FE24B244EA801411481BF0BBFE8C
S214024EA024B244EA40240F481BF0B5FE24B244EA7A
S214024EB0C02080B210BD0124D3E70B4817F080F95A
S214024EC00028D7D0094817F07BF980F00100C0B25D
S214024ED04000D0E7E46D0020C86E00208C48002019
S214024EE0486E0020A86E0020B05E0020E45E00201F
S214024EF008B501F047F90EF0DFF8FDF7D9FE1548C0
S214024F0017F05EF908B906F065F9134817F058F974
S214024F1008B907F0E1FD03F059FC0CF01DFD0F483F
S214024F2017F01DFA0E4B1B78043B022B09D80D48CE
S214024F301BF071FE28B1FFF78BFF102801D109F094
S214024F407DF915F04CFB17F0ADFABDE808400648AF
S214024F50FFF736B8B05E0020E45E0020A4570020BB
S214024F6084650020C86E002094F90400014B18687E
S214024F70704700BFD8560020F8B54FF6FF77104BA3
S214024F8006461B780C46033B012B0F8009D8304699
S214024F900AF0BAFC4FF6FF73984220800ED000202B
S214024FA00DE00CF023FEB84205462080F7D13046CD
S214024FB000F002FDA8422080F1D1E8E72D20F8BDDE
S214024FC0846500204FF6F77370B5984204460D4686
S214024FD086B05AD817F067FAA04207D108222C49A1
S214024FE02846F6F785FF002006B070BD294EB6F8B3
S214024FF06830A3420AD10022082106F16A0017F09F
S214025000E4F918B9082206F16A01E9E7ACB1224BC5
S2140250101B78033B012B1AD800230122194620468F
S21402502000930AF01BFBFF2823D1294620460AF0EC
S214025030BFFC80F00100C0B2D6E7184B1B689B0786
S214025040E5D4284608F0DCF90028E0D0CBE7204675
S21402505000F06AFFFF2806D129462046FFF754FED5
S2140250600028D9D1BFE7294600F080FF0028F3D0F8
S214025070B9E702A918F045FC0028D6D1DDF80D30B4
S2140250802B60DDF811306B60ADE70120ACE700BFA6
S21402509026660020DC560020846500208848002012
S2140250A0014B1870704700BFF86F002010B5054C12
S2140250B0082221460448E8F73BFE204617F02DFA60
S2140250C010BD00BF2666002034B608C000487047F0
S2140250D026660020082208B50349F7F7B1F8B0FAA9
S2140250E080F0400908BD00BF26660020014B1870FC
S2140250F0704700BF77650020074B44F6FF701A78AA
S21402510040F6FF73012A18BF1846044B1B780BB1F2
S21402511040F40040704700BF846500207765002099
S214025120F7B50D46044616461F460021284601F0EE
S214025130F1FF0B4B002183F859402A46334620469E
S21402514000970EF0AFFC014630B10222204603B0B3
S214025150BDE8F04000F006B8012003B0F0BD00BF85
S214025160DC56002013B513460C461AB1022A0CBFB1
S214025170134601230021044A019100922246FEF7BB
S214025180A5FA02B010BD00BF21C8030000B500207A
S21402519093B0FEF717FA1E4B18880CF031FA1D4B27
S2140251A01D491A7800200EF0A1FD3422002168461F
S2140251B0F6F7F4FF0B238DF800306FF4803301937B
S2140251C04FF6FE73ADF8103003238DF81D30134BE7
S2140251D0134A0893134B10680993134B51680D93A7
S2140251E0124B6A460E93124B0F93124B1093124BAE
S2140251F0119302AB03C300210846FEF781FC6A4600
S21402520001210020FEF77CFC13B05DF804FB00BF12
S214025210866F00200B70002090BD040035560200F9
S21402522026660020BDC50300AD8E0200DD570200D3
S214025230ADA5020021C80300FD880200014B1878C4
S214025240704700BF2E660020014B1888704700BFCB
S214025250A06F00202DE9F74F814610460E46904675
S2140252601BF03BFCDFF840B105469BF8003033B933
S2140252704A4B1B681BB94A4B1B68002B7FD015F4A0
S214025280406A05F040071BD19FBBB5F5804F61D23F
S2140252904FF48074B9F1400F73D0B9F1800F63D028
S2140252A0B9F1100F6BD100239BF800003D4AD9B22A
S2140252B0884264D932F8021B0133A142F7D166E074
S2140252C008F103001BF009FC4FF6FF73984214BF67
S2140252D00124022487B1052705F44043B3F5004FA5
S2140252E044F0080425D0B5F5804F24D244F48074E7
S2140252F021E054460327EFE7B5F5804F4FF0050748
S214025300F4D3BAF5406F14BF022008203844404454
S2140253101BF0E3FB019017F0E3F8019B05F4404510
S21402532098420CBF44F0080444F00404B5F5004F5C
S21402533001D144F08004BAF5006F0FD108EB0700E4
S2140253401BF0CBFB054617F0AEF8A842A2D144F0FC
S21402535010049FE7544603270220D7E7BAF5406FAA
S21402536008BF44F0200495E70C4B1B683BB10022B3
S214025370D1B233F8110033F91110002903DA0020F4
S21402538008E0074BF1E7A04202F10102F0D106B1B4
S2140253903480012003B0BDE8F08F00BFB457002070
S2140253A0B85700200E5F002076660020034B1A785E
S2140253B0022A04BF09221A70704700BF2F66002017
S2140253C00C22034B1A211A700320002202F024B882
S2140253D02F6600200C2208B5054B1A211A700022EF
S2140253E0104602F019F80022024B1A6008BD00BFF0
S2140253F02F660020C05700200C2270B50D4B0546C4
S2140254001E781A7030B93046BDE8704000221A2164
S21402541002F002B8084B1C78E1B21A29F3D825FA32
S21402542004F3DB0703D54422304601F0F5FF0134CE
S214025430F2E700BF2F660020277000200C22024BE6
S2140254401A7015F06FBC00BF2F660020F0B50C88EE
S21402545005460E468BB0E4B94FF6FF77ADF82470DA
S21402546015F073FC10B902200BB0F0BDCDE9034075
S214025470CDE90544134A0294B2F85C3060320193D7
S21402548000923B464CF60101FF2009AA18F082FD65
S2140254903080284617F09DF90B4C70B1237863B123
S2140254A0013BDBB22846237017F093F938B1207817
S2140254B0B0FA80F04009C0B2D6E70523F2E7012031
S2140254C0F9E700BFDC56002026700020034B114689
S2140254D01B6803B1184714F0B8BF00BFC0570020BE
S2140254E00C22024B1A700AF0F1BC00BF2F66002095
S2140254F00148FEF723BD00BFB25E00207FB5054619
S2140255000C4616461BF0FCF800286BD1062D03D875
S2140255105223EB40DB071AD4B4F1006F05D3E30E37
S2140255201C3B032B18D94F202EE000222F4B1A606B
S2140255302F4B1D7016F072FF03460A2D54D8DFE873
S21402554005F02D183E49182518535341360002F02F
S2140255503BFCB4F1006FE2D20022244B042D1A6009
S214025560234B1D70E6D1022001F02EFC16F056FFEA
S2140255700346012202921F4A01921F4A00921F4AC4
S214025580314620460EF088FE04B070BD31462046F5
S2140255901B4A04B0BDE870400EF066BE3146204697
S2140255A0184B194A04B0BDE870400EF041BE002206
S2140255B00292164A0192104A0092154AE0E7022227
S2140255C00B4B1A7000221046124904B0BDE8704018
S2140255D0FEF742B8002202920F4A0192064A009251
S2140255E00E4ACDE74D20CFE70120CDE7C057002079
S2140255F02F660020F9530200355602000DC803003C
S214025600E1540200D5530200CD5402003D5402007C
S2140256104D540200AD530200C1530200CFC703002F
S21402562008B50EF069FE0C22014B00201A7008BD68
S2140256302F660020F0B585B0ADF8060018B97621C1
S214025640644819F099F9BDF8060016F089FC04467C
S214025650BDF8060016F084FC082846D00C2CBDF8CF
S214025660060042D116F07FFD07461BF036FA0DF112
S2140256700F010646BDF8060014F08FFF002879D009
S2140256800922002138461AF0ABFC9DF80F30103381
S214025690C518BDF806001AF07FFDEDB2854269D244
S2140256A02946BDF806000EF035FF06F44C4416F403
S2140256B04066054614D0F81C1BF00FFA4FF6FF732F
S2140256C0984208BF44F04004B6F5006F08D1781D32
S2140256D01BF003FA4FF6FF73984208BF44F010041B
S2140256E09DF80F305BB3072D44D1BDF8060016F0C7
S2140256F02DFC0446BDF8060016F032FC082817D02A
S214025700A30615D524F0200189B2BDF8060016F0CE
S21402571008FCBDF8060016F026FD002109221AF044
S2140257205FFC00F1100189B20DF1060018F05BFD76
S2140257300022BDF8061028481BF045FA1AE0082D8C
S21402574016D8BDB1013D072D14D801A353F825F094
S214025750AD570200B957020075570200795702008A
S21402576075570200C5570200EB560200CB570200DF
S2140257707C2D24D005B0F0BD24F48844A4B2B4F540
S214025780084FF7D1BDF8060016F0E5FBBDF8061087
S2140257900BF0D0FF0028A8D0BDF8060016F046FC95
S2140257A00022014602201BF05FF9E3E724F480643E
S2140257B0A4B2B4F5484F97E7B4F54C4F94E7B4F566
S2140257C04C4F92D04CF6500301E04CF640439C42BC
S2140257D08AE700BF41AC0400B05E00202DE9F74323
S2140257E00F469046994606461AF0BAFC04463046DC
S2140257F01AF0D2FCC5B2083D2C44E178094BA278D7
S2140258001970094B31461A70002043463A46CDF8C5
S214025810009012F053FD003818BF012003B0BDE817
S214025820F08300BF53660020526600202DE9F04F39
S214025830DFF84081DFF8409198F8002099F80030B0
S21402584006469A4285B004D340F21911424819F02E
S21402585093F830460DF10F011AF056FE20B14FF4C0
S2140258608E713D4819F088F898F800709DF80F4040
S2140258703D1B15F0FF0530D04FF0FF3C374B0121A2
S2140258801B78A140184699F800304FF6FF790CFABB
S21402589003FC0023324A01F1FF3E0193C1F1000AE4
S2140258A09DF80430984243D8122004FB00002D4B8A
S2140258B0A0F1120105EBC5025200194404F10109D8
S2140258C01844F6F715FB4FEA89092748A9F104019F
S2140258D00144AA004844F6F70BFB224904EBC40233
S2140258E001EB420321F81260204A013712784FF684
S2140258F0FF71DA731A745A7412025A801C4A0D2007
S21402590012781A7110225A7100229A73C3F806206E
S214025910C3F80A20144B43F8242088F800701BF0C2
S214025920A3F80EB908F05CFF204605B0BDE8F08F7C
S21402593013884B450AD053680AEA030B03EA0E03A0
S2140259400B4403EB4B0343EA0C035360019B083200
S21402595001330193A4E700BF54AC04000570002095
S21402596020460020645C0020C445002053660020C8
S214025970306600207D650020037000202DE9F0418E
S214025980074600250A4B0B4E93F80080ECB2A04562
S21402599003D8FF242046BDE8F08108223846B11D10
S2140259A0F6F74EFC01350028F4D01236EEE700BFBB
S2140259B07D650020645C002008B5FFF7DFFFFF2846
S2140259C01DBF00B2044B00EBC0004FF6FF7018BFBD
S2140259D033F8100008BD00BF645C002007B50DF167
S2140259E007011AF091FD30B19DF80730034803EB2A
S2140259F0C30300EB430003B05DF804FB645C0020C5
S214025A002DE9F843294E044633785D1E2D1A83424B
S214025A10EDB204D84FF4A171254818F0ADFF01236A
S214025A20A3404FF0FF305F1E3B4400214FF6FF7E3F
S214025A306FEA03081F4A92F800C01F4A1278904085
S214025A401E4ACBB29C4523D8BDB127B204EBC40490
S214025A501B48640005EBC50204F112010144520022
S214025A602044F6F745FABF001648AA00391D01443D
S214025A7002F0FC023844F6F73BFA33780022013B88
S214025A8033704FF6FF71BDE8F8430E201AF0ECBFF4
S214025A901388734507D0536808EA03093B4003EBB3
S214025AA059030343536008320131CAE77D6500207B
S214025AB054AC04000570002003700020204600202D
S214025AC0645C0020C445002010B50A4C207858B902
S214025AD0094B1B781A2B03D99921084818F04CFF5A
S214025AE00322074B1A7010BD0138C0B2FFF788FFB9
S214025AF0ECE700BF7D6500200370002054AC040074
S214025B00796500202DE9F04705461BF0CFF8FF28FF
S214025B10044624D1DFF884901E4B99F800201B78A7
S214025B209A422BD22846BDE8F047FFF77FBE388858
S214025B303B79504518D86F2B4FEA131214D85B07DF
S214025B4010D0123708F1010899F800105FFA88F6AB
S214025B50B142ECD80023104ADEB28E4214D320465D
S214025B60BDE8F087022AECD90DF0E2F90028E8D168
S214025B7029463046BDE8F04716F06CBE4FF00008E6
S214025B804FF6F77A044FDFE7107901338F28EFD804
S214025B901232E1E703700020645C00207D6500207D
S214025BA04FF6F773984210B514D8FFF7ABFFFF28ED
S214025BB010D0134C00B200EBC00004EB400412F00D
S214025BC0D6FD104938B962880B7802EB0313A3EBB3
S214025BD01213638010BD227C637C09789A42E273BA
S214025BE02374617407D98B4203D213468B4228BFB3
S214025BF00B461B02EDE78A42F8D31346F9E700BFCD
S214025C00645C0020536600202DE9F04106460F46EC
S214025C1000240E4DDFF8388098F80030A34201D8F1
S214025C20BDE8F081082229463046F6F709FB40B95E
S214025C3035F8063CBB4204D02046FFF7E1FE013CA5
S214025C40E4B20134E4B21235E6E700BF6A5C002033
S214025C507D650020F8B5054608460E46FFF78EFE1F
S214025C60FF2830D01D4B294653F820703046FFF7E8
S214025C70CBFF2846FFF746FFFF28044625D10CF047
S214025C8083F8FF280AD1164C207838B114F04DFB61
S214025C902378B0FBF3F202FB1300C0B2294616F0DB
S214025CA0D9FD044623B20F4D03EBC30305EB4305B0
S214025CB008223146A81DF6F71BF92B79204603F079
S214025CC00F032B71F8BD0027D3E7074B1B78002B79
S214025CD018BF0027014B43F82070E3E7C4450020B5
S214025CE003700020645C00202870002038B50B4B3F
S214025CF004461B780D46834204D840F25A210848CF
S214025D0018F03AFE074804EBC40400EB44002946A8
S214025D10BDE8384008220630F6F7EAB803700020DD
S214025D2054AC0400645C002070B5044608460E4677
S214025D301AF0BCFFFF28054610D02046FFF71EFECD
S214025D40FF2807D0084B1B7823B9084B53F82020AE
S214025D5043F8252021462846FFF7C8FF314620464D
S214025D60BDE87040FFF750BF28700020C4450020F1
S214025D702DE9F8430024804601272646114DDFF818
S214025D804C9099F80030A34210D83E430134E4B256
S214025D901A2C4FEA470705F11205F2D14FF0FF30F1
S214025DA0094B1B7898403043BDE8F8832B8843455F
S214025DB0EBD0284616F0A6FD0328E6D82B796F2BE3
S214025DC0E3D8E3E7645C0020037000207D650020D2
S214025DD010B5084C00EBC00004EB400423795B07C7
S214025DE007D1204616F08EFD237923F007031843C9
S214025DF0207110BD645C0020014B1878704700BF0C
S214025E0029700020014B1878704700BF28700020C8
S214025E1070B51A48FEF782FB194B1B78033B012B21
S214025E2028D805F0A3FB03F057FBBDE870404FF4FB
S214025E307A5112481AF080BA23798F2B4FEA13113F
S214025E4011D80131204616F08DFD062901D8032906
S214025E5009D12379002223F007034FF6FF710F20A2
S214025E6023711AF001FE123401353278EBB29A42EF
S214025E70E2D8D6E70025034C034EF6E7A46D0020D1
S214025E8084650020645C00207D6500200022084BAB
S214025E901878084BD1B2884203F1120300D8704733
S214025EA013F80D1C013221F0100103F80D1CF1E766
S214025EB07D650020645C00202DE9F047022612274B
S214025EC0DFF85C90DFF85C8099F8004000250CE073
S214025ED007FB05F338F803A00021504616F027FD0D
S214025EE010B15CB1013CE4B2013599F80030EAB277
S214025EF09342EDD8A34204D14FF6FF7A5046BDE84E
S214025F00F08714F012FA99F80030012EA3EB04037E
S214025F1090FBF3F202FB1300C4B2EDD00126D5E7E4
S214025F207D650020645C002010B504461AF0BEFEB3
S214025F30FF2808D120461AF033FBFF281FBF024B6A
S214025F401B78C018C0B210BD03700020044B00219D
S214025F501A78044B04481B781A449200F6F71EB9C6
S214025F60037000200A700020C445002010B5134BB1
S214025F700C461B7886B0834212D9114900EBC0004A
S214025F8001EB4001082220460631F5F7B1FF002258
S214025F900821204616F019FA80F00100C0B206E089
S214025FA0C01A01A9C0B20CF02BFA10B1002006B03C
S214025FB010BD01AB03CB20606160E8E703700020F0
S214025FC0645C002008B5074B024653F820308B422B
S214025FD006D915204FF6FF711AF046FD002008BDBF
S214025FE00120FCE7C4450020024B013143F8201093
S214025FF0704700BFC44500202DE9F34781460C4692
S21402600000272A4EDFF8ACA09AF80030FDB2AB4269
S21402601010D86946204617F0A9FDC0B30822694683
S2140260204846F6F70DF990B34946204616F040FF6B
S214026030FE2537E006F10608082241464846F6F7EE
S214026040FFF890B94FF6FF739C422BD03388A342D9
S21402605028D020461AF0A4FAFF2814D14946204632
S21402606002B0BDE8F047FFF7F5BD14B912360137A6
S214026070CAE73388A342F9D100220821404616F027
S214026080A4F90028F2D12846FFF7BAFCCCE7494625
S21402609000201AF055FAFF28054603D0044B1B7859
S2140260A00344DDB2284602B0BDE8F087645C0020F7
S2140260B0037000207D65002008B5FFF7E7FE054B5C
S2140260C01B78013B012B03D8BDE808400CF084B9CD
S2140260D008BD00BF846500200F4B1B7883420CD896
S2140260E0C01A0E4AC0B232F81030D90411D443F4A2
S2140260F0805322F8103001207047094B00EBC00095
S21402610003EB40035A79D10603D442F010025A71C7
S214026110F1E70020704700BF03700020745E002085
S214026120645C0020F0B5134B06461B78FBB10025D5
S2140261301148DFF84CC090F800E0104807781F447A
S214026140E8B2864501D80020F0BD7C1B94FBF3F034
S21402615003FB10440CEBC4003CF83440B44204D1B8
S214026160002AF1D184788C42EED00135E8E7184651
S214026170EAE700BF05700020744800207B65002017
S2140261802046002070B511F0D7FB14250F49104E9B
S2140261900B78328830809B1A03449BB2B3FBF5F42B
S2140261A005FB14330B700B49E2B20B78934292BF95
S2140261B000239B1ADBB2032A0B7088BF0023064912
S2140261C09EBFD2000B68D3400B6070BD33660020C2
S2140261D0B45E00207A65002074480020084B1868D8
S2140261E0084BC2B21B789A4208D2074BC0F307206C
S2140261F01B78984234BF0020012070470120704768
S214026200744800200570002032660020F8B5054666
S2140262101746FFF7E3FF064610B9184B1A783AB945
S214026220212001224FF6FF711AF01EFC0020F8BD55
S2140262301348DFF854C003780133B3FBF2F402FBD1
S214026240143303700F48DCF8002000EBC30420F878
S214026250335002F10132A1703846CCF80020FFF725
S21402626087FDE670606016F01EF9A84201D1012093
S214026270DDE7E3780133E370F9E700BF057000203D
S2140262807B650020204600207448002010B50B4C89
S2140262900B4A2378063B137011F04EFB0022094B83
S2140262A0FF211880084B09481A602278D200F5F7B9
S2140262B075FF0422064B1A7010BD00BF0570002041
S2140262C032660020B45E002074480020204600207B
S2140262D07A65002048B139B1044B1B780B70044B29
S2140262E01B7803700120704708467047316600200D
S2140262F02A7000202DE9F84307461AF011FB0546DE
S2140263001A481AF088FC1A4B48B31C683C1B2C44EB
S214026310A4B20022174BDFF864901B78164D99F84A
S214026320006005EB03155FFA82F8464509D9AB888B
S21402633005F11000A34215D9B21A29461201F5F743
S214026340D7FD013689F80060AC80B8F1000F03D1A2
S2140263503946064819F0F0FF2846BDE8F8833C4661
S2140263601D60D6E705460132DDE700BFC46D00209A
S214026370C457002035660020C4440020366600203C
S2140263802DE9F74F1AF0CCFA4FF0000E284D294FA0
S2140263902978294C97F800A004EB011303EB0A12A4
S2140263A00092F3465246DFF898801FFA80FC0646B3
S2140263B0B8F80000ACEB0009A0EB0C001FFA89F954
S2140263C001900098984217D1BEF1000F00D02970B4
S2140263D0524503D200203A70FDF7E6F83B7823B325
S2140263E02B78164804EB0314A188C8F8006003B0A3
S2140263F0BDE8F04F19F0A0BFB3F804C0CC450FD8E3
S2140264004FF0010E93F802C001310CF1FF3C013A45
S214026410A3F804B083F802C0C9B2D2B21033D0E7F0
S21402642001988444A3F804C0F8E703B0BDE8F08FEF
S2140264303566002036660020C4440020C46D002065
S214026440C45700207FB56C461E4B1F4D1E78013E7A
S214026450F6B21E7095E80F0084E80F001B4B284624
S2140264601A7805F1100132441201F5F741FD9DF844
S214026470026016F00F0511D1BDF808000EF0C4F93F
S214026480360918BF29464FF00002BDF8000008BFC3
S214026490039904B0BDE8704003F0F4BCBDF80400F4
S2140264A0FFF728FF0346828804ADADF80420224693
S2140264B003CAAA4218605960144603F10803F6D1CB
S2140264C004B070BD35660020C44400203666002045
S2140264D0F8B50024084D094F094E3B783178E2B2F0
S2140264E00B449A4204F1010400DBF8BD2846FDF78E
S2140264F025FD1035F1E700BFC444002036660020B3
S2140265003566002070B5134B06460D4610461249F6
S2140265101A78124B09781B780B44934206DB1F202D
S2140265204FF6FF711AF0A0FA002070BDFFF7E2FEE8
S21402653001350680857004461AF0EDF9E0800EF00B
S21402654069F940F602432081E3600020FDF72CF84B
S2140265500120EAE702700020366600203566002039
S2140265602DE9F84386460023144FDFF85C803E7818
S21402657098F8005012497219DCB294421CDA4FEABB
S214026580041C31F80C900133F14501EB0410F3D1F1
S214026590631CD21A0CF1100C12016144F5F7A8FC28
S2140265A0A5428BBF05F1FF3506F1FF3688F800508D
S2140265B03E700CB9034B1C70BDE8F88336660020AB
S2140265C0C44400203466002035660020044B054A89
S2140265D01B781278D3420CBF01200020704700BF00
S2140265E03566002036660020024B1878003818BF41
S2140265F00120704735660020002108B5084B09487F
S2140266001970094B1970094B1970094B1A78120147
S214026610F5F7C4FDBDE808400648FDF77FBF00BF9A
S21402662036660020C444002035660020346600200A
S21402663002700020C46D002010B50B4C23784BB1BD
S2140266400A4803F0ABFD58B1084B0121188816F032
S2140266506CF808B9002010BD0122054B1A70FAE743
S214026660FFF7F0FEEAE700BF35660020C4440020CC
S2140266703466002010B50E4B1B78BBB10D4C238838
S21402668083424FF0000311D10B4AE160137049B9FF
S214026690A3781033A37016F03EFB18B9A37823F044
S2140266A00F03A370FFF7CEFE012010BD1846FCE7CD
S2140266B035660020C44400203466002070B592B0CF
S2140266C00C46064613F02EFEE17A05460020FCF73D
S2140266D02DFC28B394F90A0015F085FE10BB134B67
S2140266E0E27A294683F85820A27A83F85A206A4624
S2140266F0FCF750FF4FF6FE739E420CBF4FF6FF7339
S21402670023896A4629460020ADF80660ADF80430B3
S214026710FDF7F6F940B92289054B5A8012B070BDD2
S2140267205520FBE75620F9E72120F7E7DC56002044
S214026730C857002010B50446014608220948F5F756
S214026740D7FB237B022B0AD8002B14BF312201224F
S21402675005490B7017234B61044B1A7010BD0023BA
S2140267600122F5E7CC570020C85700208365002099
S214026770014610230120014AFDF74ABF64EE0100DC
S214026780014B5861704700BFC8570020014B18786C
S214026790704700BFC857002010B5054C2378112B50
S2140267A003D0E221034818F0E7F84123237010BD16
S2140267B0836500205FAC0400064B01461B78042B61
S2140267C004D1054A137E053313767047034819F041
S2140267D0B3BD00BF84650020C8570020E46D0020CA
S2140267E008B50648FDF7AAFB0548FDF7A7FB13F018
S2140267F0E3FEBDE8084001F003BB00BFB05E002028
S214026800E45E0020064B1878332806D000F0EF002E
S214026810A0F143035842584170470120704700BF19
S21402682083650020002208B5074B4FF6FE701A70EB
S21402683015F045FE4FF6FF7015F05EFE034B5869E5
S214026840BDE8084013F043BE83650020C857002009
S21402685008B5064B187838B10548FDF74BFE4FF4DD
S2140268607A73B0FBF3F0C0B208BD00BF78650020B3
S214026870344800202DE9F0438BB00746154698466B
S2140268800E469DF8489049B9104605AC19F088FEA8
S21402689021460BF0B5FD172818BF2646B9F1000FA2
S2140268A00AD1124B1B781BB9284617F084F9D0B9C7
S2140268B02846FEF713F902E0284617F07CF980F026
S2140268C00104E4B29DF850302A4602939DF84C30FB
S2140268D03146CDE9009338464346039416F083F8D2
S2140268E00BB0BDE8F0834C46ECE700BF7F650020A6
S2140268F02DE9F04F97B099469DF88830BDF880B0E4
S214026900219D08939DF88C300E4658460FA9049296
S214026910079317F0CAFD05B3002800F0208195F80A
S21402692001A00FACCAF3400A8E4B19F0800F1B78F9
S21402693014BF4F4649F08007022B17D04FF6FF7858
S214026940002D40F087810225584615F004FB2B46A1
S2140269504246214615F020FEBCE0584615F07CFB68
S2140269600446002800F0FB80AA46DDE71EB97E4BEF
S2140269701B78002BE2D00DF13A012046FEF7FCFA16
S214026980584615F07CFB012838BF0120C3B2059398
S21402699095B3281D1AF0A1F8804609F00203204696
S2140269A0069315F05BFD214609908146002019F0FA
S2140269B0C7FD069A099B12BBFF2820D1F2F732FACE
S2140269C06A4A1278824200F032814FF6FF72099BC1
S2140269D0934214D1FEF726F8002800F028814FF6DD
S2140269E0F773984523D916F033FA11A98146FEF7B4
S2140269F0E9FA0028F7D02EE0BDF83A80CDE74FF648
S214026A00F772904520D8934211D898450FD0194670
S214026A1022460AA819F060FD0A980B9913AB03C325
S214026A20BDF83020022113A81A80FEF739F9404635
S214026A3011A9FEF7C7FA024628B9082111A815F0CF
S214026A40C4FC002866D0C1464FF6F67209F1FF3341
S214026A509BB29342C7D8BAF1000F03D1444B1B78BE
S214026A60002B60D1584615F076FA059B4A460193EC
S214026A700123214600933B46FEF7E4F84FF6FF73E8
S214026A809842804600F0D380014600220AA819F0F8
S214026A9023FD0A980B9913AB03C3BDF830200221DD
S214026AA013A81A80FEF7FCF8002D3FF44DAF002E17
S214026AB040F0D28045460123C7F3C0074246CDE9DF
S214026AC0016321462B4604980397CDF800A015F0E3
S214026AD08AFFA846BAF1000F0FD04FF6FF7398450B
S214026AE00BD0404619F05CFDFF281FBF214A32F842
S214026AF0103023F4804322F81030089B7BB315F045
S214026B00D2FC249B014600934246234607980CF08B
S214026B10EDFC24E00822204611A9F5F791FB002897
S214026B207FF461AF8FE7002D64D0134B1B68980784
S214026B3027D5049B0F2B21D0281D19F0CEFF022348
S214026B400121CDE901310023C7F3C00702460093B5
S214026B5021464FF6FF730498039715F044FF17B0CB
S214026B60BDE8F08F83650020786500207C650020F4
S214026B707F650020745E002088480020079B012B5A
S214026B80DAD1281D19F0A9FF804619F009FD0990EF
S214026B9040461AF08BF84FF6FF71BDF83A208A424B
S214026BA056D04245099B53D1FF2B4AD0184617F0C0
S214026BB018F8784010F0EF0F14BF01230023BDF839
S214026BC03A00099319F0ECFC0690BDF83A001AF068
S214026BD06DF8099B66B14FF6FF7CBDF83A10614529
S214026BE006D0414504D0069A0240D2B2FF2AA3D16B
S214026BF0002BA1D1224649460AA819F06DFC0A9834
S214026C000B9913AB03C3BDF8302058461A8015F013
S214026C10A2F93A460146059B13A8FDF7DDFF30B9F7
S214026C204FF6FF73BDF8548098457FF43DAF4FF69C
S214026C30FF789DB10126281D19F04FFF4546804674
S214026C4039E7FF2804D0069BB3FA83F35B09B6E75D
S214026C500023B4E70226EEE70026ECE7012573E6FA
S214026C600022014B1A767047C857002008B50B4B16
S214026C701B78022B10D10A4B1B78033B012B0BD936
S214026C80084B187800F00100FEF730FA0023064A97
S214026C90C2E90133538008BD0020F3E78365002074
S214026CA08465002078650020C857002038B5174D47
S214026CB02B78033B012B1CD8154BB3F868204FF6F4
S214026CC0FF739A4215D10320FDF728FD02F0CEFB92
S214026CD0FFF7CCFF2B78033B012B01D909F0FCF818
S214026CE0002019F033F978B1BDE83840002015F0DD
S214026CF048BAFDF7FDFC0446FDF7F4FC01462046C3
S214026D0008F05EFB0220DFE738BD00BF8465002086
S214026D10DC56002008B5114A114B58611378032B34
S214026D201BD0D3B1332B01D0432B10D10D4B1B7884
S214026D30033B012B05D803231370BDE8084013F06C
S214026D40C6BB13F0C4FBBDE80840FFF7AFBF212364
S214026D501370BDE8084002F09DB908BD83650020A7
S214026D60C85700208465002038B504461348FDF74E
S214026D70D5FB134B1B78013B012B1DD8114D5CB97B
S214026D802B7823B140F619402C7013F0A0FB002498
S214026D90FFF76CFF204638BDFF2C05D04FF47A7102
S214026DA00648614319F0C8FA2B78002BEFD101236D
S214026DB040F618402B70E8E70224E9E73448002042
S214026DC0846500207865002038B5114D04462B787E
S214026DD0834218BF287013F0B0FF80B124B9204652
S214026DE013F0ADFF02220DE0012013F0A8FF2B786E
S214026DF01A1F012A05D9062BF4D1032202E0002C21
S214026E00F5D10122BDE838400021084615F011BD33
S214026E108465002030B5044685B068460D46FFF707
S214026E20A7FC94B100212846144A02F043FB144BF7
S214026E3020681B7861688DF80430124B1B788DF839
S214026E40053002AB03C306F0B1FA0F4B93F8582095
S214026E5093F85A308DF803208DF8023015F040FB77
S214026E60ADF8000015F01FFB1023ADF806006946CA
S214026E700020064AFDF7CCFB05B030BD00F8FF0740
S214026E80F86F002084650020DC56002064EE0100C6
S214026E9010B5144B04461A78134B002083F858207A
S214026EA019F054F810B1002015F06BF900210846CD
S214026EB0FFF7B0FF0D4B1B78033B012B0ED813F0E8
S214026EC030FF2046FCF754FE40F6174013F0FFFA58
S214026ED00023074A1380074A138010BD0BF016FCE6
S214026EE0EFE700BF37660020DC56002084650020EE
S214026EF08A5E0020885E00201FB504466846FFF7BB
S214026F0037FC54B100238DF8053010236946002063
S214026F10064AFDF77DFB04B010BD15F0C4FAADF8C5
S214026F20060015F0DDFAADF80000EEE764EE0100AB
S214026F3010B5014604460020FBF7F8FF90B10C4B53
S214026F401B78023B032B0FD80A4B1C7019F0D8FB98
S214026F5060B9094A0949FCF77FFB003818BF0120CF
S214026F60800010BD5520FCE70220FAE74D20F8E726
S214026F70836500203766002055A60200916E020047
S214026F80F8B5064619F0BCFB044668B918F0DEFFF1
S214026F9050B1064D204695F8587085F8586015F0A1
S214026FA0F0F810B185F858704D20F8BDDC56002078
S214026FB02DE9F04180461846033B012B0E46174644
S214026FC002D918B121243CE0FFF7FEFE294B1B78BC
S214026FD0012B4CD0284B1D78022D08D0032D46D10C
S214026FE0B8F1000F03D1254B1B689B073FD4332013
S214026FF0FDF794FB01F0E8FCB6F1006F34BF204BBE
S214027000052231464FF0060038BF1A78FEF776FAA8
S214027010044628BB1B4D2873012000F029FF15F0FB
S2140270205FFA68802846B8F1000F0DD0022300F8F8
S214027030043B15F050FD6C732F613946304613F051
S21402704080F92046BDE8F081012300F8043B15F0E4
S21402705042FD6C732F613946304613F071F9F0E742
S2140270602846FDF75BFBB8F1000FF4D0E5E70224F3
S214027070E7E700BF8465002083650020884800207B
S2140270802B700020C8570020034B187818B9034B02
S214027090034A1B78D05C7047826500208465002016
S2140270A087FA040038B5174B04461B78033B012BBE
S2140270B006D8437BDB0703D590F9090013F030FEB0
S2140270C00025114B83F859502079FFF759FFFFF737
S2140270D0DBFF61882488034622462846FEF720F80E
S2140270E0044620B11720FFF715FE204638BD1723A9
S2140270F0064DC82106486B6119F01EF903232B764C
S214027100F3E700BF84650020DC560020C857002045
S214027110E46D0020F0B51A4D06460C4693B0A5F86D
S214027120680005F16A0729BBC5F86A10796013F092
S214027130F9F86A4601460020FCF72CFAD5F86A30C0
S214027140ADF81060CDF812307B68CDF8163013F02B
S214027150E9F86A4601460020FCF7D2FC4FF6FF73B8
S214027160B5F86800984203D014B1064913F0ECF85B
S21402717013B0F0BD08223846F4F7BAFED7E700BFD0
S214027180DC560020465700202DE9F041DFF8B88093
S2140271901F4698F8003005460C4616461BB10225D7
S2140271A02846BDE8F081531E052BF8D819F0A8FA38
S2140271B00028F4D13B7B032B14D14FF6FE739C427E
S2140271C012D1012E09D0022EE9D115F06CF94FF634
S2140271D0FB73984203D815F066F9044604E015F0EE
S2140271E037FEFAE7012EDAD0EDB939462046FFF728
S2140271F065FA05460028D3D198F80030332B03D021
S214027200532B1CBF0E4B18613046FFF7DDFD0021E5
S2140272104FF6FF70FFF77EFF0A4B1B78002BBFD09E
S2140272200BF048FABCE7397B721ECB1E5942594115
S2140272305042504107F054F905460028D5D0AFE732
S214027240C85700202C700020836500202DE9F843E3
S21402725005468846914615F026F93F4E0446337891
S214027260033B012B06D86B7BDB0703D595F9090098
S21402727013F056FD15F017F9384B394F188015F0F4
S2140272802FF9384B1880FDF72DFA374B1880FDF78B
S2140272902FFA082201463548F4F72AFE15F0CCF8F4
S2140272A0334B18702879FFF76BFE00216888FFF7CA
S2140272B031FFFDF72DFB60B14FF6F672631E9BB2EF
S2140272C0934206D915F0C4FDB7F8683004468342E7
S2140272D0F8D0204615F0F3F8288815F00DF949463F
S2140272E0B7F86800C047044628B91920FFF712FD10
S2140272F01920BDE8F883B7F8681014F06BFE002377
S2140273001C4D87F859302B7803F0FB03022B02D072
S214027310204615F058FB002220461146FFF7F2F8E9
S2140273200446A8B117236B613378042B09D1C82110
S214027330114819F001F803232B7684F00100C0B23D
S214027340D7E74FF416710C4818F0F6FF0023F3E760
S2140273501720FFF7DFFCF0E784650020BA5E002006
S214027360DC560020B85E0020B65E0020386600209C
S21402737040660020C8570020E46D0020F0B50C4699
S2140273801E460B462049074689B004F1140053F8FE
S214027390045B834241F8045BF9D11B8802AD0B8083
S2140273A0D4F80E00D4F81210238803C5ADF81030B6
S2140273B023798DF812208DF8133000233A468DF883
S2140273C014304FF6FE71012002ABFFF7DDFEC8B99E
S2140273D002A8FFF7AFF9237B4BB10C4D0C4B01AA69
S2140273E029460120019313F077FC2A781AB9204621
S2140273F0FFF758FE03E020460199FFF727FF08B97A
S214027400044B1E7009B0F0BDBC5E0020C8570020B9
S214027410EDCA03004166002001232DE9F341304EF8
S21402742005460F4600202F491446737300F0EEFC03
S21402743013F078FCDFF8AC8038B9012D01D9042DA1
S2140274400FD12146384613F006F8102000210AF024
S2140274507FFC00283CD0002002B0BDE8F041FCF7DB
S214027460A3B8002CF1D1204B1B78212B03D0062B7E
S21402747001D0532B02D101F00DFEE6E7FDF748FAE4
S2140274800028E2D000F0EEFC28B9307BC0F11800EC
S214027490FFF740FCD9E7154B41462046019300F022
S2140274A0B5FC20B140F61901114817F065FA01AA99
S2140274B00B4998F80C0013F00FFC32781AB90948F9
S2140274C0FFF7F0FDC1E701990648FFF7BFFEBCE7EC
S2140274D0FFF78AF80028BED102B0BDE8F08100BFEF
S2140274E0C8570020BC5E002083650020EDCA03005A
S2140274F05FAC04001FB5144B04461B88DB0707D499
S2140275004FF6FF700021FFF705FE002004B010BD05
S2140275100A230E4A012001A9FDF77AF84FF6FF73F7
S214027520BDF80C209A42EBD00822FF2101A814F0E5
S2140275304CFF0028E4D10CB90120E7E7BDF80C00A7
S21402754001A9FFF7E7FDF7E7D45E002026E1010078
S21402755038B50C46154614F0B2FF03F0AFFE2946C6
S2140275602046FFF7D7FD00F07DFC48B1074BDB79DC
S2140275700E2B28BF0E230133DBB2054A137038BD2B
S214027580044B1B78013B18BF0123F6E7BC5E0020C4
S214027590576600208465002038B50022082104467C
S2140275A014F013FF0546C8B914F07DFF2A464FF6BD
S2140275B0FF71FFF7CDFF2046217CFFF72BFC6269A7
S2140275C0E189207C01F076FF054B1B78012B01D167
S2140275D007F0F6F8FFF76AFB002038BD0120FCE74B
S2140275E08465002038B51D46FFF7CEFD0446C8B9AF
S2140275F02B7B2846032B03D1BDE83840FFF7CCBFD0
S214027600FFF798F8084B25469C8114F015FF0121D8
S214027610064B81401A780620FDF770FF044608B133
S214027620034B1D70204638BDC85700202B70002023
S2140276308365002030B5012087B0FFF75BFF6B46FD
S2140276400446144A1068516803C384B905F0BCFEA8
S21402765002A8FFF78DF84FF6FF752246BDF80E001A
S2140276602946FFF775FF12F075FE07B030BD6B4670
S214027670094AD2F86A00D2F86E10B2F8685003C30C
S21402768005F0A2FE02A8FFF773F86A46BDF80E00E0
S214027690E6E700BF95360400DC56002073B53A4B89
S2140276A004461B781BB10224204602B070BD19F0B6
S2140276B027F80028F7D100F0E5FB14B12288334BF7
S2140276C01A8000210DF10700FDF7ACF8002856D10C
S2140276D015F0F2F904460028E6D12D4D9DF8070074
S2140276E0FFF772FB2B785A1E012A1FD8FFF7A2FF5C
S2140276F02B78033B012B01D801F014F9FFF7D6FAD9
S214027700012014F060FE034600283AD12A78033A94
S214027710012AC9D81D4A108810F0020521D0052278
S21402772001201C49FFF744FC0446BDE7033B012B3E
S21402773004D82046FFF7DEFE0028D7D12B78053B7B
S214027740012BB1D8FFF776FFFFF7B0FA2B78052B9F
S2140277500CBF04200520FCF7E1FF012014F033FEE5
S214027760E2E70D4E0223314601200C4AFCF750FF99
S21402777033885B0798D5284601F0E8F894E7172483
S21402778092E7044690E700BF83650020D45E00209F
S2140277908465002000F8FF07865E002027E10100CE
S2140277A07FB50024184E194D3278E3B29A4201D8BA
S2140277B004B070BD4FF6FF73B5F868209A421AD02F
S2140277C0134B1B88DB0714D5124AB5F868301068CD
S2140277D05168ADF80C3001AB03C30F4A0A230020F0
S2140277E001A9FCF715FF022300200C4A0C49FCF7FE
S2140277F00FFF0134D8E700220821064814F0E5FD01
S2140278000028F6D1DCE700BF04700020DC5600201A
S214027810D45E00204657002026E1010027E1010041
S214027820865E002010B501F0CFF802F013F8D8B14A
S2140278300E48FCF773FE0E480E4C017A0E30FFF728
S214027840E9FA23781BB100F0BFFA00232370002266
S214027850094B1A73FFF72AFA08F056FD01F044F9AD
S214027860BDE81040FFF79CBF10BD00BFE46D0020CE
S214027870BC5E002041660020C857002010B525488F
S214027880FCF74CFE01F0E6FF30B1234B1B781BB928
S214027890BDE81040FFF7C6BF01F0DCFF78B11F4C11
S2140278A0237E83B1C8211B4818F046FD0021237EA3
S2140278B00846013B2376BDE81040FBF7E3BEFDF722
S2140278C027F80028EBD1FDF723F8154B1B7858B99B
S2140278D0112B03D003F0FD03412B19D1BDE8104054
S2140278E00E4B5869FFF716BA332BF7D10D4B188893
S2140278F014F0E5FD0C4B188814F0FEFD0B4B0C49FA
S2140279001888FFF707FC0B4B1878FFF739FBE5E7FB
S21402791010BD00BFE46D00207F650020C857002020
S21402792083650020BA5E0020B85E0020B65E0020A6
S21402793038660020406600202DE9F04F0F4685B0DD
S21402794002AD044629463846914616F0AEFD4FF083
S214027950000B82463846CDF804B014F004FC467894
S214027960022C804606F0020609D85CB1FCF7D0FF6E
S2140279700446002848D1754B01241B7865E0043C78
S214027980022C3AD9FCF7C4FF384614F065FB0024F3
S2140279900546A046DFF8D8A1384614F0E4FB50F8B6
S2140279A009300DF10500019319F097F89DF807B01C
S2140279B00746B8F1000F4DD1BBF1000F5BD0DFF8E0
S2140279C08C9199F800300BB1002E63D0002C61D058
S2140279D05F4B1B78022B5DD1BBF1000F53D13846AB
S2140279E014F06DFD58465946FFF714FA08F08CFC61
S2140279F040F6074012F06BFD34E015F02CF8FCF769
S214027A0087FF0446F8B15C464EB1524B1B78012BF9
S214027A1002D0043B012B0BD805B0BDE8F08F4B4BD0
S214027A201B782BB14B4B1B7803F0FB03022BF3D0D6
S214027A30BAF1000F404608BF002516F029FD4FF0A8
S214027A4001088246A8E7414B1B78002BF0D0002E97
S214027A50EED1E1E7BAF1000FAED05046FDF73AFBA1
S214027A600028A9D1002018F071FA0028D4D00020EE
S214027A7014F087FBD0E74FF6F7739F429FD9172083
S214027A80FFF748F9EEE7FCF743FF48B13248FCF748
S214027A9045FDF4E7FCF73CFF10B1BBF1000FF5D152
S214027AA0FCF736FF0028DDD02846FDF767FFFF28E3
S214027AB0DFF89CA0294C03D09AF80030012B04D1A1
S214027AC02946B4F86800FEF7C5F8FEF781F92A469B
S214027AD03846B4F86810FFF73BFD214B214A93F96C
S214027AE006301B0213809AF80030012B19D0312B76
S214027AF014BF432311238AF800301B4B164819681B
S214027B0018F01AFC00F00EFF0023124C99F8001031
S214027B10237641B9104818F00FFC40F61B43636108
S214027B20A0E71123E7E7B8F1000F03D016B1FFF77D
S214027B3079FEF2E70D4B1B78042BEED105210648A1
S214027B4018F0FAFB09232376E7E700BF7F650020DB
S214027B5083650020C8570020E46D0020DC56002014
S214027B60BC5E0020D25E0020046E002084650020E9
S214027B70266600202DE9F043084693B00E4614F020
S214027B80F2FA09220021804618F02AFA0446304604
S214027B9014F062FA052207460DF1090330460AA9D7
S214027BA012F0EFFC022881461DD09DF809303146BE
S214027BB01C440023E4B204F1100218F80450012019
S214027BC00093D2B210F07AFB68B1072D09D855B1EE
S214027BD0013D062D07D8DFE805F00918068A0625B6
S214027BE041007C2D45D013B0BDE8F0835B4B1B787B
S214027BF0013B012BF7D8304614F0ADF9002332468C
S214027C001946009414F02BFFEDE7554B1B78012B19
S214027C10E9D1544B18780028E5D122463146FFF7C1
S214027C208BFEE0E74D4B1B78013B012BDBD8384639
S214027C3009F0DCFF4FF6FF739842044606D0304642
S214027C4014F089F92246394614F095FC444B1B7809
S214027C50022BC8D1384612F0FCFBC4E73F4B1B7818
S214027C60013B012BBFD8494630460AAA00F01EF94E
S214027C70B9E73A4B1B78013B012BB4D8A04498F8DD
S214027C80012098F80230652AADD16D2BABD1304673
S214027C9018F082FA1334E4B28442A4D20822394697
S214027CA003A8F4F725F9214630460DF10A0216F02C
S214027CB03FFB002897D1BDF80A30002B93D005A8C9
S214027CC009F0B0FA0123284DBDF80A002B7018F00F
S214027CD063FA0446BDF80A0018F042FAE2B2034616
S214027CE005A903A812F04FFB00232B707BE71B4B62
S214027CF01B78013B012B3FF676AF06220021404659
S214027D0018F06EF9404418F0E8FE0746FCF758FEF5
S214027D10044600287FF467AF304614F017F9C30410
S214027D207FF561AF46F204030121ADF81430384600
S214027D300223CDE9004405AA16F049FB05460028B1
S214027D403FF451AF394614F045F9304614F003F9C2
S214027D5022462946FDF706FA45E700BF846500205D
S214027D6083650020C85700207266002008B5084BBD
S214027D70187050B1074B1B883BB14FF47A71064816
S214027D80594318F0D9FA002008BD0120FCE700BFCD
S214027D9076650020A26F002034470020014B187839
S214027DA0704700BF76650020014B188000207047A0
S214027DB0A26F002008B5FCF7B1FB0022014B1A7037
S214027DC008BD00BF7665002010B50024044B0548A8
S214027DD01C80054B1C70FCF7A1FB204610BD00BFA3
S214027DE0D65E0020086E00204B66002008B50348C9
S214027DF0FCF794FBBDE80840FFF7E6BF086E0020DC
S214027E000148FCF79BB800BFD65E0020F7B5134BBF
S214027E1004461B780E46EBB183421DD9002110485A
S214027E2018F0CBFE002501460D4F09B9012009E0E6
S214027E30AC4209D10024162322463046009418F09C
S214027E4059FF204603B0F0BD384618F0DAFE013579
S214027E500146EAE71820F5E72720F3E74B660020FD
S214027E60D65E0020014B1878704700BF4B66002094
S214027E7025289DBF024B187000202120704700BFA6
S214027E802E700020012307B51846064A0DF1070199
S214027E90FCF7BEFB9DF80720034B1A7003B05DF893
S214027EA004FB00BF29E10100A46F0020F8B50746D5
S214027EB00E46144614F0D0F81A4B05461B78022BD1
S214027EC02FD1194818F0A7FE58BB284612F079FBA6
S214027ED038B322463146384612F06FFB08B312F02A
S214027EE024FA0446384614F036F8104B012E1A7857
S214027EF04FF00F0303FA02F39BB2B4FBF3F203FB59
S214027F00124404F10104A1B206D1094B094A1E70BB
S214027F102B6813606B6853600348BDE8F84018F09E
S214027F200BBAF8BD83650020544800202D7000204F
S214027F304A6600204266002084B010B502AC84E88F
S214027F400F00082227480DF11601089CF4F778F96D
S214027F5008BB9DF815309A0705D4234B1B7803F00F
S214027F60FD03312B1DD121496378097803F00F02F6
S214027F708A4203D0012922D1022A12D1227882B95A
S214027F801B09022B0DD11A4BA0781B78022B1AD193
S214027F90C0F3800006E000220821124814F015FA09
S214027FA020B90020BDE8104004B07047114BBDF860
S214027FB008205B889A42CCD0002BCAD0F1E702296F
S214027FC0EFD1012AD9E7030609D40B4BB3F8682090
S214027FD0BDF80A309A42E4D1FEF714FCE2E701202B
S214027FE0E0E700BFCC57002083650020F86F002032
S214027FF084650020C8570020DC560020284BF0B5C8
S2140280005D88002387B08DF80830264B0DF10B00F3
S2140280101B7805F0010743F020038DF8093014F0B1
S2140280205AFD6FF07F43ADF813308DF8153014F01B
S214028030D0FD1D4B8DF816001B7805F01006DB00F0
S214028040DCB2F0F7EFFE194B1B7883422CBF44F0EC
S214028050040344F084032FB1A9061ED426B143F0CC
S214028060020301E0AA07F9D4002108468DF80A3077
S21402807018F0EAF8ADF8060058B101230F2202A95B
S2140280800DF10600FCF79EF918B90DF1060012F084
S21402809020FEBDF8060007B0F0BD43F00103DDE7A1
S2140280A0A46F0020F86F0020576600207C65002031
S2140280B010B5FCF733FA0A4B1B78022B0CD1094B8E
S2140280C01B78033B012B07D9074C207828B10020E8
S2140280D012F07AFA0023237010BD14F01FFAF9E7A3
S2140280E083650020846500204A66002084B02DE95E
S2140280F0F0478EB016AC84E80F00DFF878C1594B13
S214028100BCF802009DF85DA010F001049DF9622003
S214028110BDF870E09DF875909DF976709DF87850E0
S2140281209DF97A109DF95E809DF860601B7835D0C7
S2140281309DF87D00C0F34004C0F38000002B4AD0B7
S214028140494B1B78022B09D18A4244DB24D1A81B57
S214028150C0B280288CBF0020012016E0434B1B785B
S214028160012B01D1002C7AD078B19CF800301E3356
S2140281705BB29F42D4BF002701279845D4BF002395
S2140281800123BB4206D18A42E0DA0EB0BDE8F047D0
S21402819004B070473846F8E70020F6E710F0020F02
S2140281A018D0C3B1490814BF01200020520814BFDA
S2140281B0012300238342E8D1AB1BDBB2802B0AD912
S2140281C0AE42E9D1B84506DB49D1CA452CBF0020EC
S2140281D00120DAE70BB90120D7E7AE4216D002AC8F
S2140281E01CAF0FCF0FC497E8030044F8040B21809E
S2140281F0DDE91A0116AB0090ADF804100FCB12F0B1
S21402820062FD0028E7D1AE42A1D1BEE7BDF85830E4
S21402821073451ED008AC0DF1700CBCE80F000FC4FD
S2140282209CE8030044F8040B2180114C63887345D4
S2140282300FD10822211D0DF12E00F4F701F8024697
S21402824038B90821201D14F0C0F810B96388002B35
S214028250C1D1B845BFDBC2D1CA45BCD3BFE72046B1
S21402826093E700BF4B6600208465002083650020EC
S214028270C8570020A46F002084B02DE9F04F8FB0BD
S2140282806A4E18AC08AD84E80F0016220021284674
S214028290F3F784FF33783BB90024654B32781B78BA
S2140282A09A4239D2002726E00021624818F085FC5F
S2140282B000270446B846DFF87C91002C45D13FB132
S2140282C0224639465B4813F0E3FF3378013B3370AE
S2140282D03378002BE0D0002156484FF0000918F002
S2140282E06CFC4F468046CA46DFF848B1B8F1000F2C
S2140282F06CD1002FD1D01621002218A813F04EFF01
S214028300014648B1002F00F08B802246494813F000
S21402831065FF337801333370454B32781B789A42C7
S21402832007D944480022018813F0B2FF3378013B94
S21402833033703378012B03D13F49404817F0FCFFD6
S2140283400FB0BDE8F04F04B0704700222146162356
S2140283502846CDF8008018F0CDFC1622294618A82B
S214028360F3F76EFF0028EBD09DF864209DF82430CA
S2140283709A4225D1BDF86020BDF820309A421FD11E
S21402838008220DF12E010DF16E00F3F759FFB8B970
S21402839002AF0DF1600CBCE80F000FC79CE80300AB
S2140283A047F8040B39800EAB13E903000090ADF8D2
S2140283B0041095E80F00FFF799FE0028C0D0274664
S2140283C02146484618F01DFC044676E7162300228E
S2140283D041462846CDF800A018F08CFC02AF0DF1FD
S2140283E0600CBCE80F000FC79CE8030047F8040BBC
S2140283F039800EAB13E903000090ADF8041095E83F
S2140284000F00FFF773FE074620B1B9F1000F04BF55
S214028410444681464146584618F0F3FB804665E7D7
S2140284203A46044818F0CFFB73E700BF4B660020BD
S2140284302E700020D65E002020BF0200086E0020AC
S2140284402DE9F04F002104469FB00DF14008162298
S21402845040460E91CDE90C11CDF83B10F3F79EFE87
S214028460052220460DF11F0316A912F08AF80228EB
S214028470074600F0F880204613F075FE064618F010
S2140284802CFB8146F01C18F028FBADF84000701D4E
S21402849018F023FB012FADF84200204640F0E6809C
S2140284A013F061FE0546204617F05AFE0D350223EC
S2140284B02D1A0093214643460820EAB20FF0FEFE2C
S2140284C0002800F0D080204613F052FE012F83468B
S2140284D09DF84D3040F0E38000252F4643F001031F
S2140284E08DF84D3016AE3388022B4DD1F1782046EA
S2140284F002310CF00FF81B2846D1F17820460331E2
S2140285000CF008F819283FD1F178204604310CF017
S21402851001F84A2838D14FF0050AF1782046013191
S21402852051440BF0F7FFF1780590514420460BF0CA
S214028530F1FF059B00EB032083B200F03F02932B72
S214028540059240F09B800023F77821460237574475
S214028550FFB23A4600930CA80F2318F0CBFB07F1A4
S2140285600F01204615F07AFE07F111010546204656
S21402857015F074FEADF84200059B023353445FFAD1
S21402858083FA33795345C8D806360DF17603B342DB
S214028590A9D19DF84D20C5F3C03363F341022046AE
S2140285A08DF84D2013F076FD8DF84400204613F02A
S2140285B066FD8DF84500204613F066FD9DF83230C4
S2140285C0BBF1190FC3F3C3028DF84720DDF8332041
S2140285D08DF84600CDF84E20DDF83720CDF8522033
S2140285E094BF00229DF83E208DF8482003F0030237
S2140285F08DF84A206E4A1278022A9DF84D200CBF4A
S214028600C3F38003DB0963F382026A4B8DF84D20C5
S2140286101B78022B57D1BDF8406013F061FF8642EB
S21402862051D108A814F057FABBF1190F48D90822FD
S2140286300DF14E0108A8F3F703FE00283DD1B9F567
S214028640004F02D0B9F5624F0DD140F6FF7325F404
S21402865040459D4207D1002208210DF14E0013F03D
S214028660B4FE00283FD01FB0BDE8F08F13F07BFDAC
S2140286700546204617F074FD073518E7412B7FF4B0
S2140286807BAFF1782046023151440BF043FF4A4B50
S2140286901B78C3F1B30318448DF849006CE76FF3F7
S2140286A00003F01D8DF84D3018F017FA0CA9054698
S2140286B0204614F044FA0B276BE700F0B3FFBEE740
S2140286C000F0B0FFCFE7B9F5004F02D0B9F5624F20
S2140286D0C9D140F6FF7325F440459D42C3D1BBF194
S2140286E0190FC0D9B7E7BBF11A0F06D007F11F0161
S2140286F042462046C9B212F0EEFA304C304D637B49
S214028700DBB12B78012B1DD1012323730CAB029313
S21402871014AC94E803000090ADF8041098E80F003B
S214028720FFF70AFC90B194E803000090ADF804103D
S21402873098E80F00FFF7A0FD08E0FCF7E9F800282C
S214028740DFD0E1E703F0FD03042BDDD02B78012B0D
S21402875001D0042B87D11B4BDDF84E001B78DDF8C9
S21402876052108DF82230BDF84030ADF820309DF81A
S2140287704D30C3F340038DF823309DF8313003F0BB
S2140287800F038DF82C309DF848308DF82D3009AB4C
S21402879003C30D4B1B681BB1414608A8984762E706
S2140287A09DF946209DF8451008A811F050FE5AE79C
S2140287B0846500208365002052660020C85700208A
S2140287C02F66002051660020BC5700202DE9F0439A
S2140287D0424B434C1B7885B0033B012B22D818F042
S2140287E09FF82378022B31D13E4A1468A0422DD03E
S2140287F03D4910600A68121B10443C4A0860127811
S21402880072B1013A93403C2253434FF47A72534377
S21402881098421BD9032005B0BDE8F043FBF77EBFA4
S2140288200A23F2E718F07CF82378022B0ED12D4AA1
S2140288301568A8420AD00027DFF8BC802C4E1060CC
S214028840451B98F80030FCB2A34202D805B0BDE83A
S214028850F08356F8243020462B4446F8243017F08E
S214028860F7FEC3074FF0000910D5204609F0FEF9BF
S21402887070B156F82430242B08D910220023204643
S214028880CDF8009009F00CFA46F824900137D8E7A4
S214028890184B1B5D13F00F031FBF03F1FF320223B9
S2140288A093403C220CBF0A2353434FF47A7253433D
S2140288B056F824209A42E9D9204609F067F902A917
S2140288C015F054F928B1204609F060F902A911F012
S2140288D03CFD204615F0E0F9D8E700BF846500208D
S2140288E083650020804800207C480020F36F00202B
S2140288F098460020286500200A700020064B1B8838
S214028900DB0708D50022054B43F82020044A135CF7
S21402891063F00F0313547047D85E00209846002079
S2140289202865002008B517F0FBFF0022024B1860EE
S214028930024B1A6008BD00BF804800207C48002019
S214028940014B1868704700BF7C48002008B50C48E9
S214028950FBF7E4FDFBF736FF80B10A4B0322B3F8C0
S2140289606810012012F0D9F94FF47A71064B0448C8
S2140289701B885943BDE8084017F0DEBC08BD00BF9F
S214028980286E0020DC560020846F0020014B1880E1
S21402899000207047A86F0020044A054B1870138801
S2140289A023F003031843108000207047D85E00208F
S2140289B0F46F0020034B1888C0F30E00003818BF6F
S2140289C001207047865E002008B5FFF7F3FF30B13E
S2140289D0002004490223044A0880FBF719FE0020FF
S2140289E008BD00BF865E002027E10100024B188802
S2140289F0C0F30E00704700BF865E00200023084AC0
S214028A0001201370074A08491370084B084A1B785E
S214028A1043F0040313800223064AFBF7F9BD00BFA6
S214028A204E6600204D660020865E0020F46F002011
S214028A30D85E002027E1010013B514468DF8071012
S214028A40DAB9CAB20E2A18D80E4B1B881341DB07B6
S214028A5013D517F0A5FDFF2811D09DF807200A4B65
S214028A600DF107011A5400F58330012200F58070DB
S214028A70E5F78AF9204602B010BD0124FAE702247F
S214028A80F8E700BFA86F00202865002030B5012156
S214028A9000240B2385B0104D019400918DF80C3004
S214028AA08DF80D000323B5F8680003AA8DF80E4072
S214028AB015F08DFC68B1B5F8681014F029F940B1CC
S214028AC00522064B64211A70054B06481C7017F0E7
S214028AD033FC05B030BD00BFDC5600204D660020DA
S214028AE04E660020486E0020064B1B78033B012B87
S214028AF006D8054B1B781BB9044B1878FFF7C6BF80
S214028B00704700BF846500204C660020F36F00208B
S214028B1010B51548FBF702FD144B1978F9B9144A3B
S214028B2013787BB1013B1370124B1B78042B02D1D6
S214028B300846FAF7A7FDBDE810404FF496710A48BA
S214028B4017F0FABB0C4A128802F00302022A0AD174
S214028B50BDE81040032201200849FEF729BABDE805
S214028B601040FFF7C1BF10BD486E00204E660020C1
S214028B704D66002084650020865E002000F8FF0710
S214028B801FB50C238DF80C300B4B0C461B880121AD
S214028B9023F004038DF80E3000238DF80D00CDE986
S214028BA000132046032303AA15F011FC10B1214638
S214028BB014F0AEF804B010BDD85E0020F8B5064634
S214028BC013F034FA0546304615F025FC411C0446DF
S214028BD089B230460BF09EFC02340746A1B23046FC
S214028BE00BF098FC394602462846FFF725FF022876
S214028BF016D02946FFF7C4FF0A4B1B8803F003036F
S214028C00022B0DD1284617F0CBFCFF2808D00022F5
S214028C10054B43F82020054A135C63F00F031354F8
S214028C20F8BD00BFD85E00209846002028650020C8
S214028C30084B1A785AB10223013A93404EF6602244
S214028C40534303210448B3FBF1F117F075BB42F21C
S214028C501073F6E7F36F0020486E002070B50546E5
S214028C601748FBF75BFC0122164B28461A7015F0D4
S214028C70D2FB411C044689B228460BF04BFCA11CD1
S214028C80064689B228460BF045FC0F4C022320808C
S214028C90214600200D4AFBF7BBFC86B9238803F069
S214028CA00303022B03D1FFF73DFEFFF7C1FF238824
S214028CB05B0704D5BDE870400548FFF747BE70BDA8
S214028CC0486E00204E660020865E002027E10100E6
S214028CD0286E00202DE9F0431F4C0546238889B0F4
S214028CE0002B33D01D4E00214FF4807009F09CFA01
S214028CF03378DB0728D50121208817F069FA074662
S214028D00208813F030FA023017F0E7FE05A98046F5
S214028D10208815F086FC3378384613F0020F104B85
S214028D2018BF0025B3F8009017F036FA0646384604
S214028D3017F016FAF6B20290424606212846CDE908
S214028D40009605AB11F041FB00232380054809B0CD
S214028D50BDE8F043FBF7E2BBE05E00204F66002072
S214028D60DC5E0020686E00202DE9F047304F80461A
S214028D703D880E4614469946ADB3104613F001F9E7
S214028D80B0F5006F2FD1204613F00EF9824617F089
S214028D9007FCFF2827D02EB1264A32F810302B4384
S214028DA022F81030B5F5007F36D0B5F5806F33D097
S214028DB0B5F5807F17D1204B1B88A3421CD14FF6F6
S214028DC0FF718A450FD0204613F004F9284609F0B1
S214028DD059FA50B93046FFF77DFF0023174A138031
S214028DE0174A3B801370BDE8F0870220002108F086
S214028DF0AFFF0028EED1F0E7104D2B88A342F2D148
S214028E004FF6FF718A45EED024B1204613F0E2F801
S214028E1000232B800023E3E70023094A3B801370DC
S214028E2031464B4622464046BDE8F04713F0F8BCB2
S214028E30DA5E0020745E0020E05E0020DE5E002027
S214028E403466002010B5044640F62140FFF742FF84
S214028E5001214FF4807009F0E7F978B10022084B3F
S214028E601C80084B1A700BF0D5FCBDE81040064B70
S214028E701880064B0648198817F05EBA10BD00BF68
S214028E80E05E00204F660020DC5E0020866F002039
S214028E90686E0020044A137818B943F00103137071
S214028EA0704743F00303FAE74F6600202DE9F04FC0
S214028EB0DFF84C9187B099F80060002E40F08C8065
S214028EC0DFF840B1DFF840A19BF80030F4B2A342CD
S214028ED007D80022424B1A8007B0BDE8F04FFDF7D4
S214028EE0ABBB20463AF8145008F0C0FE8046002875
S214028EF060D0204608F04AFE15F40071074645D0B9
S214028F0001464FF6FF720E2014F025F8054600289B
S214028F1050D0394613F05EF84FF400730027304EF7
S214028F20204633803AF8142022EA03032AF8143043
S214028F3010220023009708F0B3FE2A4B1B88DB079B
S214028F4007D5294B294A43F82470135D63F00F03B3
S214028F501355182000216043254B264C009301919F
S214028F6001232A46205CFAF7B1FB002814BF01232E
S214028F70002389F8003005D13388B3F5807F01D10C
S214028F801D4B1880404607B0BDE8F08F680513D524
S214028F90059113F05DFF0122059903460092072012
S214028FA03A46CDE90111FDF765FC4FF480630546AC
S214028FB0002DB3D1013687E7104B18880028F9D068
S214028FC0EA05F7D5394613F005F80C4B1D880A4B0F
S214028FD01D804FF48073EBE74FF00008D2E700BF26
S214028FE0DA5E0020D85E0020984600202865002021
S214028FF0698D020080130020DE5E0020E05E002005
S214029000346600200A700020745E0020042230B508
S21402901001F0400387B0002B054614BF012400244C
S2140290208DF80C208DF80D1004D004A914F09EFDC6
S21402903038B304ABCDE9004301210223284603AA34
S21402904015F0C5F90446F0B1104B1B78033B012B13
S21402905004D80F4BB3F8681012F0BCFF4FF6F77344
S2140290609D4209D9322202212046FDF74BFA80F0B2
S2140290700100C0B207B030BD2946204613F048FEB4
S214029080F5E70120F6E71920F4E700BF8465002023
S214029090DC56002010B5FFF797FC04F0DBFF13F058
S2140290A090FC002014F05DFD17F02AFB08B1FCF7D7
S2140290B0B7FA204C2378532B12D1032323700023B4
S2140290C0FF2219460120FDF773FF002016F03EFF2F
S2140290D010B1002013F055F8BDE8104011F021BE83
S2140290E0062B01D0212BF0D10120FDF705FF4FF60C
S2140290F0FE7013F0E4F94FF6FF7013F0FDF900204E
S214029100FDF732FE0020FDF75FFEFDF7AFFD00F033
S21402911087FB11F009FE2378212B02D1FDF782FB93
S214029120D3E70020FBF7FAFA00214FF4004014F0D0
S2140291301AFBCAE78365002010B50A4C0A48FBF7FB
S214029140EDF92378062B02D10120FDF7D5FE237810
S214029150062B01D0532B03D1BDE81040FFF79ABF70
S21402916010BD00BF83650020886E00202DE9F84FF1
S214029170DFF8CC8004460E461746FFF725FC98F823
S214029180005015B90220BDE8F88F212DFAD0DFF87D
S214029190B49099F80030012B01D1A306F2D42748E7
S2140291A017F039FD0028EDD114F020043946304678
S2140291B0DFF894B0DFF894A005F00F051BD011F08D
S2140291C0C2F8012D8BF80070AAF8006033D1212373
S2140291D088F80030FFF75EFF0020D4E7212388F8E6
S2140291E00030FFF757FF00214FF6FE70FDF792FFA3
S2140291F0FEF7D6FAF0E711F0A5F8012D8BF800700D
S214029200AAF80060EAD0062321464FF6FD7088F8D9
S2140292100030FFF7FBFE40F6020240F2262199F8E4
S21402922000300648033B012B88BF114617F084F82E
S214029230002CD1D1D7E75323E6E700BF886E002083
S214029240836500208465002050660020AA6F0020F7
S2140292502DE9FF410F460546511C38460BF05AF9D8
S2140292600446384612F07FFF0646023017F035FCF9
S214029270424B80461B7804F04002022B02D0043B8D
S214029280012B06D83E4B1B68580205D5A10603D40F
S21402929052B304B0BDE8F08132B33A4A1278D11E16
S2140292A0012917D8384BB3F86830AB42F1D173783E
S2140292B0180714D5304615F0EBF8FBF70BFF00281D
S2140292C0E7D00122294604F0200004B0BDE8F041B0
S2140292D0FFF74CBF022ADCD1DF01DAD4E7E713F04E
S2140292E0E2F84045D5D1ECE7264B1B78013B012B33
S2140292F0CFD87378D906CCD502A9384615F0D5F85A
S214029300002002A917F01CF9FF2806460BD0A20679
S21402931001D413F043FC304608F038FC04F0BAFEE1
S214029320304614F0B9FC284617F0C0FCFF280DD0D2
S214029330FCF766FB14F0200608D113F0B4F828B147
S21402934033460222284602A905F0E0FF13F0ABF8E6
S21402935000289ED1A3069CD402A94FF6FF730222D0
S21402936028460EF06CFF4FF6FF7203460092284620
S214029370022202A911F0D9F88BE700BF836500200C
S2140293808848002084650020DC56002038B5044654
S2140293900D4617F005F9FF28034615D00B4A12783A
S2140293A042B10B4A32F81020520403D514F074FC72
S2140293B0002038BD184613F0F1FB204645F0400168
S2140293C0BDE83840FFF722BE0120F2E77F650020A5
S2140293D0745E002038B5054612F0C5FE04462846DF
S2140293E015F019F8411C89B228460BF093F842068C
S2140293F00DD563781B070FD5204615F049F80146B0
S214029400002017F09DF8BDE8384014F045BC03482C
S214029410BDE83840FFF790BE38BD00BF886E00201A
S21402942038B54FF6FF75A842044617D013F058F821
S214029430A04213D04FF6FD72094B198891420DD9FE
S214029440084A1288AA4201D0A24207D11C804FF4D1
S2140294507A71BDE83840044816F06EBF38BD00BFCA
S214029460906F0020AC6F00201448002008B5044816
S214029470FBF754F84FF6FF72024B1A8008BD00BF86
S21402948014480020906F002037B505460C46082386
S21402949069460120064AFBF7BBF815B19DF806306F
S2140294A02B700CB1009B2360BDF8040003B030BDE6
S2140294B025E1010007B508238DF80600ADF8041073
S2140294C0009269460020034AFBF7A2F803B05DF853
S2140294D004FB00BF25E10100024A13780BB1013BF1
S2140294E0137070477265002008B513F005F8002166
S2140294F04FF6FF72054B08461A80FDF78BFCBDE857
S214029500084040F6164010F0E2BF00BF906F002001
S21402951008B5FBF703F80A4B1B78023B032B08D867
S2140295204FF6FE73074A108898424FF6FF7301D132
S214029530138008BD9842FCD0BDE80840FFF7D4BFB0
S21402954083650020906F002010B5084B1B78042B13
S2140295500AD012F0A8FF002104460846FFF794FF3F
S214029560231A5842584110BD0020FCE784650020AB
S214029570F0B5002689B00546CDE90566ADF81C6053
S21402958014F049FF0A23024604462946009605A817
S21402959017F0B0FB9DF815309DF814701F2B27D8D6
S2140295A003A813F098FA08220DF1160103A8F2F7A1
S2140295B047FE0646E0B9092F1CD1FFF7C5FFB8B132
S2140295C0144B1B78A3B1144B1A884FF6FD739A42BC
S2140295D00ED9124C124A23780433DBB22370127867
S2140295E0013AB3EB820F03DD58B20FF07DF8267016
S2140295F009B0F0BD0A34E4B2214628460AF08AFFD2
S21402960013F0F2FA611C284614F028FEFFF708FF52
S214029610EEE700BF0C700020906F002072650020FD
S214029620F26F002038B5134B1B78033B012B20D971
S214029630114B4FF6FF711B78ABB1104D2B888B4246
S21402964017D112F04DFF4EF6602104460C4816F074
S21402965073FE4FF6FE7322462B800021BDE838408B
S214029660092013F0CFBA074A13888B421CBF013376
S214029670138038BD846500200C700020906F002097
S21402968014480020825E002010B5044661B1FF2116
S21402969012F00AFD0021204612F00CFD12F03AFCF0
S2140296A00146204612F00CFD2146BDE8104000227D
S2140296B0014817F088BA00BFE45E00202DE9F041A9
S2140296C00D461746044612F04EFD06782846FBF76E
S2140296D077F929468046204612F07CFC12F0E3FE1B
S2140296E0A84206D120460121FFF7CEFF0120BDE8A1
S2140296F0F0812846B8F1000F0AD0FBF7EFF950B90F
S214029700144B3A462046BDE8F0411978FCF7FABEFB
S21402971014F051FAF3E706F00306012E08D012F011
S214029720C2FE00232246294602F030FF0028D9D185
S214029730204612F00BFC430505D52046BDE8F04155
S214029740002112F0F2BF204614F008FAB0FA80F0B8
S2140297504009CCE7F06F002010B586B0044614F03E
S2140297605AFE104B0246186819790290D3F8050083
S2140297705B7A01328DF8143000238DF80C100490B9
S2140297802146009392B2052304A817F0B3FA0522E5
S21402979004A902A8F2F754FDB0FA80F0400906B018
S2140297A010BD00BFF0F9040008B50748FAF7B6FE88
S2140297B0064B1B78033B012B05D8BDE80840002169
S2140297C00846F9F75FBF08BDA86E00208465002032
S2140297D008B5114812F096FD104B1B78012B06D8DF
S2140297E0FF2009F0FDFBFCF751FD08F09DFCFCF79D
S2140297F06BF902F06BF9FFF701F914F0A3FF0BF017
S2140298005BFBFCF7F9FE0BF085F810F0A0FDBDE857
S214029810084003F0B1B900BFA4570020F16F002042
S21402982008B5EFF74DFCFF2803D0094B1B78012B38
S21402983006D9002009F0D4FBFCF728FD08F074FCDA
S214029840FCF742F902F042F9BDE8084003F094B989
S214029850F16F0020064B1878112806D000F0FD00A4
S214029860A0F141035842584170470120704700BF9B
S214029870836500202DE9F0410446FCF7AFFC18B1E1
S21402988000263046BDE8F0811D4B1B78033B012BBA
S21402989009D81C4BB3F868104FF6FF739942EFD005
S2140298A0204612F097FB184B022120461A88FCF736
S2140298B029FE06460028E3D0204612F054FC90F813
S2140298C007800546043017F008F9074612F0EBFD4C
S2140298D0414602463846FCF799FCA81C17F0FDF8EC
S2140298E04FF6FF73984202D12046FFF7ABFA2B7869
S2140298F09B07C6D101212046FFF7C6FEC1E700BF7F
S21402990084650020DC560020E25E00202DE9F04F40
S214029910002585B00746039512F025FC064604305E
S21402992017F0DBF88046B01C17F0D7F833780446F9
S2140299304046009316F034FE82464046FBF740F857
S2140299403378BAF1FF0F0CBF83464FF0010B9A072C
S2140299500AD112F0A8FD404514BFD9464FF00109BE
S214029960B3791BB90320B9E0A946F9E712F09BFDCB
S214029970A04205D112F097FD0446994B1B7836E0BB
S214029980984B1B78052BF8D0033B012B03D8964B3C
S214029990B3F86840F1E7204617F0A5F9737840B3AC
S2140299A013F00402DFF838820BD198F800301A441C
S2140299B021463846D2B2FFF781FE0028D2D00020D8
S2140299C08CE0384614F0E9FC0146054638460AF0B3
S2140299D0A1FD421C52002946384602F0FE0213F050
S2140299E057F9737823F00403737098F80030002256
S2140299F0DDE75B0726D5384614F0CFFC014606465F
S214029A0038460AF087FD824606F101091FFA89F9EF
S214029A10494638460AF07EFDDFF8C481BAF1000FE7
S214029A2001D0FF2805D10022494638460AF086FDB5
S214029A30DBE7B11C01EB4001C9B2384614F00EFC5C
S214029A400446D2E7204603AA02A914F004FA054601
S214029A50B9F1000F4AD0009B03F0C003802B0ED151
S214029A60FF2320468DF809300BF03EFAFF281BD064
S214029A700DF109020DF10A010BF02AFC14E0402B4D
S214029A8034D19DF808308BB3FF2320468DF8093079
S214029A900BF02AFAFF2807D00DF109020DF10A0190
S214029AA00BF016FC2D281CD13378404603F03F03FA
S214029AB0337017F018F910B912F0F5FC804600233F
S214029AC042461946204608F04FFE00283FF44AAFA9
S214029AD0C822072138460AF055FF012005B0BDE826
S214029AE0F08F9DF80930FF2BDED12546039838B952
S214029AF09DF80820002A62D1394B2C461B7856E77F
S214029B0009F032FA039AFF280346127908D1CDE902
S214029B1000204FF4E171354814F02EFFDDE90023F2
S214029B20B9F1000FE4D002F03002102A0AD0202A3F
S214029B30DED1BBF1000F24D05146184609F016FCC0
S214029B400028D5D1DFF8A89099F80030012B45D02F
S214029B50204611F0C2F828B92A4621464046F37933
S214029B6014F0FCF8A54212D1039A137923F00C03E1
S214029B7013719DF80830ABB92C46194B1B7830226E
S214029B8015E7039B1B7913F00C0FDBD1B0E799F8AE
S214029B900030022BE8D0039A137923F00C0343F02B
S214029BA00403E5E70121204612F0C1FE20B9204653
S214029BB00BF09AF9FF280FD0094B1B78DFE701213B
S214029BC0204612F0B4FE00287FF4D7AE20460BF0F3
S214029BD08BF9FF287FF4D1AE02207FE7A542D9E7B2
S214029BE0E25E002084650020DC560020D5AC04002E
S214029BF05466002038B50E4B04461B780D46033BD0
S214029C00012B10D900F108039BB2012B0DD812F0DC
S214029C104AFC002302462946204608F0A5FD80F0AD
S214029C200100C0B238BD0120FCE70220FAE700BFFF
S214029C30846500202DE9F041064610460D4614F0D4
S214029C40EAFBA0F11004E7B256FA84F42146EA1BB6
S214029C5004F10E00F2F74CF92823DFF84480F3559E
S214029C6098F80030637301F045FF611C024601203C
S214029C7011F06DF808220949601DF2F739F998F8D3
S214029C80000013F0DEFD05F10E0130463B460022D1
S214029C90C9B201F0E1FF1220BDE8F081266600207D
S214029CA07E6500202DE9F04F89B0044612F05BFA7B
S214029CB00546204612F0BAF90746281D16F00DFF93
S214029CC08146A81C16F009FF0390384695F807A0AF
S214029CD017F009F82B780490990761D121460420E1
S214029CE002F0C2F800285BD0204614F094FB01462E
S214029CF020460AF00FFC820752D1204614F08BFB56
S214029D00014620460AF006FC10F00303059347D1ED
S214029D102046FFF721FD002842D0204614F070FCB2
S214029D20461C204616F038FAF6B206F10A0B8345B0
S214029D3080F29F80504A06AB1068516803C3711CBC
S214029D4020460AF0E7FB3146804620460AF0E2FB50
S214029D50594600EB082820460AF0DCFB8346059BA2
S214029D602146B21C009306A8082316F0C3FF1FFA6A
S214029D7088F8204612F05AF95A46414610F0DBFFA0
S214029D800122404606A901F09BFB002871D1022061
S214029D900BF036F8013003D1404606A9EFF75EFA1B
S214029DA012F081FB48453A46514608D112F0EDFDC5
S214029DB000285ED109B0BDE8F04F01F077BB4846F7
S214029DC012F0E3FD002854D12C4B1B781BB9394600
S214029DD0484612F077FF3A4651464846FCF716FACE
S214029DE0002846D0297811F0030102D12046FFF759
S214029DF04BFCAB79002B3CD0214B1B78DA1E012A98
S214029E0037D9062B35D06B78DB070DD503982E7A1B
S214029E1013F0B6FD10B3F30803F01C0326F01F067A
S214029E20334343F001032B724FF6FF71204612F0C4
S214029E30D1F8049BDBB910F078FA00F03F02022159
S214029E402046FCF75FFB4FF6FF73039A9A4210D147
S214029E50204609B0BDE8F04FFEF7F4BF06F01C033B
S214029E601C2BE1D0042B04D9043E2E72DCE7002220
S214029E70E5E709B0BDE8F08F953604007A65002064
S214029E80846500202DE9F04385B004460E46174649
S214029E9012F066F80C2820467BD112F064F90922EB
S214029EA0002116F09DF800F11005EDB22946204675
S214029EB00AF030FB042853D006D8012815D0022811
S214029EC022D005B0BDE8F0837C28FAD1204616F0F1
S214029ED063F90546204616F043F902463046E9B2D3
S214029EE005B0BDE8F04310F04CBA46B9132120463F
S214029EF014F0B4F905B0BDE8F04312F0FDBA05B0AF
S214029F00BDE8F043FCF7ACBE9D4B1B78013B012B32
S214029F10D7D82046E91C0AF0FDFA074686B978B972
S214029F20691C204614F09AF90546214613F077FC80
S214029F303A462946102005B0BDE8F04316F094BD17
S214029F40002508232146152200950DEB030016F086
S214029F50D1FE284602A916F0F3FA13F09DFEB0E7EA
S214029F60884B1B78022BACD146B9FEF73FFDC207E1
S214029F700AD5FEF7D7FC002F08BF3F26304605B0AD
S214029F80BDE8F04310F009BAFEF714FD0028F0D041
S214029F90F1E712F0E8F88046043016F09EFD074618
S214029FA008F1020016F099FD4FF6F773984205463F
S214029FB00CD8754A138801339BB213800BB9734AC7
S214029FC013801EB1714A13880133138098F80090EB
S214029FD009F00309B9F1010F40F08380204614F01E
S214029FE01AFA014620460AF095FA043809283FF67E
S214029FF068AF01A353F820F021A00200C39E02001E
S21402A000C39E020045A00200C39E0200C39E020039
S21402A010C39E02002DA00200C39E02002DA00200D5
S21402A020204605B0BDE8F043FFF7D4B9544B1B7881
S21402A030042B7FF446AF0021084605B0BDE8F04386
S21402A040F9F720BB4E4B1B78013B012B3FF639AF8D
S21402A050404614F01DFA00274D4B01465B898DF8E9
S21402A0600A70ADF8083000283FF42BAF384616F0D9
S21402A07067FA0546204614F0CEF9421C0323214611
S21402A080009792B202A816F035FE9DF80A30E6B99D
S21402A0903C4A1278022A18D1BBB9FF2DBDF80840F7
S21402A0A00AD03C4A214632F81530284623F480630B
S21402A0B022F8153013F0CFFD204613F0ADFE002235
S21402A0C02146102016F0D0FCFBE6022B3FF4F9AE38
S21402A0D02BB9304B33F815305B053FF5F2AE284608
S21402A0E03BE7B9F1000F7FF4ECAE3146204604F0B0
S21402A0F0BBF8002E3FF4E5AE4FF6F7739D423FF6EF
S21402A100E0AE98F80160284616F0040620D113F057
S21402A110D0FE044628467CB113F04DFD0346F0B946
S21402A1200C2200902946384612F02AFF0C22002301
S21402A13039462846009308E013F03DFD0346B8B9B9
S21402A140154A009012782946384612F019FFB8E6EA
S21402A15013F031FD034678B90B220090F3E706228E
S21402A160334629463846009612F00AFF0622DEE7F4
S21402A170234600940622E6E74B46CDF80090F9E720
S21402A18084650020836500208A5E0020885E0020A9
S21402A190F0F90400745E0020307000202DE9F04FC4
S21402A1A005888BB00446284611F0DDFF8046043051
S21402A1B016F093FC074608F1020016F08EFC05A97D
S21402A1C00190284614F071F9284614F024F9014645
S21402A1D0064628460AF09EF998F80030029003F0E8
S21402A1E00303012B0CBF82464FF0FF0A16F093FBC7
S21402A1F0B4F806B0814612F056F998F80730009087
S21402A2003846039301F08AF8002838D1019801F005
S21402A21085F8002849D1FCF7B9FAA9EB0B0B1FFA0F
S21402A2208BFB8146FAF774FB002844D1FFF712FB3A
S21402A230002840D1A14B1B78033B012B42D8BAF130
S21402A240060F00F0BE80BAF1040F00F0BA80FFF7E6
S21402A25001FB20B1029B03F00303012B32D0FAF775
S21402A260B1FA28B9964B1B7803F00F03062B6FD171
S21402A270944B2846B3F8681011F0ACFE22E028464C
S21402A28011F071FF023016F028FC4FF6F773984271
S21402A29006D9039B23B92846FFF75EFA0028B5D1F4
S21402A2A0A37823F00F03A37054E0019816F01BFD69
S21402A2B00028B0D1F4E7A9F104095FFA89F9B9F1E7
S21402A2C0020FB7D8BAF1010F40F0A280284611F06B
S21402A2D06BFE4FF6FF7398426AD10023314628463A
S21402A2E007AA13F0FCFC80460028D9D042799DF8D4
S21402A2F02530934209D9711D284689B20AF01EF903
S21402A300A37823F00F030233A37010F00EF87E2317
S21402A310B0FBF3F202FB130303F58073A3809DF8F0
S21402A320263013F0180F0BD0A378190708D1009B1C
S21402A330BB4205D0384698F8052005A910F03DF82E
S21402A3409DF82700003818BF01200BB0BDE8F08F3B
S21402A3502823A3800020F8E7584B1B78033B012BE9
S21402A3605FD940F6B8339B459AD80FF0DEFFFF233D
S21402A3708DF81330002300F03F00C0F5FA70A0807D
S21402A38007A90DF113008DF81C30FBF7A3FF054655
S21402A39098F80710384612F0ECFA002D80D09DF897
S21402A3A01C20013A032A7BD8DFE802F0807A697D16
S21402A3B04FF6F773019A9A4224D898F80130DA07D2
S21402A3C020D4284611F0F0FD16F02AFC012808BF1A
S21402A3D03D4BA27809BF1B78FA2303EB830303EBFA
S21402A3E0830302BF9B00FA339BB212097FF458AF75
S21402A3F05B45FFF455AF0FF098FF00F01F001030DA
S21402A400A08053E02D4B1B78033B012BA9D8D8E73D
S21402A4104FF6F773019A9A429ED898F80130DB07F6
S21402A4209AD4BAF1020F53D10123314607AA28461D
S21402A43013F055FC074612F036F8BDF82230984263
S21402A44036D1002F3FF42CAF01227B8831462846B6
S21402A45008F00EFB1D4A13780133DBB288F807308A
S21402A46013707B88BDF81E209A421FBFA37823F084
S21402A4700F030233A3704FF4C873A38016E0009B49
S21402A480BB4213D000283FF40BAF426801323FF4C0
S21402A49007AFC2789DF813309A42BFF401AF05E0C9
S21402A4A0009BBB4202D0A2781209EBD101204CE7F6
S21402A4B0184616F018FC0028C3D182E784650020EF
S21402A4C083650020DC560020027000208165002093
S21402A4D0BAF1030F7FF475AF009BBB427FF471AFF6
S21402A4E0711C284689B20AF015F80C287FF469AF69
S21402A4F0FBF7E2FC4FF6FF73984201463FF461AF6A
S21402A500284611F067FD5CE72DE9F3410446008812
S21402A51011F029FE0546043016F0DFFA0646A81C9E
S21402A52016F0DBFA074616F0F6F905463046B4F89A
S21402A530068000F0F3FE064648B9384600F0EEFE06
S21402A54058B9194AA3781278033A012A0BD8A37885
S21402A550002623F00F03A37021E0384616F0C3FB53
S21402A5600028EED1F3E71B09F1D1A5EB0805ADB241
S21402A570B5F5C86FEBD80DF10301384601AA019371
S21402A58013F069FC9DF80350014645B94FF6FF7378
S21402A590984204D00126208811F01CFDA580304682
S21402A5A002B0BDE8F08100BF846500202DE9F041CD
S21402A5B005460C4611F0D4FC082802D10120BDE85D
S21402A5C0F081201D16F089FA0646284694F8078080
S21402A5D011F02CFD0746284611F0B8FC010612D5EC
S21402A5E0184B1B78042B0ED1174B1B78022B0AD163
S21402A5F0164BB3F868204FF6FF739A4203D0002139
S21402A6000846F9F73FF8124B1B78002BD6D1A01C50
S21402A61016F063FA4FF6F773984202D86378DA07B1
S21402A6200DD523789B070AD13A464146304612F0AA
S21402A630ACF980F00100C0B200F00100BFE70120D3
S21402A640FAE700BF8465002083650020DC56002000
S21402A650566600202DE9F04F9DB0044611F080FCAE
S21402A6600546204611F07CFC08285AD14FF40043D8
S21402A670102200212046ADF8503012F009FB204689
S21402A68015F06EFD0EF055F8002321461A460C20F2
S21402A69000930DF013FE98B3204615F061FD14A941
S21402A6A002461020FAF7D6FD0501204615F058FDA1
S21402A6B014A902464020EDB2FAF7CCFD10B12046AE
S21402A6C00FF047FE204615F04BFD14A902468020E7
S21402A6D0FAF7C0FDB8B99DB1102517A806F0A2FD7D
S21402A6E02046BDF8507015F057FD0646204615F078
S21402A6F037FD29460090F3B2384617AA0FF0C7FE78
S21402A7001DB0BDE8F08FBDF8503017A8ADF85E401A
S21402A710ADF85C3010F009FB0028DCD145F080056E
S21402A720DBE7204611F06FFCB0F5006F40F00581C4
S21402A730204611F07BFC0646042D40F0018120469F
S21402A74011F004FC80F40060C0F3C0200022314601
S21402A750400016F089F9954B1A78022A0DD0FFF7B9
S21402A76079F850B902F0FD03312B06D0043A012ADB
S21402A77003D98F4B1B78002BC2D02146022001F052
S21402A78073FB05900028BBD02046ADF8464011F07A
S21402A790EAFC0446BDF8460011F048FC0546201DBA
S21402A7A016F09BF9A31C83461846039316F095F9F8
S21402A7B012A90746BDF8460013F077FE63780690A6
S21402A7C0BDF8460094F80080099313F024FE6378DF
S21402A7D0064608F0030828460C93FAF7F1F8B8F193
S21402A7E0010F0CBF032302230E93724B08BF4FF0D8
S21402A7F00B091D80237818BF4FF00A0903F03C03AB
S21402A800082B0D907FF47CAFBDF8460015F0C4FC13
S21402A810B0427FF675AFB8F1010F03D023789807E0
S21402A8207FF46EAF644BB3F86830AB420DD1634A27
S21402A830634BB2F9001093F90030002900F0A580AE
S21402A84001EB0313A3EB211313804FF0010AA6F1C9
S21402A8501003DBB207938DF8453010224846BDF848
S21402A8604610CDF800A00DF145030DF027FD002897
S21402A8703FF446AF099B13F002030A9300F00A81E5
S21402A880504B1B78002B3FF43BAFBDF84690484632
S21402A89013F0C1FD002308904846CDE917331993FB
S21402A8A0ADF8683011F0C2FB089B039003F10E016D
S21402A8B0484689B213F082FD002870D0002349462C
S21402A8C0089A009317A80E2316F014FA50460DF1B4
S21402A8D05D0110F04AFA9DF869300B9004939DF8DA
S21402A8E05C30282B5BD10DF16100FAF7F3FB0F9079
S21402A8F0002854D1049812F0A4FF0F9B002867D1B9
S21402A900314B049A1B78D31A190648D404F04CFD2E
S21402A91050453CD116F004F82C4E0546346824B156
S21402A92004F048FD2C1B844239D30023FF2219462B
S21402A9301846FCF73DFB356031E04FF6FD76FBE648
S21402A9404FF6FF70301A18BF012000223146400031
S21402A95016F08AF80C2D0DD12146012001F084FA5A
S21402A96000283FF4CDAE214600201DB0BDE8F04FD2
S21402A970FDF700B92DB920461DB0BDE8F04FFDF732
S21402A9805FBD042D7FF4BCAEE5E61B025CE704F077
S21402A9900BFD022803D104F0E9FC0028BAD00022FD
S21402A9A01920039916F060F8AAE600BF8365002016
S21402A9B056660020005F0020DC560020D25E002093
S21402A9C0526600207F6500207E650020EC5700203E
S21402A9D010214846089ACDF800A012F070FD002813
S21402A9E0DDD0A64B049A1B78934240F0AA800399C6
S21402A9F00DF1610214A815F06FFD012114A8FAF7F3
S21402AA0043F8824648F2030114A8FAF749F9BAF164
S21402AA10000F03D0082114A810F042F9484613F09C
S21402AA2018FD03990DF16100FBF7E6FAFE2882464F
S21402AA30B5D0FF280AD1039816F038F9FF288246C7
S21402AA4000F087800DF16101FBF750F98B4B049AF9
S21402AA501B78934200F0A38050460B99FBF7B2FA9C
S21402AA6000283FF44DAE50460B99FBF7BDFA23780B
S21402AA709A070FD1484613F0CEFC0146484609F025
S21402AA8049FD00F00300012804D103980DF161018D
S21402AA90EEF7E4FBBDF8460011F058FA030440F165
S21402AAA08580204616F019F840F4007189B22046D7
S21402AAB016F015F800224FF40041BDF8460011F0DA
S21402AAC036FADDF81490012310220093BDF84610E2
S21402AAD00E980DF145030DF0F1FB00283FF410AE81
S21402AAE0032866D1204615F0F8FF40F4007189B2BB
S21402AAF0204615F0F4FF284616F0F5F8002840F038
S21402AB00B780DDF81490B8F1010F40F0C180032041
S21402AB10BDF8461001F0A8F9002840F0B980314689
S21402AB20BDF8460009F0F6FC0F2801467FF6E8ADB0
S21402AB304FF6F7739F423FF6E3AD284612F00CF944
S21402AB40DEE55046049903F049FD00287FF44FAF36
S21402AB5025E7237803F00303012B08D1484613F0B8
S21402AB605AFC0146484609F0D5FC082892D0444BC8
S21402AB701A78444B1B789A4209D20DF16101039868
S21402AB80FBF768F8039816F091F882465EE7A01C79
S21402AB9015F0A3FF4FF6F7739842EED9FFE650463C
S21402ABA0FBF79AFA00283FF457AF5CE74FF000092C
S21402ABB089E7284616F097F80028A4D00A9B002BAF
S21402ABC058D1B9F1000F53D1B8F1010FBDF84600C4
S21402ABD09DD0314609F09EFC8246DFF8B09099F887
S21402ABE00030002B5FD011F05EFC87427FF488AD08
S21402ABF0B8F1010F40F08280BAF1070F78D8BAF1A7
S21402AC00050F7FF67DAD204B1B78022B02D0043B4E
S21402AC10012B03D899F80030002B4BD00C9B9806DA
S21402AC2040F1BB800D9B002B40F0B380284615F008
S21402AC30B7FCFF2840F0AD805D457FF461AD069B12
S21402AC40002B00F0A48012AB46F204020124ADF8F9
S21402AC505C200193214602232846009417AA13F08B
S21402AC60B6FB00283FF44CAD214611F05EFD47E5E9
S21402AC70DDF81490284607F053FD44E77E65002071
S21402AC807D65002003700020836500207F6500201C
S21402AC903146BDF8460009F03DFC0A9B824613B9D0
S21402ACA0B9F1000F99D0A84B1B78022B02D0043BB7
S21402ACB0012BB3D8284600F031FB814600287FF4EA
S21402ACC01FAD11F0F0FB854222D1A04B1B78033B4F
S21402ACD0012B19D89E4BB3F8684011F0E4FB4B46A3
S21402ACE001460D222046CDF8009012F049F907E5FC
S21402ACF0AAF10E03DBB2012B85D901E50AF00303A4
S21402AD00012B7FF4FDAC7EE7012000F0A5FBF7E403
S21402AD10284615F0E8FF58B911F0E2FB4FF6FF732C
S21402AD20984205D015F0ECFC10B92846FAF738FF21
S21402AD30284615F0D8FF88B111F0D2FB4FF6FF7304
S21402AD4098420BD015F0DCFC40B9B8F1010F02D1E5
S21402AD50BAF1060F02D0284607F04CFA069BA3B9B2
S21402AD6019460122584600F0ABFB814600287FF4C4
S21402AD70C7AC204613F08CFB4A460146384600F024
S21402AD809FFB00283FF44AAFBAE412A9E9E7069B04
S21402AD905AE7637823F0200363704FF6FC739F42F2
S21402ADA075D16A4B1B78033B012B7FF6A9ACA379BE
S21402ADB00BB1013BA3716378590727D50023584688
S21402ADC017AA14A9179313F046F81798F0B108F0CB
S21402ADD0CBF88146384615F0E3FB179A01461379FD
S21402ADE003F03000102806D003F00C0008281CBF21
S21402ADF023F00C031371137903F03303202B05D1D0
S21402AE00FF2903D00122484608F078FA284615F0B2
S21402AE10C7FBFF281EBF00224E4B43F82020099B8B
S21402AE2003F001094FF6F7739F4200F21381B9F15E
S21402AE30000F40F01C812946584611F043FF11F0DE
S21402AE4032FB874200F0DF80384615F04CFF0028C0
S21402AE504AD0B8F1010F30D1BAF1010F20D14A46DB
S21402AE603146BDF8460007F05FFE384615F03BFF58
S21402AE70394B1B78002B78D1584615F034FF002842
S21402AE8070D1384615F02FFF00286BD138E44FF604
S21402AE90FD739F428BD12D4B1B78042B87D12FE459
S21402AEA0384615F020FF50B3BAF1030F27D13146CA
S21402AEB0BDF8460012F09CF822E4384615F013FF5F
S21402AEC0384612F078FE002848D000233946584605
S21402AED0BDF8462001F05AFB00283FD00021BDF8FD
S21402AEE04600FEF7D1FB0BE4384615F0FCFE18B11F
S21402AEF0B8F1010FD8D0E3E7B8F1010FE0D1164B55
S21402AF001B78002BB8D0BAF1050F2ED111F0CBFA70
S21402AF108DF85C0011F0C7FA000A8DF85D00012377
S21402AF20022217A90DF14600F9F74CFA00287FF421
S21402AF30E7AB711CBDF8460089B209F0D9FA03786E
S21402AF400133037011E000BF836500208465002092
S21402AF50DC56002098460020097000209A4B1B7889
S21402AF60002B89D0B8F1010FCDD063785A070CD5E3
S21402AF70BDF84640204613F010FA411C89B220461E
S21402AF8009F0B6FA0378013B0370904B1B78033B3B
S21402AF90012B30D8B8F1010F06D1BAF1050F1FD137
S21402AFA011F081FA834522D1BDF84600FEF7AEFCC9
S21402AFB002281CD10021584617AA08F021F930B100
S21402AFC00379458003F03C0343F0400303710023FA
S21402AFD07F4A009339465846127811F0D1FF06E0B0
S21402AFE0BDF84600FEF792FCBAF1030FE0D100224C
S21402AFF039461C20D6E4BDF84600FEF787FCB8F1B9
S21402B000010FD5D1F0E7B8F1010F7FF467AF0AF16F
S21402B010FF330C2B00F2AA8001A252F823F000BFE5
S21402B02083B0020083B00200AFAE020099B0020005
S21402B030A9B00200CDB00200EFB002001BB10200C0
S21402B04031B1020031B102003DB1020055B1020039
S21402B05061B10200B8F1010F00F09480B9F1000F5F
S21402B06008D1BDF84600FEF71DFEFFF749BBB8F152
S21402B070010FCCD0237A03F00303012B7FF440ABFD
S21402B080EFE7AAF102035A423146BDF846005A419A
S21402B09007F04AFDFFF734BB32465846BDF8461065
S21402B0A0FEF7D6F8FFF72CBB711CBDF8460089B236
S21402B0B009F030FA0236F6B20246BDF84630584675
S21402B0C0009612A90AF054F8FFF71ABB3F4B1B78FA
S21402B0D0013B012B3FF614AB079B01210093002096
S21402B0E02346BDF8462011F0BAFCFFF709BB374BE2
S21402B0F01B785A1E012A07D90120079ABDF8461066
S21402B100FCF71AFCFFF7FCBA022B7FF4F9AAF9F750
S21402B110FFFB0028F0D1FFF7F3BABDF8460006F0B1
S21402B12069FEFFF7EDBABDF84600FEF721FA98E78A
S21402B130BDF84600FEF71CFAFFF7E2BA234B1B786F
S21402B140013B012B3FF6DCAABDF84600FDF736FDB3
S21402B150FFF7D6BABDF84600FDF780FDFFF7D0BA76
S21402B160BDF846000FF0DBFDFFF7CABA33462246AB
S21402B1705046BDF846100FF0A4FD00287FF4C0AA82
S21402B1805146DAE40AF1FF330C2B3FF6B9AA01A2C4
S21402B19052F823F083B0020083B00200AFAE020082
S21402B1A099B00200A9B00200CDB00200EFB00200D2
S21402B1B01BB1020027B1020027B102003DB1020016
S21402B1C055B1020061B102000970002084650020BA
S21402B1D03070002010B50021114811F03AF80446EC
S21402B1E0E8B110F04CFF0F4B1870204610F04CFFE1
S21402B1F00D4B1870204610F04DFF0C4B1870204671
S21402B20010F04DFF0A4B1860012015F08DFB20460A
S21402B210FFF720FABDE81040002015F085BB10BDF0
S21402B220B05E002053660020526600205166002061
S21402B230E457002070B5164E044633680D46E3B157
S21402B24010F08EFE0C2818D1204610F08CFF092232
S21402B2500021044614F0C4FE235C042B0DD10D4BD2
S21402B2601B78033B012B08D80B4C25B10B4B2278DD
S21402B2701B789A4203D300232370002070BD08482F
S21402B280316815F059F82378012001332370F5E769
S21402B290E857002084650020556600202F700020A5
S21402B2A0A86E0020014B93F901007047D25E002081
S21402B2B0014BB3F868007047DC56002070B50024D6
S21402B2C0124D2C70EDF7AEFDE6B2B04212D8104B1E
S21402B2D01B78013B012B04D800214FF6FF70FBF7C9
S21402B2E019FF00220B4B1A700B4B198801B11A80FA
S21402B2F0012070BD304615F0ABF9C30748BF2B7866
S21402B30004F1010444BF01332B70DBE77C650020A7
S21402B3108465002073650020845E002038B50B4BE0
S21402B32005461B7873B101335C08094B188814F084
S21402B33017FF002330F81320AA4205D00133DAB2F1
S21402B340A242F7D3002038BD0120FCE77365002037
S21402B350845E002030B5054685B008460C4615F0DA
S21402B360BEFCFF280CD011F073FD0122002103461B
S21402B370CDE90112009221462A460720FBF77AFA07
S21402B380284615F00DF9FF2804460FD015F060F98F
S21402B390C2070DD5204615F05BF9830708D40B4A81
S21402B3A032F8143043F4806322F8143005B030BD0E
S21402B3B011F04EFD012200210346CDE90112009252
S21402B3C007202A46FBF756FAF0E700BF745E002015
S21402B3D04FF6FA72431E9BB2934270B504462AD8C1
S21402B3E0FFF79CFF38BB194B1B78042B23D0204653
S21402B3F015F05CFCFF2801D0FAF702FB204612F09B
S21402B40003FD08B107F0C6FD2046114E04F046FAC9
S21402B41020460EF0D0FF31780E4D69B1288814F020
S21402B4209FFE054601461E220230F0F761FD2C8083
S21402B43033781E2B07D970BD202014F005FF288014
S21402B4400028EBD1F7E702333370F4E78465002077
S21402B45073650020845E002037B5134B05461B78C3
S21402B460022B1FD111F01FF8044611F01CF8FFF74B
S21402B470AFFF11F0EDFC11F022F80020FBF73CFDC7
S21402B48040F607400FF023F83DB100230D22214677
S21402B4904FF6FD70009311F073FD03B0BDE8304027
S21402B4A004F032BF03B030BD84650020034B1B7826
S21402B4B013B90120FFF7D0BF704700BF7A6500209E
S21402B4C0F7B504460D46174610F0EDFF0646002D6A
S21402B4D047D04FF6FB739C4243D82046FFF71EFF29
S21402B4E030B1A64204D1204B1B78033B012B38D93E
S21402B4F02046FFF713FF10B1012003B0F0BD20462F
S21402B5000EF029FFC0B1A642F6D00CB3694620461B
S21402B510F9F758FD0246D8B90821684610F055FFDB
S21402B520B0B9082269462846F0F78AFE80B1294655
S21402B530204611F0BDFCDFE7A642E6D12846F9F721
S21402B540C9FD28B90120FFF787FF06F0DFFDD3E724
S21402B5503FB121462846FAF7E7FB2146284604F083
S21402B560B9F90020C9E700BF84650020044A1378B1
S21402B5702BB1013BDBB213700BB9024A1380704742
S21402B58073650020845E00200148F8F7D7BC00BF30
S21402B590845E00202DE9F047804617460D468CB0A3
S21402B5A061B903AE00211B4815F007FB4FF00009F6
S21402B5B00446DFF860A01CB920461DE00E46F1E7FF
S21402B5C00022214624233046CDF8009015F092FB47
S21402B5D0082241463046F0F733FEA8B9337C9BB9C1
S21402B5E06FB945B92A4621460A4810F051FE0A4A62
S21402B5F01388013B138001200CB0BDE8F0873B881E
S21402B600B28953405B06ECD52146504615F0F9FA4E
S21402B6100446D0E7E85E0020E65E0020024B18886B
S21402B620003818BF01207047E65E002040232DE94F
S21402B630F04397B0074611A88946ADF80E300EF0D3
S21402B640D3FF02238DF84430002304AE3146384639
S21402B65004937360F9F7B6FC0546002840F095801F
S21402B66038460FF03AFB804610F01DFF04460028CD
S21402B67040F0BB8099F80130042B40F0B980EDF71A
S21402B680DDFB022840F08480EDF7D8FB022840F06C
S21402B6908B8096E8030003238DF8443012AB83E8D0
S21402B6A003009DF85130002143F00603102209A83A
S21402B6B08DF85130F0F772FD09A911A80FF026F99E
S21402B6C040B111A80EF090FF30460DAB09AA11A9A1
S21402B6D00FF021FABDF846300DA943F0040311A875
S21402B6E0ADF846300FF06BF9102209F10A010DA8E9
S21402B6F0F0F7A6FD0546002872D1EDF79FFB02285B
S21402B70006D13146FF2009AA0FF027F900286AD190
S21402B71034240025EDF792FB022808D19DF851301B
S21402B7201B0704D430460DF10E0111F0E1FD21464F
S21402B730304611F006FE10238DF8183004238DF8DB
S21402B7401A303346002203CBCDF81B00CDF81F106B
S21402B75006A80B218DF8195010F020FD024638B1CC
S21402B760002D14BF012303233146384603F078F830
S21402B770B8F1000F09D0342C07D106A83246394654
S21402B78014F0AAFE06A80FF08EFA17B0BDE8F083F2
S21402B790234621463046009411AA01F05FFE002897
S21402B7A03FF472AFAD25C6E7EDF748FB012891D10D
S21402B7B0104B1B6803F08403842B8BD196E803009E
S21402B7C002238DF844301023ADF8463012AB83E8DE
S21402B7D003009DF8513043F002038DF8513079E7AB
S21402B7E03324AD2596E7052494E72C46A325A2E745
S21402B7F0AA25A0E7884800202DE9F04336488DB0F8
S21402B800F8F78CFE15F08CF8344D2B68C41A4FF4FA
S21402B8107A73B4FBF3F4A4B214B115F081F828607D
S21402B8202F4F4FF6FF763B88DFF8B880ADF80A3028
S21402B83000233B8000210DF10A0010F00AFD0546A8
S21402B84058B9284B1B882BB14FF47A7122487143A2
S21402B85014F072FD0DB0BDE8F0834FF0000924230A
S21402B8604A462946CDF8009003A815F043FABDF8DB
S21402B8701A30A34294BFDB1A1B1B9BB2ADF81A30D8
S21402B880CBB910F010FEBDF8183003F04003184391
S21402B89080B218B9322103A80EF0FFFDBDF81830A9
S21402B8A01B0602D508980FF005F8B8F80030013BE1
S21402B8B0A8F80030BEE79E4228BF1E4601234A462D
S21402B8C02946009303A8242315F014FA4A4629466B
S21402B8D0384615F078F9ADE794470020F057002077
S21402B8E0E85E0020E65E0020F0B50446304A8DB0E1
S21402B8F01068516801AB03C3A378012B54D11622FA
S21402B90000210DF11A00F0F749FCD4F82110D4F802
S21402B9101D0003AB03C32388190644BF626808925E
S21402B920DA050BD5221D08AE04F114073546106859
S21402B9305168083203C5BA422E46F7D1ADF8183020
S21402B94013F0040318BFA3690593EDF795FA0023D5
S21402B950ADF81A008DF81C3010F0A5FDE0B906A966
S21402B96003A811F0C5FC0022242103A810F016FC3F
S21402B9700446D8B10020FFF73FFF002221460D48BB
S21402B98015F021F90C4A0020138801331380FFF7C3
S21402B99033FF00200DB0F0BD082201A903A8F0F77E
S21402B9A04FFC0028DFD0DAE70220F3E71920F1E7A0
S21402B9B095360400E85E0020E65E0020F7B50446F1
S21402B9C000200E46FFF718FF104B1B88A34202D832
S21402B9D0212003B0F0BD00210D4815F0EEF8002539
S21402B9E001460B4F0029F3D0A54208D10024242398
S21402B9F022463046009415F07DF92046E9E738469F
S21402BA0015F0FFF801350146ECE700BFE65E0020C0
S21402BA10E85E00200148F8F791BA00BFE85E002011
S21402BA20014B1888704700BFE65E002030B5154A05
S21402BA308DB051680546106801AB03C307A80EF027
S21402BA40D3FDDDE90101032308AC84E803008DF889
S21402BA501C309DF8293003A943F0020307A88DF88D
S21402BA6029300EF053FF10B12D200DB030BD234605
S21402BA702868696803C303A907A80EF02CFF0028EC
S21402BA80F3D0F1E79536040070B50C4611460E4A1F
S21402BA9023781278064613F0200542EA0302227043
S21402BAA018BF611D0822F0F723FA002D0CBF0520EF
S21402BAB00D20D4F80130B3602378337303F01803F3
S21402BAC0082B08BF013070BD7F650020042307B530
S21402BAD001200DEB0301054AF8F79AFD019B044A83
S21402BAE01B03136003B05DF804FB00BF63E511009F
S21402BAF07848002010B5064C2368C3F30B0313B92D
S21402BB000448E2F705F92068431C236010BD00BF15
S21402BB107848002063E51100014B1868704700BFA3
S21402BB207848002007B50020054B064A1860042313
S21402BB300DEB03010190F8F76BFD03B05DF804FB13
S21402BB407848002063E511007FB511230A4A0120D8
S21402BB5001A9F8F75DFD094B9DF814201A70084BF1
S21402BB601B780BB1052B05D10EF0DEFB012007B0CA
S21402BB705DF804FB0020FAE779EB01007E65002001
S21402BB807F6500202DE9F04F0646CBB08846008838
S21402BB900121174614F01CFB2E4B3A463188ADF8AD
S21402BBA0160006A811F060FC0DF1280B5A46414615
S21402BBB0C419308811F0E2FBE4B208EB0003A3429A
S21402BBC008BF044605464FF004091CBFA4EB080450
S21402BBD0E4B223465A460121CDE900090BEB050AD9
S21402BBE0CDF808B02D1B06A8EDF792FDEDB20BEBD3
S21402BBF004030093019523465A464146308811F0C5
S21402BC00EBFB34883946204608F084FC394600F0BF
S21402BC10F802204608F092FC0121308814F0D8FA87
S21402BC2001234A46514680B10DF11600F8F7CAFBC9
S21402BC3001210446BDF81620308814F0DDFAB4FA65
S21402BC4084F040094BB0BDE8F08F3046F8F7BAFBF7
S21402BC500446F4E7266600202DE9F04FC9B00446F4
S21402BC6088469246C118224A04A81F46FFF70CFFD0
S21402BC704FF00409C519EDB208AB0293A5EB0A0B07
S21402BC80A8EB0A035FFA8BFBA8EB0506DBB2F6B25B
S21402BC9004EB0A02009301215B46CDF8049004A847
S21402BCA0EDF736FD06F590730DEB03025A44A2F546
S21402BCB08072136808A844F80830E35D324623F021
S21402BCC00703E3552C442146F0F706FC08ABCDE902
S21402BCD0019308AA00230121009604A8EDF718FD97
S21402BCE03246204608A9F0F7F7FB49B0BDE8F08FC8
S21402BCF026660020F8B5064612F082FC811C054630
S21402BD0089B2304612F05AFBF0B1EDB12946304600
S21402BD1008F000FC1228074616D80C4B691C1C5C5F
S21402BD2089B2304608F0F6FB2C44052FE4B205D162
S21402BD30052809D8064B1B5C1C44E4B22146304653
S21402BD40BDE8F84012F03ABB0020F8BD36FA04000F
S21402BD5030FA0400F8B5054612F05DFB04462846A4
S21402BD6010F001FAA11C074689B2284612F026FBFB
S21402BD7000283ED0002C3CD02146284608F0CAFBBC
S21402BD800646611C284689B208F0C4FB0F2E30D83E
S21402BD90194B9B5DE118731E89B2092B0ED8DFE89A
S21402BDA003F009050D0D120D0D181E1EC40644BF24
S21402BDB0083189B2820601D5083189B22846BDE823
S21402BDC0F84012F0FBBA7B78DB0612D501EB400195
S21402BDD0F3E700F01F0000EB40000144EDE71F28E8
S21402BDE005D8092E0ABF4000022080B2F5E7C8280F
S21402BDF0E4D00020F8BD00BF49FA0400F8B50646B4
S21402BE0010F0B1F909220021054614F0E9F800F114
S21402BE101004284614F061FEE4B207462146304676
S21402BE2008F078FB0546304614F0B6F9BA05A0EBE2
S21402BE300403DBB20AD47C2D0AD0082D0AD8064A9F
S21402BE40505D98428CBF00200120F8BD1220F8E712
S21402BE500320F6E7FF20F4E75AFA0400014B1878AD
S21402BE60704700BF3170002038B5114B04461B786E
S21402BE7008469BB9012038BDA24205F101050FD143
S21402BE8003EBC1035B6898470028F3D11E202246C5
S21402BE904FF6FF7114F0E8FD0020ECE70025054B95
S21402BEA0E9B213F83120002AE6D11446EEE700BFC5
S21402BEB03170002000FA04004FF6FF7307B5022225
S21402BEC00DF106010348ADF80630E1F75DFF03B059
S21402BED05DF804FB603202E0002307B5ADF80430DB
S21402BEE0134B984221D10B88DA0703D5232003B0DF
S21402BEF05DF804FB9B0748BF4FF47F434FF00202F6
S21402BF000C480DF1060148BFADF80430E1F710FF0A
S21402BF104FF6FF73BDF806209A42E7D10222054883
S21402BF2001A9E1F731FF0020E1E72120DFE700BFAA
S21402BF301FD1BACA603202E0002313B50222038080
S21402BF4004460DF106010F48E1F7F2FE2D2801D056
S21402BF50112805D14FF6FF73ADF80630FFF7ACFF98
S21402BF609DF80630BDF806201BB1238843F0010376
S21402BF7023800020FF2A82BF238843F00203238007
S21402BF8002B010BD603202E0034B1B78002B14BFD8
S21402BF90442056200E3070477F6500202DE9F04F72
S21402BFA08DB0179C06468946CDE90223BDF8587027
S21402BFB0D588ADF816103CB9EC0605D500970EF0FC
S21402BFC00AFB0DB0BDE8F08FC5F380242B054FEABF
S21402BFD0043448BF44F40064A80511D544F0800434
S21402BFE00A2E00F26981DFE816F09A002F00170089
S21402BFF0370067016701370010009A0037009E007D
S21402C000E90548BF44F04004EAE74FF001084FF064
S21402C010020B4FF0000A14E008A95FFA89F011F04B
S21402C02070FCDDF82500DDF8291006AB03C3A44B2F
S21402C03033F81930ADF816304FF00008C3460DF14C
S21402C040180A002F5DD125E006AA0DF116015FFA47
S21402C05089F003F003FCEFE74FF6F773994540F2D9
S21402C0602B8115F4026F40F02781964B1B78022B2A
S21402C07003D0043B012B00F2218147BB032E4FF075
S21402C08001080CBF4FF00C0B4FF0080BBA4624F415
S21402C090C074A4B28C4B18884FF6FF73984206D031
S21402C0A08A49F8F78FFF10B124F48054A4B2039B98
S21402C0B038460093BDF81620534644F4027108F041
S21402C0C051FAADF82000002838D1192079E7384611
S21402C0D014F062F80246FFF757FF032E08BF013836
S21402C0E0824201DD38206CE7032E4FF001080CBFB8
S21402C0F04FF00C0B4FF0080B4FF0000A24F4C074FC
S21402C100A4B2029B1B889BB91A46394606200093A6
S21402C1100CF0F7F80028BDD140F6014051E74FF089
S21402C1200008C34675E74FF001084FF0030B70E7AF
S21402C130002339461A4607200093E9E74FF6FF73B5
S21402C140614A118899421CD010F00DF803465E4AE7
S21402C15004301188039314F0C2FC5D49039B0978EE
S21402C16014F4805FD9715949574A1FBF086898600E
S21402C1704868D8604FF6FF7313804FF0FF330B60AA
S21402C1804B605946029A08A808F0A8FA00289CD0E4
S21402C190504C2378002B3CD1A7B1384613F0FCFF55
S21402C1A00746BDF8200013F0F7FF23780744002B5C
S21402C1B014BF12220022EB1003F0040317443B4480
S21402C1C0842B8FDC15F400570AD0BDF82040204699
S21402C1D00FF0BCFE40F4806189B220460FF0A1FE4B
S21402C1E0A6F10803012B05D801221021BDF8200074
S21402C1F00FF09DFE179BBDF8204043B32046BDF8C6
S21402C20016100FF0E7FEBDF82030179A00201380B4
S21402C210D7E6AA06C0D56B0103F020030A2E14BF88
S21402C22043F0010363F07E03DBB2B8F1000F08D0DF
S21402C23000215246009108A800F086FE0028ABD0E6
S21402C240BFE61A46514608A811F039FAF6E7204624
S21402C25012F0E1F8179B02462146042000930CF0E8
S21402C26050F800283FF458AF0A2E18D84FF4D96376
S21402C270F340DB0713D5072E0AD00A2E08D0BDF8E6
S21402C280200010F02FFD80F00100C0B2800098E67A
S21402C29008A80EF025FD0028F1D0042091E617B17B
S21402C2A025F04005ADB22B463146BDF820005FFAB8
S21402C2B089F201F01BFF84E6012082E6162080E662
S21402C2C0CC5B002083650020AE6F00203270002019
S21402C2D0616600207F650020F7B50F469DF828109E
S21402C2E00446DDE90B061D46F1B94FF6FF739C4284
S21402C2F01CBF174B1C804FF000041CBF154B1A7056
S21402C300BDF8240008F080FA00232A46CDE900434F
S21402C310394606209DF82030FFF740FE10B90EB1D0
S21402C320AB7A337003B0F0BD78B14FF6FF739C4220
S21402C3301FBF074B1C80074B1A7000220FF02EFF00
S21402C34004460028DCD11920ECE72120EAE700BFEA
S21402C350AE6F0020616600202DE9F04788469DF802
S21402C3602810074616461D469DF820A0BDF82490C4
S21402C3700B9839B158B300220FF010FF044610B9DB
S21402C380192025E00C464FF6FF739D421FBF114B46
S21402C3901D80114B83F800A04FF6F7739E4208D813
S21402C3A00E4B4FF6FD761A784FF6FF73002A18BF2B
S21402C3B01E46484608F028FA00233A46CDE90843C6
S21402C3C031464346BDE8F0470320FFF7E7BD21208C
S21402C3D0BDE8F087AE6F002061660020226500206F
S21402C3E02DE9F04786B09DF838600546DDE90FA8CE
S21402C3F00C4617469946B6BB374B1B78022B1DD107
S21402C40025BB4FF6F7739C4214D80026484608F020
S21402C410FBF900233A46CDE900632146FF2328466E
S21402C420FFF7BCFD38B9B8F1000F04D0BB7A88F824
S21402C430003000E0012006B0BDE8F087043B012B87
S21402C440DED908460EF049FC10B31DB3022D31D1D9
S21402C450ECF7E2FCA042EDD9204B33F814204FF65D
S21402C460FD739A4219E0BAF1000F32D01A4B1B78CC
S21402C470022B05D1FFF788FDB042E6D23820DAE774
S21402C480043B012BF6D908460EF027FC0028F1D112
S21402C4901620D0E74FF6F7739C42CBD8002EB4D0C6
S21402C4A03146002250460FF079FE06460028ADD1EE
S21402C4B01920C0E7012DBDD104AA0DF10E01E0B28C
S21402C4C003F0CCF9064B1B78A342B3D9BDF80E2075
S21402C4D0C5E72120AFE700BF83650020CC5B0020C4
S21402C4E0FD6F002030B5104B87B005460C46186825
S21402C4F0596803AA03C298680C4910609A88DB88B8
S21402C50052BA23F04003ADF812300023CDE90043BF
S21402C510ADF81020FF23098803AA0720ADF80E50B5
S21402C520FFF73CFD07B030BDF45E0020005F002040
S21402C53038B50C461146124A124D108022682A60FF
S21402C54062686A60A268AA60E288500616D5EA881F
S21402C550520613D561B1002218460FF01FFE01469F
S21402C56050B16088FFF7BEFF0522074B1A7038BD30
S21402C570084611F091FEF2E71920F5E70220F6E7E9
S21402C580005F0020F45E0020726600202DE9F04F66
S21402C590074689B0104615461C468A4611F03BFFF0
S21402C5A00146284607F0B6FF064628460FF0DBFD92
S21402C5B0043014F092FA80460FF075FF804550D092
S21402C5C0B2074ED1DFF8AC80284605A9B8F800B00D
S21402C5D012F027F89DF81930A8F8007003BBBDF8D2
S21402C5E01430EBB928460FF0BEFD023014F075FA8F
S21402C5F04FF6F773984294BF4FF000094FF00109C7
S21402C60001230134E4B22A463846CDF8009005A943
S21402C610039303F0C5FE039B40B901339C421ED22E
S21402C6200020A8F800B009B0BDE8F08F022CF8D1BF
S21402C630012BF6D10C4A0D4BA3F800A01378591C17
S21402C64011700B4A7F3B16F00C01137007D1BDF830
S21402C6501A305B0603D5BDF81600FFF743FF022328
S21402C660D1E70020DFE700BF81650020AE6F002023
S21402C67061660020005F00202DE9F04FABB00F4648
S21402C680ADF81E000FF06FFD00F1020A0646504696
S21402C69014F023FABDF81E400546204611F0BBFEF4
S21402C6A00146204607F036FF814600F00308301D9B
S21402C6B014F013FA434C20800FF0F5FEA8422DD05A
S21402C6C04FF6F7739D4229D87378DA0726D42846A0
S21402C6D011F071FA30B101232946BDF81E202088D8
S21402C6E0FFF754FF0FF0DFFE364B1B8883420FD155
S21402C6F0BDF81E40204611F08EFE0146204607F089
S21402C70009FF10F00C0103D1BDF81E0001F0ACFDCC
S21402C71000222D4B1A602BB0BDE8F08F2B49BDF8D6
S21402C7201E0011F07EFF2A49BDF81E0011F0BDFE64
S21402C7300028274B08BF0023234ABDF81E001360BB
S21402C7400FF09DFC234B1870BDF81E000FF09CFCEA
S21402C750214B1870BDF81E000FF0A1FC1F4B18608D
S21402C76000238DF82230002F3ED0184BDB889B0624
S21402C7703AD50FF098FE10B3194B1B689D071ED4CE
S21402C780B8F1010F14BF082318230DF122020092FC
S21402C79000220DF11E00114600F0D6FB20B3B8F1C0
S21402C7A0010F9FD10F4B1B78112B9BD111F026F84E
S21402C7B0002897D140F61D40F9F7E2FF92E70823DA
S21402C7C0E3E700BF005F0020F8570020F45E002079
S21402C7D0596600205366002052660020E457002067
S21402C7E08848002083650020504614F076F9824679
S21402C7F0BDF81E0013F0D0FCA0F11005EDB22A46DB
S21402C80031460AA8EFF768FEFF238DF82F304FF661
S21402C810F7739A4540F2DF80B8F1010F00F0E78027
S21402C820B8F1020F00F04681B8F1000F7FF45AAF5C
S21402C830A44DBDF81E00EB88ADF8240004930FF05B
S21402C84092FCBDF824600746304611F0E4FD01462E
S21402C850304607F05FFE8DF82300B81C7E7814F091
S21402C8603CF907460FF01FFE06F00106B4F80090EA
S21402C87003906C88002E7FF435AF4FF6F77A424667
S21402C880494657458CBF0620082014F0EDF8BDF83F
S21402C89024B0584611F0BFFD5946024643460420CE
S21402C8A0CDF800800BF00AFD574583460AD8B5F945
S21402C8B00620EB88002A05DB580603D541462046AB
S21402C8C0FFF710FEBBF1000F3FF40CAF2B88002BD6
S21402C8D05AD16B79002B57D14FF6F7730DF126011B
S21402C8E09F42BDF8240094BF4FF0000B4FF0010B9F
S21402C8F011F066F8DFF8D8A100F1FF38BAF8003078
S21402C9001FFA88F10593EB88BDF82600069307F018
S21402C91001FE069B04990190009322465B46059809
S21402C920C1F340110EF0E6F900283FF4DBAE042313
S21402C93006200093BDF82610624B5FFA88F20BF0D1
S21402C940BDFC00283FF4CEAE48F202036A889A4243
S21402C95005D1BDF82410BAF8000000F08DFF594D3D
S21402C96009AA29460DF123000EF0C2F90346002853
S21402C9707FF4B8AE2104BAF80000BDF8242060D5D2
S21402C9802346294611F031F89DF823304D4D03F029
S21402C9900C030C2B75D1288910F0F2FF00283FF407
S21402C9A0A1AE039B002029894B4514BF022603260D
S21402C9B002F02CFE444B18704FF6F7739F42BDF8F8
S21402C9C0240075D8A4F138025342534132463D49F9
S21402C9D004F066FC86E6B8F1020F6BD0394BB3F969
S21402C9E00630002B26DAB8F1010F7FF41DAF0FF0E8
S21402C9F05AFD238883423FF475AE0520BDF81E100B
S21402CA00FFF732FA00283FF46DAE2E4AD3885B0653
S21402CA1007D50023CDE900330A20FF232188FFF73C
S21402CA20BDFA3A469DF822302188BDF81E0002F073
S21402CA3023F957E629460AA800F070F80028D2D053
S21402CA4050E60221DFF88C8088F800102946CDF8DF
S21402CA5000B003F0A5FC132C96D0EB885D0493D4AB
S21402CA601A4B1B78D80703D598F80020022A8BD0D9
S21402CA7099077FF537AE98F80030012B7FF432AE77
S21402CA8082E700222B79124800936B7911460088C0
S21402CA9002F0E4FD0C4B18709DF8233003F00C03F3
S21402CAA0082B89D1039B4B4514BF0426052683E732
S21402CAB001238BE74846BDF81E20024901F048FBD9
S21402CAC010E600BFF45E0020716600202465002098
S21402CAD0005F00206266002010B5002108480FF0B3
S21402CAE0B8FB044650B101460420FFF7BDF928B151
S21402CAF02046BDE810400121FFF7BEBD10BD00BFB5
S21402CB00E45E0020034BFF211A7803489200EFF7F9
S21402CB1045BB00BFFE6F0020B044002070B545182C
S21402CB2004464FF0FF31AC4212D1104B10481A782F
S21402CB3005460023934211DB0E4C2078431CB3FBC0
S21402CB40F2F602FB163345F82010237000200CE0A4
S21402CB5014F8010BE0F7AEF80146E4E750F8044B90
S21402CB60A14201D00133E5E7012070BDFE6F00202F
S21402CB70B044002063660020042307B501200DEBB5
S21402CB800301054AF7F744FD019B044A1B031360A1
S21402CB9003B05DF804FB00BF23E11100F457002048
S21402CBA0014B1868704700BFF4570020014B186805
S21402CBB0704700BFF457002010B5064C2368C3F335
S21402CBC00B0313B90448E1F7A3F82068431C23605B
S21402CBD010BD00BFF457002023E111002DE9F04FED
S21402CBE093B003930023DDE91C79069399F800308D
S21402CBF083460DA804930E4615460DF0F5FC99F8EB
S21402CC00003013F003043ED0039B0DF1250A8DF885
S21402CC1024300022082138460FF0D7FB002870D0B7
S21402CC2028880FF0A0FA99F800301C074CBF043091
S21402CC30023013F052FF07A98046F7F7D7FE9DF899
S21402CC4024300446980633D5288806F10D0111F0E3
S21402CC50B5FBA8B100230093384608232988721D25
S21402CC6014F048F899F8003003F01803182B4AD14C
S21402CC70B8F1000F47D0A94BB3F86830434542D00D
S21402CC8040F60A4327E02888711D11F097FB00281A
S21402CC90F6D0009405233246298809A814F02AF80B
S21402CCA09DF824300DF1240A03F018030393B0E72D
S21402CCB014BB39464046F8F785F90028D2D099F8D1
S21402CCC000309907DCD0402322462146404610F029
S21402CCD03AFF40F6094399F8002012F0030440F0A8
S21402CCE0F780288803930FF0A1F9224601461A20FE
S21402CCF013F0BAFE039BEBE007AB03CB3860796018
S21402CD00B0E74FF6FF780DF0D6FF044620B10421B7
S21402CD103846F7F793FE04461E9B002B5AD009238B
S21402CD201E990DA88DF834300DF0D5FD209B0BB161
S21402CD30209B0693039B002B40F08E800DA8ECF7F9
S21402CD4049FD99F800309A0700F09880FFF734FF03
S21402CD505146024601200DF0FAFF99F800309B0773
S21402CD6010D55946288811F022FC0BF1090350FA17
S21402CD7083F35FFA83FB5946288811F0EFFB00EB3A
S21402CD800B06F6B299F8003013F0C20F0AF104034C
S21402CD900DD09DF82420624942F020028DF824200E
S21402CDA00A68CAF804204A685A600AF10C0301228B
S21402CDB009A800921B1A324629889BB213F09AFFE2
S21402CDC0324659462846FEF7DDFE002800F0A480CB
S21402CDD000237DE01F9B5BB19E460DF1340CBEE83E
S21402CDE00F00ACE80F00DEF80030CCF800309DE70C
S21402CDF0049B594603F020032888049307F08AFB15
S21402CE0010F0030F0CBF012300230593049B059A21
S21402CE10003B18BF012342EA430300930DAA06AB68
S21402CE2038461F9900F01AFB049A034682B100287E
S21402CE3080D0059B0DAA0093384606AB1F9900F0DA
S21402CE400DFB034699F8002022F0200289F8002004
S21402CE50002B3FF46FAF3EE7039B102B06D1BDF8C5
S21402CE60363043F00103ADF8363067E7039B182BE4
S21402CE704FD1BDF8363043F00203F4E701200DF13E
S21402CE8025010DF072FF99F80030824613F0040F68
S21402CE90288821D1069B1BB3002C35D00FF0C6F88C
S21402CEA000220146162013F0DFFD84B17FB14FF653
S21402CEB0FF7398450BD000230DA91A4638460DF08D
S21402CEC02AFE394640469DF835200DF00CFF012318
S21402CED0184613B0BDE8F08F002CDFD1104F01E0EA
S21402CEE0002CDBD100233246009359463B4610F015
S21402CEF0E6FA00283FF4C4AE002C3FF469AF069A67
S21402CF000AF10103136063E71B685345C6D8012480
S21402CF10E8E740F60A43DBE71923D9E7DC560020A8
S21402CF2026660020002307B5054A06481360042239
S21402CF300DEB02010193E0F727FF03B05DF804FB57
S21402CF40F457002023E111002DE9F04F0446B1B05A
S21402CF5000888DF82F3016468A4611F05CFA014694
S21402CF608146208811F0FAFA00EB0908208811F0B1
S21402CF7047FB00239DF82F505FFA88F815F001074B
S21402CF800790ADF8363008D101460DF136022088FA
S21402CF9011F0CEF908B1ADF8367016B9CDE90E66C5
S21402CFA00EAEFEF73BFB18B145F020058DF82F506C
S21402CFB00023CDE9033302930DF12F03CDE900637D
S21402CFC02246534641464846FFF708FE05460028D5
S21402CFD000F0CA809DF82F3013F0010747D123F0E6
S21402CFE020038DF82F300FF05EFA68B17C4A10AB42
S21402CFF01068516803C3184600F002FA0546FEF7A9
S21402D0000FFDBBB298423BD83A9B13B100233A9A23
S21402D0101370BDF83630CBB10121208813F0D8F852
S21402D02027880546002800F0CA800121384613F0FA
S21402D030CFF8BDF836700546384613F0ADF8002333
S21402D04000903A461946284611F0F5F80023CDE935
S21402D050033302930DF12F03CDE9006322465346B4
S21402D06041464846FFF7BAFD054600287CD00FF039
S21402D0701AFA002840F0BA80284631B0BDE8F08F90
S21402D08018AB14AA26A9F8B20DF09AFD002840F0B3
S21402D0909480082210A927A8EFF7D2F88346ADB1EC
S21402D0A09DF8A53013F0020F08930FD0082212A99C
S21402D0B027A8EFF7C5F848B9089B590706D53A9B43
S21402D0C013B101233A9A1370089507E03A9B002B96
S21402D0D061D1BBF1000F70D1002308930DF1740CDF
S21402D0E014AB0FCB8CE80F00BDF83630CBB1012164
S21402D0F0208813F06DF8B4F800B000284FD0012154
S21402D100584613F065F8BDF8362083461046099255
S21402D11013F042F800231946099A0090584611F077
S21402D1208AF8304B0DF1740B0493002303930DF130
S21402D1302F03CDE900632246534641464846CDF8C2
S21402D14008B0FFF74BFD002837D1002D33D012AAC6
S21402D1505B464FF482714FF4005000F0D9F8089BFA
S21402D16013B126A80DF038FB0FF09DF988B11E4BBF
S21402D1701B689A070DD4FEF751FA50B1184A18AB3D
S21402D1801068516803C3002226A918A810F074F884
S21402D19000BB002570E700233A9A137099E7BDF8A2
S21402D1A036200A901046099212F0F6FFDDE90923AE
S21402D1B007990090B2E72A46CAE701371FE7BDF88B
S21402D1C036B0584612F0E8FF2B4600905A463846CC
S21402D1D0079939E726A918A810F08AF8D3E700BFFE
S21402D1E09536040084480020884800209DF82F3099
S21402D1F003F01103102B7FF43FAF3E4B1B78432BFB
S21402D2007FF43AAF3C4B1B685B067FF535AF208850
S21402D21008F1050111F0D2F8834600283FF42CAF3E
S21402D2204146208807F076F9344B10F0200F08BFED
S21402D2301E4612A800F0E4F80822314612A8EEF7BD
S21402D240FFFF002852D0314612A80DF00DFD012333
S21402D25026AE00933246002314A912A800F0FEF868
S21402D26000287FF409AF12AB0DF12F07CDE903605A
S21402D2700290009322465346414648460197FFF7DE
S21402D280ADFCA8B3BDF89A30102043F0080318AAE4
S21402D29014A9ADF89A300FF0CCFF00287FF4ECAE5C
S21402D2A012ABCDE90360CDE90170009322465346E6
S21402D2B041464846FFF792FC054600287FF4DCAE5E
S21402D2C018AB4FF49071002012AA00F021F84FF02C
S21402D2D00051002010F047FABBF1000F3FF459AF9F
S21402D2E04FF08051002010F03EFA52E78346AEE738
S21402D2F014ABE6E7836500208848002046570020E6
S21402D30001461A230120014AF7F782B924E10100F7
S21402D310F0B5164691B0074609A80D461C46FFF71B
S21402D320EFFF3EB1336845F04005CDF8263073680E
S21402D330CDF82A301B4B1A6822EA070242EA050198
S21402D34019604B040DD5BDF824200B0A03F4E24302
S21402D350C9B222F4E3420B4322F07F021343ADF834
S21402D36024301A230020104A09A9F7F751F9B4B15C
S21402D37004A80DF039F902236A468DF810301546D6
S21402D380234604F11006144618685968083303C485
S21402D390B3422246F7D1294604A80DF09CFA11B0F2
S21402D3A0F0BD00BF8848002024E1010047F2FF10CC
S21402D3B0044B196841F48042014041F480411A60EE
S21402D3C010F0D1B98848002000B589B0FEF7BCFB42
S21402D3D001A8FFF795FF0948BDF80420016813026B
S21402D3E021F0FF0103F4E2030B43D2B2134343F4EA
S21402D3F08043036009B05DF804FB00BF8848002044
S21402D40010B50C4B0446186888B0830706D54FF053
S21402D410FF3323600120636008B010BD10F04000A7
S21402D420FAD001A8FFF76CFFDDF806302360DDF8BE
S21402D4300A30EFE78848002008B5074B02461B680B
S21402D44013F0400305D118461946FFF761FF012085
S21402D45008BD0020FCE700BF884800202DE9F04701
S21402D4609EB080460C461D4691469DF898A0A2B1F5
S21402D470164630460DF0B8F81AF0020F0FD004B96F
S21402D48017AC22463146404601AB0DF077FB0DB194
S21402D49000232B601EB0BDE8F0870DAEE9E701ABB6
S21402D4A03146404605AA0DF036FB73780AF0010AAB
S21402D4B0FF2B26D0002840F0B68054B105AA09AF4B
S21402D4C0134603CBBB42206061601A4604F108048F
S21402D4D0F6D125B17278554B03EB82032B60BAF175
S21402D4E0000F01D10020D5E7BDF80430D906F9D4E3
S21402D4F018204FF6FF71727813F0B6FA40F60E4017
S21402D500C8E74B4F3DB10EF0CEFF10B13B689A070D
S21402D5102BD500232B603B6803F03003102B01D081
S21402D520202B24D117A8FFF7EBFE082240460DF168
S21402D5305E01EEF785FE20B13B6803F04403402B04
S21402D54015D0BAF1000F15D109A810F010F9022370
S21402D5503370002C4CD1B9F1000FC3D00EF0A3FFEC
S21402D56060B3301DFFF74CFFBCE7324BD2E740F604
S21402D5700A408FE73B68DB03E6D509A810F0F7F808
S21402D5800223337074BBB9F1000FB1D00EF08BFFDB
S21402D590F0B1301DFFF734FFAAE73B6803F08403BF
S21402D5A0842B2CD009AB0DAF1A4603CABA422060B0
S21402D5B06160134604F10804F6D105E025463B688F
S21402D5C003F08403842B28D0301DFFF719FF26E0D2
S21402D5D03B68012503F08403F4E73B68012503F06A
S21402D5E08403DDE70EF05FFF0028F6D00125D9E7B9
S21402D5F00EF059FF05460028CFD00025D2E712A824
S21402D6000CF0F2FF022312A88DF84830ECF7E2F88D
S21402D610224608214046ECF737F810237380002D87
S21402D6203FF460AF64E72D2034E700BF0C440020CF
S21402D630884800208448002049B9084B197849B127
S21402D6404EF66023594328B1054812F075BE41F2E2
S21402D6508831F8E70248F6F761BF00BF236500206D
S21402D660D447002070B586B005460EF01CFF10B9F0
S21402D670022006B070BDF7F745F80028F8D001A8DA
S21402D680FFF7BEFE06460028F2D08DB92E4B1C6868
S21402D69014F0020406D02D4B1B78112BE8D12C4B2C
S21402D6A0B3F868404FF481630221ADF80C3023E0F2
S21402D6B02846F7F70FFD0028DAD1234B1C6814F032
S21402D6C0020406D0214B1B78112BD1D1204BB3F884
S21402D6D068400822294601A8EEF7B2FD0028E1D0EC
S21402D6E04FF4027300260A21ADF80C302B68CDF8F1
S21402D6F00E306B68CDF81230002203A80EF04EFDF5
S21402D700024608B91920B4E70F4B196801F0300336
S21402D710102B17D0202B14BF01230323490001F03E
S21402D72004010B432046002101F09AF80028E9D0B4
S21402D73000210120FFF780FF16B10122054B1A7067
S21402D740002096E70323E9E7884800208365002047
S21402D750DC5600205866002030B5002585B0CDE99D
S21402D7600055F6F7DBFE0EF09EFE1E4C60B905F085
S21402D770AFFF0D25002108462170FFF75DFF294601
S21402D78068460CF08AFE18E023784BB31649174811
S21402D7900A780078904223D90132012B0A700ED102
S21402D7A02A464FF4A071284602F012FDC0B2B8B95C
S21402D7B041F288310E4812F0BFFD05B030BD022B93
S21402D7C009D1284602A9F7F7FDFB0028EED102A8E8
S21402D7D0FFF748FFEAE7032B02D101F0FBF9E5E782
S21402D7E00425C7E764660020656600203A700020BC
S21402D7F0D447002070B51B4A1B4D0446516810687A
S21402D80086B02E7801AB03C31EB10224204606B0B2
S21402D81070BDF6F7CFFF0228F7D10EF044FE0028BF
S21402D820F3D003A800F03AFE082201A90DF10E007B
S21402D830EEF706FDA0B10D4B32464FF4A07130460E
S21402D8401C7002F0C5FC04460028DFD10123084AFA
S21402D85041F2883107482B70137012F06DFDD5E740
S21402D8602324D3E763FA0400646600203A7000209B
S21402D87065660020D4470020F0B50C4600219BB018
S21402D8802B4F0646492207A80691EEF787FC3B78FF
S21402D890012B34D19EBB0DF10E01204610F090F8FC
S21402D8A00546BDF80E0012F077FC441BE4B2BDF844
S21402D8B00E1023462A46009606A813F01BFA304698
S21402D8C004A9F7F77FFBD0B9CCB19DF81920B2B9FD
S21402D8D0BDF8233003F47E43B3F5285F1ED3B3F5B9
S21402D8E0385F0ED31349BDF80E000B6843F40003ED
S21402D8F00B6029460DF0D2F918B104233B701BB019
S21402D900F0BD01220C4B04A81A70FFF7ABFE41F2E1
S21402D91088310A4812F010FD0223EFE711463A70EA
S21402D920FFF78AFE1E2104A80CF0B7FDE7E700BF4A
S21402D930646600208848002065660020D4470020E0
S21402D940014B1870704700BF65660020014B1878BF
S21402D950704700BF64660020014B1870704700BF16
S21402D960646600202DE9F04F0446408891B00E29E7
S21402D9708846ADF81A0079D094F80890A7790EF088
S21402D980F2FB09A90546BDF81A00E67910F049FE31
S21402D990BDF81A000EF0DAFA420542BFBDF82A3088
S21402D9A043F40053ADF82A30E379DB0642BFBDF8F4
S21402D9B02A3043F48053ADF82A30BDF82A30980650
S21402D9C013D5022F57D10CA9207A0FF09AFFDDF853
S21402D9D03500DDF8391007AB03C307AA002104237C
S21402D9E000910DF11A00FFF7AFFA0121BDF81A00F7
S21402D9F012F0EEFB022F824649D1474B33F81950FC
S21402DA00B8F1000F7ED0BDF82A2051067AD54FF61F
S21402DA10FB739D4276D8414B1B78033B012B04D8FF
S21402DA203F4BB3F86830AB426CD0D30502D52846DC
S21402DA3010F049F9BDF82A30D80463D5002F33D147
S21402DA40BDF81A000EF082FAC10663D548F2340316
S21402DA50BDF826209A4209D1324E3078FF2805D0EA
S21402DA6003222946FBF782FBFF2333700023236041
S21402DA7011B0BDE8F08F012F01BF237A2A4A03EBCB
S21402DA80430302EB830314BF00229A1CA6E7012F6E
S21402DA9005D10C2303FB09F3234AD55AB0E7A81C89
S21402DAA013F01BF80546ABE7284601F0F7FEBDF873
S21402DAB01A000EF04BFAC206C8D463895046059384
S21402DAC012F06AFB8346504612F04AFB059B029010
S21402DAD05FFA8BF04A46394601900093404609ABFE
S21402DAE00CF073FCB8F1000F14BF0B20092016F0DF
S21402DAF0030218BF02F1FF32294618BFD2B212F053
S21402DB00B3FFA3E7BDF81A000EF020FAC3069DD4B1
S21402DB10002FD2D1A946D0E7CC5B00208465002036
S21402DB20DC5600203E7000200C5B002038B5002436
S21402DB300F4B104D2A78A24205D8C2B9BDE838402C
S21402DB400D48F6F7EBBC598869B9013AD2B2A2423F
S21402DB502A70EFD0121B184603F110011201EEF7DD
S21402DB60C7F90346E6E701341033E4B2E2E738BD0C
S21402DB701044002068660020C86E002070B51A4B5C
S21402DB801A4A1D780023DCB2A54200D870BD14469E
S21402DB9066880133864202F11002F4D1E379A58841
S21402DBA0E16003F040028DB9CAB123F00403E371C9
S21402DBB00EF0D9FA037803F07F0303702188002958
S21402DBC0E4D1BDE870400A4812F0B6BB0021658079
S21402DBD0A180002AE9D1BDE87040FFF7A7BF204622
S21402DBE0FFF7C0FEF7E700BF68660020104400207B
S21402DBF0C86E00202DE9F047044686B040880F46DE
S21402DC0015460EF0B0FAA3798046082B52D8DFE804
S21402DC1003F0052E1851515151510500023012F0F1
S21402DC205CFF002D4ED06946F7F7CCF9002841D1AB
S21402DC30684601F0DDFEB0FA80F0400906B0BDE8A5
S21402DC40F08702A9207A0FF05CFE6B466E46DDF87E
S21402DC500D00DDF81110334A03C3237A32F813900D
S21402DC60314AD05C75B131460FF06FFEE6E7237A93
S21402DC702E4903EB430301EB830231F82390907A9B
S21402DC80961CEFE74FF6FB7AD14515D9304603F0DE
S21402DC90ADFF4FF6FF739842054615D00146304653
S21402DCA001F018FE554508D9E379DA060ED440F697
S21402DCB02243E3600020C1E74D46294608F10200F0
S21402DCC012F00DFF0120B9E74D46EDE74FF6FC785E
S21402DCD0454512D103F00C030C2B1CD1DFB13046A4
S21402DCE04FF6FD7101F0F6FD40F61F412046E16059
S21402DCF0FFF738FEFFF71AFFDCE74FF6FD739D428B
S21402DD0009D10023304619461A4602F02DFB414639
S21402DD10304601F0DFFDE37943F00C03E37140F691
S21402DD202343C6E7CC5B00202F6500200C5B002057
S21402DD3073B5044640880E460EF015FA023012F00D
S21402DD40CCFE0CF0CAFF18B1A11C201D0CF0CAFFB5
S21402DD50E6B1E5790135EDB2E57115F0400514D06E
S21402DD60EBF754F80122054600212046FFF742FF52
S21402DD7018B1394B1B882B449DB2384B1B78042BA9
S21402DD8001BF354B1B885B199DB2258000223146A8
S21402DD902046FFF72FFF20B360880EF0E4F9E27901
S21402DDA02F4922F00C03E3710B7805460133DBB2F0
S21402DDB00B70C3712B4BA61C1B780BB3E37998062A
S21402DDC01ED52949097871B159060CD592070AD58C
S21402DDD000220423114630460092FFF7B5F810B130
S21402DDE0E06002B070BD0022012311463046009268
S21402DDF0FFF7AAF820B1E37943F00303E371EFE7F4
S21402DE0030460CF06DFF0028EAD16088FBF77EFDF5
S21402DE100328E6D8DFE800F0020D1D19E37943F087
S21402DE200403E3711B06DCD5104B1A78104B1A70EC
S21402DE30D7E740F62443E360E37943F00803E3714F
S21402DE402B7803F07F032B70CBE740F62543E36085
S21402DE50C7E740F62643FAE7866F0020846500206F
S21402DE60816500207F6500203B700020276500202A
S21402DE70676600202DE9F74F064612F04CFD5F4B11
S21402DE800546B3F8009018805D4BA0EB09041B789A
S21402DE90A4B2A34298BF00234FF000084FF6FF77C4
S21402DEA088BF1B1B564A88BFDBB21370DFF864B10B
S21402DEB0A9EB00030093534B5FFA88F2197891425C
S21402DEC00ED80EB1FFF732FE4FF6FF739F4200F0F8
S21402DED08E8039464C4803B0BDE8F04F12F02CBA9B
S21402DEE0BBF80220002A3CD0484B9BF80720187843
S21402DEF0BBF800A0042818D00020BAF1000F08BF13
S21402DF00A2462044504523D2BBF80010009B194479
S21402DF10ABF80010002E4ED002F04802482A4AD132
S21402DF2000215846FFF704FF45E00192F6F790FFFE
S21402DF3030F01003019ADFD1FAF702FD344B019A52
S21402DF40B3F800C08445D7D9ACEB000080B2D4E762
S21402DF5002F00C00042807D10022ABF800200BF1D7
S21402DF60100B08F10108A6E7510602F0030C02F0B6
S21402DF7008000ED528B3BCF1030F25D1DEB1DBF8BD
S21402DF800C105846002908BF4FF44261FFF7EAFC1E
S21402DF9011E040B3BCF1010F25D11206EED44FF4C6
S21402DFA0C862ABF800209BF8072022F0030242F07A
S21402DFB002028BF80720BBF80020974228BF1746BC
S21402DFC0CDE703208445D9D213060ED50C4B1A781A
S21402DFD00AEB0200844208DA4A44521B0AEB0201A8
S21402DFE0ABF80010E7E70120ECE7012199E70648C5
S21402DFF003B0BDE8F04FF6F791BA00BFEA5E002024
S21402E0006766002068660020C86E002084650020CF
S21402E010866F002010440020F8B500250A4E0B4FEC
S21402E0203378ECB2A34204D8BDE8F8400848F5F7C6
S21402E03085BF07EB0414A01CF5F780FF201DF5F73B
S21402E0407DFF0135ECE700BF686600201044002023
S21402E050E05E002070B500240B4D0C4E2B78A342D8
S21402E06008D81B1BDBB22B706BB9BDE870400848A2
S21402E070F6F754BA06EB041040F621410134FFF7D6
S21402E08071FCE4B2EAE770BD686600201044002026
S21402E090C86E00202DE9F041002506462F46114C99
S21402E0A0DFF8448098F80020EBB29A4203D8BDE825
S21402E0B0F041FFF73BBD60880EF055F8023012F0D3
S21402E0C00CFDB0420AD16088F8F74AFA00230E2106
S21402E0D01846628803F086F9278067801034013577
S21402E0E0E0E700BF1044002068660020F8B5154E31
S21402E0F0DFF858E035789EF800E0134FAE454FEA59
S21402E100051C07EB051419D0002503F4835343EAD4
S21402E1101323A1712272E371608027F80C50A58048
S21402E12006F078FB40F60243E36033786081013301
S21402E13028463370FFF79EFE2846F8BD40F6034099
S21402E140FBE700BF6866002010440020FC6F00203A
S21402E1502DE9F04F344B0D461C78174685B05CB956
S21402E160B1F90680DFF8C890DFF8C8A0DFF8C8B0BB
S21402E17099F80030A34202D805B0BDE8F08F0AEB4A
S21402E1800416B08800B9708801A910F04AFAAA7A73
S21402E1909DF80E309A4244D1B8F1000F0FDA297A70
S21402E1A09DF80C202B89914209D820480078084413
S21402E1B0824236DA521A1B0A1341D90731D538463B
S21402E1C010F01EFABDF80A3004469A0602D5EB880D
S21402E1D09B06D1D5F37903F00C03042B08D1708883
S21402E1E0F8F7BEF9002372881946184603F0FAF8C3
S21402E1F000213046FFF7B6FBFFF798FC384611F0D1
S21402E200CBFF844208D2337A01228BF800302946AB
S21402E2100023384603F044F8B8F1000FACDA0024C5
S21402E220A6E70134E4B2A3E766660020FB6F00208F
S21402E23068660020104400207166002008B512F0BF
S21402E2406AFB074B1B88C01A80B2B0F5807F05D9DF
S21402E250BDE808400021034812F06EB808BD00BFB2
S21402E260EA5E0020C86E00202DE9F04788B004461A
S21402E2700D4610F0D0F80146204606F04BF910F095
S21402E280030340F0848010F00C0F06D12946204686
S21402E29008B0BDE8F047FFF771BC20460DF056FE09
S21402E2A0C10659D4204610F0B6F80146204606F0BC
S21402E2B031F9074620460DF056FF0646023012F0A8
S21402E2C00CFC05A98046204607F00C0796F806A027
S21402E2D010F0A7F973780C2F0CBF0327062701212D
S21402E2E013F0010F204618BF032711F071FF2B4BC6
S21402E2F081461B78033B012B1DD9BAF1010F1AD9AF
S21402E3004FF6F773984502D8337A1F2B13D9301D70
S21402E31012F0E3FBF17982460EF02BFB06465046DE
S21402E320F7F726FDDEB173685A1C04D0834340F625
S21402E330284308BF1D461A4B1B88A34212D1B5FAC2
S21402E34085F04009FAF7A6FD20460DF02DFE0022C4
S21402E3500146072012F088FB08B0BDE8F08740F6B9
S21402E3602845E8E706F056FA8246484611F014FFBA
S21402E3700646484611F0F4FEF6B202904246394688
S21402E3802846CDE900A605AB0CF01FF8DCE7012B0A
S21402E390E2D110F00C0FDFD178E700BF84650020D1
S21402E3A0E05E0020002210B5094B1C78094BD1B262
S21402E3B08C4201D8002010BD197A814202D1997987
S21402E3C0022902D010330132F1E70120F3E700BF41
S21402E3D068660020104400200146002210B5084B53
S21402E3E01C78084BD0B2844201D8002010BD187A9F
S21402E3F0884202D198790128F8D010330132F1E729
S21402E4006866002010440020002210B40A4B1C78D4
S21402E4100A4BD1B28C4203D85DF8044BFFF786BB99
S21402E420197A814205D19979012902BF0021198002
S21402E430598010330132ECE7686600201044002051
S21402E440044B1B6813F0300F03D0202130200FF04E
S21402E4508AB9704788480020002310B50446084948
S21402E4601A4601EA00414FF07F60FEF751FFE307CC
S21402E47003D5002130200FF076F9002010BD00BF32
S21402E48000007207044B5B8823F4784323F08D0365
S21402E49003800020704700BF8848002008B500228D
S21402E4A00346C3F80220C3F806200B4A023012685D
S21402E4B0D1B212F0200F18BF41F010011980930755
S21402E4C001D4FEF79DFF054B1B78023B032B8CBF46
S21402E4D01720002008BD00BF884800208365002062
S21402E4E038B505460C46FDF72FFB98B10E4B18784B
S21402E4F078B10E4B1B681A040FD58CB113F0420F7D
S21402E50000D17DB103F44073B3F5407F0CBF002009
S21402E510232038BD40F60840FBE740F60B40F8E7FC
S21402E5202046F6E72320F4E77F650020884800208F
S21402E530F0B504468DB007A80D4616460CF054F802
S21402E5401022002103A8EDF729FE5CB1234603AC96
S21402E55003F11007224618685968083303C2BB4203
S21402E5601446F7D1012703A986EA070307A88DF800
S21402E5701C708DF81D300CF09FF980EA070401A884
S21402E580E4B2EBF785F9B6B101A88DF80650EBF7C1
S21402E590ABF964B1002303A907A88DF81D300CF06F
S21402E5A09AF90C4B1B78432B01D1F7F7CFFC0A4B99
S21402E5B01D700DB0F0BD01A88DF80750EBF794F969
S21402E5C0002CF6D003A907A88DF81D700CF083F96D
S21402E5D0EFE700BF836500207E650020F0B50125C9
S21402E5E093B007460DA80C460BF0FEFF05A90DA832
S21402E5F0ADF834500CF08AF901A8EBF749F909A9ED
S21402E6000DA88DF835509DF806600CF07FF90DA820
S21402E6109DF807500CF010F970BB731BDBB2802B11
S21402E62028D91FB1A64225D0A54223D105A90DA8F7
S21402E6300CF051F903A8EBF72BF903A88DF80F603D
S21402E640EBF752F90122294609A8FFF771FFF7F7FF
S21402E65033FD01214FF4007003F0E6FDFDF75CFA8E
S21402E660B0F1004F01D9FDF75DFA044B18780BF0B4
S21402E67012FF012013B0F0BD0020FBE77E650020EC
S21402E68070B50E46144605460320FFF765F946F0B8
S21402E6900402294620460CF078F90022014B1A6043
S21402E6A070BD00BF84480020F0B587B007880546D5
S21402E6B01022002102A8EDF771FD3E4B1B78002BBD
S21402E6C076D1BC055ED407F08403842B63D0002287
S21402E6D0394C11461046FFF72BFF17F4045F2760EC
S21402E6E005F102061CD0B9040AD5304605F0A4F995
S21402E6F000284ED1236823F4005343F4807323602A
S21402E70030460FF0BEF8002842D10BF069FF18B968
S21402E710236843F480332360236843F02003236096
S21402E72022680DF1060042F400432360FFF7AAFEBA
S21402E73012F4805FBDF8063031D043F02003ADF806
S21402E74006302168334611F0400218BF05F1230255
S21402E7504FF07F60FEF7DCFDBDF80630DA0703D522
S21402E760002130200EF0FFFF23689B0506D501220C
S21402E77095F8221005F11200FFF7DAFE00200F4B83
S21402E780186006E005F112000FF07BF800289AD018
S21402E790292007B0F0BDB80799D52320F9E723F062
S21402E7A02003ADF80630FDF7BDF9FEF7BBFBC8E760
S21402E7B00220EEE783650020884800208448002077
S21402E7C008B5054B1B7833B1FFF73AFEBDE80840A3
S21402E7D00248FEF731BE08BD7F650020266600208F
S21402E7E010B5154B1B78D3B1144B1B78033B012B8A
S21402E7F015D900200FF008FB044698B1EAF736FB5D
S21402E800237913F0300F0AD148B1012803F0CF0262
S21402E81006D0811E4B424B415B011343237110BD50
S21402E8201023FAE7F7F7DAF80028F8D02146204650
S21402E830BDE8104004F096B87F650020846500208D
S21402E84008B50DF030FE054B18B91868C0F3800005
S21402E85008BD1868C0F30050FAE700BF88480020D9
S21402E8602DE9F04F064689461046002189B0154626
S21402E870984605F04FFE102807460AD86A4B034111
S21402E880DB0706D4C8F340049DB9002009B0BDE8F2
S21402E890F08F664B1C78002CF6D0FFF7D1FF0028CD
S21402E8A00CBF4FF4F0744FF4D074FC4004F0010433
S21402E8B0EAE74FF0000A18F0010F5346524629467F
S21402E8C04FF00500CDF800A00CBF4FF0080B4FF438
S21402E8D0027B09F016FD0028D7D0C82332460093E3
S21402E8E059465346284605F03DFEADF80E00002870
S21402E8F0CBD018F0080A4AD14FF6F773A7F10F02E9
S21402E900D2B29E428CBF09230123012A01D843F0CA
S21402E9104003474A8DF810301378591C11708DF851
S21402E9201130002C4FD09DF81030052F43F02003F5
S21402E9308DF8103033D03F4B1D78002D5AD04FF64D
S21402E940F77300259E424FF00F0248D9012304A90F
S21402E9500DF10E00F5F736FD002896D1002C4DD1AC
S21402E960BAF1000133463A4618BF0121BDF80E003F
S21402E970CDF800900CF0BBF9ADF80E00002884D05C
S21402E98018F0040F4DD031460EF0C2F97EE7494624
S21402E9900DF10E0005F02AF80028ADD175E7012129
S21402E9A0BDF80E0011F014FC012105F0B3FD0123A1
S21402E9B0834013F0620F1CD11E4B1B78E3B14FF657
S21402E9C0F7731825BEE71B4B25461B780222002B41
S21402E9D0BCD04FF6F7739E42B8D8052FB6D0BAF120
S21402E9E0000FB3D19DF8103043F040038DF810307D
S21402E9F0ACE710250F22A9E71825FBE7BAF1000FAE
S21402EA000AD002234A46009029460DF10E00FEF770
S21402EA109BFA0028A4D038E741235246CDF800A03E
S21402EA20F2E70EF05FF931E79FFEFEFF7F650020FA
S21402EA3080650020716500202DE9DF431E46144BD9
S21402EA4080461B680F469B0791460A9C1BD42046AD
S21402EA5014B10CF034F9C0B20622CDE902403B46AE
S21402EA600020CDE900890B490FF055FC024650B153
S21402EA700021002E0CBF01230323084604B0BDE884
S21402EA80D043FFF7EDBE002004B0BDE8D08300BF40
S21402EA90884800206DAC04002DE9F04F8DB0814609
S21402EAA08A461F4693469DF85C803AB903A8FEF74D
S21402EAB0A7FCB0BB00200DB0BDE8F08F15460022C3
S21402EAC0232110460DF06AFBADF80A000028F1D0AB
S21402EAD011F046FB0523044618F0100F00F8023B1F
S21402EAE0677020D011220021EDF758FB04F11306BF
S21402EAF0032F4FF0080237D159463046EDF7F8F9A2
S21402EB00C8F3801306F1090533720CF0D4F8002816
S21402EB103ED000232B706B700123033505F8013CB1
S21402EB2036E003ADCBE7012610221699EDF7E0F9A1
S21402EB3006FA07F313F0620F02D104F11206D7E7C2
S21402EB4007A80BF051FD05A88DF81C60EAF7A0FE99
S21402EB509DF8162018F0200F9DF8173008BF1346B0
S21402EB6004F11306A374C3E751463046EDF7C0F925
S21402EB70012306F10802121B28460093BDF80A106C
S21402EB80082392B212F0B6F8042F06F11005BCD094
S21402EB902D1BA9B20DF10A000FF025FB002889D122
S21402EBA018F0040F0BD0484611F0FAFCFF281FBFDE
S21402EBB0074A32F8103023F4804322F810304346D6
S21402EBC051464846BDF80A20FFF74AFE73E700BFE3
S21402EBD0745E002070B5032690B08DF807600DF0C5
S21402EBE062FC18B90224204610B070BDF5F78AFD03
S21402EBF00028F7D002AD2846FEF702FC0028F1D026
S21402EC001B4B1C6814F00204ECD140F20F43194A65
S21402EC10ADF82430136804A8CDF826305368CDF832
S21402EC202A300BF0E1FC95E8030005AB83E803000D
S21402EC30062304A88DF81D308DF81060EAF7CAFD89
S21402EC4001210DF12E020DF10700EAF71DFD224605
S21402EC501A2109A80DF0A2FA024608B91924C2E739
S21402EC60012329462046FFF7FBFD0028BBD1F5E726
S21402EC7088480020266600202DE9F04F06460F46FB
S21402EC80002199B01F2210A803930F91EDF786FA80
S21402EC9030460FF0C0FB0146304605F03BFC8DF8CF
S21402ECA01B0030460DF05FFA9DF81B304578814612
S21402ECB0C5F340059806304648BF45F002050FF0FA
S21402ECC09FFC0446304611F067FA0023001B5FFAE9
S21402ECD080FA00935346232B28BF2323224631462D
S21402ECE00FA812F007F8002840D19E4B9DF83C80F2
S21402ECF01B789DF83DB0002B3BD0FFF7A1FD002806
S21402ED000CBF4FF4F0734FF4D07323FA08F3D9070D
S21402ED102FD5AA072DD4B8F1080F24D1BBF1040FC2
S21402ED2024D1FAF797FD08BB012322460093314609
S21402ED3005200DF11B0309F0C1FAB8B1A8F10508C8
S21402ED40B8F10D0F12D8DFE818F02800A001C701AD
S21402ED50EC01F5011100110011001100FB019D02EA
S21402ED60A902D702D702B8F1050F08D019B0BDE83C
S21402ED70F08FB8F1100F05D1039B002BF6D0FAF7EF
S21402ED8069FDD1E7FAF766FD0028CDD0B8F1050F88
S21402ED90CAD0B8F1110FC7D0E8E7BBF1050FE5D826
S21402EDA030460DF043F9059009F1020011F095FE88
S21402EDB081460DF11E00FFF765FB01239DF83D70AD
S21402EDC0BB4013F06203039305D0BDF81E309B07C9
S21402EDD001D5AE07CAD50DF066FB0028C6D0FAF7F5
S21402EDE039FD08B9002DC1D00DF13E0A50460EF08D
S21402EDF048FD039B0490BBB1032F9DF84EB01AD179
S21402EE000DF14F040DF04FFB814540F01781032DA5
S21402EE10ACD19DF856105246003918BF01210DF1AB
S21402EE204E000BF071FFA1E7032FDDF80CB07BD18B
S21402EE300DF14E04E6E74C4B1B689C0729D5FF22D2
S21402EE4008210DF157000DF0C0FA804608BB0346B4
S21402EE5001460DF157020220FEF75AFA0DF023FB87
S21402EE6081450DF157060DF14F0422D04FF6F77388
S21402EE70994540F2E8800022082120460DF0A5FAC6
S21402EE80002800F0E080002259465046FFF750FB6B
S21402EE906CE70DF157060DF14F0430460EF08BFC71
S21402EEA0002846D00DF0FFFA814540F0C8804FF0AA
S21402EEB000082046F6F70EF9002800F0C080012F61
S21402EEC058D0042F7FF452AF0EF098FC10B1032DE9
S21402EED07FF44CAF049B002B7FF448AF32460221EE
S21402EEE05046FFF7CDFB214B1B7863B1FFF772FE4E
S21402EEF0FEF72CFD022806D10120FEF721FD012196
S21402EF000846FEF799FB1A4B1B78022B1FD10321EA
S21402EF1030460BF0C2FAFEF719FD014600287FF4D0
S21402EF2025AFFEF789FB21E70DF156060DF14E04DB
S21402EF30B3E70F4B1B78432B7FF418AF012F7FF4F8
S21402EF4015AF0DF0B0FA814579D1B846B1E7412B3D
S21402EF507FF40CAF044B1B6858057FF507AFF8F734
S21402EF6061FC03E77F650020884800205866002081
S21402EF7083650020B64C2378022B22D02378412BBF
S21402EF803FF4F4AE049B33B9FAF764FC59460246E2
S21402EF905046FFF7CDFAFAF75DFC00283FF4E6AEDE
S21402EFA00EF02CFCAB4F98B13B681A0502D42378BE
S21402EFB0432B0DD1AB070BD440F61A40F7F7E0FB14
S21402EFC0D4E60EF01BFC0028D8D0A907D6D4CDE68E
S21402EFD0386810F0020002D1059903F0C3FC2378CA
S21402EFE0112B16D13B685F0513D50020FEF73AFBBE
S21402EFF0044600287FF4BAAE0DF02DFD40F61C4004
S21402F000F7F7BEFB21462046FEF716FBF7F7C4FBD2
S21402F010ACE6AC0701D5FFF713FAB8F1000F9ED0A5
S21402F0200BF0DEFA18B94FF480310EF09CFB00228A
S21402F030894B30461A600EF0B5FB90E70026039B1C
S21402F040002B7FF413AF4FF6FF73204608A9ADF8E6
S21402F0502030F5F791FF20B120460DF0FFF9ADF80C
S21402F06020004FF6FF73BDF8200098423FF47EAEB4
S21402F070049B3246002B0CBF042315232146CDE900
S21402F08000A33B46FFF708FD70E60DF00CFA0028D9
S21402F0907FF46CAE714B1B78002B3FF467AEA8076B
S21402F0A004D46C4B1B6899013FF560AEBAF10C0FA5
S21402F0B00DF1450094BF002412AC11F00EFD02467D
S21402F0C09DF8470003283FF651AE394600940DF1ED
S21402F0D03D0304F00BFA49E60DF13D00F5F7FAFFA1
S21402F0E028B1022239460020FAF740F83EE65C4B89
S21402F0F01B78013B012B3FF639AE0DF13D0002F0C5
S21402F10075FD4FF6FF739842044606D10DF13D0099
S21402F1100DF0A4F9A0423FF429AE0021FAF736F921
S21402F12024E6EA077FF522AE2A4638460FA904F0FF
S21402F130DBFA1BE69DF83D100120FFF74FFA15E6B5
S21402F140474B1B78013B012B3FF610AEEB077FF5D2
S21402F1500DAE0DF13D0002F049FD4FF6FF739842E9
S21402F1600546804640F080800DF13D000DF076F9B0
S21402F17040450546074677D10DF13D00F6F71CFCE3
S21402F180B84205463FF4F2AD304611F005F80022CB
S21402F1900934E4B2071BFFB2394610460CF0FEFFF4
S21402F1A0ADF81C0000283FF4E1AD4FF00109002342
S21402F1B02A460821CDF8009005F0D4F9ADF81E00D5
S21402F1C000283FF4D3AD214630460FF0F0F94FF059
S21402F1D0000A80461622514609A8CDF820A0ECF770
S21402F1E0DDFF434622463146CDF800A008A811F0BE
S21402F1F081FD4B46424608A90DF11E00F5F7E2F8DE
S21402F20000287FF4B3ADA7EB0807FFB2394607A87C
S21402F2100EF0E9FF284611F0C3F9FF2818BF114A7D
S21402F220444418BF32F81030E4B21CBF23F48043C3
S21402F23022F81030BDF81C00234632460021009703
S21402F2400EF0F9FF2946BDF81E000DF061FD8DE5B2
S21402F2508365002088480020844800207F650020BF
S21402F26084650020745E0020284611F099F9FF2874
S21402F270074689D0F6F7C6FD002885D0384603F043
S21402F28099F881E71E4B1B78013B012B3FF66EADCA
S21402F2902A4638460FA9FCF7C9F967E5194B1B78C9
S21402F2A0022B20D1002F7FF461AD08A8FEF7A8F844
S21402F2B000283FF45BAD144B1F709DF83D30002BC9
S21402F2C014BF64246524FEF741FB032806D13846A2
S21402F2D03946FEF7B1F93846FEF73EFB214608A846
S21402F2E00BF0DBF842E5043B012BDBD938460BF08A
S21402F2F0F4FC0028D6D139E530460BF0F0FC35E5B3
S21402F3008465002083650020586600202DE9F341BD
S21402F31005460E46174698460EF070FA044640B169
S21402F32001233A4631462846CDF80080FFF784FB93
S21402F33004460EF063FA30B1FFF782FA78B10A4B50
S21402F3401B689B010BD400233A4631462846CDF86B
S21402F3500080FFF771FB002C0CBF0446012404F06A
S21402F360010002B0BDE8F0818848002070B58AB07E
S21402F37005A80BF039F9022301AA15468DF81430B8
S21402F380084B03F11006144618685968083303C47C
S21402F390B3422246F7D1294605A80BF08DFA0AB0E9
S21402F3A070BD00BF6BFA0400014B1878704700BFAF
S21402F3B03C700020014B1888704700BFB06F0020D9
S21402F3C04FF6FF732DE9F043994280460D4685B00D
S21402F3D00BD000274FF6FD791C4EE9F71DFDFCB257
S21402F3E0A0420BD84FF6FF701DE0F5F773FE00281B
S21402F3F0EFD005B0BDE8F0430DF055B836F814303E
S21402F4004B4517D8694620460EF03FFA0822414679
S21402F4100DF10500ECF714FF4FF6FF7360B99D423D
S21402F42004D136F8140005B0BDE8F08326F814506F
S21402F4300EF0F4F90137D0E79D42FBD036F81430CF
S21402F440AB4208BF26F81490F4E700BFCC5B00205E
S21402F4502DE9FF4706460F4600254FF6FD79DFF8F1
S21402F4603C80DFF83CA0E9F7D7FCECB2A04202D819
S21402F47004B0BDE8F08738F814304B450CD869461E
S21402F48020460EF002FA082231460DF10500ECF78E
S21402F490D7FE08B90AF804700135E4E7CC5B002011
S21402F4A02F650020014B33F810007047CC5B00201C
S21402F4B0F0B5064600250D4F85B0E9F7ADFCECB277
S21402F4C0A04201D805B0F0BD37F81430B3420BD1D4
S21402F4D0694620460EF015FA9DF80030022B1CBF36
S21402F4E04FF6FD7327F814300135E6E7CC5B0020B3
S21402F4F030B585B004460D46E9F78EFCA0420FD91A
S21402F500084B33F814204FF6FD739A4208D8694622
S21402F51020460EF0F6F929460DF10500FFF750FFDA
S21402F52005B030BDCC5B002030B585B00446E9F7A7
S21402F53073FCA04219D92046FEF734FF0546B0B93F
S21402F540694620460EF0A1F99DF800302BB16946B7
S21402F55020468DF800500EF0B6F94FF6FF720020E6
S21402F560044B23F8142005B030BD2820FBE740F6F4
S21402F5700440F8E7CC5B00202DE9F0410B78054605
S21402F5800E461BB9BDE8F041FFF7CEBFE9F744FCD3
S21402F590A84231D92846FEF705FF78BB374617F84A
S21402F5A0058B4FF6FF713846FFF70AFF04463846CA
S21402F5B000F01EFAB0FA80F04009B8F1000F15D03C
S21402F5C0B8F1030F15D04FF6FF724FF6FD73944253
S21402F5D008BF1C460B4B314623F815400A4B5855BC
S21402F5E028460EF070F90020BDE8F0814FF6FF7451
S21402F5F0F0E74FF6FE74EDE72820F5E740F6044004
S21402F600F2E700BFCC5B00202F6500202DE9FF410A
S21402F6100D4604464FF6FE780F4F0E0AE9F7FCFB3E
S21402F620A04204D8FF24204604B0BDE8F08137F893
S21402F630143043450CD1694620460EF026F99DF853
S21402F6400520EBB29A4203D19DF80630B342EAD0C7
S21402F6500134E4B2E2E700BFCC5B00202DE9F04FB4
S21402F6600C461746984600254FF6FD7B87B09DF858
S21402F67040A0DFF85C900190E9F7CEFBEEB2B04214
S21402F68001D8FF2616E039F816205A451ED830460D
S21402F69002A90EF0FAF83FB99DF80920424515D1A5
S21402F6A09DF80C20524511D144B939F81620019B19
S21402F6B09A420BD1304607B0BDE8F08F08222046AA
S21402F6C00DF10D01ECF7BCFD0028F3D00135D3E7B0
S21402F6D0CC5B002010B514460EF0D7F82046BDE8E5
S21402F6E0104008220149ECF703BC00BF2666002042
S21402F6F02DE9FF47074615460846082224491E46B6
S21402F700ECF79EFD044600283FD14FF6FF7ADFF85D
S21402F7108490E9F781FB5FFA84F880450BD385B3C2
S21402F720384608F0ACFE01250C9B18700120357097
S21402F73004B0BDE8F08739F8183053451FD0694643
S21402F74040460EF0A2F87A789DF801309A4216D119
S21402F7507A88BDF802309A4211D13A799DF804307F
S21402F7609A420CD108220DF10501781DECF768FDCE
S21402F77028B9002DD7D1404608F09CFED3E70134C5
S21402F780C7E7FF2008F096FECEE70020D0E700BFCE
S21402F79026660020CC5B0020F0B50025154E164FDD
S21402F7A085B0E9F739FBECB2A04201D805B0F0BD4E
S21402F7B0694620460EF069F89DF80030032B06D9FC
S21402F7C00023694620468DF800300EF07CF89DF83E
S21402F7D0002062B14FF6FD734FF6FE71032A08BF92
S21402F7E00B4626F81430002301353B55D9E74FF671
S21402F7F0FF73F6E7CC5B00202F650020F8B50E46B7
S21402F80004464FF6FF770C4B0C4D1B7803EB430375
S21402F81005EB8305A54202D800242046F8BD2388BE
S21402F820BB4206D008223146A01CECF709FD002890
S21402F830F3D00C34EEE700BFFD6F00200C5B002017
S21402F840044BFF211A78044802EB42029200ECF7BE
S21402F850A5BC00BFFD6F00200C5B0020F8B5044677
S21402F8600C4B0D461B781046A3420DD90C270221DD
S21402F87017FB04117C43084E08223144ECF738FB90
S21402F880335B00202B80F8BD0023136053604FF6D5
S21402F890FF73F6E7FD6F00200C5B002038B50446C8
S21402F8A04FF6FD75FFF704FE0022084B1878084B4A
S21402F8B0D1B2884200D838BD33F80C1C0132A142BE
S21402F8C008BF23F80C5C0C33F2E700BFFD6F002084
S21402F8D0185B002070B505460E460846FFF7DEFFA9
S21402F8E031462846FFF76CFD29460648FFF786FF95
S21402F8F000B970BD044624F80C6B0DF08FFF294644
S21402F9002046F3E70C5B002010B5082286B0234998
S21402F9100446ECF795FC20B906B0BDE810400CF0A2
S21402F920C2BD082220461E49ECF78AFC20B91D4BB0
S21402F930B3F8680006B010BD0023012221464FF638
S21402F940FF700093FFF78AFEFF2806D0164B33F8A7
S21402F95010004FF6FB739842ECD903A8FEF79EFD03
S21402F96058B9BDF80C305B0607D5082221460DF1C2
S21402F9700E00ECF765FC0028DCD021460B48FFF7AA
S21402F9803DFF40B14FF6FB724FF6FF730088904280
S21402F99088BF1846CEE74FF6FF70CBE726660020F4
S21402F9A046570020DC560020CC5B00200C5B002073
S21402F9B070B5002204464FF6FB7608460A4B1D78C1
S21402F9C00A4BD1B28D4201D8002009E01988B14213
S21402F9D007D8A14205D10822991CECF789FA012022
S21402F9E070BD0C330132ECE7FD6F00200C5B00208B
S21402F9F037B5014605460E48FFF700FF044640B1FC
S21402FA00807A29460DF0A1FF80F00100C0B203B053
S21402FA1030BD03460090012229464FF6FF70FFF7DD
S21402FA201DFEFF2816BF034B2046185CE9E700BF01
S21402FA300C5B00202F6500202DE9F341224B044683
S21402FA401B780F468342154638D9FEF7C5FCB8BB6D
S21402FA504FF6FD739D421D4E0ED004EB440326F86E
S21402FA6023504FF6FF739D421FD12046FEF7CCFC73
S21402FA70002002B0BDE8F0810DF106013846F5F728
S21402FA807BFA4FF6FF72BDF806303846934218BF2F
S21402FA901D460C236343F55206EB0308FFF7A8FF47
S21402FAA0B0FA80F0400988F80A000C2303FB0460D1
S21402FAB0082239460230ECF71BFAD9E72820D8E7A5
S21402FAC040F60540D5E700BFFD6F00200C5B002026
S21402FAD038B504460D46FFF7BBFC21460448FFF73F
S21402FAE08DFE00B938BD857221460C30F7E700BF9F
S21402FAF00C5B00200023074A1370074A1370074A5C
S21402FB00118801B11380064B1A880AB100221A80A6
S21402FB10704700BF6A66002069660020F05E00201B
S21402FB20EE5E00202DE9F04F4C4C9846238889B0B3
S21402FB3005900F4610469DF848A05BB952B10EF0EC
S21402FB406BFB20804FF4FA61454809B0BDE8F04FE0
S21402FB5010F0F2BBDFF81C91B9F80050002D69D006
S21402FB60284610F019FBC0F34704284610F0F8FAAE
S21402FB70DFF804A10294BAF80030DFF800B101936E
S21402FB80BBF8003005460093002243460120354963
S21402FB900EF0C1FBADF81E0010B305EB44080124BD
S21402FBA0454512D1E4B9BDF81E50CDB12E4B1B7897
S21402FBB02BBB2B4600223946059800F043FA002359
S21402FBC0ABF80030AAF800300AE0012329461A46AC
S21402FBD00DF11E00F4F7F6FB023504460028DFD0CE
S21402FBE00023224AA9F800301378013BDBB21370D7
S21402FBF0002BA7D109B0BDE8F04FFFF77BBF0CF092
S21402FC001BFC0146284604F085FC0A21804628464D
S21402FC1004F080FC0646A64202D8FF2CCFD1C8E7E5
S21402FC20284604F10B0104F075FC8045C1D8013466
S21402FC30E4B2F0E70E4C237823B910F061FD08B960
S21402FC4001232370524641460520F5F757FC00284B
S21402FC50D0D1207009B0BDE8F08F00BFF05E002062
S21402FC60E86E002073AC04006B6600206A66002013
S21402FC7069660020EE5E0020885E00208A5E002014
S21402FC8030B5154D87B02C889CB923464FF4A07228
S21402FC9048F2380103A80DF03BFF21462046F9F74B
S21402FCA0F3FB22460D4B009403A9FFF73BFF07B078
S21402FCB030BD20460CF057FA043010F00EFF03A9B0
S21402FCC0044628880EF0ADFC0023009320462A88BE
S21402FCD003A900F065FBEAE7F05E002000F8FF07E4
S21402FCE037B5002001A9F9F7CFFB0D4C0146237862
S21402FCF00C4D7BB10C4B019A1878F9F7DBFB207898
S21402FD00F7F716F9002323702B700848F4F706FC61
S21402FD1003B030BD2B78002BF7D0FFF7B1FFF4E726
S21402FD206D6600206A6600206C660020E86E002081
S21402FD3008B50548F4F702F90448F4F7FFF8BDE8F9
S21402FD4008400348F4F7FAB8F05E0020EE5E0020A2
S21402FD50EC5E00202DE9F04F89B089460446CDE9D5
S21402FD6005239DF84870139E30B316F801ABBAF11E
S21402FD70000F23D00AF1FF34A400E4B2314601207A
S21402FD800AF0F3FFC00E1BD1DFF838B1314601206E
S21402FD900AF0EBFF9BF8005034442279BDB1002FE5
S21402FDA047D180234846CDE90277CDE900773E4A1F
S21402FDB0059900F047F93CE08246DFE75446DDE766
S21402FDC01B28ECD9314601200AF0CFFFE7E7DFF81F
S21402FDD0F880FF2A00EA08080BD14246E379A179A7
S21402FDE0607901EB032189B209B0BDE8F04FF9F75B
S21402FDF061BB2E4909688B070AD5FE2A35D1012335
S21402FE000135EDB2202D4FEA43030AD1FF250AE061
S21402FE10294628460792F9F737FB4845BFD1079A85
S21402FE20EBE79845ECD1224B1B78FF2B04D0AB4274
S21402FE3004D009B0BDE8F08FFF2DFAD02946002085
S21402FE40F3F774F80028F4D09BF800306479002B9E
S21402FE50EFD1FFF74FFE17484FF4105110F06CFA2F
S21402FE60154B8BF800501C70E3E7052A97D8BAF1B9
S21402FE70010F94D8B8F1000F91D0002FD9D1737921
S21402FE80002BD6D00D49098821B9082B28BF082394
S21402FE900B490B70434648461292DDE9051209B03B
S21402FEA0BDE8F04FFFF73EBE73AC04008848002062
S21402FEB03D700020E86E00206C660020F05E002098
S21402FEC06A6600206D66002000F8FF07014B188066
S21402FED0FFF7D6BEEE5E002037B5184B1B78022B16
S21402FEE003D01725284603B030BD00210DF10700C8
S21402FEF0F4F798FC05460028F3D1114B1B78013B1A
S21402FF00012B01D90225EDE7F4F7F6FB0028F9D01C
S21402FF100AF00BFA0446F4F7EFFB0A4B4FF47A7139
S21402FF2018700B23B4FBF3F203FB12440A34A4B298
S21402FF306143054810F000FAD4E700BF836500204D
S21402FF408465002074650020B44700202DE9F04344
S21402FF50384B00241E784FF4F813374FA5B003939E
S21402FF603D78ADF81040F7F78FF8BDF90E30ADF8D2
S21402FF701200A342ADF8144006DB304B1C78013465
S21402FF80E4B21C7044F080048DF82C40A94602248A
S21402FF904FF000088DF82D60B14529D30022214686
S21402FFA00BA83D708DF82D800CF0F8F8E8B1B8F18A
S21402FFB0000F09D000234FF6FC71CDE9000303AA17
S21402FFC0FF230620FBF7EAFFB5422FD20AF0ADF96F
S21402FFD00B23B0FBF3F24FF47A7102FB13000A30E4
S21402FFE080B24143164810F0A7F925B0BDE8F08369
S21402FFF0484606A902F004FA98B9512C11D804F121
S21403000090030DEB0302083406AB013508F1010833
S21403001003CBE4B242F8640C42F8601CEDB25FFA1C
S21403002088F809F101095FFA89F9B5E70448F4F796
S21403003075FADAE774650020756500206F660020A0
S214030040B44700200CB42DE9F04F8BB014AA0E462B
S21403005052F8041B07460992002940F08F80BDF82A
S2140300605400ADF82200002800F0A18033794FF643
S214030070F778002B40F0868047458CBF4FF0090881
S2140300804FF008084C4B1C78FF2C40F08380B6F9E1
S2140300900230002BA9BF494B347A1C780134A2BF27
S2140300A0E4B21C7044F08004DFF81CB12246002141
S2140300B004F044FA9BF80030BDF82200002B6CD005
S2140300C0DFF808A14FF00009BAF80030079310F0E4
S2140300D063F80546BDF8220010F042F8EBB2CDE90E
S2140300E00193FF23CDE9030900932246334639469D
S2140300F00798FCF7F1F84FF6FF7305468BF8009068
S214030100AAF80030382D33D13246394640460DF131
S21403011022030AF0EAFD00284BD04FF6F7739F42FE
S21403012026D8B6F902307088002B21DA48F204028A
S2140301302349244B4FF00008904214BF8946994642
S2140301400CF0B1F9494603468A220120CDF8008017
S2140301500EF0E1F8814658B12246414604F0EEF926
S214030160FF23324639464046CDE90098FBF716FF93
S21403017028460BB0BDE8F04F02B0704701200EF0E2
S214030180A7F86EE7002347458CBF4FF0060898464E
S214030190337177E7FF221A7086E7CDE9000332460C
S2140301A0FF2339464046FBF7F9FE0546AAE719251D
S2140301B0DEE70546DCE700BF3F7000206F660020E1
S2140301C084AC040079AC04006E660020F25E002066
S2140301D070B54FF4003300240546164688B0ADF8D4
S2140301E01A100DF10F0204A90593ADF81840ADF8E7
S2140301F01C4004948DF80F400AF04EFD9DF80F3016
S21403020028460193049B044A009305A93346FFF747
S21403021019FF08B070BD00BF7DAC040030B54FF4C5
S2140302208035002487B00395BDF82850CDE9001229
S2140302308DF81030074A034603A9BDF82C008DF845
S2140302401140ADF81250ADF81440FFF7FBFE07B0AF
S21403025030BD00BF89AC0400B1F1006F2DE9F04357
S21403026014462CBF392238228BB01D464FF00003AC
S214030270ADF81E204FF480022CBF4FF001099946BB
S214030280FF2C0646ADF81C300892ADF824304FEA32
S21403029011471FFA81F80FD10CF09BFCB9F1000F40
S2140302A019D1154ACDE9020543463046CDE9007417
S2140302B007A9FFF7C7FE1AE0FE2C0AD10CF089FC4B
S2140302C00130C0B20CF090FCB9F1000F12D00B4A0B
S2140302D002E0E8B2F8E70A4ACDE90305012330460F
S2140302E0CDE90174CDF8008007A9FFF7ABFE0BB08C
S2140302F0BDE8F083034AD5E781AC040087AC04006D
S21403030080AC040088AC04004FF498124FF080636E
S21403031010B586B0CDE903230023ADF814300CF0F6
S214030320C2F80446F6F7B0FE054B01900093054A63
S214030330234603A94FF6FD70FFF784FE06B010BDF3
S214030340266600208DAC040008B5064B1B78022BEE
S21403035002D0043B012B03D8FFF7D6FF002008BDCD
S2140303600220FCE78365002030B500244FF4806547
S21403037087B0CDE900128DF81030084A034603A96A
S2140303804FF6FD708DF811400394ADF81250ADF89A
S2140303901440FFF757FE07B030BD00BF91AC040012
S2140303A02DE9F04F9BB00E4605460EA91046CDE943
S2140303B00A329DF890700DF003FBBDF838A0804616
S2140303C050460FF0E9FEB6F902300446002BB6F8A5
S2140303D00690B6F802B004DA0022B24B1A70002078
S2140303E049E050460FF0D8FE4045F5D3A4EB080489
S2140303F0E3B2002F18BF4FF4A079152B099328BF3B
S21403040015230024013308F1FF325146DBB292B2C2
S214030410009414A810F06EFC6FEA4B436FEA534344
S214030420A1499DF8502008684968ADF846300FABDF
S21403043003C3ADF84840ADF84440ADF84A90ADF874
S2140304404C20BBF1000F24D10DF15100F4F742FE0E
S214030450A0B10CF028F85C4606460DF1590A0DF1DA
S21403046051030A9A9AF80080012A2DD157B384F0D3
S214030470010404F001001BB0BDE8F08F0DF151003C
S21403048001F0B4FB4FF6FF74011B4C4206464C4189
S214030490E3E7BBF1010F40F09480BDF851600CF028
S2140304A002F886420AD030460FA90DF05FFB80F0B3
S2140304B00104E4B20DF1530A0FABD2E77B4B0DF107
S2140304C0530ACEE70A9CD4E797B3002C75D1B8F14C
S2140304D0010F72D837D10BF0E6FF0BF0E4FF22468C
S2140304E006469AF80170714B00210120CDE90061A0
S2140304F002976F490DF00FFFADF83A0000285CD065
S214030500002C53D1B8F1010F50D12646DFF8B8A11D
S2140305109AF800305FFA84F8434538D9404610F01D
S21403052097F8C20702D5BFB1013FFFB20134EFE728
S214030530B8F1010F05D1002CCDD081229AF80170B5
S214030540D2E7002CF9D1B8F1010F94BF00220122A3
S2140305509AF80170D201C7E7404601F017FB012362
S214030560ADF8340002220DA90DF13A00F3F72AFF85
S21403057018BBBDF83A000FF00FFE804648460DF054
S21403058091F808F1010801368045F6B2CEDBB6B124
S21403059032460C21BDF83A0003F0D0FF002228466D
S2140305A0BDF83A3011A9FFF74DFD06E00C210DF119
S2140305B03A000DF018FE0028F0D001205BE70D216D
S2140305C0F5E70A9B002B7FF40AAF7388342B57D1C9
S2140305D0099B092B7FF403AF002F7FF400AF9DF92F
S2140305E059603A46B41008210DF1510004F0200476
S2140305F00BF0EBFED0B12F4B1B78012B3FF4EFAE85
S214030600022B27D12C4B1B6813F0807F25D12A4B56
S2140306101B685B0201D5002E30DA00232846274AE2
S21403062011A9FFF70FFD264B1C70D8E60DF15100FC
S214030630F4F750FD0028DED10DF1510001F0D6FA93
S2140306404FF6FF73984208D02146F8F79FFE0346FD
S21403065018B903E0033B012B06D9C8232846174ADB
S21403066011A9FFF7EFFCBAE6164BB3F86830AB42B6
S214030670CDD0114B1B6813F0805FC7E78D23EDE7E2
S214030680099BCDE9059204930DF15103CDE902834D
S21403069031462846CDE9007A0B9B11AA00F058F89C
S2140306A09DE600BF6266002095360400266600209D
S2140306B095AC04008465002088480020E1630400AC
S2140306C03E700020DC5600200A700020024B18788B
S2140306D040F08000704700BF6F66002038B50A4BB5
S2140306E005461C7824B10BF0DEFEB0FA80F46409EC
S2140306F0F8F72AFF08B144F04004E8F799FB44EA08
S2140307004020284038BD00BF7F650020014B18807D
S21403071000207047B86F00204FF6FF71034602882B
S2140307201B798A4217BF074901200A8041881EBFEA
S214030730054A00201180FF2B1EBF044A00201370B9
S214030740704700BFB46F0020B26F002070660020B1
S2140307502DE9F04FB7B09946BDF80431439C0D938D
S2140307609DF8083183460E93BDF8143120460F9347
S2140307709DF81831B1F802A00F4690469DF8005137
S214030780109310F0AAF9BAF1110F064600F28A8008
S2140307900BF089FEB04200F08F80BAF1060F19D134
S2140307A04FF6FD739E423ED0DDB9BC4B1B78033B30
S2140307B0012B36D930460FF0F3FEFF2814BF8923EA
S2140307C0812300224146CDE900625846B44AFFF72A
S2140307D039FC06E02DB9BAF1030F08D8BAF1010FB8
S2140307E00AD80022AF4B1A7037B0BDE8F08FAAF1D3
S2140307F00403022BF5D8D8E7A84B1B78033B012B41
S2140308000DD930460FF0CCFEFF2814BF8923812371
S21403081041465846A44A0096FFF714FCE1E78023B6
S214030820F6E78023CDE7A14B1B7859074CD40BF092
S2140308303AFE0026034632460120994900960DF0FB
S2140308406AFD2379ADF86C000F930028CCD0DDE960
S2140308500E320D9803EB42090FF09EFC5FFA89F9FE
S21403086009F10507FFB28742BED239460D9803F059
S21403087051FE109007EB40070D980FF08DFC874252
S214030880B2DADDE90F321343DBB2002B40F03282DB
S214030890002DA9D12F463A460421BDF86C0003F07B
S2140308A04DFE76E1814BBAF13A0F1B7811D948F227
S2140308B03B039A4508D014E07C4B1B785A070BD5AC
S2140308C0AAF10403022B07D8FB8843F48043FB807A
S2140308D08AE7BAF11B0F1ED8AAF102039AB2132AAB
S2140308E05ED9109B494602930F9B5046CDE90053B1
S2140308F00E9A5B460AF0DDF90F287FF475AF0122E6
S214030900684B1A70694B1B789B0740F1D982002D00
S2140309107FF46AAFD8E7AAF11C021E2AE1D801A128
S21403092051F822F049110300E3080300E30803002B
S214030930690D0300E3080300490E0300490E030094
S214030940E3080300E3080300E3080300E3080300E7
S214030950E3080300E3080300E3080300E3080300D7
S214030960E3080300E3080300E3080300E3080300C7
S214030970E3080300E3080300790E0300790E03007F
S214030980E5100300E3080300E3080300FF10030079
S214030990E308030099110300AF110300BD11030020
S2140309A0132B9ED801A252F823F000BFFD090300C3
S2140309B0C50A0300E30A0300C10B03002F08030064
S2140309C0E3080300E3080300E3080300E308030067
S2140309D0E3080300E3080300E3080300E308030057
S2140309E0E3080300E3080300E3080300E308030047
S2140309F0030D0300E30803007511030000241BAB7B
S214030A005A4648460E9900931DAB1D948DF86C40CC
S214030A100AF043F90BF047FD204B05461B78012BE4
S214030A2003D0022B14BF02240124E8F701FA162888
S214030A3094BF0020012044EA4014F6F725FB1C4B24
S214030A400646B3F800A0FBF79FFA1A4B07464FF685
S214030A50FF70B3F80090FFF741FE174B9DF86C202C
S214030A601988124B1B7813F002031CBF134B1B7819
S214030A700B921D9ACDE90701CDE909324023414681
S214030A80CDE9014358460023CDE90579CDE9036A4C
S214030A900B4A0095FFF7D6FAA6E600BF846500204A
S214030AA079AC04006266002084AC04002465002050
S214030AB0B86F0020B46F0020B26F0020706600206D
S214030AC09BAC04000BF0EFFCA34BA44A1B88CDE9B8
S214030AD0400300234146584637B0BDE8F04FFFF7C2
S214030AE0B1BAA4781DA9631EDBB2EF2B204610D93A
S214030AF0F22C0ED008F0F2FB82240BF0D4FC002379
S214030B004146CDE90003964A23465846FFF79AFA2C
S214030B106AE608F0E3FB002850D00BF0C4FC9DF80F
S214030B2078209DF87A100492BDF876204900039247
S214030B30BDF87420C9B2CDE901429DF87920034679
S214030B405200D2B208320A4400920120002285499C
S214030B500DF0E1FB9DF87930ADF86C008DF8673049
S214030B6000283FF441AE002601230DF167011A4623
S214030B701BA8F3F727FC054600287FF435AE9DF83F
S214030B806730EAB2934209D89DF87A308DF8673019
S214030B9016B1BDF86C3033E00126E5E73146204652
S214030BA008F09EFB0123ADF8680002221AA91BA8D1
S214030BB0F3F708FC01350028E1D015E683249CE70B
S214030BC00BF071FC044608F0AAFB234600900022B3
S214030BD0012063490DF09FFB00283FF405AE002576
S214030BE02C46ADF8740008F09AFBEEB2B0420DD86E
S214030BF022460421BDF8740003F0A0FCBDF874304F
S214030C00002241465846FFF71DFAEDE5304608F048
S214030C1063FBFF288DF86C000AD0012301341A46C3
S214030C201BA91DA8E4B2F3F7CDFB00287FF4DCADC7
S214030C300135D8E75046B4F8029008F04DFBFF287C
S214030C408DF8680000F0CF821DA908F047FBBDF8B9
S214030C5074304B4507D04FF6FF72914540F0C38280
S214030C601B0400F1C0829DF8793012930E9B053366
S214030C70DBB213930F9B1493002311934FF00009D9
S214030C804B4613E017934900139BC9B219440D98BA
S214030C9089B20DF0E3FA4FF0000A179B15901299EC
S214030CA05FFA8AF28A4217D309F10109149A5FFAA6
S214030CB089F19142E6D39DF87A201292169A1392FE
S214030CC0002B40F08582119B002B40F08C82012381
S214030CD01193109B1493D1E711999DF8680017930D
S214030CE008F0FEFA159A179B0AF1010A824208BF1A
S214030CF00123D4E709F106095FFA89F33746169309
S214030D0072E2A71C39463046A57A09F026FB012273
S214030D1039463046FAF7D4FB30460DF07DF83846B0
S214030D2000F064FF2288824207D04FF6FF7290429B
S214030D3003D00FF035FC0CF0AFFF85F00804C4F3C6
S214030D40C00421463846FEF7C3FE2146384637B070
S214030D50BDE8F04F09F0DABFB66F0020A8AC040078
S214030D6079AC0400ACAC0400AD4B1B78033B012B01
S214030D707FF63AAD0BF097FB58453FF435AD09F0D7
S214030D80D4FA0B23B0FBF3F24FF47A7102FB130091
S214030D900A3080B24143A3480FF0CEFAF3F7ACFC17
S214030DA000283FF421AD0123002218469E4994F8FB
S214030DB000A00DF0B0FAADF8680000283FF414ADBB
S214030DC00026354634460E9B1BAF01330E93F2B214
S214030DD0524514D3002C3FF407AD01232A461DA920
S214030DE01AA8F3F7EFFA00287FF4FEAC2246022196
S214030DF0BDF8680003F0A2FBBDF8683000E74FF0CB
S214030E0000090E99D200D2B20A4408230D99384637
S214030E10CDF800900FF06EFF394648460FF090FB72
S214030E20FF280FD0814B1B5C0F2B0BD997E80300D1
S214030E3005F1D8036B44643B83E8030008350134AB
S214030E40EDB2E4B20136C2E7002D7FF4CDAC18074D
S214030E503FF53AAD534622464146584603F066FEF2
S214030E6000287FF4C1AC842341465846704A37B005
S214030E70BDE8F04FFFF7E6B823780F9810930CF011
S214030E8011FC00210646584604F0BAF9644BBAF141
S214030E90310F1B780746A3F103030BD1012B13D99C
S214030EA0644B654A1B7812781344DBB20D93162302
S214030EB00E930DE0012B03D9604B1B780D9353BBA8
S214030EC0002D7FF491ACCEE701231621CDE90D3139
S214030ED00024109B22460093012023465849019480
S214030EE00DF019FA00283FF47FACF61BF3B2264642
S214030EF0544FDFF85C911193ADF86C000F940D9B83
S214030F00E5B2AB4209D832460221BDF86C0003F0C5
S214030F1015FB0F9AC0E40523CAE7162200211DA875
S214030F20EBF73CF9BAF1320F3DD13B7903F00302FC
S214030F30032A21D18DF87620109B0136F6B2B342F0
S214030F4015D2BDF86C000FF027F90E9B1844119BC1
S214030F5098420CDC01230E9A1DA91BA8F3F732FA5C
S214030F6000287FF441AC0F9B0133DBB20F930134AF
S214030F70083709F11209C2E7B9790029DCD13249E9
S214030F80C3F3C203CB5C1DA8012A08BF43F00103C9
S214030F9039888DF876300FF0A2FD79880DF1770049
S214030FA00FF09DFDC8E71DA80BF095FD4FF0FF332E
S214030FB0CDE91F331F4B1B78AB4261D999F8043038
S214030FC06F2BD4D828461FA9F4F7D0FF0028CED01D
S214030FD01E4BB9F80020B3F8683092B9003B18BF2F
S214030FE001235B0143F004038DF8863002238DF85A
S214030FF08730B9F802301B0A11468DF8893021A8CC
S214031000CEE79B1A18BF01235B0143F005038DF857
S214031010863002238DF887300F238DF88830E8E773
S21403102084650020B4470020B6AC04002865002081
S214031030E16304007D6500207C65002008700020C5
S214031040B4AC0400DE5D00207CFA0400DC5600200D
S214031050645C00200132D2B2551EEDB228461393CB
S21403106012920FF0F5FADDE9122310F0010FF1D01A
S21403107063490978611A994205D00133DBB2E9E77F
S21403108001220023E8E75F4B1FA918782844C0B263
S214031090F4F76CFF00283FF46AAF284600F076FDAD
S2140310A0129028460FF0D4FA10F0010F129A0FD1BF
S2140310B016238DF88630544B1B780133DBB20F2B87
S2140310C028BF0F238DF88830504B33F8153092E73E
S2140310D0284612920FF0BCFA10F0020F129AE7D1CC
S2140310E01223E6E71A073FF5EFAB23465A46414677
S2140310F00F9803F073FD00287FF476ABE0E695B116
S214031100434B1B78033B012B7FF66EAB0BF0CBF9FF
S21403111018B9BBF1000F7FF467AB207837B0BDE892
S214031120F04FF5F721BE0BF0BEF920B1384B1B7814
S214031130033B012B01D8802396E62B4641465846AF
S214031140344AFEF77FFFE8E70BF0ADF9B0427FF4D1
S2140311504BABA01CF3F7BEFF00283FF445AB0BF0E8
S214031160A2F904460BF09FF92B4B2C4ACDE940031A
S2140311702346AFE420460FF0B0FCFFF7AFFA002893
S2140311803FF432AB4090002341465846244A37B0DA
S214031190BDE8F04FFEF756BF4B4642465946002081
S2140311A0CDE9405437B0BDE8F04FFEF7D3BD4B460C
S2140311B0424659460120CDE94054F3E72B464A46BA
S2140311C041465846409437B0BDE8F04F09F0A3BDFA
S2140311D001231AA91A461BA8F3F7F4F800287FF48C
S2140311E003AB0137FFB2013608F099F85FFA86FAC7
S2140311F050453FF61FAD002F3FF44AABFFF74BBBFE
S2140312007D6500200370002057660020665E002080
S21403121084650020E163040026660020B9AC040060
S21403122084AC0400F8B5164B04461D88154B20F80D
S214031230025B196879B10822EAF75AFE124B0C20B2
S2140312401B78124EA372124B19780023DAB291421E
S21403125005D8FF2209E0C4F802104160EEE7013327
S21403126000FB03F7F75BAF42F0D10A4BE2721B7841
S2140312702373094B1B786373084B1B682361F8BD04
S214031280005F0020F857002071660020005B0020F6
S214031290FD6F00205366002052660020E4570020AE
S2140312A0F0B589B006460C4615460DF0A9F90DF1C2
S2140312B00A02014630460DF03BF8144F0346F0B9D8
S2140312C001223A702288BDF80A102AB1024600901D
S2140312D0072006F0F3FF90B103A8FFF7A3FFBDF8BE
S2140312E00A000EF059FF0646BDF80A000EF038FF56
S2140312F021460090F3B2284603AA09F060F80023BB
S214031300034A3B70136009B0F0BD00BF726600204D
S214031310F857002073B5ADF806000DF106000AF085
S2140313204FFF014608B102B070BD0DF106000AF08A
S21403133090FF04460EF014FFC67A002EEDD1204629
S2140313400CF025FCFF28E8D00FF06AF9054BD3F81C
S2140313508850002DE1D03346224641213046A84727
S214031360DBE700BFDC56002073B5002200210C200B
S21403137000F0C2FC002119480FF01FFC01250446AB
S214031380164E84B120460CF002FCFF2805D12146F8
S21403139030460FF036FC0446F3E70422002300959C
S2140313A000F07EFCF3E721460D480FF006FC01250E
S2140313B004460B4E0CB902B070BD20460CF0E7FB9A
S2140313C0FF2804D008220023009500F069FC21467C
S2140313D030460FF016FC0446ECE700BF045F00201F
S2140313E0065F00202DE9F84F10460E46174699462D
S2140313F00AF0C7FD254A264B0021B0F5006F14BF3F
S2140314009046984640460FF0D8FB4FF0000A044635
S214031410DFF880B00CB9BDE8F88FBC4228D120466F
S2140314200EF09EFE857A80F80BA0013DEDB2857224
S21403143016B13F2E00D02DBB0FF084F9054620468B
S2140314400AF09FFDB0F5006F4FF00002214615D15C
S2140314500F480AF01DFFFFF787FF28460FF06DF9C8
S214031460DBF8885025B14B463A4631460020A8475C
S214031470214640460FF0C5FB0446CBE703480AF077
S21403148007FFEAE7FFF770FFF2E700BF065F0020FB
S214031490045F0020DC56002000232DE9F3470646B0
S2140314A00F464FF6FF78284CDFF8A090ADF80630CD
S2140314B020460AF085FE054648B9294620460FF021
S2140314C07CFB82460EF04CFE0389B34217D94C458B
S2140314D001D1FFF749FF002120460FF06EFB0546BA
S2140314E007F1FF3A5FFA8AFAD5B94C4516D1BDF82B
S2140314F00600FFF70FFF404602B0BDE8F0877B1EED
S214031500DBB2FD2BD4D9294620460AF0A2FE2A4692
S21403151051460DF106000FF056FBC9E74C46C7E7E8
S214031520BAF1FD0F09D928460EF01AFE03899B1B54
S2140315309BB2984528BF98460381294620460FF05C
S21403154060FB0546D0E700BF065F0020045F00206F
S21403155008B50FF0E0F90B4AFF2113881080C31A71
S21403156098B2FFF799FF4FF6FF7301469942064874
S21403157003D1BDE80840F2F7D1BFBDE808400EF03E
S214031580DBBE00BF085F0020086F0020174B002853
S2140315902DE9F041164D18BF1D460F4628464FF05D
S2140315A000010CBF4FF008084FF002080FF005FBD0
S2140315B0044610B92046BDE8F08120460EF0D0FD63
S2140315C0C37A064623B1214628460FF01AFBEFE7F7
S2140315D020460AF005FD424601463846EAF730FE45
S2140315E00028F0D1B378002BEDD1E3E7045F0020A9
S2140315F0065F0020014B1860704700BFFC570020B1
S21403160010B504460548F2F789FF0023044A138001
S214031610044A1380044B1C8010BD00BF086F0020D3
S214031620065F0020045F0020025F002008B5044820
S214031630F2F784FCBDE808400248F2F77FBC00BF1F
S214031640065F0020045F00202DE9F3410446884628
S2140316500FF061F9324B074620461E880CF097FAC6
S214031660054620460AF08DFCB0F5006F32D1FF2DFB
S21403167006D00123042200932846002300F010FB23
S214031680B8F1000F1DD10FF05DF821460546254839
S2140316900AF09BFD28460FF050F823480FF0BBFADC
S2140316A0224BA8B31988711A17FA81F086B220461E
S2140316B00EF056FD032306818372002002B0BDE8B8
S2140316C0F0810FF03FF800222146054615480FF03B
S2140316D07AFADFE716480AF0AAFD04281ED8FF2D7B
S2140316E006D00123082200932846002300F0D8FAE8
S2140316F0B8F1000F05D10FF025F8214605460C4832
S214031700C6E70FF01FF80022054621460848DEE725
S214031710314605481F800EF00FFEC8E71C20CDE7B4
S214031720025F0020045F0020086F0020085F00208F
S214031730065F00202DE9FF4708460C460AF006FC24
S21403174000F4805820460AF087FC054620460AF037
S2140317505AFCB0F5404F1BD1B8F1000F14D0294600
S2140317600020FFF713FF054670B10EF0F9FC0023C7
S214031770404A81780446009218462A460193F1F7B8
S214031780A5FF08B90123E372012004B0BDE8F08782
S21403179028460FF0A2F981460EF002FFFF280746FF
S2140317A037D00125A0F12006C0F12003324925FADF
S2140317B003F305FA06F61E438540D1E900232A43C0
S2140317C03343C1E900230EF005FF044638B138461B
S2140317D00EF03EFF10F00C0F14BF01240024B8F1E6
S2140317E0000FD1D04FF0000A03A90120ADF80C90EA
S2140317F0FFF7CCFE81460EF0B3FC8046B9F1000F2E
S2140318001ED1BAF1000F14D1FF2FBDD0002CBBD1CF
S21403181028E01A4B1B684BB148469847044628B144
S214031820B8F1000FB0D000252E46DBE7B8F1000F65
S21403183001D10020A9E7002501242E46A246D3E7BE
S21403184074B100230B4A8178009218464A460193E6
S214031850F1F73CFF002897D1012388F80B3093E774
S214031860FF2F91D0064BD3E9001229433243C3E935
S214031870001289E7E513030060160020FC570020DA
S2140318805816002038B504460AF07BFB054620466A
S2140318900AF0A6FBA5F500630446014658425841E4
S2140318A0FFF774FEB0B9B5F5006F01D0002038BD60
S2140318B020460FF012F90EF073FEFF28F6D0064B03
S2140318C000B21B6833F8100000F4E260003818BF5B
S2140318D00120ECE70120EAE7005800202DE9F74352
S2140318E04FF000090746ADF804900EF0B1FE10F075
S2140318F00C0F29D04FF00208154D2B88A5F8009041
S214031900ADF806300DF106000AF05AFC044630B175
S214031910B8F1010F14D04FF001080E4DEDE7214644
S2140319200DF106000AF095FC06460CF030F9B842B5
S2140319302246314614BF284601A80FF044F9E1E7D2
S214031940BDF80400FFF7E6FC03B0BDE8F08300BF74
S214031950065F0020045F00202DE9F04FDFF82081AA
S21403196085B0D8E9003213437CD105B0BDE8F08FCB
S21403197002EA040103EA0700014327D022EA04022D
S21403198023EA0703C8E90023DAE9002304EA020589
S21403199007EA030C55EA0C056FEA04006FEA070131
S2140319A024D130460EF054FEC2070FD530460EF053
S2140319B037FEDBF89C30002B45D11D46304600F041
S2140319C0E5F8DBF884300BB12946984724197F41A4
S2140319D009F10109284B5FFA89F61B78B342C4D98B
S2140319E0D8E9002352EA0301C2D1BEE702400B4006
S2140319F03046CAE900230EF02BFEC307E6D51F4B7D
S214031A0030461B6833F8163003F48873102B10D057
S214031A100EF006FEDBF89C3013BB1D460123102296
S214031A2000933046002300F03BF90020F1F7BCFD9D
S214031A30C4E70EF0F5FDDBF89C300125002BBDD086
S214031A400122039502E000252A460395039200210E
S214031A5030469847039A002AB0D0002DAED1DDE772
S214031A600025EDE74FF0000901244F46DFF814A0E8
S214031A70DFF814B0AEE700BF407000200058002027
S214031A806016002058160020DC560020F8B50346E2
S214031A90084613B309B3402A1FD8114900260B6022
S214031AA010490027086010494FF0FF350A700021DF
S214031AB00C460433914205DB00215200EAF76EFB25
S214031AC00020F8BDC3E9036703F8044C23F8024C6F
S214031AD01D605D6001311833ECE72120F1E700BF9C
S214031AE0045800200058002040700020F0B5144C25
S214031AF0DDE905672568EDB1F0B91248007888423C
S214031B001AD901EB41014FEAC10C05EBC10415F8E4
S214031B10311011B92169C90710D4002005F80C004B
S214031B2062801A6846F0010662605A68C4E9046770
S214031B30A260F0BD0220FCE72120FAE72E20F8E79A
S214031B4004580020407000200E4B30B51A68A2B12E
S214031B500D4B1B78834212D900EB400002EBC00307
S214031B60C100002400200025C3E9044550544FF06B
S214031B70FF3258805A609A6030BD0220FCE721206D
S214031B80FAE700BF0458002040700020094B1B688A
S214031B9063B1094A1278824208D900EB400003EB8E
S214031BA0C0031A69D20701D5588870474FF6FF70ED
S214031BB0704700BF0458002040700020094A0346BF
S214031BC0106870B1084A12789A4209D903EB4303A6
S214031BD000EBC303186910F0010002D0181D70470C
S214031BE0002070470458002040700020F8B50E4BC4
S214031BF005461C6834B128B100260C4B1F78F3B297
S214031C009F4202D84FF6FF7009E008222946201D9E
S214031C10EAF716FB20B92369DB0701D56088F8BD10
S214031C2001361834EBE700BF04580020407000204C
S214031C300C4B1B689BB14FF6F77291420DD80A4ABC
S214031C401278824209D900EB400003EBC0031A69FD
S214031C50D20704D500205980704721207047022000
S214031C60704700BF04580020407000200A4A03460D
S214031C70106878B1094A12789A420AD903EB4303EB
S214031C8000EBC300036913F0010003D0C3F3001095
S214031C9070470020704700BF0458002040700020A3
S214031CA070B51C46124B9DF810601968D1B1114BE4
S214031CB01B78834218D900EB4000551E01EBC00188
S214031CC02543D1E9040301D0C5070FD52EB1104330
S214031CD02343C1E90403002070BD20EA020023EA7F
S214031CE00403F6E70220F7E72120F5E72D20F3E7C4
S214031CF00458002040700020134BF0B51B6803B354
S214031D0000266FEA000C6FEA010E104C2778F4B237
S214031D10A74201D80020F0BDD3E9044514F0010F13
S214031D2007D014F0020F04D132B104430D43C3E9C4
S214031D30044501361833EAE70CEA04040EEA0505FF
S214031D40F5E70220E7E700BF0458002040700020B4
S214031D500B4B70B51B682BB100240A4A1678E2B207
S214031D60964201D8002070BDD3E9042502400D40F9
S214031D702A4304F1010403F11803F0D00120F2E72B
S214031D8004580020407000202DE9F0470026FF2766
S214031D90B246164DDFF8588098F800305FFA86F999
S214031DA04B4502D83846BDE8F0872B792F2B0FD941
S214031DB028460AF0A7FD2B796C7903F0070304F095
S214031DC0030483422CBFE4182418E4B2A24506D9C0
S214031DD05446B946A2464F4612350136DCE72888F4
S214031DE001F0A6F80028F3D1F4E700BF645C0020F6
S214031DF07D6500202DE9F04F89B081460AF016F97B
S214031E00029048460CF007FB0024411C054689B2A5
S214031E10484602F07FFBA246A346A046274600F0AC
S214031E201F00023500EB4000EAB27D4E50FA85F5FE
S214031E30EDB2AA4274D9DFF8FCA19AF8003033B1A8
S214031E40A400E4B2B4FBF3F4042C08BF0324029802
S214031E50F3F7C4FD054600283CD1FFF795FFFF289E
S214031E605BD0704B05B2049018780AF032FD8742B7
S214031E702CBFE1192118002F14BF01230223684E3B
S214031E8005EBC50506EB450553FA81F32846039390
S214031E900AF038FD95F804C06B790CF0070103F0DF
S214031EA0030388422CBF1B185B18039ADBB29A42C3
S214031EB033DA049A2FB921B19AF80030033B5B4515
S214031EC02BDC104602990AF0C5FC05B205EBC505E6
S214031ED006EB45052B791E09002F00F08180394655
S214031EE028460AF039FD032128460AF03BFDB8F1DF
S214031EF0000F09D1002E40F0868008F016FAC0F3D2
S214031F000B0149480EF018FA6B79484623F0030391
S214031F101C446C710AF01FF8A87309B0BDE8F08F73
S214031F2050D0424B49461B8807A8ADF81C304FF0EB
S214031F3000038DF81E3000230093032303920EF054
S214031F40D9FE9DF81E30BDF81C101B09039A18BF56
S214031F5008F10108CDE9041318BF5FFA88F8039265
S214031F600AF0A1FA0499039A8842059B03D19DF8C7
S214031F701E7007F00F072E4890F800C016E016F8FC
S214031F800E0C10F0070003D00BF1010B5FFA8BFB6E
S214031F90AA4207D036F812EC8E4503D113B108B126
S214031FA00134E4B20AF1010A5FFA8AFAAA4206F198
S214031FB012060BD1D4450FD916F80E0C10F00700F5
S214031FC0E2D1EFE700234FF6FF71D4E736F8120CA1
S214031FD0884201D8D445D2D80332123ED2B228E77B
S214031FE0022E14D95B0707D0394628460AF0BAFCF6
S214031FF0B8F1000F81D087E7032128460AF0B2FC28
S214032000B8F1000F80D1062E3FF677AF7CE7314656
S21403201028460AF0A7FC58EA06063FF46EAF73E7B5
S214032020645C002053660020F447002084FA040012
S2140320307D650020037000202DE9F043082300246B
S21403204085B08DF808300646022301214FF6FC7052
S214032050CDE9004402AA0CF0BAF9ADF80A00D8B1EB
S2140320602746DFF8A080DFF8A09099F80020E3B2B7
S2140320709A4224D8BDF80A4020460CF0CCF9411CFD
S21403208047F06002204689B202F058FA0022BDF8F3
S2140320900A001146F4F736FA08F047F9184AC0F36F
S2140320A00B01137801F55A51013113B1013B89082D
S2140320B01370304605B0BDE8F0430EF03DB918F88E
S2140320C00E5C6F2D17D8404630F8123D2D01ADF843
S2140320D00C300AF017FC05F0700528448DF80E0046
S2140320E00123032203A90DF10A00F2F76BF9002876
S2140320F0D2D10137FFB2013408F11208B5E700BFA9
S21403210079650020765C00207D65002010B5054CBF
S2140321102046F2F703FA2046BDE8104000210EF0F1
S2140321200BB900BFF44700202DE9F0432A4D87B0D2
S214032130F6F7F8FB2A7829492948FFF7A7FC09216F
S2140321402A782848EAF72AF80026244FDFF89C80E6
S214032150DFF89C902B78F4B2A34202D807B0BDE810
S214032160F08304F582300B2203A900F5C070DBF779
S214032170DFFD4FF6F670BDF814209DF81630511E9D
S21403218089B2814215D80020C3F3C003DB1840EBA5
S2140321900001CDE90031214603ABFFF7A7FC002879
S2140321A0DCD14FF4805327F8143048F8240029F87C
S2140321B0140004F5833001220DF10A0100F5807046
S2140321C0DBF7B6FDBDF80A20064B01361A5580220A
S2140321D0054B1A55BEE700BF0A700020745E002048
S2140321E080130020286500206A650020984600209A
S2140321F0665E002010B50A4B1C780EF0D1F9FF2856
S2140322000DD0012C38BF0124064A230232F81010E1
S21403221019B101EB1313A3EB111322F8103010BD01
S21403222053660020665E00202DE9F047002506462B
S2140322300F46AA46DFF84490DFF8448099F800304A
S214032240ECB2A34202D85046BDE8F08720460EF013
S214032250FFF9C2070CD520460EF0FAF9830707D418
S21403226038F8143037B133434FF0010A28F81430E6
S2140322700135E3E723EA0603F6E700BF0A7000200A
S214032280745E002010B5084B084A1C780023D9B2A8
S2140322908C4201D8002010BD32F8021B013330EA0D
S2140322A00101F4D10120F6E70A700020745E0020D5
S2140322B0F0B50C464FF6F77187B08A4286461D4640
S2140322C09DF8306002D9002007B0F0BD5968186841
S2140322D00DF10C0CACE803002C49ADF8142009787A
S2140322E0A142F0D900218DF81660B61006F002065A
S2140322F00191704621460096FFF7F8FB0028E2D1CD
S214032300234B244A43F824009DF83830224E1B0200
S21403231022F814304FF4A04304F582300B2226F83B
S214032320143003A900F5C070DBF72EFD9DF834309A
S2140323301A4913F0040F17BF0123194B0B5536F830
S21403234014300CBF1B7843F0080304F583300CBF2E
S2140323500B5526F814300122214400F58070DBF774
S21403236013FD00210F4B104A1B782846234442F8DE
S2140323702310E6F75FFF0D4B1855284608F023F9A0
S2140323800B4A01201378013313709DE70A7000206F
S21403239098460020665E0020745E002028650020B4
S2140323A0F36F002003700020C44500206A650020F8
S2140323B07C650020054B1B78834206D90021044B1D
S2140323C0044A1B78034442F8231070470A7000201F
S2140323D003700020C4450020074B084A18780023E2
S2140323E0D9B2884200D870471188013321F480514E
S2140323F022F8021BF4E700BF0A700020745E002078
S21403240030B585B004460D46E6F70CFDA04202D86B
S214032410172005B030BD20460EF01AF9C007F7D5D1
S21403242004F582300B2201A900F5C070DBF780FCAF
S2140324309DF80E2001AB03CB69609107286030D46A
S21403244012F0080F0CBF042303232B722046FFF75A
S2140324509DFB154B68811B5D20466B730EF0E0F801
S214032460124A2873135D4FF47A7103F00F03AB73AC
S214032470135D002013F00F031FBF03F1FF32022387
S21403248093403C2218BF5343094A08BF0A2352F815
S2140324902420B2FBF1F29A422CBF00239B1A2B6135
S2140324A0B7E70223D1E700BF6A650020286500204E
S2140324B098460020F8B51F4E04463378834237D03B
S2140324C0FFF764FB4FF6FF77B84231D020463470EF
S2140324D0FFF704FA2046FFF759FB054609F0E3FF2A
S2140324E0012301461A4628460CF02EF92046FFF72C
S2140324F02BFB0546E0B9104A1378013B1370F4F73B
S214032500B5FB294620460BF0A6FB80220B4B204644
S21403251023F814500A4B1A550A4B23F8145009F0A3
S2140325204DFF2A46394611200EF09EFAFF233370DC
S214032530F8BD00BF417000207C650020745E00205B
S2140325406A650020665E00202DE9F04F0E461546AC
S2140325504FF000098BB01F469DF854309DF850A0ED
S214032560DFF84CB1049005939BF800205FFA89F4DA
S214032570A24207D84FF6F7739D421CD817F0020BFA
S2140325803FD01AE02046FFF701FB804604F5823071
S2140325900B2207A900F5C070DBF7CAFB4FF6FF72E4
S2140325A07EB9904516D14FF6F7729DF826309542C0
S2140325B003F0EF0311D94FF6FF7528460BB0BDE8BD
S2140325C0F08F904506D00822304607A9E9F738FE73
S2140325D00028E8D009F10109C6E79F4207F0020880
S2140325E02CD0F3F70FFC002857D12D4B2D4A1B7820
S2140325F0234412F823B020460BF04EFBB8F1000F2D
S214032600DBD1E6F70FFC284B1B788342D3D000219F
S21403261008460DF095FFFF280446CCD0059B0146DF
S214032620CDE901A32A46334604980097FFF740FEF8
S2140326300028C0D0F4F71AFBD8460FE02046FFF771
S214032640A5FAA842CDD1B8F1000FB6D13046E6F7C9
S214032650F1FD164B1855304607F0B5FF5146204698
S2140326600BF0CDFA2046FFF791FA054609F01BFF5B
S21403267000230146012228460CF066F8F3F7C2FB56
S21403268028B9074B074A1B78234442F82380204681
S2140326900BB0BDE8F04FFFF779BA4FF0000BAAE78F
S2140326A003700020C44500207C6500206A65002076
S2140326B00A700020F8B50026104F3C78F5B2AC42FD
S2140326C00FD800250E4B6400224629460D481D7080
S2140326D0E9F764FD22462946BDE8F8400A48E9F7CB
S2140326E05DBD2846FFF7FAF8002128460BF0B3FA3B
S2140326F02846FFF729FA0136DFE700BF0A700020F5
S2140327007C650020745E0020665E0020024B8021FC
S2140327101A780248E9F742BD0A7000206A6500206D
S21403272038B50DF03DFFFF28044616D00B4D35F89F
S21403273010301B0711D50A4B0A491B7801220B548C
S214032740014400F5833000F58070DBF71DFB35F898
S214032750143023F0080325F8143038BD745E0020C7
S214032760F36F0020286500202DE9F04F794B0546CE
S2140327701B788946022B17468BB004D000263046BA
S2140327800BB0BDE8F08F0EF0AEFA06460028F5D182
S2140327904FF6F9739D4262D04FF6F8739D4276D09A
S2140327A02B0A28460DF11E018DF81C308DF81B50A0
S2140327B0F2F708FC002814BFB0464FF02008B346D3
S2140327C014BF06230E23022229463846039300F03D
S2140327D0EBFC01220446039B002840F0B880DFF898
S2140327E080A18DF818209AF800204946CDE900000C
S2140327F08DF81A208DF81D0006AA4FF6FC708DF88A
S21403280019800BF0E4FD81460028B7D009F04BFE93
S214032810B8420FD0484609F0A6FC394604300EF0FD
S2140328205EF9384604A90BF0A1F970B1484604A92D
S2140328300BF05BFE484B1B78033B012B2BD84FF664
S214032840FF7148460AF064FA06469AF80030FF2BF2
S2140328500EBF01230133DBB28AF800308FE74FF057
S21403286008084FF0200B3C4B1B78033B012B85D904
S21403287009F019FEB84281D109F015FEFC238DF844
S2140328801B30FF2305468DF81C3006239BE74FF0CD
S2140328901008C346E7E70BF0C8FA80460028D4D0F2
S2140328A009F001FEA8422DD12C4B1A7852BB032106
S2140328B04846F3F727FE0028C7D09AF80030A8F852
S2140328C0007088F80430002388F8053088F808304C
S2140328D009F0E9FDA84202D1204B1B7853B109F059
S2140328E0E2FDB84206D12CB1237923F0030343F06B
S2140328F00103237100224FF6FF710C200EF0B4F88B
S2140329000126A2E75946284608F1070200F078FC9C
S2140329100446002899D0002203214846F3F7F2FD27
S2140329200028CAD1237903F00303012B8DD109F0C4
S214032930BAFDA84203D1094B1B78002B85D0237917
S21403294043F0030323714FF6FF7323807DE7164698
S21403295015E700BF836500208465002042700020D1
S2140329607366002037B50E4B05461B780C46033BB3
S214032970012B11D9E6F77AFA01280FD0821E5342AB
S2140329805341590128460DF1070200F039FC18B1EE
S214032990002144800BF030FA03B030BD1021F1E77C
S2140329A0846500202DE9F0438BB0857AB0F8069055
S2140329B004460E46174609F076FD8145804605F027
S2140329C0400541D10021608809F0B1FF0246002E80
S2140329D044D1082304A9C14501EB03060CBF2349D0
S2140329E002A90868496803C6A2B3022100268DF827
S2140329F0172001228DF81010217A45F020058DF856
S214032A001210A18808338DF81310090A8DF81410D4
S214032A10E188CDE900268DF81510090A8DF8161001
S214032A206088314604AA8DF811500BF0D0FC054699
S214032A3080B1618809F0CEFA79003246284601F063
S214032A40FE01F3F75FFD06E0E08802A90BF08EF8BF
S214032A500028B7D100200BB0BDE8F083306871685A
S214032A6006AB03C345F010051023B3E72666002024
S214032A702DE9F74389461E460746904609F073FB41
S214032A8000210446304609F052FF054609F10701C6
S214032A90384601F02DFD7DB1B8F1000F02D1037861
S214032AA01D44EDB2057063781A0716D5694630469D
S214032AB0F2F788FA024618B1002003B0BDE8F083A7
S214032AC00821684609F081FC0028F5D120460BF062
S214032AD0DFFC08226946E9F70BFA09F0E4FC014635
S214032AE0201D0DF0FCFF6378DB0603D538460C4942
S214032AF00BF0FBFC3146A01C0DF0F1FF31463846C7
S214032B0009F068FA074A13780133DBB21370E371EE
S214032B10A3790BB10120D0E70123A371FAE700BF25
S214032B202666002081650020FF232DE9F04F8FB035
S214032B308146164605918DF822301AB301230BAA57
S214032B400BF0CDF89DF836500446EF0625D5002742
S214032B50059BBDF8308003F108024946D2B208232C
S214032B60009709A8CDE909770EF0C4F83A4640461F
S214032B7009A9F8F7A5FC002840F08C80A90627D5FC
S214032B8010220DE013460BAA0BF0A9F89DF8365059
S214032B900446A80663D5062202E0AA0618D508222C
S214032BA000230599BDF832700A44CDE90933494636
S214032BB00093D2B2082309A80EF09CF8384686F094
S214032BC0010209A9F8F77CFC002863D1002E46D041
S214032BD0BDF8307009F067FC874249D038460EF0DE
S214032BE082F88046002E45D1BDF82EB00021584607
S214032BF009F09DFEBDF82C300390184606930EF0A0
S214032C0072F8064609F04FFC069B834242D0B64B49
S214032C101B78033B012B3DD915F04003049339D1B0
S214032C20039B0BB9002E35D09DF83570039B05F03A
S214032C3018051F44FFB2082D8DF835706CD120237C
S214032C400493002C40F041810BF0EFF8054608B3DF
S214032C50002E40F0B28033460126B24674E0BDF83B
S214032C60327009F020FC8742B8D14FF00108BBE769
S214032C704FF00108002C43D09C4BE279678803EBA6
S214032C80C20633F83220BDF832309A4205D04FF6EA
S214032C90FF7323800FB0BDE8F08FBDF82EA0B8F108
S214032CA0000F08D0002130460BF0A6F8A6F802A0C5
S214032CB00AF0B4FDEEE7BDF830000BF0A5F80546C4
S214032CC0414630460BF098F8A6F802A0884E2DB180
S214032CD0414628460BF090F863886B800AF09EFD09
S214032CE03378002BD6D03B46002248460599FFF79B
S214032CF0BFFE0028CED0394648460AF009F8C9E791
S214032D000AF08CFD7A4B1B78002BC3D0B8F1000F6A
S214032D10C0D14FF6FF77E6E7102D01D1049590E773
S214032D20B8F1000F8DD1002C3AD0C2460021BDF871
S214032D3032000DF1220200F063FA03460028A9D000
S214032D40002E40F0CA8025460499BDF830000DF1E8
S214032D502302079300F054FA044600289AD0644AE4
S214032D60079B1278002A78D0BAF1000F26D10246C4
S214032D702C466179B9427ED92546A4F802B067711C
S214032D801446002B00F09E809DF82230EA799A4282
S214032D9000F09880002E40F08E80EB7100253FE017
S214032DA00BF043F8044600283FF474AF4FF0010AD3
S214032DB0BCE7002201261346DBE70126B8F1000F25
S214032DC01ED107F0B2FA7E23B0FBF3F202FB130028
S214032DD005993A4605315FFA80FA484601F0AEFB9C
S214032DE04FF6FF71484609F0F5F8039B032B2CD9E1
S214032DF0AAF17E0A022148465FFA8AF2F3F782FBBB
S214032E00069BA5F802B02B809DF834306F712B71AA
S214032E1000232B72002E42D19DF82230EB71012540
S214032E20B8F1000F3FF436AF484609A90BF03DFB57
S214032E3000283FF42FAF2A4609A90BA8FFF7B2FDD7
S214032E4028E7002625463446BBE7039B012B94BFA1
S214032E500AF1020A0AF1420ACCE7BAF1000FCFD10F
S214032E606979B94209D9A5F802B06F71002B8BD1E5
S214032E70002E93D024E025461446049A002A3FF4F5
S214032E8009AF8F427FF406AF039307F04EFA83072A
S214032E907FF400AF039BA5F802B06F7171E7FF23C1
S214032EA0EB71002CBBD001252379A4F802B023F0E4
S214032EB003032371B4E7FF23EB71002C3FF46EAFDB
S214032EC00025F1E7002CD3D168E7002E7FF471AF1D
S214032ED0B24625460126534636E7BAF1000FB0D16F
S214032EE05646524645E700BF84650020DE5D002057
S214032EF00970002070B50C4B4FF6FF751C78002345
S214032F0002460A489C4201D1002005E00688964204
S214032F1006D1AA4201D10B7070BD8679002EFAD075
S214032F2001330830DBB2EDE708700020DE5D0020D9
S214032F30002210B50A4B1C780A4BD1B28C4201D83A
S214032F40002010BD5988814204D11979890701D11F
S214032F50997911B108330132EFE70120F1E700BF99
S214032F6008700020DE5D002010B5084B01461C7873
S214032F700023074AD8B2844201D8FF2010BD9142ED
S214032F8003F10103FAD00832F4E700BF087000200B
S214032F90DE5D002038B50446FFF7E6FFFF2805464A
S214032FA003D13F210B480BF0E7FC4FF6FF73204697
S214032FB02380A37103210AF01FFF074B07481A78E3
S214032FC000210732D21002FB0500BDE83840E9F7BE
S214032FD0E5B800BFBDAC04000A70002059650020A8
S214032FE0F8B504460026124D124F3A78F3B29A42C9
S214032FF009D800224FF6FF710F4B1D780F4BD0B246
S21403300085420BD8F8BDFF2C02D0AB79A34202D180
S2140330102846FFF7BFFF08350136E6E7FF2C02D048
S214033020187AA04201D1198019720A330132E6E7F1
S214033030DE5D00200870002007700020B65D0020CB
S214033040FF28F8B504462CD0164B1B78834203D8CA
S214033050802115480BF090FC4FF6FF75134A32F8A3
S214033060341002EBC4000379A94203F0030318D01B
S214033070012B16D100220E4B1F780E4BD6B2B74249
S21403308003D8BDE8F840FFF785BF1E88AE4205D0DB
S21403309093F807C0A44504D0B14202D00A330132E4
S2140330A0ECE7F8BD08700020BDAC0400DE5D002030
S2140330B007700020B65D00202DE9F74304F03CFCC2
S2140330C0324B1B78033B012B21D9314B1D88451B03
S2140330D0ADB2E5B118804FF6FF7700202D4A13787E
S2140330E02B44C3F3C81403F07F0313702A4B2B4AF5
S2140330F01E78C3B29E420DD800264FF6FF77284CA3
S214033100DFF8A09099F80020F3B29A4216D803B0DD
S214033110BDE8F0831388BB420DD0137999070AD113
S21403312004EB9311022928BF022103F03F0389B25F
S21403313043EA8113137108320130DAE734F80A8C54
S214033140B84506D014F8043CAB4205D95B1B04F81B
S214033150043C01360A34D5E709F0A5F9804534F86E
S2140331600A3C04F8027C24F80A7C09D018460DF1C0
S2140331700701FFF7BFFE18B19DF80700FFF760FFD2
S21403318014F8030CFFF75CFFE3E700BF8465002039
S2140331900A5F00207466002008700020DE5D0020B1
S2140331A0C05D002007700020F0B500244FF6FF77BF
S2140331B003461048DFF844C006780F48E5B2AE422F
S2140331C001D800200FE005889D4210D13AB1012AAC
S2140331D016BFC57905793CF83550A94207D1BB42DD
S2140331E002D114238371F0BD057A002DFBD00A307B
S2140331F00134E3E707700020B65D0020DE5D0020A3
S214033200F8B50D46114607461646FFF773FE002827
S21403321036D102464FF6FF7C1E4B1F4C1978D3B2AD
S214033220994206D800231C4C8B4221D1F8BD0834A2
S214033230F5E7B4F800E00132E645F8D13370012330
S214033240278023710021A17165B1144B45F0080551
S2140332501A782571D31DDA103078114B02FB003033
S214033260E8F79CFF2379204603F03F032371DDE74D
S21403327022799209022AE1D001330834DBB2D3E77C
S214033280037904469A071EBF23F0030343F00103A2
S2140332900371D7E708700020DE5D00200A70002067
S2140332A05965002073B50DF107010546FFF722FEA9
S2140332B040B103799A0705D113F0300404D043F0E4
S2140332C00303037102B070BD28460AF0A5FD094B3F
S2140332D04FF6FF711D7823469DF80760064AD8B25D
S2140332E08542EFD9D0790133B04204BF1180117201
S2140332F00A32F4E707700020B65D002030B50A4BAB
S214033300CC081B78094D0733DB1000FB0340012371
S21403331001F007018B402C5CDBB212B11C432C542A
S21403332030BD24EA0304FAE70A700020596500203A
S21403333070B50B4B04461B78834204D840F24B21EE
S21403334008480BF019FB0025074E3378E8B2834292
S21403335000D870BD00222146FFF7D0FF0135F4E701
S2140333600A700020BDAC040008700020FF2810D0AF
S214033370FF290ED0084BCA081B7801F00701073354
S214033380DB1000FB0323054AD05CC84000F00100B5
S21403339070470020704700BF0A7000205965002060
S2140333A00148F0F7CBBD00BF0C5F00202DE9F047C6
S2140333B01E464D4B8CB01B681546074688469DF83F
S2140333C0509003F0080A09F06EF8A8423FD1B9F10D
S2140333D0000F14D06EB9ADF806603D4604242246AD
S2140333E0414628460AF0B4FD00F001000CB0BDE8E3
S2140333F0F0870023ADF806303D4606243AE038460B
S2140334000DF0CEF8FF28044605D0F2F7FBFC10B10A
S2140334102046FEF7CFFF96B10023ADF80630F8F747
S214033420FDF80028E8D0062440460DF1060202A95E
S21403343009F022FFD8B94046F8F7F8FA17E0ADF8D6
S2140334400660F8F7EBF80028C7D00424ECE73EB391
S214033450BAF1000F2ED000230B24ADF80630B9F1D5
S214033460000F0AD1F8F7DAF82F460028DCD13D46DC
S214033470002EB4D0BAF1000FB1D004F004024146D6
S21403348042F0110228460AF063FD224606464146EC
S21403349028460AF05DFD002814BF30460020A3E747
S2140334A0BAF1000F14D00124ADF80660B9F1000F8D
S2140334B095D1D7E70B24284602A9F1F783FD0746E3
S2140334C068B902A807F0A0FB20B9ADF80600EDE73F
S2140334D00124F0E744F00204ADF80670E6E70023A3
S2140334E0ADF80630E2E700BF884800202DE9F04734
S2140334F01E46744B8CB01B7807460D461446DDF803
S2140335005080002B3ED008F0CEFF30B36E4B1B68C6
S214033510980722D44FF6F7739C4233D843463A466D
S21403352031462046FBF7F2FE08F0BDFF854200F069
S214033530C5803046FEF75AFBA04203D10DF030F8A3
S2140335400AF0AAFBBA1E53425341294600222046DC
S2140335500CB0BDE8F0470BF0F7B8E7B1F91ED1F1B0
S214033560000949EB01094FF6F7739C4216D903216C
S214033570204606F0EBFE03233A46314620460095E6
S21403358006F0D3FF08F08FFFA84200F097804FF6AF
S214033590FF739C42CBE74FF00109E4E72B463A461C
S2140335A03146204604F04BFE2146CDE900082B4663
S2140335B03246384607F078FB80460146204606F03A
S2140335C0C5FEB8F1000F61D1B9F1000F12D1002387
S2140335D03A4631462046009506F0A7FF88F00103D9
S2140335E02A4631462046CDF8009003F00103FFF744
S2140335F0DDFE99E7002FEAD003AA9246334B03F188
S214033600100E9446186859680833ACE803007345EF
S2140336106246F6D107A806F0E7FF03233068716811
S2140336208DF81C3008AB03C39DF8293007A843F078
S21403363002038DF8293007F0FFF890B130687168FF
S21403364008AB03C3042307A88DF81C3007F0F4F86F
S21403365038B1022307A88DF81C3007F0EDF80028D0
S214033660B5D1514607A807F027F90028AFD0F4F7DD
S21403367095FB0028ABD103233A46314620460095F6
S21403368006F053FF08F00FFFA84250E743463A46BA
S21403369031462046009506F048FFB8F1010F9DD04D
S2140336A0B8F1020F7FF440AF284607A9F1F78AFC6A
S2140336B020B93246284607A90AF011FC0CB0BDE82B
S2140336C0F08700BF7F650020884800208EFA04003C
S2140336D0044B1A880AB100221A8000210846F9F71B
S2140336E0ABBF00BF0C5F002000232DE9F0478EB070
S2140336F004460D46CDE903334F7808F0D4FE50B1A7
S214033700B64B1B689A0706D4092103A806F0C5FE24
S2140337100EB0BDE8F087204603A9F1F753FC064632
S214033720002840F05781022F3DD0042FECD1E5F757
S21403373085FB002846D0E5F781FB022840F022816E
S2140337400DF12408334632464146304607F0E3F986
S214033750012103A89DF8255007F0D0FA2840FF283A
S21403376000F0348105AD284608F03AFE002840F004
S2140337702F8195E80F0088E80F003A46414603A8D4
S21403378007F003F90246002840F02081032303A92B
S214033790CDE9005320463B46FBF77EF900280CBFD5
S2140337A013210621B1E78D4B1B689B07ACD402356A
S2140337B0082229468A48E8F743FD0028A4D0E5F7FF
S2140337C049FB08B91121A0E7864B874E1B78FBB946
S2140337D0FFF77EFF3088002860D103AF29463846BE
S2140337E006F000FF002800F0CA8028460DF10A0103
S2140337F0F1F7C2FB40B90DF1240A504608F0F0FD7C
S2140338008046002800F08780FFF762FF0F217CE7E1
S2140338103088002842D101460CF016FD308000287F
S2140338203AD001230822304603A9F0F7CBFD98BB14
S2140338300123082229463046F0F7C4FD60BB012366
S2140338400222694809A9ADF82440F0F7BBFD0346F8
S214033850308823B1002848D04FF0100920E00CF040
S2140338609BFC61490746204601F0CAFC30880CF0F1
S21403387093FCFFB2874209D1FF238DF8243001233E
S21403388059481A4609A9F0F79DFD28B900210120D9
S214033890F9F7D2FE0C2138E73088DBE74FF007094B
S2140338A00CF05EFC074630880CF05AFC3488112175
S2140338B000F10808204600F02DFE1021824620461F
S2140338C000F028FE0822044603A94046E8F7B8FCA1
S2140338D0002840F08180082229463846E8F7B0FCE5
S2140338E0002879D1B9F1070F01D010210DE704EBB9
S2140338F00A244546A4B271E730884FF0010828B180
S214033900122100F007FEFF2881461ED12A46B9463B
S2140339102046402304E03A46A9464346BDF80A003B
S21403392043F00303CDE900A349460323FBF7B4F8AA
S21403393000283FF469AF0721484606F0AEFDB8F10C
S214033940000FD9D0FFF7C4FEE2E6002108460CF0CC
S2140339507BFCADF8140048B1204605A901F050FCE5
S214033960BDF814000CF018FC0028CFD114230093E4
S2140339704A4639462046338801F0FAFBC6E7FFF786
S214033980A7FE1FE7E5F75AFA012801D00621BCE691
S21403399005AD324633462946009603A8F9F75EFD81
S2140339A0024608B10A21B0E60C4B20461B6803A961
S2140339B05B0003F0040343F00303CDE900533B46E7
S2140339C0FBF76AF80028E1D113219EE605219CE661
S2140339D012219AE60B2198E60E2196E688480020E7
S2140339E026660020236500200C5F0020012330B5E7
S2140339F00D4C85B022788DF80430D5188DF8052047
S214033A000E228DF806200A682570CDF807204A682E
S214033A1001A9CDF80B200B22F0F7D4FCB0FA80F006
S214033A20400905B030BD00BF80650020014B187803
S214033A30704700BF75660020142230B58BB005466C
S214033A400DEB02011548DAF773F910BBBDF8143015
S214033A50DA0720D413F0060FC3F3410208BFC3F3FB
S214033A6041220F4B0DF116019C5C68462246E8F78F
S214033A7033FDBDF8263004F128026A4402F8283CD8
S214033A8002341B0A02F8273C69462A46E0B209F0CC
S214033A90D0FB0BB030BD2320FBE700BF703214E031
S214033AA09EFA040010B58AB0ADF826200022CDE9B0
S214033AB0052204920CAA02924FF6FF720446AC212A
S214033AC001200192064A039004FB01226032009211
S214033AD04CF620010DF126020AF05CFA0AB010BD7E
S214033AE0DC56002000B58BB0ADF824309DF830309E
S214033AF003208DF82630002303900A4909A8CDE950
S214033B000130CDE90533049301F160030093B1F866
S214033B105C3002204CF660410AF03CFA0BB05DF8CC
S214033B2004FB00BFDC56002010B54FF6FF741E4A98
S214033B308AB0B2F86800B2F85E10A042ADF826006C
S214033B40B2F85C304FF6FD70ADF8241018D0814201
S214033B504FF0000094BF48F660014CF66001CDE9D3
S214033B600500CDE90300CDE9010094BF09AA603240
S214033B7000920DF1260204200AF00CFA0AB010BDDA
S214033B8081424FF000008CBF603209AA00928CBFBE
S214033B904CF6604148F66041CDE90500CDE90300E7
S214033BA0CDE90100014AE6E7DC560020465700202F
S214033BB000B50E4B0022B3F85E308BB0ADF8243060
S214033BC04FF6FF73CDE90522CDE90322CDE90122A5
S214033BD009AA00924FF400610DF126020720ADF802
S214033BE026300AF0D7F90BB05DF804FBDC5600204C
S214033BF030B58BB08DF825301B0A8DF826300023A0
S214033C000D4991F85840CD6DB1F85C00CDE9053308
S214033C10049307236031039308ABCDE901030091B6
S214033C204FF6FF734CF62041082008958DF8244084
S214033C300AF0B0F90BB030BDDC56002070B54FF675
S214033C40FE76294C1D46B4F85E10B4F85C30B142DB
S214033C5094F85C00A2B04FEA132321D14FF44041FD
S214033C606034ADF808108DF80B008DF80C3003CCDB
S214033C700DF11504CDF80D00CDF811102270120ABF
S214033C806270002211461046A270E270ADF806205C
S214033C9008F047FAADF8060090B9002022B070BDD0
S214033CA04FF400448DF80D10090AADF808408DF85E
S214033CB00B008DF80C308DF80E100DF10F04DDE7B8
S214033CC0043402A9621A012392B20DF10600F0F73A
S214033CD079FB0028E1D1BDF806002A4601210CF045
S214033CE08BFABDF80600D9E7DC560020202A10B56B
S214033CF0144614D8012A04D10C88B4F5004418BF1E
S214033D000124620030B10748E8F7F2F8064B0020BA
S214033D101C7010BD0548E8F7EBF8054BF7E72120C4
S214033D20F7E700BF0E5F0020766600204E5F002098
S214033D30776600202DE9F047104617460CF0CDFEB7
S214033D40DFF814A1DFF814919AF8003099F80020F0
S214033D500546134302D10020BDE8F08710F44068FF
S214033D6000F0400619D186BBB0F5804F5CD24FF405
S214033D70807400239AF80000344AD9B288425DD88A
S214033D80002399F80000324AD9B28842E3D932F8C0
S214033D90021B0133A142F7D155E0F81C0CF09DFE3F
S214033DA04FF6FF73984214BF0124022486B10526FA
S214033DB005F44043B3F5004F44F0080424D0B5F5AA
S214033DC0804F23D244F4807420E044460326EFE772
S214033DD0B5F5804F4FF00506F4D3B8F5406F14BF22
S214033DE002200820304438440CF077FE194B05F4C3
S214033DF04045B3F85C3083420CBF44F0080444F0FB
S214033E000404B5F5004F01D144F08004B8F5006F03
S214033E100ED1B8190CF061FE0E4BB3F85E30834238
S214033E20A7D144F01004A4E7444603260220D9E7AA
S214033E30B8F5406F08BF44F020049AE732F8021B37
S214033E400133A14299D1012086E700BF4E5F0020CF
S214033E500E5F0020DC560020776600207666002082
S214033E602DE9F04F104685B0164698460CF035FE01
S214033E705D4F00F00803B7F85C10044600F007092E
S214033E80F01C02930391B7F85EB00CF026FE06F121
S214033E90050A054650460CF020FE03464FF6FF7013
S214033EA0854218D00399A1EB050CDCF1000545EB20
S214033EB00C056D004FF6FF718B420ED145F00405DD
S214033EC00CF01EFC029B6BB1B9F1000F11D042201F
S214033ED005B0BDE8F08F0125ECE79B4508BF45F02C
S214033EE00805EDE7B9F1030FF1D8DFE809F0021B87
S214033EF0795D0CF005FC08B9A807E8D524F008049A
S214033F00A4B2B4F5004F05D0B4F5624F02D0B4F5B1
S214033F10404FDCD10025294697F8A820002008F05A
S214033F2000F93CE0D7F88030E3B900213246084672
S214033F30FFF700FFD8B948F6410224F038039BB2D6
S214033F409342C4D10A2D49D0062DC0D197F87730B5
S214033F50023B012BBBD8EEF7AFFF0028B7D140F6E4
S214033F60040505E04146304698470028DDD008257D
S214033F70E20648BF45F08005A30648BF45F48055D2
S214033F8005F00C03042BC6D1F01D0CF0A6FD97F824
S214033F90A8303246009341462B4608F097F808B3FC
S214033FA00E9B1880002093E7A90705D14FF6FF73F1
S214033FB0B7F85C209A428AD104F44063B3F5006FE5
S214033FC00AD0B3F5406F82D1082250460749E8F776
S214033FD037F900287FF47BAF0C25C9E70425C7E72C
S214033FE0432075E7192073E7DC5600203C57002072
S214033FF0034B1A781AB1FF2A04BF00221A707047BF
S2140340007966002070B5084C084E2378F55C1DB120
S2140340103E2107480AF0B0FCFF2223782846F254D4
S2140340200023237070BD00BF7866002079660020E9
S214034030CBAC0400034B044A1B78D05CFF3818BF94
S2140340400120704778660020796600200023074A1F
S21403405007491360074A1360074A1360074A11604B
S2140340600121074A1170074A13607047145800204D
S2140340701FE10300105800200C580020286F002072
S214034080437000201C5800200E2A70B50C460646C6
S2140340901546194603D9FFF7D9FF502070BD0128EE
S2140340A007D10020EEF722FFB0B1FFF7CFFF2120A4
S2140340B0F4E780220021224B1A70224B1960224B10
S2140340C01B684BB134200CF0BFF8204B188018B98E
S2140340D0FFF7BCFF0120E1E724F0FF6323F4FF238F
S2140340E01BB1FFF7B3FF4F20D8E774B92046EEF7AE
S2140340F017FF0124032510F0800F43B21BBF00F007
S2140341001F039C409C4044F078440020104B24F04E
S21403411078441E700F4B10491D70104B1C60104BDB
S2140341201870104B1A68EFF797FA18B1FFF78EFF5F
S2140341300420B3E79DF810200B4B1A70AEE700BFC0
S2140341407A660020185800200C5800208E5F002046
S2140341507F6600207D6600204D4403001C58002027
S2140341607E660020145800207B6600207FB5244B13
S21403417000251A7801232348234903FA02F200781C
S2140341801A440A60ADF80E5020B3984236D11F4C3D
S2140341901F4B20781B680DF10E0198471D4EBDF886
S2140341A00E20307092B11C4B2946009328460223FA
S2140341B00195EFF78BFA3278237822B1012A12BFE2
S2140341C01B230133DBB2237004B070BD013818BF64
S2140341D00120F0E778235A43013A0A6008220F4980
S2140341E00BF078FF0B49094A0978137821B10129A6
S2140341F012BF1B230133DBB21370E5E71846E3E770
S2140342007D6600207F660020205800207E66002002
S214034210286F002043700020894403008D060400A5
S214034220024B1868003818BF012070470C5800204E
S21403423037B505461C460CF063FA68B974B1084BEB
S2140342401A60084B0A461C60012329460093032381
S214034250FFF71AFF03B030BD4D20FBE72520F9E733
S214034260085800201058002013B504460CF048FAEE
S21403427058B962B1074B1A6001230A4600932146D8
S2140342800323FFF701FF02B010BD4D20FBE72520F7
S214034290F9E700BF0C5800202DE9F0410446DDE99C
S2140342A006861D469DF820700CF02AFA88B99EB142
S2140342B0A2B10B4B01201A600A4B0A46C3F80080D2
S2140342C0094B21461E602B460697BDE8F041FFF7D3
S2140342D0DBBE4D20BDE8F0812520FBE72120F9E772
S2140342E0286F002014580020105800200148EFF7CC
S2140342F025BE00BF8E5F00202DE9F0410020EFF7BA
S21403430019F9114B114C1E68114B20881D68114B6F
S214034310114FD3F8008010B13978EFF7E9FF00208A
S2140343203870FFF793FEEFF723FC0EB14046B04715
S2140343303DB12088A84700232380BDE8F0410CF058
S21403434067BBBDE8F08100BF105800208E5F0020D9
S2140343500C5800201C58002080660020F8B52F4813
S214034360F0F7DCF82E4B187830BBEEF7D9FD2D4F5F
S21403437006463B6803B32C4B2C4D1C6824B195F9B9
S21403438000301A461946A047294B1B6883B1294CAF
S2140343902378312B0CD8284B18880BF0E1FE2378B2
S2140343A05A1C22702A78C25423785A1C2270C65488
S2140343B080232B7000233B60204C23781A2B22D8B3
S2140343C01F4A1278012A09D100211E4A156825FAC8
S2140343D003F0C007DAB20ED501B122700020EEF763
S2140343E09FFD2178884212D10022174B1A70FFF7DF
S2140343F0BDFE40B9F8BD0133D8B21A284FF001010B
S214034400E5D90A442270BDE8F840FFF775BF0020DF
S214034410EEF798FD0028E7D0F5E700BF2C6F0020E5
S2140344207F66002018580020085800207A6600206F
S2140344300C580020806600208E5F00207E660020D9
S214034440437000201C5800207C66002008B50B4BE8
S214034450187880B90221EEF737FD094B1B782BB18C
S21403446000214FF6FF720846EEF710FDBDE8084040
S2140344700448FFF773BF00210846ECE77F66002079
S2140344807B6600202C6F002038B5144B0C461D7835
S214034490012D21D181B90846EEF742FD104A05FAEF
S2140344A000F013680F4923EA0003136020462A46E8
S2140344B0BDE838400BF00EBE0B4A13780133DBB26F
S2140344C0022B137004D9BDE838400848FFF746BFEF
S2140344D0FFF74CFE0028F6D138BD00BF7F660020EC
S2140344E01C5800208D0604007C6600202C6F0020DC
S2140344F038B50C4605460BF04FFEA04203D82D21D7
S21403450003480AF039FA28460BF02AFE204438BD41
S214034510DFAC040070B506460D460BF021FE0446DC
S21403452048B130460BF038FEA84203D8352102487E
S2140345300AF022FA605D70BDDFAC040070B50C466D
S214034540064615460BF028FEA04203D83E21044833
S2140345500AF012FA30460BF003FE00B1055570BDA3
S214034560DFAC04002DE9F0431E46574B8FB01B7893
S2140345700746033B012B0C4615469DF8588007D883
S214034580F4F718FA20B1F0F71DF908B144F4005413
S2140345904E4B1B7813B924F40074A4B2200509D536
S2140345A046B9284604A9F0F70DFD002846D024F4A2
S2140345B00064A4B2ADF81840ADF81A5007F073FFC4
S2140345C0434BADF81C00B8F1000F02D01A784245F1
S2140345D001D293F800803F4AE105137848BF0DF1F6
S2140345E0210103F10103DBB2137058BF08A92205AA
S2140345F08DF81E808DF81F3006D53368083141F8D4
S214034600083C736841F8043CE30407D5324A083192
S214034610136841F8083C536841F8043C0DF1180848
S214034620A1EB08005FFA80F9002148460BF00CFE68
S214034630064628B900200FB0BDE8F08304AEB9E7FC
S2140346400BF08EFD41464A46E7F746FF30460BF031
S214034650A3FD804630460BF083FD002302460093FD
S2140346604FF6FF7004235FFA88F107F02FFDADF8CD
S2140346700E000028DED040F201131C421AD14FF67A
S214034680F7739D4216D80BF087FD0DF10E01044615
S214034690284600F0B5FDBDF80E000BF07DFDE4B234
S2140346A0A04207D9BDF80E0007F05DFD437843F03E
S2140346B004034370BDF80E003A4601210BF09CFD3F
S2140346C0BDF80E00B7E700BF846500207F650020B5
S2140346D0F56F00208165002026660020F0B50829C6
S2140346E0D58889B028D00C2926D0AE0424D405F06A
S2140346F040030B43424C267816B105F020042343AF
S2140347002FB2002FB8BF43F08003032920D1122312
S214034710AC068DF80430937A10D48DF805300DF17D
S214034720060401A9621A012392B2EFF74BFEB0FA10
S21403473080F0400909B0F0BD0B46DBE732228DF866
S21403474005308DF80420002EE9D00DF11304E8E7B8
S2140347500C298DF804300ABF138953798DF8053078
S214034760548805BF1B0A8DF806308DF805300DF109
S214034770070318BF0DF106031C70240A5C70148827
S21403478002399C70240ADC70147901291C7111D833
S214034790917A002F597131DA022112899971DA71EF
S2140347A0120A03F109041A72002EBAD0AB06B8D562
S2140347B00534B6E7A9071AD4002F0CDA117A51B1DB
S2140347C0917A59711189127A03F1080492B102227F
S2140347D09A71D971E8E70B4C217801F1010C84F842
S2140347E000C091729C1D002F5971DDDAEAE7917AB9
S2140347F09C1DF8E70122090A9A71EAE79C1DD3E794
S2140348007F65002080650020014B1880704700BF3D
S214034810905F0020014B1888704700BF905F002010
S2140348202DE9F84307460CF07BF805461B480CF0C9
S214034830F2F91B4B60B31C683C1B2C44A4B2002249
S214034840184BDFF868901B78174D03EB830399F832
S214034850006005EB43055FFA82F846450AD9AB8844
S21403486005F10A00A34216D90A23B21A29465A4367
S214034870E7F73EFB013689F80060AC80B8F1000F1D
S21403488003D1394605480BF057FD2846BDE8F883A3
S2140348903C461D60D3E705460132DCE74C6F00203B
S2140348A02458002081660020325C002082660020A7
S2140348B01FB5154A154C1378013BDBB213706168BC
S2140348C0206801AA03C221891180114A1278D218DE
S2140348D005D00A2320465A43E118E7F709FB9DF85B
S2140348E006301B070DD0BDF80C00FFF799FF0346F3
S2140348F08288ADF8082001AA03CA12881860596096
S2140349001A8104B010BD00BF81660020325C00200F
S21403491082660020002108B5084B09481970094B28
S2140349201970094B1A7802EB82025200E7F736FC3D
S214034930BDE808400548EFF7F1BD00BF82660020DA
S214034940325C002081660020017000204C6F00203E
S214034950F8B50024084D094F094E3B783178E2B28A
S2140349600B449A4204F1010400DBF8BD2846EFF736
S214034970E5FA0A35F1E700BF325C002082660020C4
S21403498081660020F8B516460C4B0D4A1B78127844
S214034990074613440B4A0D46127893420CD0304612
S2140349A0FFF73EFF013506810780857004460BF04E
S2140349B0B2FFE0800120F8BD0020FCE781660020FE
S2140349C0826600200170002010B5064C207828B1BE
S2140349D00548F5F799FD10B1034B188810BDFFF78E
S2140349E067FFF3E781660020325C002008B50A4AB9
S2140349F00346107860B1094A1088984209D121B954
S214034A009378103323F00F039370FFF751FF0120C1
S214034A1008BD0020FCE700BF81660020325C002052
S214034A202DE9F74F00260BF07BFFDFF8F890B24630
S214034A3099F80070B3463A46DFF8EC801FFA80FE1A
S214034A40B8F800C0344CAEEB0C039BB2019323784A
S214034A50324D009303EB830305EB4303ACEB0E0CE1
S214034A605FFA86FEBE4515D3BAF1000F01D0009B50
S214034A702370BA422AD3002F37D00A222378C8F8E5
S214034A80000002FB03532648998803B0BDE8F04FA5
S214034A900BF052BCB3F804E001998E4512D84FF0E0
S214034AA0010A009993F802E001310EF1FF3EC9B204
S214034AB0013AA3F804B083F802E00091D2B20A33B5
S214034AC00136CDE7E644A3F804E0F8E789F80020CA
S214034AD04AB10A222378C8F8000002FB03531048A1
S214034AE099880BF029FC237813B903B0BDE8F08F3F
S214034AF0FFF76AFF06460028F5D007F055FA014689
S214034B00304608F005F920B100212888FFF76EFF2C
S214034B10E9E740F60241F8E781660020325C0020B0
S214034B204C6F002082660020245800202DE9F041B7
S214034B3092F808801F4608F1FF33DBB2EF2B0546D9
S214034B400E46144688B00BD982238DF80E303146B4
S214034B5028469DF80E30204AFBF774FA012037E00A
S214034B600E22002104A8E7F719FBB4F809308DF8E4
S214034B701180ADF81230E37A03F07F02032A08D0DF
S214034B80012B24D103238DF81030A389ADF81530FB
S214034B900EE0032B14BF022301238DF81030E368C5
S214034BA0CDF815302369CDF81930237D8DF81430F0
S214034BB0A7F121014A420DF10E034A410093214613
S214034BC00DF10F0304A8FAF793FD0028BFD10020C8
S214034BD008B0BDE8F08100BFE16304002DE9F04FA3
S214034BE000241D7895B0CDE902010492234622469F
S214034BF00120CDE90054404909F08DFBADF81E00B5
S214034C00F8B1A346264627460DF120090DF1380ACA
S214034C10E4F702F95FFA84F8404516D83A460221CB
S214034C20BDF81E00FFF78AFC32460421BDF81E00BD
S214034C30FFF784FCDDE903100022BDF81E30FBF706
S214034C4001FA012015B0BDE8F08F4A4640460AA98E
S214034C50FAF740FD9DF8282022B12DB1013DEDB2B3
S214034C600137FFB20134D3E7BBF1000FF8D199E85F
S214034C7003009DF829308AE803008DF84030BDF81C
S214034C802A30032A8DF841304FEA13238DF8423039
S214034C9017BF032301238DF843309DF82C30DDF82E
S214034CA03110DDF82D0014BF8DF84C308DF84330ED
S214034CB011AB03C302980CBF4FF00E084FF0150854
S214034CC008F0F0FC0590BDF81E000BF065FA059998
S214034CD000EB080399420BDB0123424651460DF1D4
S214034CE01E00EFF76FFB0028ABD10136F6B2B7E72D
S214034CF04FF0010BB4E700BFB4AC040038B505466B
S214034D000D4B0E481C88EFF7F5FB012D0CD10C4B11
S214034D101C88FA21614358B1884209D28408012CC1
S214034D20204638BF012038BD022D08BF0224F0E715
S214034D3002480BF001FBF2E72E5C002054470020EC
S214034D402C5C0020012208B5054B06481A7000218A
S214034D500BF0F2FABDE808400020FFF7CFBF00BF14
S214034D6050650020544700201E4B73B51A8802F185
S214034D7008039BB2012B02D81B4B1B7823B902B046
S214034D80BDE87040EFF7CABB0024184B184D1C70E3
S214034D90184B1C702B787BB14FF6FC73164E0093A2
S214034DA0224623462146308808F0BAFE4FF6FD73A6
S214034DB02C70338001200FE0104B10461978F4F75F
S214034DC019FF0028F6D10C4B1A884FF6FD739A424A
S214034DD0F0D0012302202B7002B0BDE87040FFF72D
S214034DE08DBF00BF305C0020506500205365002057
S214034DF051650020526500202A5C0020546500207F
S214034E00012808B50AD002280CD020B9084B187020
S214034E100848EFF783FB4FF0FF3008BDBDE80840B6
S214034E20FFF790BF0020BDE80840FFF767BF00BF4D
S214034E30506500205447002002280CD859B1064A72
S214034E4013780133DBB21370044A12789A4202D8FD
S214034E500220FFF7D5BF7047526500205565002036
S214034E6038B5A0F61343012B04460D4615D80E4A53
S214034E7013780133DBB213700C4A12789A420CD8BB
S214034E804FF6FD720A4B00201988914201BF00229B
S214034E901D80084B1A70FFF731FF29462046BDE8F0
S214034EA0384005F090BA00BF5365002056650020D1
S214034EB02A5C00205165002000234FF6FD71054A49
S214034EC01370054A1370054A1180054A1370054A84
S214034ED01370704753650020526500202A5C00203B
S214034EE0516500205065002030B5094B02461B78FB
S214034EF033B1084B084C19780023D8B2884201D343
S214034F00FF2004E0013334F823509542F5D130BD39
S214034F1000700020586500200A5C00200022FF2154
S214034F20044B05481A70054B1970054B1A78920006
S214034F30E7F734B9586500200E5C0020576500205B
S214034F4000700020F7B58DF807100DF10701044631
S214034F5003F020FA234B1D78002D41D02046FFF79F
S214034F60C3FF214EFF283178204B05D1204A107805
S214034F7085422DD9451C1570884219D01C4A1B4DF5
S214034F8092F800C00022D7B2BC450CD92F4697F83A
S214034F9003E00132864505F10405F4D102B203EBC2
S214034FA08202D278FA7002B203EB8202D1703070BA
S214034FB002B203EB820123F82240FF228A709DF897
S214034FC00720FF2A02D003EB8203987003B0F0BDDC
S214034FD00A46104603EB8202D278FF2AF9D1CBE7C2
S214034FE0FF20F3E700700020576500200E5C0020CA
S214034FF0586500202DE9F843FFF776FFFF2804469F
S21403500069D04FF6FF72354F03B2DFF8DC80344EBB
S21403501027F8232098F80050A54202D10020BDE8C7
S214035020F883337820B28100A34207EB800090F820
S21403503003E010D00023294A5FFA83F94D459446CE
S21403504006D99CF803900133A14502F10402F3D17B
S2140350508CF803E001E086F800E0013DEDB22A1B80
S214035060D2B2043192003944E6F742FF88F8005082
S2140350703378FF2B04D0A34224BF03F1FF333370EE
S21403508000214FF6FF70154BCAB2AA420CD3002379
S2140350904FF6FF71134ADCB2AC42BBD2013332F88F
S2140350A023008842F7D1B5E79A78A2420BD118803D
S2140350B0DA78FF2A04D0A24224BF02F1FF32DA7064
S2140350C001310433E0E7FF2AF2D0A24224BF02F103
S2140350D0FF329A70ECE72D20A1E700BF0E5C00209C
S2140350E0576500200A5C002058650020F8B51C4B65
S2140350F005461B78084673B3FFF7F6FEFF280446FB
S21403510029D02846FFF7F0FEFF2806D0154B164E8B
S2140351101A780023D9B2914218D3FF212846FFF705
S21403512011FFFF28014616D00546104F23B207EBA2
S214035130830237F823009678FFF704FFA84208BFD8
S214035140FF25FF2E214608D12846F8BD013316F861
S21403515023108142DED1FF25F6E73446E6E700BF9B
S21403516000700020586500200C5C00200E5C0020B8
S2140351702DE9F04180460E461F46002386B001A85F
S21403518014469DF830508DF80330FCF74BF8ADF815
S21403519004802EB13368CDF806307368CDF80A3034
S2140351A038460AF0DDFF0DF103034219214601A834
S2140351B005F015F99DF8033093B931464046E4F7F8
S2140351C04DF80E4B1B785BB10B2C09D8FF214046DC
S2140351D0FFF7B8FE064605EB4404E4B2A54202D147
S2140351E006B0BDE8F0812946384609F037F831465F
S2140351F0FFF7A8FE02350646EDB2EFE70070002083
S21403520000232DE9F3470DF107028DF80730044616
S2140352100E4603F0AAF89DF80730054663B9204604
S214035220FFF762FE04465EB130880AF0B5FF5FFA08
S21403523080F8FF2C45D10025284602B0BDE8F0874C
S214035240B046F6E701320C2AF5D02DB207EB8505FA
S214035250AD78FF2DF6D112F0FF0AECD04FEA4A05DF
S2140352600235EDB2002EE7D0304605EB080108F014
S214035270BAFF0028DFD1524641463088FFF75EF971
S2140352800AF1FF3208F1010108F102093088D2B2AF
S214035290C9B25FFA89F9FFF751F924B207EB840420
S2140352A0A478FF2CC8D023B2494637F82320308889
S2140352B008F0E4FF0028BED109F102095FFA89F974
S2140352C0EBE725460022014FBFE700BF0E5C002038
S2140352D0FF2818BF064B10B51BBF03EB800433F83B
S2140352E020302D200B801EBFA3780020137010BD26
S2140352F00E5C002008B5D0F761FBCFF771FF00F016
S21403530022FAD1F743FBBDE80840CFF71BBD10B523
S214035310044601880120D0F70FFCE3880BB9C823A5
S214035320E38010BD37B50446D0F714FC6588854284
S2140353300ED8A188E288814205D3431B5343491BF9
S214035340B3FBF1F39AB280B240EA024003B030BD39
S2140353500022F8E770B50C46088800F04BF994F87D
S2140353604430054683420FD004F11C06304600F055
S2140353707CF984F8445000F07CF9618BA0643046D5
S214035380BDE8704000F06CB970BD38B5044690F8BF
S21403539044108378826CCB1A59425941CFF738FDB3
S2140353A0E37893B1257985B900F063F90346A268DB
S2140353B0218A04F11C009C1A8C4236BF52182946D7
S2140353C0D11ABDE8384000F04BB938BD09B100F03A
S2140353D0FDB800F005B938B58388044603B3E3780F
S2140353E00088A17804F10C05A3B10023B1FA81F17A
S2140353F0E3704909FFF7EAFF4FF6FF72A388218996
S21403540093421CBF03F1FF33A3802846BDE8384010
S21403541000F026B90123E370FFF7D8FFE188F4E72D
S21403542038BD10B5044681780088FFF7CFFF012307
S214035430E3700023A38010BD10B581780446B1FA4B
S21403544081F100884909FFF7C1FF0023E370A380B9
S21403545010BDFFF7F1BF70B50446054600262B4680
S21403546055F8040B10B11B1B0C2B00DD70BD237C01
S2140354708680002BF3D0637C13B1FFF7D2FFEEE7F1
S214035480FFF7DAFFEBE7FFF7E6BF70B5044605461E
S2140354904FF6FF762B4655F8040B10B11B1B0C2B4F
S2140354A000DD70BD8388B342F4D04FF4FA724FF632
S2140354B0FF731146CFF700FDECE709B100F086B89D
S2140354C000F08EB810B50446C0600830D0F7A8FCCC
S2140354D021792088B1FA81F14909FFF7EEFFA37914
S2140354E043B121796088B1FA81F1BDE810404909DA
S2140354F0FFF7E3BF10BD00F0A9B80346184613F83C
S214035500012B8A4201D0002AF8D1704710B53B21FF
S21403551004460068FFF7F1FF0022034603F8012B59
S2140355202068236010BD10B540B1421E0A24002037
S21403553012F8013F303BD9B2092900D910BD04FB4C
S2140355400030F5E708B500F07EF808B540F2BA4239
S21403555000211020D0F76EFA41F2E823584340F6B4
S214035560FF7300F2FF70B0FBF3F080B208BD50F893
S2140355700C3C23B150F8041C30F80E0C1847704747
S214035580084619B1FF21103002F0ECBD704773B521
S21403559005460E466DBA1446D0F774FBADF80450B4
S2140355A07EB1012C04D0032C09D00022012101E096
S2140355B02246022101A8D2F73DFA02B070BD0022AE
S2140355C0F7E7042132460DEB0100F4E707B540BACE
S2140355D0ADF8040001A8D2F761FA03B05DF804FB46
S2140355E007B540BAADF8040001A8D2F783FA03B0B2
S2140355F05DF804FB002307B540BAADF804000DF1CF
S214035600030101A88DF80330D2F7A0FA9DF8030032
S21403561003B05DF804FB007800F0DF03552B07D0DA
S214035620642807D0663818BF4FF0FF30C0B2704703
S214035630012070470320704718B12D280CBF0120A6
S21403564002207047704708B502F080F908B500F0ED
S2140356506FF8BDE8084004F088BE50E902301847EA
S2140356600A460830FF2102F074BDFF21083002F01D
S21403567081BD08B50BF0A9F9BDE8084009F026BEC0
S2140356802DE9F041044600274FF00C0E8F4202DB53
S2140356900020BDE8F0812078904204D1002594F8DC
S2140356A00780454502DB01370C34EFE70EFB05F6B2
S2140356B0D4F808C00CEB06003CF806609E42E8D01F
S2140356C00135EEE7F0B585B005460E461746D0F72A
S2140356D0FDFB0446A0B131462846D0F7AFFB8378DE
S2140356E03A46002BA36831460293A37828460193D3
S2140356F04FF0000300930CBF80234023DFF7C6FF61
S21403570005B0F0BD08B51288D0F7E0FB50B10279BA
S214035710BDF80C309A4207D881680298E6F7E8FB92
S214035720002008BD8620FCE78920FAE7D0F7CABC2C
S214035730002004F09EBE08B504F00BFF002814BF3B
S2140357400320002008BD704708B502F0E7FBFFF70B
S214035750D1FDD0F71DFD642004F056FA642004F052
S21403576052FA02F0DDFBCFF719FB09F009FAF8E766
S214035770F8B5D0E90176437B04460D4613B13346AC
S2140357803E461F46FFF775FF012D206438460ED1AF
S214035790CFF7F8FB3046CFF719FC257360784FF444
S2140357A07F42BDE8F8404FF48171FFF78BBF022DAF
S2140357B005D1CFF70BFC3046CFF7E4FBEDE7CFF789
S2140357C005FC3046CFF702FC0025E6E738B5037B39
S2140357D004468B420D4607D190F844305BB3BDE8D0
S2140357E038404830FFF741BFFFF743FF216C431AA9
S2140357F0C72B0CD80123C83184F8455084F84430AD
S214035800091A04F14800BDE83840FFF729BF0DB177
S214035810237B2BB929462046BDE83840FFF7A8BFAF
S21403582000212046FFF7A4FF0123C82184F8455032
S21403583084F84430E5E738BD90F84510FFF7C6BF57
S2140358400121FFF7C3BF0221FFF7C0BF0021FFF707
S214035850BDBF4FF60173994210B5044602D100212D
S214035860FFF7B4FF2046BDE81040D0F72DBE03294E
S21403587010B504462BD0007B30B9012903D002298A
S2140358800CBF0120FF2010BD032A07D8DFE802F073
S2140358900208101401291CD002291FD0FF20F2E7AA
S2140358A00029FBD1B4F85C20012A12D0022AF4E7BF
S2140358B004290ED00529F0E7042914D0052914D0AD
S2140358C00029EBD1B4F85C20111F0129ECD8022083
S2140358D0D9E75A1E534253415800D4E7022B0CBF54
S2140358E002200120CFE70020CDE70120CBE730B52B
S2140358F087B005460C46D0F7D3FB012820D11CB150
S214035900611E4B424B4158006B784FF480728DF802
S21403591004304FF48273ADF806304FF48173ADF85C
S214035920083001238DF80B30002385F8900001A87A
S214035930CDE903238DF80A408DF81430D0F7E8FB41
S21403594007B030BD41680346C978027B99B98168C0
S214035950C97899B9002A08BF0321D0F777BE9B7B85
S214035960002B0CBF01210221F7E79B7B002B0CBF0A
S21403597002210121F1E7012AF1D17047012AF4D16E
S2140359807047042910B5044604D831B1BDE8104069
S214035990D0F7E0BE05290DD010BD037B5522002BA2
S2140359A008BF0321A0F85C1040781221FFF78AFE97
S2140359B02046EBE743681A8A83681A82E6E70123E0
S2140359C003730378013343734FF44073C381032394
S2140359D003740023A0F85C3080F89030704710B54D
S2140359E00446806BD8B1E278022A04D0636B5B79F5
S2140359F072B984F83C3094F83C306BB1FFF711FD74
S214035A0060784FF60272BDE810400621FFF75ABED3
S214035A10B3FA83F35B09ECE7FFF70EFDF0E710BD7F
S214035A2010B50446406BCFF7ADFA2046BDE81040EC
S214035A30FFF7D5BF10B50446406BCFF7C7FA20462D
S214035A40BDE81040FFF7CBBF10B50446406BCFF759
S214035A50E3FA2046BDE81040FFF7C1BF10B5044681
S214035A60002206214078FFF72DFEA378022B01D0F3
S214035A70FF2B04D12046BDE81040D1F705B810BD72
S214035A804FF60273994210B5044601D1FFF7A7FFFC
S214035A90E378022B02D02046FFF7A1FF2046BDE89D
S214035AA01040D0F7F1BF10B5D0F8A4407CB103790D
S214035AB01BB14079D1F7A6F848B9A3883BB932227F
S214035AC02046BDE8104001231146CFF7F5B910BDB7
S214035AD010B50446FFF7E7FFA278237982B913B11E
S214035AE02046D1F7B5F82046D1F7F2F803236078BD
S214035AF0A4F86C305522BDE810401221FFF7E2BD32
S214035B00012B02D12046D1F7A3F8A379012B02D1AA
S214035B102046D1F7DDF80123E9E710B5837804467C
S214035B20ABB9FFF7C0FFA3788BB9237913B120462F
S214035B30D1F7AEF82046D1F70FF904236078A4F81E
S214035B406C305522BDE810401221FFF7BBBDB4F8F8
S214035B506C30022B0DD02379032B02D12046D1F7CC
S214035B6077F8A379032B02D12046D1F7B1F80023A7
S214035B70E4E72046D1F732F9F9E7827883685AB921
S214035B80DB78002B14BF03230423A0F86C305522C4
S214035B9012214078FFF796BD1A7922B9DB78003BCD
S214035BA018BF0123F1E70223EFE77FB500239E6AC0
S214035BB00446B6F5804F0D460CD201A8D1F7BEFABF
S214035BC0039B5B0506D529462046336C04B0BDE827
S214035BD07040184704B070BD00239B6AB3F5804F2E
S214035BE005D21B6BB3F5804F01D29B6818474FF461
S214035BF0817070471FB500239A6AB2F5804F04D3AD
S214035C0040F2011005B05DF804FB126BB2F5804F4D
S214035C10F6D2012201A8CDE902338DF80420D1F78C
S214035C208DFA039BDB03EBD5029B1A0EE8D0012A01
S214035C3003D1C3F307430A2BE2D900239B6A1B6BEA
S214035C401B6C9847DEE708B50BF086F8B0FA80F0D1
S214035C50400908BD134610B542B103439B0707D15D
S214035C600BF07EF8B0FA80F0400910BD0120FCE787
S214035C700020FAE700230360704703680B600160A7
S214035C807047036813B90B60016070471846F8E75E
S214035C900346006818B102681A6000230360704761
S214035CA010B538B132B129B100230139D45C14B927
S214035CB00023037010BD8B42FAD200F8014B013368
S214035CC0F4E7034638B10020814204D01A5C02B9D7
S214035CD070470130F8E770474FF0FF31FFF7F1BF29
S214035CE070B50C461646054660B15AB151B1FFF77A
S214035CF0F3FF844206D9211A32462844BDE8704091
S214035D00FFF7CEBF70BDFEE7FEE700239A4200D141
S214035D10704710B550F8234041F8234001339A42A8
S214035D20F8D110BD10B588B004460E9800920790BF
S214035D300D98224606909DF8300005900B98049027
S214035D409DF8280003900020CDE901300B46012181
S214035D50D1F7A8FF08B010BDD1F750BE4369426C17
S214035D60D91C143AB1FBF2F103EBC1000330B0FBCC
S214035D70F2F00230704738B505460C46FFF7EEFFE3
S214035D806A6CE31D143AB3FBF2F3013304EBC3046A
S214035D9002FB004038BD38B5054644692146FFF787
S214035DA0EAFF6A6CE31D143AB3FBF2F3013304EB28
S214035DB0C304204438BDF7B507460E4600257C6C61
S214035DC0A819644280EA06031C4003D02C462046EA
S214035DD003B0F0BDFB6B01225B6901A99847019BE9
S214035DE00133F4D10435EAE770B505460C46D3F71C
S214035DF0F7FDEB6B2046BDE87040DB68184770B5CF
S214035E000025044686B00562E369AB4202D8206AE1
S214035E1006B070BD666C2068E36B05225B6901A95A
S214035E2006FB0500984701A800F022FC00F045FC9D
S214035E3010B1236A013323620135E5E738B504461A
S214035E40456C006804F1400305FB0101E06B00F0BC
S214035E5041FC05462046FFF7D2FF284638BDF0B57D
S214035E600546002687B0EC69013CB44203D80C46CD
S214035E70204607B0F0BD01B14C1E6F6C2868EB6B73
S214035E8005225B6901A907FB0400984701A800F0F7
S214035E90EFFB00F012FC0028EAD121460136E2E7C8
S214035EA0F0B504460D46466CE36B006887B00522E2
S214035EB05B6901A906FB0500984701A800F0D8FB1B
S214035EC000F0FBFB20B101A800F0A9FB07B0F0BD72
S214035ED029462046FFF7C3FF0646676C2068E36B38
S214035EE005225B6901A907FB0600984701A800F095
S214035EF096FB431CEAD0B54238BF0130E6E72DE9EE
S214035F00F0434FF6FF79D0F8248004460E46C84582
S214035F1014BF45460025002787B0E369BB4202D875
S214035F2007B0BDE8F083E26B2368606CD2F814C058
S214035F3000FB0530052201A9E04701A800F098FB05
S214035F40022806D0C8450CD1721C29462046FFF706
S214035F5075FFE3690135B5FBF3F2013703FB125511
S214035F60DBE729462046FFF79BFFB0F1FF3F14BF50
S214035F70024632460132E8E70368F0B5CC1A436CB2
S214035F800646B4FBF3F4002587B0F36937685A1E58
S214035F909542706C08D3706C336800FB043007B00E
S214035FA0BDE8F04000F094BB0134B4FBF3F203FB0E
S214035FB01244F36B05225B6901A900FB0470984742
S214035FC001A800F055FB00F078FB0028E3D101356B
S214035FD0DBE710B423F0030422449B070A44436C14
S214035FE018BF04325B4281EA0204234203D05DF801
S214035FF0044BFFF7C1BF10465DF8044B70472DE90D
S214036000F041D0E90A369E42044686B028D11422CF
S214036010C369456802FB1355284606B0BDE8F08100
S2140360202068676C331AB3FBF7F3E26B07FB0300D6
S214036030D2F8148001A90522C04701A800F018FB76
S214036040012804D0636C1D44013B3340ED1A3146EE
S2140360502046FFF791FF0646A36AB342E0D1DBE78B
S2140360600025F9E708B508301346D1E90012D3F73F
S2140360703DFC012008BD13B50C4600212176009394
S214036080616813462246D2F715F818B1E37D03B1CB
S214036090A07EA075A07D02B010BD73B5164600F1B4
S2140360A008050C46284609680DF1070200F098F922
S2140360B0032E06D16368834203D12846216800F085
S2140360C076F9012002B070BDD01E009B42424241C9
S2140360D0187E824211D11A688A420ED85A688A42BA
S2140360E00BD35A6901325A61D3E9030282423FBF96
S2140360F0986840F8221001321A610120704710B5E3
S214036100032A029C07D1A26A5340626C524213428E
S21403611001D100F04CF9012010BD08B5C36800207A
S2140361209847BDE80840D3F763BC012814BF042092
S214036130022070B5002442431C70CC7D101D02F073
S21403614002024CB91AB1012220F003001A7000F1C2
S21403615008034868184470BD1AB1012220F00300F2
S2140361601A7000230C7E01F12005DAB2944201D89E
S2140361700020F0E735F833205E1C824206D901EB97
S214036180C30300F10802D8691044E4E73346801AD3
S214036190EBE773B5054690F842601C4630460DF1B2
S2140361A00303FFF7C2FFEB6B012E5B690DD132468B
S2140361B001A998479DF8033013B1BDF80630019343
S2140361C0BDF80430236002B070BD0122214602B040
S2140361D0BDE870401847F0B5054600244868EB6BE9
S2140361E087B00E4601225B69029402A908309847DD
S2140361F0274695F84230012B40F0AC80632C00F222
S214036200AB80612C08D805AB224631462846FFF7FB
S214036210C0FF9DF814305BB3224605AB31462846D3
S2140362208DF81070FFF7B5FF95F84220059B012AFD
S2140362307FD14FF6FF72934256D0082205A904A8D1
S21403624000F062FA059B9DF81010C3F307229142F3
S2140362504AD1DBB2029A1A44029245E0DCD005AB7F
S214036260224631462846FFF794FFBDF81430D2E79E
S21403627095F84230012B39D1612C2ED8224631466F
S214036280284603ABFFF785FF3146284604AB621C5E
S214036290FFF77FFF3146284605ABA21CFFF779FFC1
S2140362A0102208230DEB02010DF107008DF80730CD
S2140362B000F02AFA102205A90DF1070000F024FACF
S2140362C0039BDAB24AB99DF80720B2EB132F04D129
S2140362D0DDE9043203EB0243029395F84230012BC7
S2140362E014BF012302231C44013482E7302CF4D864
S2140362F022463146284603ABFFF74BFF3146284676
S21403630004AB621CFFF745FF102320220DEB0301AD
S2140363100DF107008DF8073000F0F6F9039B9AB2EB
S214036320002ADAD19DF80720B2EB134FD5D1049B90
S214036330D2E70133D8D0102205A90DEB020000F0F6
S214036340E3F9059B9DF81010C3F307429142CBD1A6
S2140363509BB27FE7312C81D9029807B0F0BD13B505
S21403636000240194049C0094D2F796FB02B010BD5F
S21403637013B501240194049C0094D2F78DFB02B05C
S21403638010BD00234FF0FF3230B544689C4202D163
S2140363900023037230BD016801EBC30541F83320C7
S2140363A06A600133F2E7C0E90012FFF7EABF002391
S2140363B070B545689D4210D0046854F8332004EB4A
S2140363C0C306B2F1FF3F09D0C2F31302914205D1CF
S2140363D04FF0FF3244F83320726070BD0133E9E7B3
S2140363E00023F0B545689D4202D14FF0FF300EE022
S2140363F00468DE0054F83340671C09D0C4F313075F
S214036400B94205D1240D1470036833445868F0BDAF
S2140364100133E8E7704770B59400224605460E46FA
S2140364200AF09EFC431C0AD058B922463146284639
S214036430E5F706FF002814BF3D20002070BD6E2040
S214036440FCE77120FAE713B5044601A8D4F71CFC51
S2140364509DF8063023804FF480736380D4F722FCC4
S2140364606060002002B010BDD4F792BB08B5D4F725
S21403647083FB002008BD10B5044644EA010313F06D
S2140364800303084609D1934201D1002010BD54F8F6
S214036490231040F823100133F5E721469200E6F770
S2140364A01BF8F2E710B504460AF056FC431C10D05E
S2140364B088B9D4F7F7FB234620F00300204498421C
S2140364C001D1002010BD53F8042B0132F7D03E2033
S2140364D0F8E76E20F6E77120F4E7704713B500235C
S2140364E0044601461B220DF107008DF8073000F025
S2140364F00BF922689DF80730B3EBD26F0CBF01206F
S214036500002002B010BD13B5002304460146202226
S2140365100DF107008DF8073000F0F6F80DF10700CF
S2140365201A22211D00F0F0F862689DF80730B3EBDD
S214036530926F0CBF0120002002B010BD0068431C00
S214036540584258417047006810F07E0F0CBFC0F3E6
S214036550C160002070470068C0F3D310704700681E
S21403656000F07E00B0FA80F040097047036813F02D
S2140365707E0F14BF042008207047036813F07E0FB5
S21403658003D1406820F07C40704713F078001CBFAE
S21403659003F07F03D81F7047006800F07F00704742
S2140365A0032809D0022803D1C1F10201C8B27047FB
S2140365B000290CBF07200020704737B5054601F1B8
S2140365C00C0443696946012220469847BDF800300B
S2140365D0012201932046AB6901A9984703B030BD59
S2140365E037B501F10C044369012269460546204686
S2140365F098474FF6FF72009B99B291420DD16FF305
S2140366000F0343F4254343F0A503019301222046D9
S214036610AB6901A9984703B030BD0020FBE737B547
S214036620044600251B22011D0DF107008DF80750B7
S21403663000F06AF860689DF80720B2EBD06F03D1CC
S21403664020F0784003B030BD0DF107001B2204F1A3
S21403665008018DF8075000F057F8A0689DF807303A
S214036660B3EBD06F01D1C043EAE74FF0FF30E9E761
S2140366704BF29A22036810B5B2EB134F044613D1BC
S2140366809BB2012B13D1FFF7CAFF01300CD04FF694
S214036690FF72E068B2EB104F4FEA104309D180B2A5
S2140366A0C01A18BF012010BD2368013303D004208D
S2140366B0F9E70220F7E70320F5E701288CBF00205F
S2140366C001207047033801288CBF00200120704743
S2140366D0143070472DE9F04105469846036908468D
S2140366E00E4617469847044638B943463A46314657
S2140366F02846D3F7EDF9044618B131462846FFF786
S2140367005CFF2046BDE8F0811F2A0B689EBF4FF052
S214036710FF3191408B43590801F055315B1A03F062
S21403672033319B0803F033330B44017803EB131325
S2140367300A444FF0013103F00F334B43A2EB1362CD
S2140367400270704708B508F049F8BDE80840002114
S214036750D3F7C8BA02210320D3F7C2BC70477047E9
S2140367607047704770B5054614460E4609F0DDFFC0
S2140367702B685C4034405C402C60BDE8704009F0F8
S214036780CFBF10B5002422B1032A0CD003600471D6
S21403679010BD11F4000218BF4FF07F4221F07F4373
S2140367A013430C0EF2E721F0FF03CCB2EEE730B54D
S2140367B0012400F5805345685C60CB784A785B0417
S2140367C043EA02230A7813438A78120402F48032D7
S2140367D01343C0F89830EB075CBF00F500504460E5
S2140367E030BD70B501260C46054600F500535E60C5
S2140367F00B78497803F0070343EAC103E17843EAD9
S2140368000123A178090101F030010B430367C36A32
S214036810A17923F48B3323F4807343EA014321796C
S214036820090201F4E0610B436179090301F4805125
S2140368300B43C3621146FFF7BAFF05F580535E604C
S214036840E37903B1EE6070BD08B50A6FC96F02F055
S2140368500702FFF796FF08BD13B5044601A8D4F751
S21403686013FA042C04D8DFE804F00616031013000A
S214036870002002B010BD40F29C4040F2BA439DF89F
S2140368800520012A08BF1846F3E740F6B830F0E7BC
S2140368904FF41660EDE740F2E240EAE74FF050238C
S2140368A04FF400321A6770474FF0B0435A6812B17C
S2140368B09A6A002AFAD17047012200F580535A607B
S2140368C0CB43934003F00A034361416111B900F5DA
S2140368D000504260704783695B06FCD5C16370470E
S2140368E070B5054614460E4609F01FFF2B685C403C
S2140368F034405C402C60BDE8704009F011BF0122B3
S214036900417803788A4030214B4342F2100103F169
S214036910A04303F570335A50704730B5002204463F
S21403692000F0FC05A31803F00303581921FA00F33B
S214036930DB0704D50132042AF4D14FF0FF3030BD13
S21403694000207047002070470020704700207047E3
S21403695001207047012070470F207047E6F704BCFC
S214036960002307B5CDE90033012369464FF0FF3016
S2140369708DF8023004F0CDFD03B05DF804FB002073
S214036980704710B508B9212010BD0029FBD0036855
S21403699013F0704205D1C3F30E030B607BB10020E6
S2140369A0F2E703F05044B4F1004F05D0B2F1304F94
S2140369B002D0B2F1404FE6D103F07F03EDE7436820
S2140369C0002BE0D00B60EAE737B50C46054610B956
S2140369D0212003B030BD0029FAD0002301A901937A
S2140369E0FFF7CFFF0028F3D12968019A11F0704111
S2140369F002F1030222F0030201D12260E9E7AD6847
S214036A00B1F1004FC5F38033C5F3403504D103EB32
S214036A10450353432360DCE7B1F1204F01D12B44F8
S214036A20F7E7B1F1304FFAD0B1F1404FF7D0CFE7E7
S214036A3037B50C460546002800F08880002900F08C
S214036A40858000230B60036803F070430B60C26805
S214036A5022B1032A7AD143F080630B60AB689A01B4
S214036A604AD403F08073EA680AB9002B6ED1226811
S214036A7022F0407213432360EA68032A05D12A6989
S214036A80F62A63D962F317432360AB681B0442BF3D
S214036A90236843F400432360EB68032B1FBF23687C
S214036AA02A6862F30E0323602B68AA68002B2BDB8D
S214036AB012F4C84F4AD12B6803F0704303F1004326
S214036AC0B3F1804F05D2530542BF236843F4806376
S214036AD023600023284601A90193FFF752FF0028ED
S214036AE034D12B6813F070421FD12368019A62F3E6
S214036AF00E03236003B030BD03F04073B3F1407F51
S214036B0018BF4FF00073AEE7500402F4005105D4EB
S214036B10E1B1236843F400532360CCE7236843F4CE
S214036B20804323600029C6D0F3E703F05043B3F154
S214036B30004F05D0B2F1304F02D0B2F1404F05D12D
S214036B40019B5A1E236862F30603D2E72120D1E78E
S214036B5038B131B101234B604FF0005300208B60F6
S214036B6070472120704737B50C46054608B92120E3
S214036B7017E00029FBD001234B60C368ABB901A91A
S214036B800193FFF721FF0028F1D1019B6A699A421E
S214036B9009D32A69002AEAD0226043F00053002072
S214036BA0A36003B030BD1D20FBE7032BDFD100231A
S214036BB0F5E7436813B9416070475B685A68012A72
S214036BC0FBD159607047FFF7DABE08B5FFF7D7FE6B
S214036BD0002814BF6FF09200002008BD13464288B9
S214036BE070B50732072A0C464FEAD20101D0A142FC
S214036BF022D146680588202218460021E5F7CEFAFA
S214036C00360A0346DEB9BCB141F20102954205D00D
S214036C10B5F5885F02D0B5F5905F02D100205C60C1
S214036C2070BDB5F5105F0DD1182C03D0202C01D004
S214036C30102C01D11C60F1E76FF08600F0E76FF0CF
S214036C408B00EDE76FF08500EAE7F0B51C46436876
S214036C5006461B0A0F46154689B035D122462946F5
S214036C60FFF7BCFF68B9EB1C23F00303C4E9030773
S214036C70636145B9202200212046E5F78FFA6FF0BD
S214036C80860009B0F0BD014620226846E5F786FA7D
S214036C9029466A463046FFF7A1FFDDE90065DDE9D0
S214036CA0062302990028E5D12768B742E2D1666831
S214036CB0AE42DFD1A5688D42DCD1A1699142D9D11C
S214036CC0E2699A42DDD0D5E76FF08B00D9E7D4F7B7
S214036CD021BCD4F731BD70470020704700207047B1
S214036CE0C3681944836853F8210030F8023B1360E5
S214036CF07047012310B580F888300378044653B1F3
S214036D0000F05BFA21462046D4F706FE2046BDE88F
S214036D10104000F047BA10BD38B50D460446D4F708
S214036D20E3FD6B682046C4F8B032A96800F098F912
S214036D304FF0FF332046C4F8B432FFF7CDFF38BD1B
S214036D40D0F8B43210B50133044601D0002010BD8C
S214036D5000F0C1FAC4F8B4020130F7D194F8B802CF
S214036D6080F00100F3E708B5D4F7FAFD08BD0A780A
S214036D7001382D2A0ABF012200228918D4F74CBEF7
S214036D8007281BD8DFE800F0060A0D1013150417B2
S214036D900120704700220820D4F73EBE00221020B0
S214036DA0FAE700222020F7E70820FFF7E0BF1020CD
S214036DB0FBE72020F9E70846D4F790BE002070478B
S214036DC02DE9F74307280C46DDE90A7690461D466B
S214036DD008D8013806280AD8DFE800F01D27303A1D
S214036DE044574A00212850D003B0BDE8F083002260
S214036DF020461146E5F79EF93368C0B205EB8301DA
S214036E003A6845F82300013348F8221033603B689C
S214036E1001333B60E8E7002220461146E5F78AF98E
S214036E20336880B205EB8301EAE700222046114669
S214036E30E5F780F9336805EB8301E1E70022204696
S214036E401146E5F767FC336840B205EB8301D7E7E5
S214036E50002220461146E5F75DFC336800B205EBD9
S214036E608301CDE7002220461146E5F753FCE1E710
S214036E70002389461E461D468DF8063019F8013F45
S214036E807D2B06D125702D0A65703B6848F8234094
S214036E90BDE7202BF2D006F00102013612B98DF8B9
S214036EA00430EBE71022002101A88DF80530E5F742
S214036EB031FC631901359870ADB2DFE72DE9F04F69
S214036EC09B46002385B08B45814688469246CDE98E
S214036ED002336DDC1E461A4619F80340212C0AD8E5
S214036EE01F2C05D8103C072C98BF46F0010600E07F
S214036EF001220133F0E7FF2CFBD15B4432B1013BA7
S214036F00434551DD2B2005B0BDE8F08F4EB1013B64
S214036F104345F7DC164635463746454504DB002031
S214036F20F1E79845F7D0EDE75D453BDB19F8073009
S214036F30202B18D109EB07035B78FF2BE2D1CEB9E0
S214036F4020465AF82510FFF71BFF98B303AB0193AF
S214036F5002AB00932046DDE90E235AF82510FFF70F
S214036F602FFF0135D9E7212B0ED109EB07035B78F9
S214036F70FF2BC7D1029B5AF825200E99012641F80C
S214036F80232001330293ECE7A3F11004072C02D964
S214036F901C460137D3E709EB07035B78FF2BB1D118
S214036FA0E4B2CCE70624CAE700252F462E46B4E70C
S214036FB02120A8E72620A6E72DE9F04F07460E4630
S214036FC015469846044685B0DDF84490DDE90FABD8
S214036FD0206808B3DAF80020D8F800108A421BDAD3
S214036FE00E9B53F82210D0F73DFC48BBDAF800207E
S214036FF00132CAF800206268117BFE291BD10E9B62
S2140370001068012100932A464346CDE902B9CDF81C
S21403701004A0FFF7D1FF04462B7843B999F8003054
S2140370202BB97EB101233C4689F800302B702046ED
S21403703005B0BDE8F08F01238BF800302B70EBE72B
S2140370400C34C5E73446F2E710B50446236803B9A3
S21403705010BD237A13B92046D4F776FD0C34F5E732
S21403706010B541B10A7932B901249C300C71FEF790
S21403707004FE204610BD0020FCE72DE9F041BAB01F
S21403708005460AAA084603A900F062F90446B0B901
S2140370900DF10A0301930DF10B038DF80A0000931B
S2140370A00AAA284604AB03A9D4F7F6FE9DF80A20DD
S2140370B0B2B158B19DF80B302BB1D4F745FD20463D
S2140370C03AB0BDE8F081FFF7BFFFF8E7D5F89C506C
S2140370D0002DF4D0A86808B1FFF7B6FF2D68F7E7D0
S2140370E010B346681AAB06F10C070DF1A808019316
S2140370F03846049B0399CDF800800AAAFFF7DEFE04
S21403710004460028DBD1039B05A8CDE90638049B7B
S2140371100595CDE90837D6F731FF05A833689847B4
S21403712005A800F07EFFCAE72D24C8E710B504467D
S214037130AC30E4F7AFFE04F1AB031A180020934219
S21403714000D110BD13F8011F0029FAD00A2908BF81
S2140371500130F4E770B50023012400F1AC06D0F843
S214037160AC52AC420FD3AC30B3F5007F10D3012042
S21403717070BD0D6801350D60156801351560F55C49
S21403718001330A2D02D0B3F5007FF2D30134E6E7CC
S214037190C15C0A29EBD00029E9D01168013301311B
S2140371A01160E1E710B50021D0F88C200446E4F71F
S2140371B0F5FF0023C4E9243310BD73B5044600F17C
S2140371C0AC0580212046FEF77CFD4FF40071064691
S2140371D02846FEF776FD0136C0F500708642204647
S2140371E01FD8E4F757FE06462846E4F753FE013653
S2140371F02946421CA819E4F77BFE2046E4F74AFE1C
S214037200214602462846E5F767F92046E4F742FE9C
S2140372100A23204480F8AC300023C4F8AC3202B012
S21403722070BDFFF783FF0023C4F8AC02CDE900333B
S21403723038B194F8AC3023B16946204601AAFFF76B
S21403724089FF0022009B234483F8AC20B9E74B1C3C
S21403725073B5044619D1D0F8AC3213B1013BC4F868
S214037260AC3200252046E4F715FEA84217D8204680
S214037270FFF798FFD4F8AC322BB10023CDE90033E7
S21403728094F8AC30B3B902B070BD0129FBD1FFF757
S2140372904DFFD4F8AC328342F5D20133DFE7082042
S2140372A000F028F8202000F025F8082000F022F847
S2140372B00135D7E76946204601AAFFF74BFF009D35
S2140372C004F1AC06019BAB42DDD9715D2046D4F7D1
S2140372D003FF0135F6E707B500200DF1070100F0BF
S2140372E0EAF820B99DF8070003B05DF804FB4FF0F9
S2140372F0FF30F9E710B5C1B20446002000F0CBF822
S21403730000280CBF20464FF0FF3010BD0FB407B562
S21403731004AA52F8041B00200192D5F78BF800202C
S21403732003B05DF804EB04B0704710B54C1C0B4675
S2140373300119045D222C03D07B2C01D05C2C05D1D3
S214037340D21A1844E4F7D4FD012010BD0020FCE750
S2140373502DE9F047054691468846E4F79BFD2A4605
S21403736006461346197801322029FAD0C9F80030A8
S2140373705C1B01236FF0404AC8F80030A64201D8D0
S214037380002014E02F5D29197B2F12D0222F2ED137
S214037390D8F80030621C53442A4449F82320012CB1
S2140373A009D911F8013C13F0DF0F04D02120BDE802
S2140373B0F0877D27F3E701342B5DBB4209D12B19F8
S2140373C05B7813F0DF03F1D1222F00D12B55013464
S2140373D0D4E75C2B07D1324621462846FFF7A5FFA4
S2140373E00028E3D0013E0134A642E5D8DEE75C2F51
S2140373F008D1324621462846FFF797FF0028D5D006
S214037400013EE4E7202FE2D10022631CB3422A5553
S214037410DDD2EA18EB5C202BD9D0D8F800300F2B3E
S21403742005DC49F823200133C8F80030CFE71E20D7
S214037430BDE700F000B800207047D0F701BA40B2AD
S214037440D4F774BF70B50C46154610B9D4F7E6FFEB
S21403745038B143682BB12A462146BDE87040006820
S2140374601847232070BDF7B50D4616461C4638B997
S214037470D4F7D4FF04B901AC20B9232003B0F0BD80
S21403748003B901ACC768002FF7D023463246294616
S2140374900068B847F2E707B501228DF807100DF12B
S2140374A00701FFF7CFFF03B05DF804FB0B46014669
S2140374B01846FFF7F0BF00230122FFF7D4BF0EB430
S2140374C003B503AA52F8041B0192D4F7B3FF02B024
S2140374D05DF804EB03B0704780F89910704790F896
S2140374E09900704790F89600704713B504460DF15F
S2140374F00701007D07F0EAF99DF8073043B1236DD5
S214037500D4E912020244934218BF184602B010BDD3
S2140375103022237D534303F1A04303F58023DB6E20
S214037520EEE70023506910B5903000F8043C14468B
S214037530FEF7AEFB08B1D4F7F3FF63681BB1002177
S2140375402046A2689847002010BD90F8943070B586
S21403755005460C46C3B10B69B3F5006F16D809F0A0
S214037560F1F895F88C30064665614BB1214605F176
S2140375709000FEF786FB304609F0DFF8002070BD6A
S2140375802046D4F7CDFFF6E70E20F8E72120F6E7EE
S21403759092F8543037B5144633B1936D0BB1D06DB2
S2140375A09847002384F8543094F89A301BB3204647
S2140375B0D4F754FFF8B1236E132120465B6898472F
S2140375C01025236E20461B680DF10701984778B9EE
S2140375D09DF8073003F0FD02112A05D1A3F111022D
S2140375E05342534184F8A030013D15F0FF05E8D11E
S2140375F02046D4F7C3FF002084F8540003B030BD00
S2140376002DE9F04790F8949004460D461646B9F1D6
S214037610000F40F08A8090F8998009F093F894F868
S2140376209530074673B194F898305BB184F895901B
S21403763009F07BF801218146084607F03DFA4846E3
S21403764009F06EF8384609F078F82E44B54205D1AD
S214037650236E012120469B68984750E094F89A30A1
S214037660002B3DD0207DD0F7ABFC2046D4F714FF8B
S2140376700746207DD0F7C4FC97BB09F063F807469E
S214037680207DD0F79DFC2046FFF72FFFA26C00F16C
S214037690FF39914538BFE36C94F854A038BF03F123
S2140376A0FF33207D38BF02EB0309D0F7A9FCBAF1FC
S2140376B0000F12D14B46D4F89C1099420BD013F806
S2140376C00129112A01D0132A1CD1A2F111035A420F
S2140376D05A4184F8A020C4F89C90384609F02DF847
S2140376E094F8A030002BB9D0B8F1000F12D1236E56
S2140376F020465B6815F8011B98470028A6D0002093
S214037700BDE8F087A26C9A4282BFE36C03F1FF33B5
S2140377109B18D2E72B780A2BE9D1236E0D2120463E
S2140377205B6898470028E2D0E9E70E20E8E7F8B55B
S21403773004460D4609F006F894F896300646ADB1B1
S2140377407BB994F8983063B108F0EFFF0121054642
S214037750084607F0B1F9284608F0E2FF012384F84B
S21403776096303046BDE8F84008F0E7BF002BF8D067
S21403777008F0DBFF07462946012007F09DF9384647
S21403778008F0CEFF84F89650EBE738B548B10024EE
S214037790056808F0D7FFC5E9164408F0CEFF204673
S2140377A038BD2220FCE770B50468054694F894605B
S2140377B086BBFFF7EAFFD4F731FE854202D1304697
S2140377C0D4F720FE236E93F91000D4F70DFE236E34
S2140377D093F91000D4F7DAFD236E93F91100D4F76A
S2140377E003FE236E93F91100D4F7D0FD207D07F036
S2140377F04DF8207DD0F764FBD0F740FB0023C5E9A6
S2140378000033C5E90533EB60236E2046BDE87040C0
S214037810DB6818470F2070BD0068D4F7AFBE2DE9AC
S214037820F041044608F08EFF94F89530054603F0C1
S214037830FF08A3B90127236E41469B682046984755
S21403784084F8957008F071FF06464146384607F0FF
S21403785033F9304608F064FF022384F8A130284643
S214037860BDE8F04108F069BFD0F8A4309A69120663
S21403787043BF5B6A00200B701B20704710B504469D
S214037880D0F8A42093695906FCD5002394F8AA10CF
S2140378901A4694F8A900D2F71DFE002394F8AC10FC
S2140378A01A4694F8AB00D2F715FE94F8B130DA070F
S2140378B007D5002394F8AE101A4694F8AD00D2F715
S2140378C009FE94F8B1309B0707D5002394F8B0104F
S2140378D01A4694F8AF00D2F7FDFD0122D4F8A400AF
S2140378E0002100F50053DA64FEF7E6FF002010BD22
S2140378F008B5D0F8A400FEF7EEFF002008BD01226D
S214037900D0F8A43019B103F58053DA64704703F551
S2140379100053DA649A6470470068D0F8A4309A6C0F
S214037920D20708D5012103F5005291649B699B0693
S21403793001D5FFF774BF704708B508F0F1FFFA23C7
S214037940B0FBF3F080B208BD0420704740F201603C
S214037950D5F700BC7047012070470020704749BA2E
S21403796089B280EA0103C3F303125340180380B2BB
S21403797058405B0103F4FF535840704708B5D5F7EA
S214037980B7FF58B1A0F15903042B06D8042B04D82B
S214037990DFE803F00404040304005C2008BDD6F704
S2140379A0FFB87047F8B50C468D1807355242154098
S2140379B0A5F108070646384600F0DEF9A188381B0D
S2140379C0628801EBE00189B2A2EBE00225F8041C11
S2140379D025F8062CA288C310AAB1A4EBC202B2F8FB
S2140379E002C0D18003EB0C015180E28892B1D31A16
S2140379F09BB204EBC20425F8023CA380B36803449D
S214037A00B3603846F8BD15F8082C42F0020205F8B4
S214037A10082CEAE725F8022CF0E72DE9F04F4FF0A3
S214037A20000887B09946531C109B0546174614BF9B
S214037A3014460824CDF81480002B00F0C480C3F845
S214037A400080002900F0C18042688A4240F2BD806F
S214037A50073121F0070608F075FE05AACDE9008276
S214037A6082463A464B463146284600F089F9059F3A
S214037A70834607B130B9504608F05FFE192007B0B9
S214037A80BDE8F08FB7F8028029694FEAC802C0EB59
S214037A90C8080139B8F1270F296179D9B9F1000F60
S214037AA050D1864206F1080847D022463946284672
S214037AB0FFF778FF04460590A044404600F05CF9C3
S214037AC0059906F10F004A88C308A2EBD002A8F86E
S214037AD00220CA88A8F80430002A30D0D31A9BB2F2
S214037AE001EBC202A8F8063093808B88F608A380C1
S214037AF0B8F804303A46E3804146002328466680B9
S214037B0000F0A5F9AB680833AB60237843F00103B4
S214037B1023702B6901332B616288AB68504603EBF5
S214037B20C203EA68AB60934288BFEB6008F005FEC9
S214037B30109B083400201C60A1E73C46BCE7A8F86D
S214037B400620D2E707EB08042046039200F014F958
S214037B500BF10703DB080599638008F10703DB08CD
S214037B60A380CB8893B1DB00039AD81D821A5A44AC
S214037B70C2F3CF020B44E2809A80A38808F1FF3851
S214037B804FEAD808A1F80280CB80BBE7E380F4E78E
S214037B90B9F1010F1BD107F10803B3FBF4F204FBA1
S214037BA01233B3B1224639462846FFF7FBFE044696
S214037BB023783A4643F001032370214601232846DF
S214037BC000F045F9A8E7222059E7212057E7864227
S214037BD0E8D13C46ECE707B500224FF0FF3101AB96
S214037BE00192D5F73BFC019803B05DF804FB2DE941
S214037BF0F74F04460D46002900F0AB80D0E9056830
S214037C0008F0A0FD15F8082C35F8067CD30701907C
S214037C1000D537B9019808F090FD012003B0BDE800
S214037C20F08FA368D4F810A035F8049CA3EBC70E16
S214037C300AF10103A5F1080C791CC4F808E02361D6
S214037C40B9F1000F7BD0ACEBC90393F800B002F098
S214037C5002021BF0010F67D1002A66D1B3F8029027
S214037C60DA88A2EB0902012A69D1B91CAEF108022F
S214037C704944C4F810A0A26035F802ECBEF1000F28
S214037C8061D0D4E900200CEBCE0A02EB0009CA450A
S214037C9059D21CF83EC052461CF0010C15D1AEEB6F
S214037CA00707012F11D1BAF80270AAF802C00137EC
S214037CB03944BAF80670002F43D00AEBC702276987
S214037CC0013F2761A768083FA76015F8087C0139BC
S214037CD027F0010705F8087C002725F8067C59805D
S214037CE0197867F3000119707AB3C3F107011144D9
S214037CF0C1F3CF01D98091804EB3B34227D37288A4
S214037D00002A08BF1E46B8F1000F06D0434504D824
S214037D10B8F80220002A18BF43460198C4E9056351
S214037D2008F00BFD002079E74AB115F8082C494402
S214037D3022F0020205F8082C00229A809CE763468C
S214037D409AE73A46BBE70022BFE7DA80D4E71E4647
S214037D50D9E7222062E710B50446D5F797FB2146FC
S214037D60BDE81040FFF743BFFFF7F5BF0846FFF730
S214037D7032BF0846FFF7F8BF00230360436070472F
S214037D80F0B5D0E90554561C08BF0822002B4FF067
S214037D90000008BF2C46069F3860002C38D09DF89C
S214037DA014606588F60006EBC505C2F1000C207862
S214037DB0C00708D523BBE08898B104EBC0046588E8
S214037DC006EBC505F3E78D42F4D35BB904F108006F
S214037DD0B0FBF2FE02FB1E00C0B10844A842EAD87C
S214037DE03C60F0BD082A11D06088013004EBC00067
S214037DF0A0EB010E0EEA0C0EA0EB0E008542EFD2AE
S214037E00A0880028EDD0A4EBC004D8E70846E7E72F
S214037E102046E6E703460069C0B10AB951B91A68B5
S214037E2010460378DB0711D531B9C3885BB100EB85
S214037E30C300F6E79A69F3E7012904D1838823B1DF
S214037E40A0EBC300EDE700207047184670472DE906
S214037E50F041D0E90554074688461646ABB195422D
S214037E6000D00ABB424600213846FFF7D3FFB44290
S214037E70054600D02EB9424601213846FFF7CAFF11
S214037E800446C7E90554BDE8F081954208D08D4203
S214037E9028BF0D46B44205D0444538BF4446F0E7F4
S214037EA00D46F7E74446ECE79442EAD1E3E770B5BC
S214037EB000261C46C3E90001C3E90266C3E90500C0
S214037EC01E611A775E62FFF757FF23690139C908F7
S214037ED0013341802361A36830460833A360E36817
S214037EE00833E36070BD002307B5684600938DF83A
S214037EF00430D2F7E5FA03B05DF804FB10B508F0DA
S214037F0014FC044606F076FD2046BDE8104008F053
S214037F1007BC70474FF4C870D5F718BBD5F7CABB74
S214037F2000F01CB87047704708B503F039F903F042
S214037F3041F903F048F903F057F9BDE8084003F0A8
S214037F4066B9704708B503F026F903F025F903F080
S214037F5024F903F024F9FFF7F4FF08BD08B503F08E
S214037F6057F903F056F903F056F9BDE8084003F055
S214037F7059B97047012070472DE9F34112F0010506
S214037F800446884622D110F0030525D12F46520811
S214037F90BA4209D1D2F7F0FD0026B74204EB8600B9
S214037FA008D1D2F7F5FD11E054F8273001330CD190
S214037FB00137EDE7042258F826300DEB0201019352
S214037FC008F0CEFE30B1D2F7E3FD3D25284602B0D9
S214037FD0BDE8F0810136E0E70125F7E77047B0F129
S214037FE0006F0FD300F07843B3F1006F0CD000F0AE
S214037FF06040B0F1404F09D0B0F1604F14BF042089
S2140380000320704700207047012070470220704706
S214038010002070471AB111B180B2D5F7C1BD212037
S214038020704701F054BEDEF709BCFFF78FBCD0E9FA
S214038030023253F8223000211878DEF757B870471B
S21403804002F093B901F0D5BDC3688268013BDBB289
S21403805052F823305B78652B02D10020E0F796BBFD
S2140380606E2B01D10120F9E7662B01D10220F5E73B
S214038070704710B5D0E90232044653F82230187818
S21403808002F05DFAE368A268013352F82330BDE8D4
S2140380901040187802F051BA10B50446C0B2D6F7AD
S2140380A037FF200ABDE81040D6F732BFD0E90232C8
S2140380B053F822301878D7F733B802F0F0B9DFF761
S2140380C059B808B501F0B6FEBDE80840E0F74CBA6B
S2140380D0D0E9023253F82230186801F0A9BE002016
S2140380E0E0F748BB0120E0F745BB0221D6F7AEBF59
S2140380F00321D6F7ABBF0521D6F7A8BF08B50146BF
S2140381000C20D6F77FFFBDE80840D6F70DBF08B5AD
S21403811001460020D6F776FFBDE80840D6F704BF31
S21403812007B5C2688368043253F8223001211B88DE
S2140381300DF10602ADF806300023D7F70BFD03B0AA
S2140381405DF804FB08B508F0F2FBBDE80840ECF761
S214038150CFBE10B51446D8F71DF82146BDE810402B
S21403816008F0EAB808B5D8F715F8BDE808400021C6
S21403817008F0E2B808B5D8F70DF8BDE80840ECF704
S214038180CDB908B5D8F706F8BDE80840ECF7B2B99C
S2140381907047704708B508F0CAFBFFF7FAFF03F00D
S2140381A09DF8BDE80840D8F743B8704701207047EC
S2140381B00120704708B5D8F7E7F800280CBF04205D
S2140381C0012008BD70472DE9F34104460D461646C7
S2140381D01F46DDF8208008F045FC3B46324629461C
S2140381E02046CDF8008003F07AF83B46324629460F
S2140381F02046CDF80080FFF7E5FF02B0BDE8F0416A
S21403820001F065BD2DE9FF4704460D4616461F4699
S214038210BDF830809DF83490DDF838A008F022FCD5
S2140382203B46324629462046CDE9019ACDF80080E2
S21403823001F023F804B0BDE8F04701F048BDF8B5F7
S21403824004460D4616461F4608F00CFC3B463246CF
S21403825029462046DDF77EFC044601F038FD20461D
S214038260F8BD70472DE9F34104460D4616461F46F2
S214038270BDF8208008F0F6FB3B46324629462046EA
S214038280CDF8008003F02EF83346424629462046B2
S2140382900097FFF7E6FF02B0BDE8F04101F017BD17
S2140382A0704708B508F0DEFB03F01DF8FFF7F8FF8C
S2140382B0BDE8084001F00BBD012070472DE9F743E8
S2140382C004460D4616461F469DF8289008F0CAFB3E
S2140382D03B46324629462046CDF80090FFF7ECFF92
S2140382E080463B46324629462046CDF8009002F0AB
S2140382F0FBFF01F0ECFC404603B0BDE8F083012031
S21403830070472DE9F74304460D4616461F469DF86B
S214038310289008F0A7FB3B46324629462046CDF870
S2140383200090FFF7ECFF80463B4632462946204640
S214038330CDF8009002F0D9FF01F0C9FC404603B027
S214038340BDE8F083F8B504460D4616461F4608F00A
S21403835089FB3B4632462946204602F0C7FFBDE866
S214038360F84001F0B4BC00207047F8B504460D464B
S214038370164608F077FB324629462046FFF7F3FFFA
S214038380074632462946204602F0B1FF01F09FFC1D
S2140383903846F8BD38B504460D4608F063FB294653
S2140383A0204602F0A5FFBDE8384001F090BC10B5AA
S2140383B0044608F057FB204602F09BFF2046FDF7D5
S2140383C0B5F9BDE8104001F082BC704738B50446E5
S2140383D00D4608F047FB2946204602F099FF29463A
S2140383E02046FFF7F2FFBDE8384001F070BC704747
S2140383F070B504460D46164608F034FB3246294649
S214038400204602F087FF324629462046FFF7EFFF55
S214038410BDE8704001F05BBC704738B504460D46B6
S21403842008F020FB2946204602F076FF2946204620
S214038430FFF7F2FFBDE8384001F049BC70472DE96D
S214038440F34104460D4616461F469DF8208008F065
S21403845009FB3B46324629462046CDF8008002F00B
S2140384605DFF3B46324629462046CDF80080FFF79F
S214038470E5FF02B0BDE8F04101F029BC704738B50E
S214038480054608F0EFFA284600F0C4FE0446014607
S214038490284601F068FF01F01AFC204638BD38B5BF
S2140384A004460D4602F03BFF29462046FFF7E6FF4B
S2140384B038BD704738B5054608F0D4FA2846DEF7C7
S2140384C069F904460146284601F04BFF01F0FFFB1D
S2140384D0204638BD38B504460D4602F021FF29462E
S2140384E02046FFF7E6FF38BD704710B5044608F090
S2140384F0B9FA204602F015FF2046FFF7F5FFBDE860
S214038500104001F0E4BB704738B504460D4608F04A
S214038510A9FA2946204602F005FF29462046FFF71A
S214038520F2FFBDE8384001F0D2BB704770B5044691
S2140385300D46164608F096FA32462946204602F0BD
S214038540F2FE324629462046FFF7EFFFBDE87040AD
S21403855001F0BDBB704738B504460D4608F082FAF5
S2140385602946204602F0E0FE29462046FFF7F2FFA2
S214038570BDE8384001F0ABBB704738B504460D463E
S21403858008F070FA2946204602F0CFFE2946204618
S214038590FFF7F2FFBDE8384001F099BB704710B50E
S2140385A0044608F05FFA204602F0C0FE2046FFF7B6
S2140385B0F5FFBDE8104001F08ABB704710B50446CE
S2140385C008F050FA204602F0B2FE2046FFF7F5FF09
S2140385D0BDE8104001F07BBB7047704770B504469A
S2140385E00D46164608F03EFA32462946204602F065
S2140385F0A1FE324629462046FFF7EFFFBDE870404E
S21403860001F065BB704710B5044608F02BFA204608
S21403861002F091FE2046FFF7F5FFBDE8104001F09B
S21403862056BB704738B504460D4608F01BFA294674
S214038630204602F081FE29462046FFF7F2FFBDE8FA
S214038640384001F044BB7047F8B504460D4616465D
S2140386501F4608F007FA3B4632462946204602F0F4
S2140386606DFE3B46324629462046FFF7ECFFBDE843
S214038670F84001F02CBB704770B504460D4616460D
S21403868008F0F0F932462946204602F058FE3246F4
S21403869029462046FFF7EFFFBDE8704001F017BB01
S2140386A070472DE9F34104460D4616461F46DDF88E
S2140386B0208008F0D7F93B46324629462046CDF8B7
S2140386C0008002F03DFE3B46324629462046CDF862
S2140386D00080FFF7E5FF02B0BDE8F04101F0F7BA0E
S2140386E00E2070470E20704738B5044608F0BAF9D6
S2140386F02046FFF7F7FF0546204602F022FE2046F7
S214038700FFF7EEFF01F0E3FA284638BD704710B5D1
S214038710044608F0A7F9204602F014FE2046FFF7A9
S214038720F5FFBDE8104001F0D2BA002070470020E4
S214038730704738B5044608F095F92046FFF7F7FF6B
S2140387400546204602F0FFFD2046FFF7EEFF01F048
S214038750BEFA284638BD704708B508F083F902F01C
S214038760F3FDFFF7F8FFBDE8084001F0B0BA0020BC
S21403877070477047704708B5D7F7D8FE00280CBF78
S2140387800420012008BD70470B6810B5DA7B2AB9B0
S214038790DC7C1CB9D7F7EEFE204610BD8120FCE733
S2140387A008B5D7F7FFFEBDE80840D7F709BF7047FF
S2140387B0D7F7F8BED7F704BF082808D84FF48B734B
S2140387C0C34013F0010F0CBF212000207047212067
S2140387D070470121D7F7DABF0221D7F7D7BF0421A5
S2140387E0D7F7D4BF0821D7F7D1BF1021D7F7CEBF0D
S2140387F001207047D0E9023253F822301878D8F7B0
S2140388006FB9086810B5C37B2BB9C47C1CB9D8F7FD
S21403881097F9204610BD8120FCE7D0E9023253F8D1
S21403882022301878D8F7CEB9704730B505460446D7
S21403883015F8100B85B0029565691D44CDE9002532
S2140388400B46A21D618801F0EEFD05B030BD7047F2
S21403885010B492F80A4192F8053103EB04230B8116
S21403886000235DF8044B1A4601F0DBBD1FB5044632
S214038870084671B12178FF290BD0238B02936369D5
S2140388800193237C00936288A31DDDF79FFFFF23DC
S214038890237004B010BD0868C37B73B9C37C032B75
S2140388A00BD8DFE803F002080406D8F783BCD8F732
S2140388B0B3BCD8F7E3BCD8F791BC812070477047A8
S2140388C0704700207047137810B5032B0CD15479EA
S2140388D0CBB29C4208D19379B3EB112F04D15378D2
S2140388E01B1A5842584110BD0020FCE77FB50546C9
S2140388F00E4600246946E0B201F03BFD28B96A46FD
S21403890031462846FFF7DFFF18B90134202CF1D192
S214038910002004B070BDFFF7E9BF0868C37B9BB9AE
S214038920C37C052B10D8DFE803F0030D070B0905FE
S214038930D8F744BDD8F77EBFD8F7DABDD8F72ABF35
S214038940D8F7A8BED8F77CBD8120704700207047B3
S21403895030B5102587B001AA00210195FEF7C0F9AE
S21403896004462A46002102A8E3F718FC2A462146B5
S21403897002A8E3F7BDFA012102A8D9F739F907B02F
S21403898030BDD9F7C7B87047FFF7FDBF0B68DA7B72
S2140389905AB9DB7C012B04D0022B04D02BB9D9F7B0
S2140389A039BDD9F743BDD9F74DBD812070470023A4
S2140389B007B5012101A80193CEF79AFD08B9CEF7B2
S2140389C0D3FB012003B05DF804FB08B502F026FADA
S2140389D0052803D0003818BF012008BD0220FCE795
S2140389E07047D0E9023253F822301878003818BF9F
S2140389F00120DBF78FB8DBF793B800207047002021
S214038A0070477047FF207047FF207047002070476D
S214038A100020704700207047704706207047DAF73B
S214038A203DBB08B50868DBF70FF86FF0FF0008BD1D
S214038A3070B50D46044600212846164601F02CF96B
S214038A40324620800221284601F026F9324660800D
S214038A500421284601F01DF90023A360E36060604B
S214038A60082070BD034641B181424FF0640005D92A
S214038A704343B3FBF1F0C0B2704708467047DBF7D9
S214038A805DB8DBF743BEDBF74DBFB0F5807F05D09F
S214038A90A0F50073584258414001704708207047BC
S214038AA030B599B00D4669461446DBF79FFE30B9DC
S214038AB015B1BDF802302B600CB10D9B236019B0C5
S214038AC030BD2DE9F04F89B00F46914604A905AA9B
S214038AD080461E46FFF7E4FF044630BB30800DF1A8
S214038AE00C0ADDE904B39B451FD2062259464046CD
S214038AF0CDF800A006ABDBF795FED0B9039B062B9B
S214038B0017D13588DDF81A304D450DD2BDF818203B
S214038B1027F83520358807EBC50253605B440135DB
S214038B20063335800493DCE7F8D9204609B0BDE860
S214038B30F08F0124F9E72DE9F0418EB00E46174673
S214038B4001A9002204469846FFF7AAFF70B9062239
S214038B5020460DF1020302A9FFF7B3FF30B905461D
S214038B60BDF80210019CEBB28B4201D301200CE04E
S214038B700EAA02EBC30353F82C2C33F8303C06340E
S214038B80B34205D13C60C8F800200EB0BDE8F081C2
S214038B9001351444E7E770B50024012602F018F9FE
S214038BA0E5B2C26806FA05F59542234604F10104C8
S214038BB0F4D3D8B270BD70B586B0DBF757FC00F1BE
S214038BC01006E1F73FF800240546142201A93019E0
S214038BD002F005F91CB99DF80430FF2B16D00023CC
S214038BE003F118026A4412F8142CFF2A06D11C4417
S214038BF0601E90FBF5F080B206B070BD2B44DBB26E
S214038C00132BEDD91434B4F5826FDED14FF0FF3059
S214038C10F2E7DBF767BA07B504220DEB020102F0B1
S214038C20DEF8019803B05DF804FB37B50546084641
S214038C300C46FFF7F0FFA84206D0042220460DEBB1
S214038C4002010195E1F750F803B030BD07B50B46B6
S214038C500092002102460120DBF7D0FA03B05DF84C
S214038C6004FB08B50121DBF707FABDE80840E1F786
S214038C70E9B9DBF74BBD08B5FFF7F3FF002008BDE6
S214038C8008B513460A4601461846DBF74BFB80F049
S214038C900100C0B208BD00207047704708B1DBF77B
S214038CA057BE704730B4DDE902451DB1029430BCAF
S214038CB000F0A8B930BC70471F2804D8142200F56A
S214038CC0A030D5F735B870471F2804D8142200F50E
S214038CD0A030D5F759B87047152808B505D1FFF762
S214038CE0DCFFBDE80840DBF773BF08BD7FB5142281
S214038CF0002101A8E3F752FA2023142201A94FF416
S214038D00A03001F057FC07B05DF804FB0020704765
S214038D1013B500230C461A460146CDE90033E0B2EC
S214038D20DCF70CFD02B010BD13B50023144601900A
S214038D3001220093E0B2DCF701FD02B010BDD0E9DA
S214038D40023253F822301868DCF770BE1944914299
S214038D500ADC4218002003B9704712F8011D013BD4
S214038D6001EB0020DBB2F6E7002070472DE9F04F59
S214038D7007460E4614464FF0000A85B00093009B44
S214038D801A785FFA8AF39A4203D8002005B0BDE842
S214038D90F08F009A07EB040802EB430393F8019065
S214038DA093F802B019F0400309F03F0504D06319A5
S214038DB0B34217DC2B4634E0042D07D865B1AB1E4F
S214038DC0022B0BD8DFE803F01F3746003E2D4DD0AD
S214038DD03F2D5FD03D2D61D00320D7E7B4424FF03F
S214038DE00105E7D319F0800F65D00E9B2A4603EBE7
S214038DF00B000021E3F7D2F93446002323449CB248
S214038E000AF1010ABBE7A31CB342EBDC022332469A
S214038E1021463846FFF79AFF0223ADF80A000DF104
S214038E200A0801930E9B2A4603EB0B004146E3F721
S214038E3053FB019BE2E7E31CB3423ADC03233246CF
S214038E4021463846FFF782FF0425032303900DF1DE
S214038E500C08E6E7231DB342C4DC0423324621464E
S214038E603846FFF773FF04230390F0E7731E9C4214
S214038E701FDA0223324621463846FFF767FF4FF6CE
S214038E80FF7380B298420EBF0223023083B21A19D0
S214038E9096420EDB0E9A42F80B80AFE7B44208D236
S214038EA098F80030FF2B0CBF01230133E218B242BF
S214038EB0F0DD042596E7022068E710B5144686B071
S214038EC01A4618810A9B0291CDE9034301230193B5
S214038ED0099B014600930320BDF82030DCF7CAFE49
S214038EE006B010BD1FB500240294079C0194BDF87C
S214038EF018400094FFF7E1FF04B010BD2DE9F041E0
S214038F000E461746054686B098B391B38AB34FF01C
S214038F10000802A95FFA88F001F02BFA044640B96C
S214038F209DF80830032B08D008F10108B8F1200F8C
S214038F30EFD1204606B0BDE8F0819DF809202B79D5
S214038F409A42F1D1BDF80A206B889A42ECD19DF87B
S214038F500C30BDF80D006B7128812B4622464FF668
S214038F60FF71CDE90067FFF7BDFF0028DCD004469C
S214038F70DFE72124DDE710B586B00A9C04949DF84C
S214038F8024400394BDF8204002940124CDE9003424
S214038F9013460A4601460620DCF76CFE06B010BDF3
S214038FA01FB504460846194600230094CDE901235D
S214038FB0079BBDF81820FFF7DEFF04B010BDF0B521
S214038FC0022805460E4614461F468BB00AD106A94C
S214038FD0F0B201F0CEF998B99DF8193023719DF8D7
S214038FE01C306371119B224604930023CDE90233A0
S214038FF00193109B3146009328463B46DCF73AFE26
S2140390000BB0F0BD13B500240194049C0094FFF745
S214039010D6FF02B010BD2DE9F04506468846144635
S2140390209A46002701258BB006A9F8B201F0A1F9EC
S21403903020BB9DF81830012B19D19DF819203379E0
S2140390409A4214D1BDF81A2073889A420FD19DF81C
S2140390501C3032467371B9B2CDE9030ACDE901007B
S214039060434602200094DCF705FE054610B9013797
S214039070202FD9D128460BB0BDE8F0850546F9E781
S2140390800023FFF7C8BF10B50446DDF7CBFB00216E
S214039090631E04F10F0213F8010FFF2808BF1970AF
S2140390A09342F8D10023237410BD0020704770B597
S2140390B006461D46DDF72CFA044608B9212070BD86
S2140390C03046DDF7F1FC0028F8D0A0682A46FF21D9
S2140390D0FFF73FF89DF81030002063719DF81430B9
S2140390E0A371ECE713B59DF81040CDE900341346A1
S2140390F00122FFF7DCFF02B010BD08B5DDF708FA62
S21403910028B18068FF21FFF735F8002008BD21202D
S214039110FCE70122FFF7F1BF1FB50B466A4601467F
S214039120184601F01CF96A460823002032F8021B91
S214039130013B13F0FF0380EA0100F7D1012838BF93
S214039140012080B205B05DF804FB2DE9F04F87B02F
S214039150DDE9109B05468846484619461F461446D1
S214039160BDF848609DF84CA0FFF7D6FF042D0346D4
S214039170ABF800001AD8022D1DD9042D07D04FF2E4
S214039180F222A188914222D1E28891071FD5E17A83
S2140391900022CDE9013720463346CDE90392CDF8C8
S2140391A000A001F031F907B0BDE8F08F6A1F012A6D
S2140391B011D92120F7E700224146CDE9119228462E
S2140391C02246109707B0BDE8F04F01F02CB94FF6D2
S2140391D0FF760C21DCE7052D0ED10023E17A002271
S2140391E0CDE90137CDE90392009123465246414625
S2140391F0304601F0FCF8D6E74FF2F222A1889142FE
S21403920004D1E288920701D5E17AE8E74FF6FF76C4
S2140392100C21E4E7F0B585B00546DCF73DFE48B122
S2140392206B88B3F5006F05D1681D05B0BDE8F04047
S21403923000F0CCBC284600F0E0FC0446C8B9E7B210
S2140392406946384601F095F878B99DF8006066B926
S2140392502946384601F091F820B140F60443984277
S21403926007D08C26304605B0F0BD0134202CE6D15D
S214039270F7E78D26F6E7DCF7F3BF2DE9FF4704464D
S2140392800D460146184617461E46BDF830809DF823
S2140392903490DDF838A0D7F7D1FDD0B9214628465B
S2140392A001F011F933463A4629462046CDE9019A9C
S2140392B0CDF80080DDF776F833463A462946204651
S2140392C0CDE90D9ACDF8308004B0BDE8F04702F042
S2140392D008B804B0BDE8F087DDF70CBADDF7C4B90B
S2140392E0DDF7E8B910B5044601F0F9F8082201469F
S2140392F02046BDE81040E2F7FBBD01F0F2B80021BE
S21403930001F0EFB801F001B9002070472020704744
S214039310EAF7AEBDEAF7F8BDEDF79ABA7047DDF7A0
S21403932035BB70B506460C46154600F04CF850B1F2
S2140393303CB135B1204600F0B5FC013080B2A842FE
S21403934000D9002070BD304600F043F840B1002C31
S214039350F7D0012DF5D9204600F0A9FC0230EDE741
S2140393603046DDF773FAEAE7F8B5BDF8185010B3E0
S214039370967855B9D478A6F14107012F07D8621E0F
S214039380D2B200F0AEFD0020F8BD2C46F3E7433E14
S214039390012E04D8A21E92B200F0BBFDF3E7D278EA
S2140393A013B90DB1AA4206D811B9E2F7F7FEEAE7F8
S2140393B0E2F79EFDE7E78920E6E7413803288CBFFE
S2140393C0002001207047413801288CBF002001206F
S2140393D07047433801288CBF0020012070470020C7
S2140393E070470020704702884B8893420BD1007B5E
S2140393F00A7910400AD0B3F57C4F06D30889B0FA31
S21403940080F04009704700207047012070470988A4
S214039410D388994208D10388B3F57C4F06D21089C6
S214039420B0FA80F04009704700207047012070476B
S2140394302DE9F04715460446B8B149B1EAB100260E
S2140394404FF0140AB04690F80490F3B2994501D849
S21403945000240AE027680AFB06773846FFF7C3FFAF
S214039460013628B13C46A5F800802046BDE8F087C3
S2140394707B8943441FFA83F8E7E71446F5E72DE9AB
S214039480F84F0F4616460446D0B159B132B34FF0E3
S21403949000084FF00C0BC146B0F808A01FFA88F37B
S2140394A09A4501D800240BE065683A460BFB08553D
S2140394B020462946FFF7ABFF28B12C46A6F80090B6
S2140394C02046BDE8F88F2B7908F1010813F0300F1A
S2140394D002BFEB784B441FFA83F9DFE71446EFE746
S2140394E0F0B587B00E4614461F4604AA05AB03A97B
S2140394F00546DDF781FA08B30EB1049B3360FCB171
S214039500049E002233886988287800F03EFBC8B1A1
S214039510327912F010030AD0F3783246CDE90043CD
S214039520002369882878FCF7EDF807B0F0BD3246CB
S214039530204605990097FFF717FFF6E78620F4E71E
S2140395402046F2E77E20F0E71FB51C460023ADF861
S2140395500A20BDF818208DF80400ADF80610ADF803
S2140395600C2069461A4601A800938DF80840FFF7B9
S214039570B7FF009804B010BD70B586B00D4605ABB6
S21403958004AA03A90446DDF737FAE0B1049E0022D5
S21403959033886188207800F0FAFAB0B1337913F093
S2140395A0100308D000950023324661882078CCF754
S2140395B05BFD06B070BD009332460123294605982D
S2140395C0FFF7D2FEF5E78620F3E77E20F1E7F0B556
S2140395D0054600244FF0140E90F804C0E0B284450C
S2140395E001D8002011E00EFB04F62F68B819BE5B05
S2140395F0B14210D12AB1802A08D190F90C70002FFD
S21403960009DAB6F57C4F00D32BB9F0BD402A02D158
S214039610077B7F06F5D40134E0E70121DDF728B99F
S21403962008B513460022DDF751FA003818BF0120AB
S21403963008BD08B513464022DDF748FA003818BFC0
S214039640012008BD08B513468022DDF73FFA00382F
S21403965018BF012008BD08B540220023DDF736FAFF
S214039660003818BF012008BD08B580220023DDF7A7
S2140396702DFA003818BF012008BD0023DDF726BAEF
S2140396800021DDF793BA10B504460121DDF78EFA03
S2140396902046BDE8104001F058BE7047F8B51646A0
S2140396A01F469DF81820BDF81C300546DDF70EFA58
S2140396B078B10421DDF7F4FA044650B1284600F0E9
S2140396C012FB3A4631462846A047BDE8F84000F06C
S2140396D0FEBAF8BD2DE9F74F1E46DDE90C9B07469B
S2140396E088461446BDF838302AB3B9F1000F22D0A5
S2140396F00EB392F804A099F80020504612F0080F13
S2140397000CBF802240226188DDF7E0F998B108217A
S214039710DDF7C6FA054670B1504600F0E4FA334664
S214039720224641463846CDE9009BA84703B0BDE82C
S214039730F04F00F0CCBA03B0BDE8F08FF8B5BDF833
S214039740187016461A463B460446DDF7BFF9E0B1E5
S21403975077B90221DDF7A4FA0546B0B1204600F03A
S214039760C2FA31462046A847BDE8F84000F0AFBA33
S2140397701021DDF795FA054638B1204600F0B3FA16
S2140397803A4631462046A847EEE7F8BD73B5BDF81E
S214039790184016461A4623460546DDF797F9B8B12C
S2140397A0C4B92021DDF77CFA044670B1284600F0E0
S2140397B09AFA099B3146009328469DF820309DF877
S2140397C01C20A047044600F082FA204602B070BD73
S2140397D08624FAE70024F8E72DE9F0418668044674
S2140397E0007800F080FA002514273279EBB29A420B
S2140397F003D8BDE8F04100F06ABA7B4332682078AC
S214039800D15A02EB030800F0C4F901214046DDF704
S21403981047FA034608B1207898470135E5E72DE96E
S214039820F04F1C4689B09DF84C30BDF84880019334
S2140398309DF85030924602932246434607460D460D
S214039840DDF744F98DF814700646ADF816508DF81A
S2140398501840ADF81AA0ADF81C8018B9012009B05D
S214039860BDE8F08F05A9FFF7BEFD0028F6D000255A
S2140398702F46A8462C4634E00C231FFA85F903FB33
S21403988009F932887368B2F57C4F03EB090B1AD3D8
S21403989033F8090050452ED3019BA3422FD900F07D
S2140398A0BEF99BF80200DDF7A7FE029B43B19BF8C7
S2140398B0043013F0010F0CBF05200720DDF79CFED4
S2140398C00134A4B21BE033F809205946ADF81A2038
S2140398D0304605AA0393FFF79AFD039B0028D7D1CA
S2140398E001353289ABB29A42C6D804EB0800C31BD3
S2140398F058425841B3E708F101081FFA88F80137C0
S214039900BFB2EDE710B5012488B006949DF83C403D
S21403991005949DF8384004949DF8344003949DF8CC
S214039920304002940B9C0194BDF828400094DDF768
S214039930FBFA08B010BD2DE9F04786B0BDF83880B5
S214039940DDF83C909DF840A0CDF80080CDE9019A63
S21403995004460D4616461F4600F015F9B8B1431ED9
S214039960DBB2012B10D800230122811E4842484156
S214039970CDE90432CDE902A03B46324629462046CD
S214039980CDE90089FFF7BEFF06B0BDE8F0870120EA
S214039990FAE730B50024012587B0CDE904450395E1
S2140399A09DF82C5002950A9DCDE90045FFF7AAFFC6
S2140399B007B030BD30B50024012587B0CDE9044596
S2140399C003959DF828500094CDE901354023FFF711
S2140399D099FF07B030BD10B5012486B0CDE9044425
S2140399E0002403949DF828400294099C0194BDF832
S2140399F020400094FFF786FF06B010BD1FB5089CF5
S214039A0003949DF81C400294069C01940024009441
S214039A10DDF786FB04B010BD704702292DE9F84F29
S214039A200746884604D84FF0000A5046BDE8F88F2C
S214039A300C9D1BBB01240270DEF792FE4FF000095B
S214039A409DF82830385504F1020A01343B550B9A29
S214039A505FFA89F3D45C002CE7D0732C18D82E4613
S214039A604C2C56F804BB46D0532C1DD0622C4DD13B
S214039A70AC8805F10806002213461EE00429D2D955
S214039A8042F0040243701B0A032402708370D3E778
S214039A90A4F17503032BC6D8763C2E1D022C52D890
S214039AA0DFE804F0565A58006B6805F108069CB2C6
S214039AB0DBB2B3F1FF0218BF01220AEB0401114423
S214039AC08845B0DB50461146002949D102EB0A030C
S214039AD01FFA83FA5CB1BBF1000FA4D0224607EB52
S214039AE00A005946E2F7F8FC54441FFA84FA35464E
S214039AF009F10109ABE74FF6FF726B6805F108063B
S214039B009CB29442234629D00222D6E76C2C05D178
S214039B10584600F0CCF8841CA4B2ACE7732C04D1EE
S214039B20584600F0BFF8441CF6E7A4F13003DAB257
S214039B30092A01D89CB29EE7A4F14103062B3FF6FF
S214039B4072AF373CE8E7012200242B68A346B4E74C
S214039B500222F9E70322F7E70422F5E70022ACE73F
S214039B6000F1010C01393B54C9B21B0A1FFA8CF0F1
S214039B70AAE70020DDF7C8BC0022DDF7E5BC00231A
S214039B80DDF7F8BC704701207047012070470120BD
S214039B9070477047002070470020704700207047CA
S214039BA000207047002070470020704770470E2043
S214039BB07047002070470020704700207047002041
S214039BC070477047FF2070470E2070478420704709
S214039BD0704770470020704700207047002070478A
S214039BE00020704700207047002070470020704711
S214039BF070470E207047002070470020704770475C
S214039C000020704770477047704770470E207047B4
S214039C10704700207047812070477047704738B5FB
S214039C200546C0B2DDF7E8FC0446280ADDF7E4FC87
S214039C3014B1002808BF0024204638BDF8B50546F1
S214039C40C0B2DDF7D9FC0446C5F30720DDF7D4FC24
S214039C500746C5F30740DDF7CFFC0646280EDDF7BB
S214039C60CBFC24B12FB136B1002808BF0024204610
S214039C70F8BD3C46FBE73446F9E710B4CC189442EB
S214039C8003DC5DF8044BFFF761B800205DF8044B76
S214039C9070470423FFF7F1BF08B50223FFF7EDFF74
S214039CA080B208BD0078FF2808BF0020704708B5BB
S214039CB002220021FFF7F0FF4FF6FF73984208BF1A
S214039CC0002008BD003818BF012040007047002060
S214039CD0704708B5FFF7A1FCFF284FF0FF3018BF09
S214039CE00020C0B208BD08B5FFF7F3FFFF280CBF7E
S214039CF02120002008BDF8B506460C4615461F462B
S214039D0000F011F810B12544AC4200D1F8BD394635
S214039D10304614F8012BDDF75DFDF5E7014600221A
S214039D200220DDF7EBBC0120704737B50546DBF7AD
S214039D307FFF044601950CB981201CE0237823B1EC
S214039D402046DBF77DFF0446F5E72B6862685B88F1
S214039D509A42F5D1A368EA7B99B272B12A8A9142F4
S214039D60EED16A7DB2EB134FEAD10020E36801A976
S214039D7098478128E4D003B030BD4FF6FF72EEE774
S214039D802DE9F84304460F46904699460BB3012A3D
S214039D901FD80C20E2F7D4FC064610B91920BDE8FC
S214039DA0F8831020E2F7CCFC18B93046E2F7D0FC73
S214039DB0F4E70123002547EA084770600570C0F8FA
S214039DC00C904460876033803046DBF729FF2846D3
S214039DD0E5E72120E3E738B50446436808460D4621
S214039DE09847B4F90830002B02DB2B78042B06D1F6
S214039DF0002320466360BDE83840DEF78DB838BDE3
S214039E0030B54FF48A5587B0ADF816200DF1160419
S214039E101A46029543B100230122CDE900332346B7
S214039E2000F01BFA07B030BD019401240094F7E755
S214039E30FFF7EBBEFFF7BDBE0020704708B500F086
S214039E4012FB20B900F059FB08B9DBF78DF8FFF7D2
S214039E50CFFEBDE80840FFF7DBBE0020DEF7C2BC3E
S214039E600021DEF75FBD0022DEF71EBD1FB5D288D8
S214039E700B4612F0200F4FF6FD7114BF49245224EF
S214039E80ADF80610510544BF083CE4B2110544BFC3
S214039E90083CE4B2120444BF023CE4B2032805D8EB
S214039EA0DFE800F0020F161CADF80630BDF806001A
S214039EB0FFF788FEFF281CBF241AE4B2204604B02E
S214039EC010BD02AA0DF10601D8B200F08AFAEDE73A
S214039ED0D8B200F050FAADF80600E7E7013CE4B26A
S214039EE0E4E7F8B5064617460D4681B10C78FF2C15
S214039EF00BD00846FFF7D6FEB84228BF3846C4B292
S214039F002246691C701CE1F7F3FF3470F8BD0C465B
S214039F10FBE770B5044615460E4611B9417001704D
S214039F2070BD0B78FF2B05D14B78FF2B02D1037046
S214039F304370F5E73046FFF7BAFEA84228BF284627
S214039F4085B22A46B11CA01CE1F7D2FF25702D0A64
S214039F506570E5E7F0B523B9013A531C2FD100200D
S214039F6020E0042AFBD800231C46551E6E1C1AD17B
S214039F70042A10D00121D200501E01FA00F020421C
S214039F801EBF914049420C4318421EBF4FF0FF319B
S214039F9001FA02F213439C421EDCB4BF4FF0FF30BB
S214039FA0002040B2F0BD40B1465DEF00BE403443F2
S214039FB04E5D013DBE403343D8E70646F5E78C5C6D
S214039FC038B90346A34202F1FF32C6D24FF0FF3040
S214039FD0E8E7835CA342F5D90120E3E7283807289E
S214039FE08CBF0020012070471D2810D004D840B134
S214039FF01C2804D0552070471E380128FAD81A2981
S21403A00001E00B390F298CBF552000207047082923
S21403A010F9E7002000217047F7B59DF82040054674
S21403A020082C104619469DF8246036D8002213469D
S21403A0302C44AC4208D106F0FD04382C0ED1009611
S21403A040FFF7E7FF03B0F0BD14F8017D1B0243EAF8
S21403A05012631202BA1843F10003EAE7392E10D14D
S21403A06007EE100A07EE902AB4EEE77AF1EE10FA3E
S21403A070CCBF77EE677A77EEC77A002117EE900AA1
S21403A080E0E7824273EB010403D2801A61EB03011B
S21403A090D8E7101A63EB0101D4E700200146D1E7A5
S21403A0A038B5C36814461944836853F821501AB167
S21403A0B02846E1F7EFFE2070284638BD2DE9F34128
S21403A0C01D4617460DF107029DF82040FFF7E8FFEF
S21403A0D09DF807608046AE4228BF2E460CB1AD1BE6
S21403A0E0ECB2224600213846E2F758F8324641469B
S21403A0F03819E1F7FDFE304602B0BDE8F0812DE9E0
S21403A100F3411D46174601AA9DF82040FCF7E8FDDB
S21403A110019E8046B5423CBF2E46019504B1AC1B5A
S21403A120224600213846E2F739F8324641463819C6
S21403A130E1F7DEFEF0B202B0BDE8F08173B50024AD
S21403A140154601AA1E460194FCF7CAFD019B072B80
S21403A1500AD92146CCB216B1C4F10704E4B2425C74
S21403A160013108292A55F5D1D8B202B070BD1FB502
S21403A170030A8DF80E300323009303AB8DF80D000E
S21403A18000F0BCF805B05DF804FB1FB58DF80F10A2
S21403A1900421030A8DF80E30009103AB8DF80D00F1
S21403A1A000F0ACF805B05DF804FBF0B589B01668AE
S21403A1B09DF83C50CDF809608DF811305668BDF80F
S21403A1C03830012D109FBDF84440CDF80D60ADF832
S21403A1D012308DF8145014D0032D19D13B68CDF8E6
S21403A1E015307B68CDF819309DF848308DF81D3052
S21403A1F016230093BDF84C2002AB00F07FF809B09D
S21403A200F0BD8DF81540240A0F238DF81640F0E7AD
S21403A2100120F4E71FB50446084611461A460223F2
S21403A2208DF80D100093214603AB00F067F804B0D9
S21403A23010BD10B514461A460B6886B0CDF80D301F
S21403A2404B683421CDF811300A23009303AB8DF805
S21403A250154000F053F806B010BD2DE9F041054651
S21403A260B6B00F4616461C469DF8F080DEF774FD22
S21403A2702B0A03A98DF80C008DF80E3008462346EA
S21403A2808DF80F703F0A8DF8116072008DF80D502F
S21403A2908DF8107004EB4606B34201F102011FD19C
S21403A2A0D2B2931DDBB23D99D8336B44073203F821
S21403A2B0CC8C4FEA4806D3B201EB480850FA82F238
S21403A2C0414502F1020211D133440090062128468B
S21403A2D0BDF8F820DBB2DEF749FD36B0BDE8F08105
S21403A2E033F8024B0C71240A4C71D5E731F8024B54
S21403A2F002F8024C240A02F8014CE1E72DE9F0418A
S21403A3001C4605460E4617469DF81880DEF724FDC4
S21403A310207043463A46314628460694BDE8F04147
S21403A320DEF724BD002070477047D3F76BB808B537
S21403A330E9F79CF8002840F6124018BF002008BD35
S21403A34070477047704770477047704770470020E4
S21403A350704770477047002070477047704702F099
S21403A36068BFFEF7B7B8FEF79AB803F0D9BAF5F7A1
S21403A370DBB803F0C6BAF5F795B8F5F7FDB8F5F709
S21403A380B7B8FEF779B9FEF75FB910B49DF8044085
S21403A39001945DF8044BFEF752B8FEF7A6B8FEF735
S21403A3A0B3B8F0F77FBFF0F783BFEEF7EFBAEEF779
S21403A3B0F3BAEAF777B9FEF7F2B8FEF7B7B8FDF7E0
S21403A3C002BFFEF7DAB8FEF7C6B830B4BDF80840E9
S21403A3D09DF80C50CDE9024530BCFDF713BFFDF7E1
S21403A3E0B1BFF5F73BBADEF711BDF5F701BB70B4A5
S21403A3F09DF80C40BDF810509DF814600394CDE909
S21403A400045670BCF1F768BF70B49DF80C40BDF8F5
S21403A41010509DF814600394CDE9045670BCF1F710
S21403A4209BBFF2F785B810B49DF8044001945DF81D
S21403A430044BF1F7D5BF10B49DF8044001945DF8C2
S21403A440044B01F0BCBF01F0BCBFFDF7BFBFFDF777
S21403A450CFBFFEF75CB9FDF7E0BFECF7A9BDEDF79C
S21403A46001BDEDF7D3BCECF7CDB902F053BBECF767
S21403A47085BF02F0A9BBEDF711B9ECF775BCEDF794
S21403A480F7BCEDF773BCEDF78FBCEBF737B8FEF709
S21403A49008B9FEF7A3B8FEF7B6B8FEF7C3B800F0E0
S21403A4A036BC00F02FBCF3F7F9BFF1F745BDF3F761
S21403A4B0D3BFF4F7F9B8F1F70FBDEAF7DFB8F3F750
S21403A4C099B9FFF732BFFAF7B7BCFEF745B9FDF700
S21403A4D06EBFFEF773B801F022BDDEF7F5BBEAF7F1
S21403A4E0F5BDEAF79FB901F0DEBF01F0B5BFEAF7A5
S21403A4F0EDB9EAF73BBDEAF765BDEAF75BB9DEF708
S21403A500FFBBDEF711BCDEF7E9BBEAF7FBB8DEF705
S21403A510EFBBF6F701B901F09DBF01F064BFEAF7A0
S21403A520F7B8EAF7BDBDEAF74DB910B4BDF8044075
S21403A53001945DF8044BFDF795BEDEF791BCDEF79C
S21403A54083BCF5F789BEF6F7C1B803F0FCBA03F08F
S21403A55002BBF5F7F9BEF6F7D9B800F06DB900F00F
S21403A560ABB900F0D3B900F0B9BA00F029BB00F0DC
S21403A57092BADFF78DB900F0F0B900F01DBA00F01B
S21403A58033B810B51C4601F0EEFD06F0A6FA00231C
S21403A590000A237000F0020010BD002208B50B4627
S21403A5A01146FFF7EEFFC0F3400080F0010000F015
S21403A5B0010008BD002070477047B1FA81F04009DA
S21403A5C070470120704770477047002070477047F8
S21403A5D00020704770470E20704701207047704771
S21403A5E0012070470120704714220021E1F7D6BDF1
S21403A5F0704770B505460C468AB0252200210DF13A
S21403A6000300E1F7CBFD6B68CDF81D30AB68CDF8E2
S21403A6102130234601AC03F1100622461868596818
S21403A620083303C2B3421446F7D101236A7B8DF87D
S21403A630023012F0040F0CBF4FF480734FF4A07374
S21403A640110748BF43F48063ADF80030930748BF53
S21403A650BDF80030684644BF43F00803ADF8003049
S21403A660F1F742F90AB070BD30B5427B0D46D1070B
S21403A67004468BB007D5407801A9F1F79FF9D8B106
S21403A6802D200BB030BD9307FAD5C2F38003100715
S21403A6904FEA8313ADF8023044BF43F48063ADF84A
S21403A6A00230BDF80220201D0AB10DF1020201A9F5
S21403A6B002F0DCFD0028E3D001AB03CB9DF8143099
S21403A6C0A1602373BDF810306060590642BF627BF9
S21403A6D042F0040262735A0542BF627B42F00802EC
S21403A6E062731B0742BF637B43F0020363732B460D
S21403A6F006AC224603CA59600AA98A421860144661
S21403A70003F10803F5D10020BBE7F0B504460D4678
S21403A71093B0252200210DF12300E1F73FFD636886
S21403A720261DCDF83D30A3680DF1240CCDF841303D
S21403A7302B4605F11007624618685968083303C2AA
S21403A740BB429446F7D105238DF82230637B6178AC
S21403A7505B0103F40073FF29ADF8203018D1002302
S21403A76001A91A46304600F0D6F99DF80510FF29D0
S21403A7700DD1002301A91A46184600F0CCF99DF81E
S21403A7800510FF2903D11C26304613B0F0BD6170B7
S21403A790002008AA00F0B4FA06460028F4D1607830
S21403A7A001A900F03EFA2B4603AD2A4618685968FD
S21403A7B0083303C2BB421546F7D1637B6078DB06DA
S21403A7C048BF9DF81C3001A944BF63F07F038DF892
S21403A7D01C3000F03DFAD7E710B504468AB02422B1
S21403A7E0002101A8E1F7DAFC637B590744BF402246
S21403A7F0ADF810201A0742BFBDF8102042F480625D
S21403A800ADF81020DB070FD5607801A9F1F7D6F86D
S21403A81010B12D200AB010BD01AB03CB637B606083
S21403A82043F00203A160637304A9201D02F020FD18
S21403A8300028EED00020EDE71FB5694600F066F865
S21403A840002818BF2D2005B05DF804FB73B50D4630
S21403A85014460646DEF744FC6B881A071AD52246CA
S21403A8603146102002F0E5FC2046DEF739FC6B8803
S21403A870D90717D50023224601210DF107008DF8CD
S21403A8800730DEF701FF6B88002B0CBF212000206A
S21403A89002B070BDDE06EAD522460821281DDEF783
S21403A8A0F3FEE1E79A0701D50223E4E75B07EAD55F
S21403A8B00323E0E70F2070471FB50C46694600F0F8
S21403A8C025F8102221466846E1F7BAFCB0FA80F074
S21403A8D0400904B010BDB8B1B1B14388A3B9037839
S21403A8E0013B082B10D8DFE803F00507090B0F0F11
S21403A8F00F0F0D00DEF7CABDDEF724BEFFF779BEE5
S21403A900FFF703BFDEF7B0BF2120704738B50D460B
S21403A91009B300B30378013B082B1AD8DFE803F02A
S21403A920050D1013191919191600DEF7E7FD04466D
S21403A930284602F09BFE204638BDDEF723FEF6E7E8
S21403A940FFF792FEF3E7DEF753FEF0E7DEF796FF38
S21403A950EDE72124ECE72124EDE770B586B0064643
S21403A96001A80C461546FFF73FFE04238DF8043076
S21403A9701CB12068616802AB03C3294601A88DF8A1
S21403A9800560FFF7A8FF06B070BD70B586B0044635
S21403A99001A80D461646FFF727FE032320686168C5
S21403A9A08DF8043002AB8DF8116003C3294601A865
S21403A9B0FFF791FF06B070BD0022FFF7E6BF30B584
S21403A9C085B00D4669460446FFF7A0FF20B92A4620
S21403A9D021466846FFF73AFF05B030BD30B5437BE6
S21403A9E0044613F001020D468BB007D0407801A948
S21403A9F0F0F7E4FF70B12D200BB030BD9B07FAD5FE
S21403AA00ADF8022001A90DF10202043002F02EFC7B
S21403AA100028F0D000210E22A81CE1F7BFFBBDF8EA
S21403AA2010302B80039BAB60BDF81230AB819DF8D2
S21403AA301430237301AB03CB6060A1600020DBE717
S21403AA4070B5437B0446DB070E468AB003D42D2538
S21403AA5028460AB070BD6946407800F04DF90546B1
S21403AA600028F4D1DDF81D300E226360DDF82130B6
S21403AA700146A360637BB01C43F002036373E1F7F4
S21403AA808DFBBDF80030069A43F004033380059B24
S21403AA90B2607360DCE70B4610B504461022002153
S21403AAA01846E1F77BFB2278032A09D0042A0DD047
S21403AAB0022A11D101462046BDE81040DEF744BF06
S21403AAC001462046BDE81040FFF788BF01462046F2
S21403AAD0BDE81040FFF7B4BF262010BDF8B5074603
S21403AAE008460C4616461D46FFF77EFD04232370D4
S21403AAF0637B314643F00103204667706373FFF7B9
S21403AB0005FF08B12D20F8BD29462046FFF7C3FFF1
S21403AB100028F8D0F6E7F8B5054608460C461F4663
S21403AB201646FFF761FD0423237025B10822294644
S21403AB30E018E1F7DDF9637B43F0020363734EB974
S21403AB4032460121284600F0E4F8FF28607007D15A
S21403AB502D20F8BD31462046FFF7D8FE0028F7D152
S21403AB60637B43F0010363730DB90020F1E7002F05
S21403AB70FBD039462046FFF78EFFF6E7F8B50C46BE
S21403AB800746084616461D46FFF72EFD03232046B6
S21403AB90394600F8043B0822E1F7AAF9637B3146FD
S21403ABA043F0020320466373FFF7B0FE08B12D207F
S21403ABB0F8BD29462046FFF76EFF0028F8D0F6E7D3
S21403ABC0F8B5074608460C4616461D46FFF70CFD25
S21403ABD003232370637B314643F0010320466770EB
S21403ABE06373FFF793FE08B12D20F8BD2946204670
S21403ABF0FFF751FF0028F8D0F6E718B180220121AD
S21403AC0000F087B8FF207047002307B51A46194699
S21403AC100093F2F723FCB0FA80F0400903B05DF826
S21403AC2004FB0B4610B519220446FF211846E1F72C
S21403AC30B5FA7E2C01468CBF04F5C43004F5833088
S21403AC404FF01902BDE8104088BFAD30D3F770B897
S21403AC507E2888BF00F5C4304FF0190294BF00F574
S21403AC608330AD30D3F790B830B589B00D46FFF7D3
S21403AC70C4FFFF2804460DD001A9FFF7D2FF2868BA
S21403AC80696801AB03C3204601A9FFF7E1FF002073
S21403AC9009B030BD2D20FBE7704770470020704792
S21403ACA070470F20704770479DF8000070470F20CD
S21403ACB070470F207047002070470F207047002012
S21403ACC070470020704784B08DE80F00002004B062
S21403ACD070470020704770477047002070477047E2
S21403ACE00020704770470020704701207047704768
S21403ACF000207047012070470E207047FF207047E2
S21403AD000E2070470E2070470020704770470E20B5
S21403AD107047FF20704770477047002070477047A2
S21403AD207047704700207047704700207047002028
S21403AD307047002070477047704700207047704781
S21403AD40002070470020704770470020704710B5FA
S21403AD500024E3B210B9C3F10303DBB20134042CBD
S21403AD60CA544FEA1222F4D110BD10B50B784C78B2
S21403AD708A78C97828B910462246044608461946F2
S21403AD80034642EA012043EA042343EA004010BD97
S21403AD907047DEF78BBE08B5CCF7E8FA002814BF79
S21403ADA08620002008BD08B5CCF7B0FC003818BFD5
S21403ADB0012008BD08B5CCF769FC003818BF012090
S21403ADC008BD08B5CCF7EEFC003818BF012008BD57
S21403ADD008B5DEF74BFFBDE80840DEF7F9BE70B5F1
S21403ADE004460D461646DEF741FF0420DEF7E2FE74
S21403ADF0324629462046FFF7DDFF04460220DEF7EB
S21403AE00D9FE204670BD08B5DEF730FFBDE8084022
S21403AE10CCF720BCDFF758BADFF738BA08B5DFF748
S21403AE2035FA20B1BDE808400020DFF76DBB1120DE
S21403AE3008BD10B5044608B1DFF748FC2046BDE858
S21403AE401040FCF791BF10B50446006A10B1616A62
S21403AE50FFF7EFFF0020C4E9080010BD38B504462D
S21403AE60FFF7F1FF237E012B0FD0023B012B0FD8F8
S21403AE70E369012B14BF6FF09605002528220021F5
S21403AE802046E1F78BF9284638BDE369002BF1E746
S21403AE906FF09605F2E718220021E1F77FB97047B5
S21403AEA02DE9F84F9846DDE90B490D9B15469A07A1
S21403AEB006460F4623D02A460A9B03EB040A14448D
S21403AEC0A24220D10D9B9B0705D5A2EB050AD145CF
S21403AED005EB0A0420D82046BDE8F88F43463946DA
S21403AEE02020B0470AF1010ACA450AEB0B02F5D344
S21403AEF0A9EB04024C4588BF00222A44DCE7A2469D
S21403AF00A5EB040BF0E702F1010B434639461AF8AA
S21403AF10010DB0475A46D3E743462246394620201A
S21403AF20B0470AF1010AD2E72DE9F047DDE90D76CD
S21403AF3016F0020F9DF82880DDE90854DDE90BCEF4
S21403AF401FD106F001094FB1B9F1000F06D0B8F1D1
S21403AF50000F02D116F00C0F00D0013F4FF0300A5D
S21403AF6002E005F804A00134A64501D9202CF8D147
S21403AF70B9F1000F05D04FF03009BC4201D2202CA6
S21403AF802DD116F0100F1FD016F4806F2CD15CB3A2
S21403AF90744501D0BC4227D1B4F1010E23D0BCF1D5
S21403AFA0100F46D1023C16F0200F28D1202C28D0B3
S21403AFB04FF0780C05F804C00134202C21D04FF054
S21403AFC0300C05F804C00134202C1AD0B8F1000F59
S21403AFD023D04FF02D0C05F804C0013412E005F819
S21403AFE004900134C9E77446BCF1100FDBD0BCF102
S21403AFF0020FE2D1202C04D04FF0620CDAE7202CAB
S21403B00008D12024CDE90A76CDE90854BDE8F047F7
S21403B010FFF746BF4FF0580CCCE716F0040F02D0EC
S21403B0204FF02B0CD7E716F0080FEBD04FF0200CA1
S21403B030D1E7BCF1020F7446C1D1DDE72DE9F04339
S21403B04091B0189D1A9E1D9F0DB927F010077C0519
S21403B05000D515B317F0200F14BF4FF0410E4FF075
S21403B060610EAC4600250DF12008AEF10A0EBCFBBE
S21403B070F6F906FB19C95FFA89F4B9F1090F94BF0B
S21403B08030347444E4B2B44508F8014B05F10105C5
S21403B090BCFBF6F401D3202D10D11C9C0697059417
S21403B0A01B9CCDE903649DF86440CDE9015408ACCC
S21403B0B00094FFF739FF11B0BDE8F083A446D6E746
S21403B0C02DE9F04F95B0269ECDE90A23DDE91E74DF
S21403B0D0DDE9229B57EA040308BF26F01006720533
S21403B0E0CDE9080102D557EA040337D016F0200F3E
S21403B0F014BF4123612300250DF1300AA3F10A088A
S21403B10021464A465B463846E0F736FCD2B2092A61
S21403B11094BF303242444F45D2B274EB0B0405F170
S21403B12001050AF8012B01D3202D14D1259B069681
S21403B1300593249BDDE90801CDE903939DF8803050
S21403B140CDE901530CAB0093DDE90A23FFF7ECFED0
S21403B15015B0BDE8F08F07460C46D1E70025E5E7B6
S21403B16008B100F014B8704710B1D1E900311847A0
S21403B170704738B5441E14F8015F25B90A2000F05D
S21403B18006F8284638BD284600F001F8F3E70146DE
S21403B1900020FCF780B970477047E8F783BE704716
S21403B1A008B5FCF746F9CCF7E1F8BDE80840CEF75A
S21403B1B00DBC704708B5CCF721FCFAF7CDFDBDE80A
S21403B1C00840DEF753BD08B5FBF7FDFCDFF7B2FA20
S21403B1D0FBF7D5FBDFF7D8FEDFF734FEDFF7B6FD68
S21403B1E0BDE80840D2F77EBD08B5CFF7FFFFFBF7F3
S21403B1F0B5FBD0F707F8FBF7B3FBD4F775FFD5F726
S21403B2001DF8D5F735F9BDE80840D5F753B87047AC
S21403B2107047DFF7C1BD08B5FCF794FFBDE80840EB
S21403B220FCF7B8BF7047DFF7BDBE07B5002203467D
S21403B230114601200092D4F7CDF803B05DF804FB65
S21403B24007B500920B46027D81898068FDF78EFD67
S21403B250003818BF0120C00103B05DF804FB08B531
S21403B2600020DBF775F90020DCF70CFF0020D5F78C
S21403B27099FC0020D5F77EFF0020D6F7A1FC00201E
S21403B280D8F78AFF0020D9F7FDFC0020DAF7E4FAA6
S21403B290BDE808400020DAF7CFBB08B50120FDF76C
S21403B2A07FFABDE808400120D5F764BF08B5022041
S21403B2B0DBF740FA0220DAF7D9FB0220DDF7EEF9D6
S21403B2C00220FFF7A9FD0220FDF7D3FC0220D9F7E1
S21403B2D0D9FCBDE808400220DAF7D2BE7047FDF776
S21403B2E0CABF7047704770477047704770477047CC
S21403B2F0704710B50446DAF7DDFD2046D6F760FF43
S21403B3002046D7F7A1FE2046BDE81040FDF7E4BC73
S21403B310FDF7FEBCFDF708BDDAF7A8BA704770471D
S21403B320704770477047704770477047704770475D
S21403B33005F097BB70477047DAF732BB7047704724
S21403B340704770477047704770477047CAF7E0BD4D
S21403B350FEF748BC704700207047FEF745BCFEF773
S21403B3604FBC7047431E012B03D9031F5842584155
S21403B37070470120704700F021BC4FF4D0720021C3
S21403B380E0F70CBF70B50446E2F760FF0546A8B9C0
S21403B390A169F1B1238AD3B1204604F11002E2F782
S21403B3A003FE38BBE16919B3638AA3B1204604F1EF
S21403B3B0120200F0CAFA78B1054603E00023A3613F
S21403B3C02361E361002328466361236270BDA061A5
S21403B3D0E8E72082E6E7E361216A0029F2D0A28A41
S21403B3E0002AEFD02046E38ABDE8704000F06FBA2B
S21403B3F06182F1E76582E561DEE711B9D0F8DC101A
S21403B40021B1CB6813B18B68D88970474FF6FF70AC
S21403B4107047E1F7FFBF10B50C461146E2F720F878
S21403B420E3F74EFA012801D1002010BD002CF7D116
S21403B4300520FAE700F0CFB900F0E3B970B50023B2
S21403B4402425D0F8DC00C4689C4201D1212070BDBD
S21403B450826805FB0322D6898E4202D8128A8A4264
S21403B46001D20133F0E70020F1E7F8B506460D46B2
S21403B470E1F76CFAD8B94FF6FF734FF0240CEF6878
S21403B480C1B28F4208D81C4621463046E1F714FC69
S21403B49000F09AFB2046F8BDAA680CFB0122D4896B
S21403B4A09C4202D2002CEFD023460130E8E700246A
S21403B4B0F0E7C08D70470A7838B505461046FFF7A3
S21403B4C051FF60B14C782046FFF74CFF38B122435A
S21403B4D0530704D42846BDE83840E2F70DBA2120C6
S21403B4E038BD10B504460878FFF73CFF58B14A78D4
S21403B4F01046FFF737FF30B1042A04D02046BDE8D4
S21403B5001040E2F717BA212010BD00F0E8B8E2F7C2
S21403B51079BD084600F008BBE2F7B8B838B504466C
S21403B5200D4600F08EF850B129462046E1F7C4FBDD
S21403B53030B929462046BDE83840E2F76FB80E20FA
S21403B54038BD70B516460C4605F0EFF8314605468D
S21403B5502046E5F751FA0446284605F0E1F820466A
S21403B56070BD00F032B970B5044600200E4600F0F8
S21403B57027FBD4F8F0503DB1002331462046AC46B5
S21403B580BDE870401A4660472B46012231462046E6
S21403B590E2F7DCFA284670BD38B5044648880D46FF
S21403B5A000F00EFBD4F8F0302BB929462046BDE850
S21403B5B03840E2F7D9B9022038BD00F003BB00F0EB
S21403B5C03CB9E1F7F9BEE4F7F1B970B5BDF8106020
S21403B5D0054606B16BB1334428469BB200F077F9B3
S21403B5E0044620B91EB13146284600F0ABF9204682
S21403B5F070BD2124FBE7E3F75FBDC0F8EC10002025
S21403B6007047E2F7EBBB00F05EB910B4BDF8044038
S21403B61001945DF8044B00F09FB80B4610B5144632
S21403B6201846A1689288E0F757FFE168034631B1F0
S21403B630A0886288121A92B21844E0F74DFF0020E1
S21403B64010BD0346408A18B1188A003818BF012077
S21403B65070470846E4F7B6BA00F0ECBA00F0EABA68
S21403B660E4F7C2BC084708B5E1F7EEFEC0B208BD72
S21403B670022A01D800F0E2B921207047022A01D835
S21403B68000F0EDB921207047022A01D800F0F9B97D
S21403B69021207047E3F702BA0846E3F71DBA00F025
S21403B6A018BA00207047002070477047D0F89430CF
S21403B6B003F06003402B0DD0602B03D0203B584291
S21403B6C05841704749B10B68012B06D9486940F0C9
S21403B6D00100704740F20110704700207047F7B52D
S21403B6E004461046D4E954C7DDE908268CEA020569
S21403B6F087EA06010540194085EA0C057940C4E946
S21403B7005451002523F4004106EA010320F001000A
S21403B71043F40073024043F00203CDE90055E6F715
S21403B72035F894F824309A0713D5D4F854319B058A
S21403B7300FD54FF48811204600F058FB94F82430B8
S21403B740024665F3410384F8243020460B46E1F7AE
S21403B7504FFE002003B0F0BDF0B587B01C46174679
S21403B760BDF830601AB90024204607B0F0BD002BA0
S21403B770F9D00029F7D001AAE3F79EFC0028F2D0FF
S21403B780BDF80630A2199A42BDF80850C4BF9B1BE9
S21403B7909CB2B54212D90399AD1BADB23144A54252
S21403B7A00391ADF808500DD22A463846E0F794FECA
S21403B7B00499621B7819E0F78FFED5E70499761B88
S21403B7C03144049122463846F5E70846E5F7B4B80F
S21403B7D00220E4F7FFBB08B5D0F8E4304BB11A6893
S21403B7E0022A06D993F825204AB1186AB0FBF2F06C
S21403B7F008BD4FF446624C210020E1F7BFFA002053
S21403B800F6E7D0F8E42008B57AB11368022B0CD912
S21403B810536A13F47F4FC3F3072106D0126ADBB2D1
S21403B82053438B42B3FBF1F006D2002040F67F422F
S21403B8304C21E1F7A3FA002008BD0346D0F83001F7
S21403B8400860B3F8343100208B80704790F83031AD
S21403B8500C2B14BF90F82B00FF20704738B50C460E
S21403B8604FF400610546E7F735F870B17CB195F8FB
S21403B8701E3173B94FF480724FF480712846E7F790
S21403B88015F8003818BF012038BD2202F4E7224617
S21403B890F2E70020F8E74FF48071E7F71BB808B526
S21403B8A04A024FF40071E7F701F8002008BD08B517
S21403B8B08A024FF48061E6F7F9FF002008BD4FF4D3
S21403B8C00071E7F707B8062300208B717047B2F5BF
S21403B8D0805FF8B50F460646154619462ED89A4297
S21403B8E02CD33F2A26D9B2FA82F40122C4F11F03CD
S21403B8F0DBB29A4092B2AA422CBFC4F11904C4F137
S21403B9001A04E2B20124931DDBB29C40A4B2AC42FB
S21403B91012D096F8F5309BB9012096F8243060F3E0
S21403B920C71386F824303846E3F7DAF9002037627F
S21403B930B582F8BD0022ECE70020EEE72120F8E709
S21403B9400E20F6E70846E3F7EBB970B505460E4654
S21403B950144602B313883F2B1DD9B3FA83F3C3F1FE
S21403B9601901C9B2062901D8192B12D0062928BFF6
S21403B970062101238A1DD2B2934030462380E3F783
S21403B980D7F923882846EE616B82E3F75BFA00203B
S21403B99070BD0021EDE72120FAE710B514460846EE
S21403B9A00121E4F79FFE2046BDE810400121E4F79D
S21403B9B099BEF8B504460E46174604F0B6FE3A4658
S21403B9C0054631462046E5F74BF90446284604F07B
S21403B9D0A7FE2046F8BD0220704703207047E4F711
S21403B9E0F1BA10B50023E2F771FD044608B9E6F78D
S21403B9F0EBF8204610BD704770B505460E46144654
S21403BA0000F0E3F831462846FFF72FFD00F0DDF897
S21403BA10230704D50B2C9CBF24F00804A4B22146AC
S21403BA202846E1F717FD00224FF400312846E6F7D3
S21403BA303DFF002070BD8021E6F74CBF7FB5531C49
S21403BA4005AAADF81410029202210022DBB2CDE95A
S21403BA5000211146E6F748FF07B05DF804FB7FB503
S21403BA60531C05AAADF81410029204210222DBB27D
S21403BA70CDE9002100220121E6F736FF07B05DF885
S21403BA8004FB1FB5531C029100220821CDE90021B7
S21403BA900122DBB21146E6F727FF05B05DF804FB8B
S21403BAA007B591F82830009391F82B3091F82920A8
S21403BAB091F82A10E2F7B8FF03B05DF804FB10B55F
S21403BAC00446E1F7C1FC01462046BDE81040E1F715
S21403BAD0C1BC002914BF21200020704738B5054695
S21403BAE010460C46E3F726F8D5B1D5F8E030BBB1DF
S21403BAF05B69ABB1421ED2B2FD2A13D90A68013282
S21403BB0004BF6FF001020A600A68FF281A6007D1B3
S21403BB106268013202D16FF00102626062685A60A5
S21403BB20002038BD0128F2E738B50546E5F7C0F82A
S21403BB3004460021A878E3F765F8204638BD2DE9CA
S21403BB40F74F01251C469DF83030064601930368DF
S21403BB50174603F0070306339D4005F1FF380B46EF
S21403BB60A1B1416804EA080BA5EB0B0A41F00059A2
S21403BB70524509EB0B0114D952461846E0F7ACFCC4
S21403BB8049467A1B5A445044E0F7A6FC019B2BB166
S21403BB903C4448EA050804EA0804F46003B0BDE838
S21403BBA0F08F1846F0E737B5002514460095FFF7E3
S21403BBB0C6FF204603B030BDE2F738BE002070470C
S21403BBC000207047002070477047704730B5490023
S21403BBD00446056812B102291FD90339C90395B96A
S21403BBE0E1B1B1FA81F3C3F12003C3F10F000128D9
S21403BBF038BF012003F01F03D940A94201D90138F9
S21403BC004908216030BDB5FA85F339B1B1FA81F23E
S21403BC109B1A002BE9DC0F20EFE700210F20F0E74B
S21403BC20012805D9023818BF4FF0FF30C0B270475D
S21403BC300120704708B5E4F71FFBBDE80840E4F7AA
S21403BC4043BB38B50446FFF7F5FF0546FFF7F2FF9B
S21403BC50431BA342FAD338BD38B50D460446E4F772
S21403BC600BFB35B1844200D90139204601F00301AC
S21403BC7038BD844238BF0131F7E708B50121FFF725
S21403BC80EBFFBDE80840E4F71FBB0B0C23F480531F
S21403BC90B3F5284FF7B50D468FB2064699B216D0C0
S21403BCA04AF60103994214D04AF60203994212D087
S21403BCB0B1F5204F14BF04240324D6F8E0300BB1AB
S21403BCC0196851B9D6F8DC3093B928680EE0002419
S21403BCD0F3E70124F1E70224EFE7234668463A46F2
S21403BCE0E4F74EFBDDE90003002BEBD103B0F0BD18
S21403BCF019680029E9D0234668463A46E4F740FB2C
S21403BD00DDE90003002BE0D1F0E702F06FBD02048B
S21403BD10C0F3891307D56FEA83536FEA935313F57A
S21403BD20007F18B206D0A3F1C8006FF4FF739842E1
S21403BD30B8BF184670474FF0384359699A6903F5F8
S21403BD4000530A405A6170470E207047E6F730B931
S21403BD50E6F72EB9E6F72CB9E6F72AB908B508468A
S21403BD60E6F74CFD08BDE6F723B90220704702202C
S21403BD7070470020704701207047002070470E2050
S21403BD80704700207047E2F79BBD08461146012224
S21403BD90FFF741BB70B505460C4611461A46E6F753
S21403BDA0DFFD06682B462046B446BDE87040604774
S21403BDB010B5E6F7D5FDBDE8104083681847FFF7D2
S21403BDC010BEE2F7A5BCFFF7A9BBE2F7AFB970B5A3
S21403BDD004460D4616464FF4881100F01CF832460A
S21403BDE029462046BDE87040E2F7C4BE38B505468E
S21403BDF00C4604F09AFCD5F890301C40D5F88C30ED
S21403BE002343C5F88C3004F08BFC211E18BF012198
S21403BE100020490238BD38B504460D4604F085FCBB
S21403BE20D4F890301D40D4F88C3023EA0505C4F8C6
S21403BE308C5004F075FC284638BD38B504460D46CC
S21403BE404FF48811FFF7E7FF29462046BDE8384040
S21403BE50E2F7B8BE73B50D7806460C4635B3042331
S21403BE608DF804302379304601A98DF80530FFF7A5
S21403BE7038FB0546B8B92278A37952BB8DF804304F
S21403BE80E379304601A98DF80530FFF714FB054624
S21403BE9048B923783BB161883046E1F765FF012155
S21403BEA03046FFF7DBFC284602B070BD2946FFF795
S21403BEB0D5FC29463046FFF7F2FC29463046FFF705
S21403BEC0F6FC2378002BCAD123798DF804306379E6
S21403BED0C9E702228DF80420D3E7FFF7E0BCFFF79B
S21403BEE0EEBC0020704710B50446E6F7D3FD2146A6
S21403BEF00020E7F731FCBDE81040002000F03EB913
S21403BF0070470120704708B5E8F754FA80F001003F
S21403BF10C0B208BD4FF0FF30FFF79EBB704700204E
S21403BF20704710B50C4604F01BF9048010BD38B5F5
S21403BF300C46154604F014F903881DB11C43A1B240
S21403BF40018038BD23EA040189B2F9E708B504F095
S21403BF5007F9008808BD08B504F002F9C07808BDE3
S21403BF6008B504F0FDF8008800F00C0008BD08B51D
S21403BF7004F0F6F8008800F00C00031F58425841FE
S21403BF8008BD38B5054604F0EBF804462846FFF727
S21403BF90EEFF30B904F1100004F09FFD00F440609A
S21403BFA038BD4FF40060FBE738B5054604F0D8F813
S21403BFB004462846FFF7DBFF014648B910342046FF
S21403BFC0042204F00DF82044BDE8384004F085BD93
S21403BFD0A08838BD10B50C4604F0C2F8848010BDA6
S21403BFE038B5054604F0BCF804462846FFF7BFFFFD
S21403BFF0014608B1201D38BD10340422204603F044
S21403C000EFFF2044F7E738B5054604F0A9F80446E1
S21403C0102846FFF7ACFF30B904F1100004F05DFDCD
S21403C02000F4404038BD4FF40060FBE738B50546E2
S21403C03004F096F804462846FFF799FF014648B9E8
S21403C04010342046062203F0CBFF2044BDE83840D8
S21403C05004F043BDA08838BD38B5054604F080F823
S21403C06004462846FFF783FF014608B1201D38BD66
S21403C07010340622204603F0B3FF2044F7E708B542
S21403C08004F06EF8007A08BD08B504F069F890F974
S21403C090090008BD08B504F063F8807A08BD08B542
S21403C0A004F05EF8C06808BD10B50C4604F058F8F6
S21403C0B0047210BD10B50C4604F052F8447210BD5D
S21403C0C010B50C4604F04CF8C46010BD2DE9F843D7
S21403C0D00F468046002107F110001646994604F0E5
S21403C0E0B3F80446D0B104F03BF80546204604F006
S21403C0F053F8002102462846E0F750F8002320466E
S21403C100AB7049F00401FFF70CFFA5F804802EB1CD
S21403C1103A46314605F11000E0F7DEF92046BDE861
S21403C120F883F8B505460F461020002104F08CF876
S21403C1300446B0B104F014F80646204604F02CF882
S21403C140002102463046E0F729F800233946204608
S21403C150B370FFF7E6FE25B12A460121204604F018
S21403C1604BF82046F8BD08B503F0FAFF103008BDBB
S21403C17008B504F011F81038C0B208BD0020E7F780
S21403C18013BA08B5E7F76EFC002008BD4088C0F375
S21403C1900C000330800840000430704770B50E462C
S21403C1A005461146304604F04FF8044635B128B12B
S21403C1B003F0D6FF32462946DFF79AFE204670BDC7
S21403C1C00088B0FA80F04009704738B50588002229
S21403C1D0044604F0F8FC05B1258038BDF8B50746DB
S21403C1E00D4600880021164603F0F2FFB0420446CF
S21403C1F005D129463846BDE8F840FFF7E6BF0021DB
S21403C200204603F0E5FFB04205D02046002103F0A8
S21403C210DFFF0446F3E72A462046002103F0ECFF3F
S21403C22032462846BDE8F840002103F0E5BF38B59E
S21403C230044638B1002104F0C0FC002301465D1C0F
S21403C24009B998B238BD204604F0DBFC2B460146FC
S21403C250F5E7F8B5058807467DB1CCB221462846F2
S21403C26003F0B6FF8542064609D100233B80002231
S21403C2702146304603F0C0FF35462846F8BD214622
S21403C28003F0A6FF21460246284603F0B5FFEEE775
S21403C2902DE9F04707888246884614465FB338463A
S21403C2A003F07AFF3D460646E4B22146284603F0ED
S21403C2B08FFF4045814616D1214603F089FF21466C
S21403C2C00246284603F098FF474504D1454508BF74
S21403C2D00025AAF8005000222146404603F08CFFB2
S21403C2E03046BDE8F0878742FAD003F055FF304466
S21403C2F04D4686B2D9E73E46F2E700220123C0E95F
S21403C30000237047F8B504460127002604F01AFAFE
S21403C31023683BB904F011FA00226368012B0ED19F
S21403C3206360F8BD1D691F61266004F006FA012DDF
S21403C330F2D02B462D691E61012DFAD1E6E7196965
S21403C3401A610B46EAE7036823B94068012803D05D
S21403C350E8F7D0B8002070474FF0FF307047F8B5C5
S21403C360054604F0DDFA012306460027A8602B7372
S21403C37004F0E8F92B6802467BB11C692169A142E7
S21403C3800CBF2F6019612761104604F0D6F9012C03
S21403C39008D0204663689847EAE76C68012C04D106
S21403C3A004F0CBF900232B73F8BD6169711AB1F160
S21403C3B0004FF5D8216969602361E5E770470220DD
S21403C3C0704702207047002070470144884201D11D
S21403C3D00120704710F8013B9342F7D000207047C6
S21403C3E00821FDF7A4BF70B50146064692B00020AB
S21403C3F0E6F77CFD044670B9FDF794FF0546014653
S21403C4006A462046E7F7C6F86A46294620468DF868
S21403C4100260E7F775FB204612B070BD00B593B017
S21403C420FDF780FF6A4601460020E7F7B3F89DF95B
S21403C430020013B05DF804FB00B593B0FDF772FF7E
S21403C4406A4601460020E7F7A5F89DF8000013B0FA
S21403C4505DF804FBE7F762B8012070477FB54FF637
S21403C460FF7101AAE8F722FB20B1BDF80C0007B064
S21403C4705DF804FB4FF6FF70F9E708B504F000FC1F
S21403C480003818BF012008BD08B51046E9F7E2FBDF
S21403C490BDE80840E9F79CBC704770477047704793
S21403C4A0704770477047002100B593B06A46084648
S21403C4B0E7F770F8BDF8060013B05DF804FB00213B
S21403C4C010B592B004466A460846E7F763F80021BB
S21403C4D06A460846ADF80640E7F712FB12B010BDF1
S21403C4E0002100B593B06A460846E7F753F8BDF84F
S21403C4F0040013B05DF804FB002110B592B00446A7
S21403C5006A460846E7F746F800216A460846ADF845
S21403C5100440E7F7F5FA12B010BD704773B5064648
S21403C520E8F7EAFD04463046EBF768FD2246034685
S21403C53000213046F7F782FB0546D0B1FFF713FE1E
S21403C5400446284603F00CFE0023E21D121A294671
S21403C55008200093D2B2FBF7D4FE0138C0B20128FC
S21403C56007D801222946304602B0BDE87040E8F7F6
S21403C570F9BD02B070BD134610B50A460021044645
S21403C580F7F736FB014628B12046BDE810400222E5
S21403C590E8F7E8BD012010BD07B5009313460A4629
S21403C5A00021F7F79FFA28B1002103B05DF804EBEA
S21403C5B0F5F74AB8012003B05DF804FB2DE9F04F08
S21403C5C087B00C4691460746FFF7CAFC0546661C2D
S21403C5D0304604F082FA042D40F090803846FFF788
S21403C5E0C2FD0378092203F00303012B14BF0223C1
S21403C5F0032301212046039303F0F2FC09220021C2
S21403C6000546204603F0ECFC21788DF81700013927
S21403C6100022204689B2FFF7C1FD04EB09088346D2
S21403C620F0B14FF0010A2A460146CDF800A0039860
S21403C6300DF11703FBF765FE0228054626D158467B
S21403C64003F0AAFD00222070C0B2431E00929BB2E4
S21403C65052465946304604F04DFB23785344237024
S21403C6603846FFF773FC020424D498F80130217887
S21403C6709B071FD50139A1EB09013A464046C9B2CB
S21403C680EDF7D8FA23781844207013E020B9207009
S21403C690284607B0BDE8F08F032809D1404604F0CA
S21403C6A01CFA20F4007189B2404604F018FAD7E762
S21403C6B00428D5D10125002220462178FFF76EFDF8
S21403C6C007460028E4D04FF00008014643460122FF
S21403C6D04046CDF80080FBF714FE022819D13846F1
S21403C6E003F05AFDC2B2013A207093B239460122D2
S21403C6F03046CDF8008004F0FDFAC9E780F08005E7
S21403C70020F0800081B23046C5F3C01504F0E7F987
S21403C710D1E70028BCD12070BAE708B50020FFF7A0
S21403C720F2FB80F00100C0B208BD0A4608B5014618
S21403C7300020E8F717FDB0FA80F0400908BD002096
S21403C740E7F712BB00210846E6F7B6BF0020FFF75F
S21403C750D8BB70B5044604F0C0F90422002106468F
S21403C760204603F03DFC204404F0B7F903220546B7
S21403C7700021204603F034FC204404F0AEF94FF6C3
S21403C780FF730540ADB29D4214D1F30712D50622BE
S21403C7900021204603F024FC204404F09EF90446BE
S21403C7A0E8F752FD844214BF02240624E8F746FD48
S21403C7B0204070BD2046FBF7BCFFC400E4B2F5E79B
S21403C7C008B5FFF7C6FF003818BF012008BD0120D3
S21403C7D0704710B50446FEF7B3FA08B9FEF7B2FA87
S21403C7E003050FD40C231B2B01D1002009E020FAEC
S21403C7F003F1C90703F1010206D5DBB2E31A584277
S21403C800584110BD0B23F9E71346ECE710B50C4669
S21403C810098819B90846F7F7CBF92080012010BD1F
S21403C82008B510461A4600F0B8FABDE8084004F00A
S21403C830F0B870B504460D46164692B06A46E6F75B
S21403C840A9FE6A46294620468DF81F60E7F758F981
S21403C85012B070BD10B50C46E9F7D2F82046BDE815
S21403C8601040E8F7E3BF0129F8B505460C461DD08E
S21403C87003291ED0052920D0072922D0002600240C
S21403C88000270120E6F7CAFD304485421DDA03205F
S21403C890E6F7C4FD2044854219DA0520E6F7BEFD17
S21403C8A038448542B4BF07200520F8BD6FF0040660
S21403C8B0E5E76FF004040526E2E700266FF00407B9
S21403C8C0DFE7002405272646DBE70120EDE7032004
S21403C8D0EBE738B5054600242046E6F79FFD01340E
S21403C8E0A842E4B202D9062CF6D10724204638BD66
S21403C8F038B14379490023F00C0301F00C010B43D4
S21403C9004371704710B5044678B1417940884908A9
S21403C91001F006010131000AFFF7A5FF02460146B2
S21403C9202046FFF7E5FF104610BD0722FBE738B5A4
S21403C9300D46E9F753F8044608B9002038BDFFF75B
S21403C940E1FF002DFAD1237913F00703F5D09842BF
S21403C95038BF1846C0B2F1E7037923F0070319433B
S21403C96001717047037903F00F0343EA0113037160
S21403C97070470022E9F7D6BB0021012208B5E9F784
S21403C980D1FB401A18BF012008BD38B51546FFF77E
S21403C990F0FF0446284604F089F984B1FF2804D042
S21403C9A0626822FA00F3DB0701D5012038BD0123B4
S21403C9B0834013436360E3780133E370F5E720466F
S21403C9C0F4E7E9F719BE10B503F0CAFB00F110044B
S21403C9D0204604F082F820F4007189B22046BDE8B0
S21403C9E0104004F07CB82DE9FF4115460191012162
S21403C9F08DF80D301B0A8DF80E309DF82C308DF80F
S21403CA000C008DF80F3028460423009103AA9DF8E6
S21403CA1028809DF830709DF8346001F0D8FC0446F9
S21403CA2070B12946FFF7D6FAB8F1000F02D12046B7
S21403CA30FFF7C9FF2FB146B931462046F4F704FE87
S21403CA400024204604B0BDE8F081002220461146AB
S21403CA50E9F758FDF4E74FF47A70E9F7ADBEF0B5A1
S21403CA60064687B010461C460F461546FFF77BFB67
S21403CA709DF83030184443789CB16178012211F058
S21403CA80020F0CBF032100210020CDE90142CDE9AE
S21403CA9003100722394630460095E9F729FF07B009
S21403CAA0F0BD22462146EFE708B5E7F737FDBDE8B8
S21403CAB008400020EAF758B900B58BB06846E9F796
S21403CAC057FE009BBDF8060004A90693E9F7F6FD9A
S21403CAD00BB05DF804FB1FB504466846E9F748FE4D
S21403CAE002AB03CB2060616004B010BD1FB5062304
S21403CAF004468DF80C30EAF7C7FA00238DF80D00CC
S21403CB00CDE9003301210223204603AA01F05FFC8E
S21403CB1004B010BD70B50C4605460120EBF7A8F926
S21403CB20237B4BB1FFF7BFFC014623462A46BDE8ED
S21403CB3070400120EAF756BD4FF6FE71F5E7F8B5EB
S21403CB400E460746FFF70FFB054603F0C6FF00F445
S21403CB504040B0F5404F14BF0022062202F10A03FC
S21403CB60EB5C0B325C0004F00E045B08144403F029
S21403CB70380338461C44FFF7FBFA844208D2001BEE
S21403CB80C2B20F2A28BF0F2230462919DFF7A4FCAA
S21403CB902046F8BD40F62740ECF79CB813B5F4F7EB
S21403CBA0F5FF6946044600F0E1FF58B1FFF77BFC4A
S21403CBB040B1E7F7A7FD28B10023022269462046C5
S21403CBC0F2F7A4FB02B010BDFF224FF6FF71ECF79D
S21403CBD0CDBA07B500210DF10700ECF755FC9DF81B
S21403CBE0070003B05DF804FB13B5044601A9002053
S21403CBF0ECF74AFC019A01462046ECF75BFC20461C
S21403CC0002B010BDF0B50F46002187B004460846B3
S21403CC101646ECF739FC012305460DF10A008DF89C
S21403CC2008408DF80930FFF756FF092C1DD1314611
S21403CC300DF1120003F053FF05AB002102AA9B1A65
S21403CC402846CDE90011DBB2642101F0C0FB05469E
S21403CC50E0B1092C15D1ECF777FC044688B12846D9
S21403CC60ECF786FC204607B0F0BD31460DF1130005
S21403CC708DF812704FF6FF7503F031FF0DF11503B3
S21403CC80DBE7284600F02EF80446EBE70446E9E720
S21403CC907FB50D461646ADF80E0003F07DFA841BED
S21403CCA0E4B2BDF80E20631B9BB2104629460093E0
S21403CCB0731901F0C0FA21460DF10E0001F093FA44
S21403CCC004B070BD38B504460D4604F00CF840B108
S21403CCD0AC4206D0204603F063FCBDE8384000F0C3
S21403CCE0DBBF38BD10B50446FFF73DFA023003F04C
S21403CCF0F4FE4FF6F7739842204603D9BDE810407A
S21403CD00ECF7B8BDECF702FEB0FA80F0400910BDB0
S21403CD100022ECF7D3BC70B50546FFF724FA0646A7
S21403CD20284601F078FB01462846F7F7F3FB04464E
S21403CD302846FFF739F94FF6F773984208D8337841
S21403CD4003F00303012B05D1A31E5842584170BDBF
S21403CD500120FCE70020FAE741F2033330B585B043
S21403CD600D46ADF808300446FFF79DFB8DF80A0024
S21403CD70FFF799FB0021000A8DF80B0005232046D8
S21403CD80CDE9001102AA8DF80C5001F020FB10B17A
S21403CD902146FFF7BDFF05B030BD2DE9F04104463F
S21403CDA017460D46E1B13F294FF0000600D1354640
S21403CDB02046FFF7D5F8082814D10121204603F0B2
S21403CDC007FA064603F0E8F90446304603F0C8F9C6
S21403CDD03B4601462A46E0B2BDE8F041FDF759BBA3
S21403CDE00126E5E72046FFF7BBF8024630B9BDE863
S21403CDF0F0414FF6FF71012003F036BE2046FFF7E1
S21403CE00C0F8B0F5006F0ED12046FFF7CDF84FF609
S21403CE10FF739842014617D0002D0CBF0320052050
S21403CE20002203F021FE29462046E9F723FC68B9D1
S21403CE3029462046EEF7FEF940B9324629462046F3
S21403CE40BDE8F041EDF71EB80120E9E7BDE8F08143
S21403CE5037B54FF6F675FDF768FA431E9BB2AB423D
S21403CE600446F8D8E8F7BAFD0028F4D16946204608
S21403CE70E8F7A8F80028EED0204600F0DCFF0028EC
S21403CE80E9D12046FFF778FD0028E4D12046EEF7E7
S21403CE9045FA0028DFD1204603F025FF0028DAD123
S21403CEA02046FDF758FA0028D5D1204603B030BDFA
S21403CEB073B504460E46EEF731FA054688B92046A2
S21403CEC0EEF786FA21462B460D224FF6FD700095A7
S21403CED000F056F83146204602B0BDE87040EEF743
S21403CEE039BA02B070BD37B5054614460C2914D8B6
S21403CEF0DFE801F02C132C13131307131313132457
S21403CF0024006946E8F75EF818B901216846F2F787
S21403CF10DFFD41202946F7F7A3FFD4B12046FFF7EC
S21403CF2022F9023003F0D9FD4FF6F773984210D971
S21403CF30204603B0BDE83040ECF7B4BE40F61440DC
S21403CF4040F613430B2908BF1846E3E7F6F7AAF99A
S21403CF50E3E703B030BD1FB50346084603218DF84B
S21403CF600D308DF80C1001230021ADF80E20CDE90D
S21403CF70003103AA042301F02AFA05B05DF804FB86
S21403CF802DE9F34106460F4614461D469DF82080BC
S21403CF90FFF789FAB04207D100222146384602B08D
S21403CFA0BDE8F041FFF79FBF3A4631462046FFF7FC
S21403CFB0D2FFADF8060060B10D2C05D100224FF666
S21403CFC0FF71282003F050FD35B9BDF80600FFF7C2
S21403CFD089FE02B0BDE8F0810123424629460DF1E1
S21403CFE00600E7F7EFF9BDF80630002BEDD1F0E7C2
S21403CFF0F7B50C460546FFF7B6F8611C0646284605
S21403D000F7F788FAA11C0746284601F027F90146D8
S21403D01004463846FDF7D5F90D2F34D12046EEF7F2
S21403D0207DF978B1301D03F058FD04462846F6799D
S21403D030FEF7FCFF31460246204603B0BDE8F0404B
S21403D040FFF7A3BCB01C03F048FD4FF6F7739842F6
S21403D05002D92846ECF726FE2046EEF7B9F9FFF785
S21403D06022FAA04205D1002003B0BDE8F040EEF757
S21403D070F3B96B46B068F16803C369462046EEF71A
S21403D08069F903B0F0BD2A463946204603B0BDE829
S21403D090F040FFF728BF14220021DFF77FB82DE901
S21403D0A0F04F11F00F0704460E4615468FB05CD1BD
S21403D0B00120DCF7BDFB09A8FDF796FA092309A8AA
S21403D0C08DF82430FDF794FA09A8DCF783FB01A951
S21403D0D009A8FDF71BFC26F00F08A84404F1100965
S21403D0E004F10F0A454511D1236901A9334423618D
S21403D0F009A8FDF7F0FB0020DCF79AFBB6F1005F0A
S21403D10028BF272738460FB0BDE8F08F05AA234669
S21403D11096469446186859680833ACE803004B45AE
S21403D1206246F6D12B46224605F1100B53F8041B34
S21403D1305B4542F8041BF9D1714609A8FDF7CBFB02
S21403D14009A8DCF747FB224621460120DCF72CFB27
S21403D150013D631E13F8012F15F8011F534582EA9C
S21403D16001021A70F6D15D46BCE70227CAE7F0B59E
S21403D170174685B005460C46102200216846DFF7A1
S21403D1800DF8BFB3C4B30F2C04F00F0608D924F070
S21403D1900F043A4621462846FFF781FF40BB274443
S21403D1A0324639466846DFF797F980222F6906F13B
S21403D1B0100337446B44B7F5005F03F8102C2F6158
S21403D1C0C6F110061AD3062E1FDDFB001A0E8DF8C5
S21403D1D00A201A0C5BBA8DF80B20ADF80C306A46A1
S21403D1E010212846FFF75BFF00202B69103B2B61BD
S21403D1F005B0F0BD3E46D8E72646D6E7022E04DD48
S21403D200FB005BBAADF80E30E9E76A461021284604
S21403D210FFF745FF2B691022A3F11004002168468F
S21403D2202C61DEF7BBFFB7F5005F4FEAC403CDD230
S21403D230E7E770B50E46054686B001A81446FFF725
S21403D2402AFF3246294601A8FFF791FF22460546E4
S21403D25001AB05AE1C4603CCB442106051602346B6
S21403D26002F10802F6D1284606B070BDEEF792B971
S21403D2700A460021EEF78EB9F0B58BB00C4601A92D
S21403D280EEF788F9054680B325220021E01CDEF779
S21403D29085FF0123A3700E23BDF810702380FA05C3
S21403D2A010D523464FF4877206AE23F8042B0DF1F0
S21403D2B0280C324603CA624518605960164603F1C5
S21403D2C00803F6D13B0605D5238843F08003238065
S21403D2D0069B636001AB03CB039BC4F81D00C4F835
S21403D2E02110A361EFF762FC606128460BB0F0BD26
S21403D2F030B505460C4687B001A8FDF775F92868D2
S21403D300696802AB03C39DF8113043F002028DF83F
S21403D310112074B12288510644BF43F006038DF8EA
S21403D3201130530542BF9DF8113043F008038DF8C2
S21403D330113001A8FDF750FAB0FA80F0400907B0A3
S21403D34030BD70B58AB00D46002201A90446EEF73B
S21403D35021F988B1204604A9FFF7CAFF60B1BDF8DA
S21403D3601060FFF7A0F838B9720601D5730503D528
S21403D37029462046FDF791F80AB070BD2DE9F34122
S21403D3800F460546164602F007FF4FF00008C41B7B
S21403D390E4B2294623463A463046CDF8008003F0E9
S21403D3A0A9FC0121284602F013FF88B10121284673
S21403D3B002F00EFF074602F0EFFE0546C3B24246F2
S21403D3C030193946CDF8008003F094FC2544ECB2BE
S21403D3D0204602B0BDE8F0812DE9F04F85B00C463B
S21403D3E0054691461F464FF0010ADDF838809DF842
S21403D3F03CB002F0D1FE22463B4629460646CDF80F
S21403D40000A0484603F076FC5146284602F0E0FEAC
S21403D4103C4418B35146284602F0DAFEF6B2B4424C
S21403D420814610DAE7B2F31BDBB2404622462946B2
S21403D430CDF800A003935F4403F05CFC039BBF1B83
S21403D440984407F0FF0B012300220E9349465B46E0
S21403D450404605B0BDE8F04F03F04CBC5B462246A1
S21403D4602946CDF838A0F3E72DE9F041002686B02B
S21403D470074608460C4615469846CDE902660496C6
S21403D4808DF8146002F088FE411BCBB20D2B28BF2B
S21403D4900D232A462146009602A803F02BFC42469B
S21403D4A002A93846EEF7F0FA0646294620469DF8C6
S21403D4B00820F7F743F8304606B0BDE8F0812DE9BB
S21403D4C0F04F0E46CBB00121054617461C4602F028
S21403D4D07FFE23463A462946814606A8FFF7C4FF41
S21403D4E00DF1280A00EB070B5246314628465FFA31
S21403D4F08BFBFFF743FFB34503D200204BB0BDE8D9
S21403D500F08FABEB06085FFA88F808F1040398423D
S21403D510F3DB331F18440423C4B20193A31BDBB20B
S21403D5200093524643460021CDF808A006A8DCF730
S21403D530EFF80028E1D1A4EB0B040AEB0803E4B2EE
S21403D540524628463146009301944346FFF744FF6C
S21403D55039462846F6F7DEFF394600F0F802284635
S21403D560F6F7ECFF0121284602F032FE002818BF2A
S21403D5704D462846ADF8165002F00EFE011FC9B2FE
S21403D5800DF1160000F02FFE0120B7E72DE9D84174
S21403D590064600F040FF411C044689B2304600F0C0
S21403D5A00DFF98B394B321463046F6F7B3FF00F069
S21403D5B00C03042B074629D000F00308B8F1020F2A
S21403D5C000D11BBB384600F0AFFF3B060444A4B2B1
S21403D5D016D5611C304689B200F0F0FEB0B1214684
S21403D5E03046F6F797FFB8F1010F014600F0030344
S21403D5F00CD0032B0AD0384600F0A5FF03199CB2C3
S21403D60021463046BDE8D84100F0D8BE0020BDE82C
S21403D610D881F8B5064600F0C0FE054604463046F7
S21403D620FEF7A1FD43785B0718D5AC1CA4B22146D0
S21403D630304600F0C3FEB8B129463046F6F76AFF17
S21403D6400746691C304689B2F6F764FF1FB1874266
S21403D65001D8FF2808D104EB4704A4B2214630467C
S21403D660BDE8F84000F0AABE0020F8BD13B5044696
S21403D67001A8EEF761FCBDF80430DA0710D49B0767
S21403D68007D410220021204602B0BDE81040DEF782
S21403D69085BD224621461020FFF7CBFD0028F0D19A
S21403D6A002B010BD024608B5EEF76EFC510544BF46
S21403D6B00838C0B2130544BF0838C0B208BDF0B579
S21403D6C0D30705460C468BB04AD5008800F0A3FE68
S21403D6D000230646029314B9CDE9034403AC0022A3
S21403D6E008212046FEF771FEA8B12888FEF73BFD09
S21403D6F0023003F0F2F921460746E7F763FC50B120
S21403D700002240231146384600F01DFA40F609452C
S21403D71028460BB0F0BD31462888F6F7FBFE10F01E
S21403D720030F0CBF01260026EDF778FF46EA4000FC
S21403D730C0B200900021204602AB05AAEFF78EFE8A
S21403D7400546EDF76BFF0028E2D0002DE0D0002160
S21403D7502046009602AB05AAEFF780FE0546D7E7FC
S21403D76040F60A45D4E700231A46EFF7D1BD30B595
S21403D7708BB005AD04462846FCF736FF0223284641
S21403D78001A98DF81430FDF7C1F8234601AA144603
S21403D79003CCAC4218605960224603F10803F6D165
S21403D7A00BB030BD08B50023024619461846EFF7FE
S21403D7B0AFFD012008BD37B504466846EFF720FEE7
S21403D7C0054648B1082221466846DEF739FDB0FA19
S21403D7D080F0400903B030BDFF2208212046FEF743
S21403D7E0F4FD034628B106212846FFF7BCFF0120B7
S21403D7F0F0E722460146EFF78BFDF8E707B56846E4
S21403D800EFF7FEFD10B16846FDF7FEF900F00100E4
S21403D81003B05DF804FB0120F0F72CBB704737B567
S21403D82004460846FEF7DCFB0546FEF73CFE0023EF
S21403D8300146009322462B460120F5F757FE03B018
S21403D84030BD30B50124054689B003A8FCF7CCFEED
S21403D85001A88DF80C40DCF71BF89DF806209DF810
S21403D8600730AA4209D0AB4209D103A88DF80D4070
S21403D870DBF7B0FF012009B030BD0024F5E7002038
S21403D880F9E700221021FEF7A0BD7FB50D4600F58F
S21403D89082300D22694600F58070D0F749FA6B4650
S21403D8A02A4602AE1C4603CCB4421060516023469F
S21403D8B002F10802F6D12068106023791371002361
S21403D8C06B7304B070BDF0B585B06A4605460B466B
S21403D8D0164601F10807144618685968083303C446
S21403D8E0BB422246F7D118680D2220601B7905F546
S21403D8F082303146237100F58070D0F745FA05B0C3
S21403D900F0BD38B504460D46DBF786FAA04205D9C6
S21403D91020462946FFF7B9FF002038BD2820FCE73C
S21403D92030B5002485B08DF80040DBF775FAE5B214
S21403D930A84204D8F1F730FF002005B030BD694691
S21403D9402846FFF7C0FF0134EFE738B5044600204A
S21403D95002F0F6FDFF2805460FD002F079FE10F020
S21403D960010009D0284602F073FE400840EAC17061
S21403D97080F0010000F0010038BD04F00100FBE771
S21403D9800146F8B506460020F1F740FEFF2801D011
S21403D9900120F8BDDBF730FA00240546871CDBF7C9
S21403D9A02FFAE3B2984201D80020F2E735F8243084
S21403D9B0B34203D117F82430002BE9D10134EEE744
S21403D9C038B50D460121044602F002FC30B10121B0
S21403D9D0204602F0FDFB2880012038BD20462C801F
S21403D9E000F00EFE0130C0B2F7E72DE9F04788B02D
S21403D9F00746894610460DF10A011D469046FFF775
S21403DA00DFFF4FF0000ABDF80A6004463046CDE952
S21403DA1005AACDF81BA002F0BFFB031BDBB20B2B42
S21403DA2028BF0B2322463146CDF800A005A803F0F5
S21403DA3061F948F21F039D4243D00BD885F4004397
S21403DA40012B15D923464246494628460097FDF73B
S21403DA502EF933E048F23A039D42F3D1FEF723FD55
S21403DA60B8422BD02246414605A8FDF755F925E0D6
S21403DA709DF8143013BBBDF81D40DDF81500DDF826
S21403DA80191003AB03C3204603A9DBF7E7FB012208
S21403DA90204603A9EDF714FDA74206460ED0012142
S21403DAA003A8F2F715F848F201039D4206D12EB9F2
S21403DAB0334632463946204600F046FE08B0BDE8F7
S21403DAC0F0879DF81450002DF8D12F469DF8158049
S21403DAD00234EAB24245F1D2D200D2B2224408233B
S21403DAE0314692B2009703A8CDE9037703F002F913
S21403DAF003A8F4F77BF802F053FD00F0CDF80135E8
S21403DB00E7E708B5E6F70AFDBDE80840F2F71EBAF0
S21403DB1010B50024418084800480C280038110BD38
S21403DB2013B5BDF81040CDE900340023F2F776FBB9
S21403DB3002B010BD13B5BDF8104001900094F2F783
S21403DB406DFB02B010BD07B500930123FFF7F2FF8C
S21403DB5003B05DF804FB0123F2F706BC0121F3F7DB
S21403DB6073BD01464FF6FF70F3F796BC10B50C462F
S21403DB7002F016FDFF2808D0F4F720F820B103685A
S21403DB80236043680120636010BD0020FCE710B5E6
S21403DB900446FEF7F6F9B0F5006F204605D1FEF70A
S21403DBA003FABDE8104002F0FBBCFEF719FABDE825
S21403DBB0104003F094B808B502F0F2FCFF280CD02E
S21403DBC002F046FD10F0010309D0400840EAC17098
S21403DBD080F0010000F0010008BD0020FCE71846B5
S21403DBE0FAE71FB500F582300B2201A900F5C070D5
S21403DBF0D0F79EF89DF80E0005B05DF804FB30B52F
S21403DC0089B001F0010503A90446F4F7F9FB9DB1B9
S21403DC1090B9204602F01CFD10F0010109D0204601
S21403DC2002F016FD430843EAC17383F0010303F0D1
S21403DC30010103A8F1F74CFF2046F5F779FB9DF8A1
S21403DC401430294600932046BDF8162003ABFCF794
S21403DC509CFB09B030BD7FB50C460546F3F796FF2F
S21403DC60A04217D04FF6F7739C4213D805F58236B9
S21403DC7006F5C0760B2201A93046D0F759F801A95C
S21403DC800B223046ADF80C40D0F77EF821462846E6
S21403DC90F3F7CEFF04B070BD10B50446DBF7C2F849
S21403DCA0A0420FD92046F3F771FF4FF6FF73984251
S21403DCB008D020460021FFF7A2FF2046BDE810400B
S21403DCC0F4F7F8BB10BD10B50446FEF7ECFB0023D3
S21403DCD0024619462046BDE81040F4F745BD2DE937
S21403DCE0F04114460F4605469846FEF73CFA0646AC
S21403DCF0043002F0F2FE20802846FEF797F9608093
S21403DD00B379791CE372C9B22846F6F703FCB91C4B
S21403DD10A072C9B22846F6F7FDFBFE1C2072F6B2C7
S21403DD20B8F1000F18D03146284600F097FA0537A9
S21403DD30FEB23146A080284600F090FAB11CE0807F
S21403DD40C9B22846F6F7E6FB6072217AA08801225C
S21403DD50BDE8F041F5F728BA2088EAE72DE9F04157
S21403DD6086B090461E4604460D46FEF79CFB4FF6CD
S21403DD70F7739845074632D80523A0428DF80C3032
S21403DD804FF0010214BF012300234FF0000118BF18
S21403DD908DF80D30CDE9002114BFADF80E008DF8D7
S21403DDA00D30284614BF0423022303AA00F00FFBFA
S21403DDB00546A0B1A7421AD0FEF7D5F90746214675
S21403DDC00430803E02F08BFE2046FE7104A9FFF766
S21403DDD0CDFE40B9204604A9E6F708FE18B9002090
S21403DDE006B0BDE8F081284604A900F07EFB414654
S21403DDF02846FEF78DFFF3E7037923F00303194361
S21403DE0001F03F010171704707B50DF10701F5F702
S21403DE1071F803B05DF804FB08B5FFF7F5FF18B11A
S21403DE20BDE80840F5F7B6B808BD00224FF6FF7008
S21403DE301146F5F7B9B910B50446FFF7E5FF0246F4
S21403DE4038B901462046F5F7AFF9003818BF012068
S21403DE5010BD0120FCE7F8B5174604460E46FFF74B
S21403DE60D3FF0546386068B1037903F003033370C4
S21403DE7023B93A68137903F03F0313713B685C8850
S21403DE802046F8BD01462046FEF751FD074628B159
S21403DE90E7F7B2FF874201D83570F1E731462046EF
S21403DEA0FCF7FFFE0028EBD003234FF6FF74337016
S21403DEB0E6E707B501AA0DF10301FFF7CCFF9DF8CE
S21403DEC0033053B9019828B1037913F0300F14BF08
S21403DED00120002003B05DF804FB0020FAE72DE9DB
S21403DEE0FF410646104688461546F3F77FFE07466B
S21403DEF0FEF7D9FA044648BB4FF6FF739E4225D079
S21403DF009F4206D00146384604B0BDE8F041EBF721
S21403DF103DBA07238DF804302B680246CDF805304A
S21403DF206B68092101A8CDF80930FEF737F90246D8
S21403DF3018B9192004B0BDE8F081012341463046E4
S21403DF40F0F78EFC0028F4D02046F3E70220F1E732
S21403DF502DE9F04390460F4606464FF0010991B06F
S21403DF600BA803ADFCF740FB07AC29460BA8ADF89E
S21403DF702C90FCF7CBFC95E80F0084E80F004B468B
S21403DF80002239463046CDE90048F0F785FD11B04A
S21403DF90BDE8F0832DE9F04F002785B081460C4697
S21403DFA07E2039469846BDF83CB09DF844A0BDF89F
S21403DFB04C500192ADF80E7002F046F90646002862
S21403DFC000F0AA8002F0CCF839467E22DEF7E6F8A7
S21403DFD0304602F0C5F80090304602F0C1F8B9F1B9
S21403DFE0FF0F0CBF274644F003073B0A14F44062B6
S21403DFF0077043705FD14FF00808C31C18464246AB
S21403E0000199DDF775FF034604F44044434484B1A5
S21403E010790606D419464FEA1B2201F802BB5A704A
S21403E0200B46B4F5004F56D0A4F540425442544133
S21403E030E400224618460E99DDF75AFF009A034677
S21403E0402044A0EB02085FFA88F89DB14FF47C5297
S21403E0501A53841C284602F083F88346284602F0A7
S21403E0609BF8C5B22A4659462046DEF735FA6019AC
S21403E0700235EDB2B9F1FF0F2FD05246109900F8D2
S21403E080019BDEF729FA08F101015AFA81F12944C6
S21403E0903046E6F72DF90C210022FF0007F0800733
S21403E0A010463943FEF73DF8ADF80E00E8B90020F8
S21403E0B005B0BDE8F08FB2F5006F80F803804FEA35
S21403E0C0182880F8048000F1050314BF4FF00808F1
S21403E0D04FF0020892E70224ABE708EB0A01294453
S21403E0E03046E6F705F90821D6E7304602F038F859
S21403E0F00446304602F050F80123024621460DF14D
S21403E1000E00E6F75FF90028D1D10121BDF84820BB
S21403E110BDF80E0002F070F8BDF80E00C8E710B5A3
S21403E1200C46098821B90846F5F742FD208008B158
S21403E130012010BD0220FCE72DE9F04780460F467C
S21403E1400646002402F1FF39BC4202D219F8015FE9
S21403E15025B9A6EB080080B2BDE8F0879A46A5F17C
S21403E1603102012A5AF8041B10D83246322D02F81F
S21403E170011B06D10134A4B2A74232D30912B21C42
S21403E1807170013453461646A4B2DDE7342D0CD124
S21403E1900334BC42DDDA0B0A317073700B0C090EC4
S21403E1A0B370321DF170A4B2EBE7A5F13302062A71
S21403E1B00DD8303DADB22B19BB42CADA2A463046DB
S21403E1C0013CDDF795FE15FA84F47219EBE7A5F129
S21403E1D04102062A01D8373DECE79D8803F1080A79
S21403E1E0E9E71646B5E770B5054600880C4601F024
S21403E1F0D3FFA04228880AD201F0CEFF0023221ABA
S21403E20019462846BDE8704092B2E6F7DBB82146C9
S21403E210E6F76EF8002070BD38B5054601F0A0FF9E
S21403E2200446284601F0B8FF002201462046BDE812
S21403E2303840FDF7B3BFF8B516460C461D46BDF885
S21403E240187001F08DFF0444304601F089FF3A460A
S21403E25041192046BDE8F840DDF74ABE70B50C46C6
S21403E260013189B20646F6F755F92146054630468A
S21403E270F6F750F900EB052080B270BD1FB50123F9
S21403E280ADF80C2000930A460223014603A802F0C9
S21403E29031FD05B05DF804FB0FB437B5069D0021CC
S21403E2A0A8B201F0D1FF044601F05AFF2CB10022B8
S21403E2B007AB0193D1B28D4205D8204603B0BDE823
S21403E2C0304004B0704753F8041B81540132F1E721
S21403E2D073B504460D4640200021164601F0B4FFF0
S21403E2E0ADF8060001F03CFFBDF8063013B9002078
S21403E2F002B070BD402133462A462044FFF71CFF78
S21403E300211889B20DF10600FFF76DFF0028EED144
S21403E310BDF80600ECE70EB403B503AA52F8041BD7
S21403E3200192FFF7D5FF02B05DF804EB03B0704728
S21403E3302DE9F7430F4601218146164601F048FFB3
S21403E340054658B1FFF768FF308088B9284601F0C4
S21403E35023FF68B1192003B0BDE8F083484601F0F7
S21403E3601BFFFF2FA0EB0704E4B214D014B93480CC
S21403E3700020F0E72A4621462846FDF70FFF804691
S21403E3800028E7D03B464A4629460094FFF753FF4A
S21403E390A6F80080ECE70120DDE708B5FDF7E3FE0D
S21403E3A0437803F001001A074CBF10300830DB0631
S21403E3B044BF0830C0B21030C0B208BD10B50C461A
S21403E3C001F0EAFEA04234BF0020012010BD7FB555
S21403E3D014460091024641F2092141F609209DF8B0
S21403E3E020601D46002E18BF0146099B0020F6F745
S21403E3F0B9F8ADF80E0010B9002004B070BD0123C3
S21403E4002A4621460DF10E00E5F7DCFF0028F3D17E
S21403E410BDF80E00F1E738B50546FFF7BEFF044624
S21403E420284601F0B9FE631C9BB283420FD82846E8
S21403E430FDF799FE43785B0707D521462846F6F78E
S21403E44069F8013004EB4004E4B2204638BD0024EA
S21403E450FBE71FB5ADF80E0001F09EFE0446BDF8BF
S21403E4600E00FFF7D8FF00F10E03DBB2BDF80E2057
S21403E4700146E01A80B200901046FFF7DCFEA4F1D6
S21403E4800E0189B20DF10E00FFF7ADFE04B010BD0C
S21403E4904278034612F0080006D0D20702D403F1EE
S21403E4A00800704703F10900704737B505460C4668
S21403E4B0FDF759FE437813F0100212D09CB103F017
S21403E4C001021B074FF000032946009320464FF036
S21403E4D0080354BF1832203202F00CFC012003B0AC
S21403E4E030BD1046FBE72046F9E773B505460C46F4
S21403E4F0FDF739FE437813F0100211D094B10126CC
S21403E50003F001021B0729464FF00803204654BFB9
S21403E51018322032009602F0EDFB304602B070BD92
S21403E5201046FBE72046F9E700F00303012B08D06B
S21403E530C30606D400F00C000C2814BF08200920DC
S21403E540704702207047034611F0030005D003F01E
S21403E5500303022B14BF022003207047F8B50C46B2
S21403E560064601F019FE631C834202D9002528469D
S21403E570F8BD21463046F5F7CDFF0746FFF7D4FF33
S21403E5803B060546F3D50444304601F005FEA4B227
S21403E590631C9BB28342E9D821463046F5F7BAFF9F
S21403E5A001463846FFF7CFFF2844C5B2DFE770B50C
S21403E5B006460D46FFF7D2FF044610B90024204650
S21403E5C070BD29463046F5F7A5FF8206F7D53046D7
S21403E5D001F0E2FD2544ADB26B1C9BB28342EDD83D
S21403E5E029463046F5F796FF00F01803082B14BFAC
S21403E5F005340634E4B2830644BF0834E4B2DEE7E7
S21403E60038B50546FFF707FF044608B9002038BDAE
S21403E61001462846FFF7CBFF0028F7D02044C0B2B8
S21403E620F5E72DE9F04387B005460C46FDF79BFD5D
S21403E630804602F052FA07462846FFF7ECFE0646E7
S21403E64001462846FFF78AFF002203460092294622
S21403E650324602A802F04EFB9DF8086006F00C0353
S21403E6600C2B06F003090BD0B9F1010F59D0F106B4
S21403E67057D49DF809300DF10A050020637107E0B1
S21403E680FF230DF10900637102F027FA0DF10B0564
S21403E690208198F80130DA0704D508F1020002F069
S21403E6A01CFA2081B9F1010F5FFA89F83DD0F30611
S21403E6B03BD4284602F011FA6080A81C02F00DFA3B
S21403E6C0053515F8013C208023712B78B006A3721C
S21403E6D006F0400348BF43F02003390627D543F42A
S21403E6E00073F80448BF43F48063390548BF43F416
S21403E6F000633206E38011D56A7812F003020DD068
S21403E7006FEA43436FEA5343A978B8F1020FE380F5
S21403E7100B4611D1EB7841EA0321218107B0BDE80E
S21403E720F083FF230DF10905A7E7FF23CCE77A065D
S21403E73048BF43F48073D4E7012A04BF0B029BB29D
S21403E7402381EBE7F6F7EABB0BB1F6F753BC0AB93E
S21403E750F6F7CCBCFF21F6F7F5BB431C08BF002039
S21403E760DEF752BF034B5868C0F30800003818BFE3
S21403E7700120704700ED00E0014B1868704700BFAA
S21403E780F8690020084B1B6F03F00703022B04D025
S21403E790032B05D0012B05D0FEE7044B1868704702
S21403E7A0034BFBE70348704700800050F8690020DE
S21403E7B0006A0020002D310108B5FFF7E3FF054B83
S21403E7C01B6FC3F301330133B0FBF3F0024B186046
S21403E7D008BD00BF00800050F46900200048704761
S21403E7E000B4C40400487047002D3101014B18687B
S21403E7F0704700BF006A0020174A9368C3F30443B8
S21403E8000C2B0AD8DFE803F00B09090909090721CD
S21403E81019091B1D1F001148704700207047936895
S21403E82003F04073B3F1807F11D0B3F1007F10D0B3
S21403E830002B0B4818BF002070470A4870470A4849
S21403E84070470A4870470A4870470A4870470A489C
S21403E85070470A48704700BF0040015A405DC60033
S21403E86000093D00C0EA210180BA8C010048E80196
S21403E870005A62020024F40080841E0040420F0007
S21403E880014B1868704700BFFC6900200A4A08B5A8
S21403E890127852B107280AD8084A02EB00131B7BEA
S21403E8A03BB1CCF727F9002008BD0548FCE705482F
S21403E8B0FAE70548F8E700BFBB5F002028360020CC
S21403E8C0028000F0018000F0078000F00B4A10B5CC
S21403E8D012780C4662B107280CD859B1084A02EBE5
S21403E8E000131B7B43B1CCF717F92070002010BD33
S21403E8F00448FCE70448FAE70448F8E7BB5F00204F
S21403E90028360020028000F0018000F0078000F027
S21403E9100B4A10B512780C4662B107280CD859B1C9
S21403E920084A02EB00131B7B43B1CCF70DF92060BA
S21403E930002010BD0448FCE70448FAE70448F8E75B
S21403E940BB5F002028360020028000F0018000F024
S21403E950078000F007B500F07DFC6A4600F0D8FC9F
S21403E96018B14721034800F007F8DDE9000103B0BA
S21403E9705DF804FB5914040038B504460D460B46EF
S21403E980024607490020F8F79AFD01F0D0FF01F090
S21403E990D0FE29462046BDE8384001F0C6BF00BF7A
S21403E9A03A1804000229F8B596BF104B00245C5CA5
S21403E9B0012805460E4608D0022809D008B944F0B7
S21403E9C002040B4B1F6837B9F8BD44F00804F8E798
S21403E9D044F02004F5E77B681A68144203D03146F6
S21403E9E028465B6898473F68EDE700BF86B2040099
S21403E9F0003E002038B5104D2B78ABB10F4C237872
S21403EA001BB100F031FA00232370002001F095FFBC
S21403EA100B4C50B100F07AFA0023012120782B70BA
S21403EA20FFF7C0FF0123237038BD0122054B1A7080
S21403EA302278054B1A70F7E7C55F0020C35F0020F6
S21403EA40CA5F0020C65F0020C75F00200E490B7810
S21403EA50FF2B01D198B170470BB990B970470028C6
S21403EA6014BF0122FF2213440B7060B1074B1B78BF
S21403EA70012B08D9064B1B782BB9FFF7BBBF1A46E9
S21403EA80F1E70122EFE77047C95F0020CA5F002065
S21403EA90C65F002010B501F048FE064B04461B78FF
S21403EAA01BB1BDE8104001F03BBEFFF7A3FF2046B5
S21403EAB0F7E700BFC25F002002282DE9F04147D0E8
S21403EAC029480378FF2B41D1002941D11A46134424
S21403EAD0DBB2037000293BD0244E3278012A37D9A3
S21403EAE0002B3ED001F021FE214F04463B780BB3AA
S21403EAF0204D2B781BB901222A701F4A1370DFF8AA
S21403EB007C8098F8003023B100F0AEF9002388F833
S21403EB100030204601F004FE012001F00EFF01F054
S21403EB2004FE2B7804461BB100F0F0F900232B708B
S21403EB3000233B70204601F0F3FD01243078A04209
S21403EB4006D02146FFF72EFF347001E013B931B922
S21403EB50BDE8F081002914BF0122FF22B7E7012296
S21403EB60B5E70224EAE700BFC95F0020CA5F0020BA
S21403EB70C55F0020C25F0020C65F0020C35F002081
S21403EB802DE9F04385B0EFF3108572B6AFF300803E
S21403EB9001F0ADFF002800F09280624E624F33789A
S21403EBA023B10020FFF752FF00233370387878B97B
S21403EBB003A900F01FFB044650B95C4B039A1B687D
S21403EBC09A4200F284800120FFF740FF012333704E
S21403EBD03B78002B40F09980554B1B78002B00F0B8
S21403EBE091804FF00208534CDFF868912078404537
S21403EBF007D099F8003013B94146FFF7D3FE84F8DF
S21403EC000080B8F1020F0FD1DFF8248198F80030A6
S21403EC1053B9494B1B7823B900F020F90122474B1F
S21403EC201A70012388F80030207800F0F7F899F876
S21403EC30003013B1424B1B782370AFF30080284695
S21403EC4001F076FEEFF3108572B63E4B1A7852B19A
S21403EC5000221A703A4B20781B78984203D1012180
S21403EC602170FFF79FFE384800F084FA01F04EFF4C
S21403EC708046002893D12E4F3B789BB189F800003D
S21403EC80DFF8B89099F800301BB100F0EDF889F87A
S21403EC900080002001F051FE002839D000F036F93C
S21403ECA000233B70337823B10020FFF7CFFE002309
S21403ECB0337000212078FFF775FE00232370AFF32F
S21403ECC00080284605B0BDE8F04301F031BE1F4B77
S21403ECD0D3F8008000F048F9039B80449845BFF4BE
S21403ECE072AF00F03BF98200039942F0020292B23F
S21403ECF0CDE900422346164AA1EB0801124801F06B
S21403ED001EFE65E700F09CF86BE74FF001086AE724
S21403ED10012000F083F8284601F00AFEEFF3108581
S21403ED2072B6B6E7C45F0020C95F0020083E002025
S21403ED30C55F0020CA5F0020C85F0020C35F0020B5
S21403ED40C75F0020C05F00200C3E0020043E00206A
S21403ED5095EA0300C65F002010B501F0E6FC00222A
S21403ED60054B1C781A7001F0DBFC00F005FBE4B2DF
S21403ED702043C0B210BD00BFC15F002038B501F00C
S21403ED80D4FC094B05461B78012B04D801F0C8FCBC
S21403ED900024204638BD054B1C6800F0E5F8044403
S21403EDA0284601F0BDFCF4E7CA5F0020043E0020BD
S21403EDB01549164A0B6F10B503F007031360144A80
S21403EDC0144C9269032B02F00200C2F34002227035
S21403EDD017D0D1F8203103F00703022B11D0D1F856
S21403EDE0803203F001030C4A137048B143B9064B53
S21403EDF0D3F8003103F00303591E4B424B41137003
S21403EE0010BD0123EFE700BF00800050683E0020DE
S21403EE1000C00150CF5F0020D05F0020012805D03E
S21403EE200238012808D80020CBF72ABB034A136907
S21403EE3023F00403136130BF704700BF00ED00E00A
S21403EE40044B054AD3F8203103F007031360F7F7A2
S21403EE5087BC00BF00800050703E00200122014B9B
S21403EE601A707047CE5F0020F8B51F4B1B78002B37
S21403EE7039D01E4C2378B3B91D4B9A6DD10302D5F6
S21403EE80DA6D92072FD49B6DDB072CD401F09DFD22
S21403EE90184B194A1860136F23F0070343F0030354
S21403EEA01367FFF789FC01F090FD124B134D1B68A7
S21403EEB0134EC01A2B78134F56F8232046F8230018
S21403EEC0111A3A681048521A0A213A600932B2FBFC
S21403EED0F1F20133DBB20260B3FBF1F201FB123352
S21403EEE02B7000232370F8BDD05F0020CD5F002079
S21403EEF000C00050603E002000800050CC5F002021
S21403EF00383E0020343E0020303E002008B5F7F798
S21403EF1028FC0D4A0D49136F096823F007030B43BA
S21403EF2013670B49D2F82031096823F007030B4314
S21403EF30C2F82031074B1B7813B10122064B9A62A5
S21403EF40BDE80840FFF738BC00800050683E00204C
S21403EF50703E0020D05F002000E00050014B187880
S21403EF60704700BFD05F0020054B187818B1054BDB
S21403EF70186800EBD000044B1B681844704700BFAA
S21403EF80D05F0020303E0020643E002008B50D4BC5
S21403EF901A7892B100221A700B4A136F23F00703F4
S21403EFA043F001031367D2F8203123F0070343F03D
S21403EFB00403C2F82031FFF7FFFB0122034B5A6715
S21403EFC008BD00BFCE5F00200080005000E0005068
S21403EFD00D490B68A0B10022A3B1834203D1836815
S21403EFE022B90B6003E01A469B68F5E793608368D3
S21403EFF00BB9002070475A6941690A445A61F8E719
S21403F00022207047022070477C3E002010B501F096
S21403F010F8FC0A4C0A4B19682368C31A09B920601E
S21403F02010BD002BFBD04A699A423ABF9B1A0022B6
S21403F030D21A4A6128BF00238968EFE7783E00208A
S21403F0407C3E002038B5154D2B682BB35B69A3B106
S21403F050134A022014681C4400F086FA204600F087
S21403F06045FA00230F492A680B7022B1D08880071F
S21403F0700AD501230B70002038BD022000F074FA75
S21403F080022000F093FAECE79268002AF3D0506966
S21403F0900344012BEAD9EEE72220EDE77C3E00206D
S21403F0A0783E0020D25F0020C38870B504460D4624
S21403F0B03BB9FFF763FE8542064602D2F8F71EFF0A
S21403F0C035460E4A6561136883B91460A3600CE085
S21403F0D02D1A986819466561034618B15869A842FF
S21403F0E0F6D929B18C60A36023B970BD0021F5E77A
S21403F0F01460A3605A69521B5A61F6E77C3E0020EF
S21403F10070B50D469DF81410164601710499BDF8A6
S21403F1101820016000210446C0E903368160C280DE
S21403F12006BB01F06EFC2844A0613DB9E368656147
S21403F13013B1204621689847C6B1354601F0F5FA63
S21403F1400646FFF763FF29462046FFF7ADFF084B49
S21403F1501B689C4201D1FFF775FF3046BDE870403F
S21403F16001F0DEBA01F04DFC3044DDE770BD00BFB0
S21403F1707C3E0020F8B50546D0B101F0D6FA064627
S21403F180FFF744FF0B4B28461F68FFF721FF044693
S21403F19020B1304601F0C4FA2046F8BDAF42F8D19C
S21403F1A0FFF750FF2228F4D1022000F0E9F9F0E738
S21403F1B02224F1E77C3E002038B50C460546A8B16C
S21403F1C0A1B100230B7001F0BDFA0121084B1B68A7
S21403F1D033B901F0B2FA002038BDAB4204D1217036
S21403F1E02278002AF9D0F4E79B68F1E72220F3E7B8
S21403F1F07C3E0020F8B506460F4601F0A3FA00252C
S21403F2000446124B1B6823B9204601F096FA1B20CE
S21403F21011E05A691544DA88B2420DD101F0F1FBC8
S21403F2200B4E3368C01AA8420AD3002320463B601D
S21403F23001F083FA0020F8BDFF2EEFD09B68E2E7CB
S21403F24001F0DFFB33682B441B1AEFE77C3E0020FC
S21403F250783E002070B501F075FA064601F0D1FB42
S21403F260084B044601201D6801F0BBFB18B101F0F2
S21403F270C8FB04460135304601F05FFA20462946AE
S21403F28070BD00BF843E0020014B1868704700BF66
S21403F290803E00200B4B70B51B68044683420D4628
S21403F2A00ED340F2E7300021074B4FF47A721E6804
S21403F2B00023E4FB0601DCF75FFB2860002070BD3B
S21403F2C02120FCE7743E0020803E00200F4B10B543
S21403F2D01A689AB14FF47A71531E1342A0FB0101C8
S21403F2E00ED1B2FA82F2C2F11F04531CD243E0409D
S21403F2F001FA03F3184321FA02F20243104610BD43
S21403F3000023DCF739FB0246F8E700BF803E002007
S21403F31038B5164B14468342154B8B4123D3154BF6
S21403F3201A6802B34FF47A75A0FB050305FB013197
S21403F330531E134211D1B2FA82F3C3F11F055A1CAE
S21403F340DB4301FA02F2E84021FA03F310431843C1
S21403F350E940C4E90001002038BD0023DCF70CFBBC
S21403F360C4E90001F7E72120F6E700BFEFA7C64B85
S21403F37037894100803E002010B501F0E3F9034BC6
S21403F3801C7801F0DAF9E4B2204610BDD15F002004
S21403F39008B5084B1B7803F0FF004BB101F015FBD3
S21403F3A0054B1B689B69C01A02288CBF00200120EE
S21403F3B008BD00BFD25F00207C3E0020C2072DE9B7
S21403F3C0F843044607D5464A136801331360FFF72C
S21403F3D01DFEFFF737FEA3077FD501F0B3F94FF005
S21403F3E0000805464646FFF711FE3E4F3C680CB143
S21403F3F06369A3B100223C4B012E1A7003D118F0A7
S21403F400020F18BF1E70FFF71DFE222802D102202E
S21403F41000F0B6F82846BDE8F84301F08EB9234657
S21403F4205A693AB91A792179914288BF1C469B6872
S21403F430002BF5D1284601F080F92569002D38D038
S21403F44001F0DFFAA269A0EB02084FEAE873A845C9
S21403F45073F100032EDB23691344A361012322699E
S21403F460CAB1C3B9A38BB5EB080533B1E28B13441A
S21403F4709BB2B3F57A7F28D2E38301F063F9804623
S21403F48029462046FFF710FEA36922694046134427
S21403F490A36101F052F9E36813B120462168984747
S21403F4A0B4F8068001F04EF901360546FFF7AEFDC7
S21403F4B09CE7A84601F046F981462046FFF788FDFB
S21403F4C0484601F03AF90023C9E7A3F57A73E383C4
S21403F4D0A369013D013BA361CFE7BDE8F88300BF05
S21403F4E0843E00207C3E0020D15F002010B50446F9
S21403F4F001F01BF94FF0B042936A1907FCD4136A64
S21403F500116C5269120704D4CA1A032A01D8994205
S21403F5100ED1E21A022A98BFDC1CB4F1FF3F38BFB3
S21403F520013C4FF0B04308221C6403F580539A61F4
S21403F53001F0F6F8054A13783BB14FF0B041CB6BB8
S21403F54043F00203CB630023137010BDBD6F00208E
S21403F55007B5044B01A9187901F08DF9019803B09A
S21403F5605DF804FB90AF040000F001038207034A32
S21403F57048BF43F008039361704700BF001000586C
S21403F580820700F001030AD50121064A43F0080367
S21403F59011704FF0B041CA6B22F00302CA63024AED
S21403F5A093617047BD6F002000200058830742BF59
S21403F5B00822014B5A6170470010005873B502AB1E
S21403F5C0164603E90600044600F052FF05462046A9
S21403F5D000F05EFF9DF800208DB1202C33780ED806
S21403F5E0012B2ED84FF6FF752D4803EB4313234408
S21403F5F030F81310A94202D0013120F81310294B1A
S21403F600294E33F8141036F81400814232D34FF6DD
S21403F610FF75A9424FF0010502D0013123F81410FB
S21403F62004F0FD01092927D1998AB68A0A44B24211
S21403F630B4BF9A829E8233F81430834227D202B034
S21403F64070BD022BDBD14FF6FF704FF6FF75144BE0
S21403F65033F81410814218BF013104F1210018BF9A
S21403F66023F8141033F81010A9421CBF013123F8F5
S21403F6701010C4E70025D0E71D2CDCD1598F8E1857
S21403F680864203DA01390A445A87D4E75887002D9D
S21403F690D5D1204602B0BDE8704001F0CDB900BF19
S21403F6A0E0590020B85A0020645A002038B50D46A9
S21403F6B0044601F047F8064A13889BB22DB123434C
S21403F6C01380BDE8384001F038B823EA0403F7E7AF
S21403F6D0A65E00200022034B01214FF480701A70AF
S21403F6E0FFF7E4BF2066002008B5054B1868FCF753
S21403F6F04AFB00F00300C31E5842584108BD00BF32
S21403F700D856002038B5044601F042FA0C4B05469D
S21403F7101978187981420FD0631E082B0CD8DFE8BE
S21403F72003F0050D0B0D0B0D0D0D0D00002201460C
S21403F730044B1868FCF725FB284638BD0022F7E77C
S21403F740EB6F0020D856002038B54FF0FF300C463C
S21403F750FFF703F80A4B05461868FEF7FEFF641B1F
S21403F760241A20B210F1630F06DB10F1240F05DA1A
S21403F77064308000C0B238BD0020FCE7FF20FAE703
S21403F780D856002008B5134B1B78062B04D040F63A
S21403F79021011148FFF7F0F8104B1B881B0704D410
S21403F7A040F622010C48FFF7E7F80D4B2A2019789C
S21403F7B0FFF7A8FF00210820FFF778FF0222094B76
S21403F7C01A70094B1868E3F715F9BDE8084001F00D
S21403F7D020B900BF20660020F1AB0400A65E00201F
S21403F7E01D66002020700020D856002010B50E4C51
S21403F7F0236823B940F6A3410C48FFF7BDF82068F9
S21403F800013001F06AF900F0070003280AD12468E2
S21403F81009220121204600F0E3FB205C031F584227
S21403F820584110BD0020FCE7C8560020F1AB040089
S21403F83038B50C4640B100210420FFF737FF01F02E
S21403F840E8F8012C1DD038BD244B1B889B07F6D542
S21403F8500129234A2FD1117869B30139C9B211702E
S21403F86011B92020FFF722FF00210220FFF71EFF19
S21403F87004221C4B00211C481A7000F05DFD01F0A9
S21403F880C8F81A4C2068013001F027F900F44060EC
S21403F890B0F5006F1FD1246801210422204600F032
S21403F8A09FFB204401F019F90146BDE838400022C9
S21403F8B0202001F0D9B800210D4D02201170FFF76A
S21403F8C0F5FE2B78FF2B04D040F299610948FFF729
S21403F8D053F82C70B3E74FF6FF71E6E7A65E0020F9
S21403F8E01F66002020660020206D0020C8560020DA
S21403F8F021700020F1AB040038B5134C054623886D
S21403F900580709D5FFF7F0FE01460720FFF7FAFE72
S21403F910FF210120FFF78CFF238899070BD50B4B9C
S21403F920284619788A1F51425141FFF7EBFE012101
S21403F9300020FFF77DFF23881B0703D5BDE838406B
S21403F940FFF720BF38BD00BFA65E0020206600205C
S21403F950F7B5124CD4E9006586EA020C85EA03077C
S21403F9600CEA000C0F405CEA070E15D086EA0C067C
S21403F9707D40C4E90065CDE900230B4608490246ED
S21403F9800868FBF7C2FD38B14FF4FD71054803B0B4
S21403F990BDE8F040FEF7F0BF03B0F0BD5016002000
S21403F9A0D8560020F1AB040008B50A4B1B88DB06CB
S21403F9B004D440F647010848FEF7DEFF0021102076
S21403F9C0FFF774FE002000F06BFBBDE8084001F073
S21403F9D020B800BFA65E0020F1AB04002DE9F04F6F
S21403F9E05706804614461D4691B005D5FFF77CFEA4
S21403F9F001460120FFF786FEEE0403D500212D20E5
S21403FA00FFF780FEA00224D54046FCF768FA0146BD
S21403FA10F8B94020FFF74AFE40460AA9FBF73CFE2A
S21403FA20B8B99DF83030022B40F0D980BDF82800D5
S21403FA3000F0B6FDFF2808D14046FBF72BFE40B981
S21403FA4001214020FFF732FE03E000F0C3FD00284B
S21403FA50F2D1A10305D5FFF747FE01460320FFF7C2
S21403FA6051FEE20104F0807640F1C080854B1B888E
S21403FA709B072DD5844E3068FBF7A3FD40BB834B15
S21403FA80834F18703B78FF2B04D040F257618148B0
S21403FA90FEF772FF4FF0000900210220FFF706FE73
S21403FAA087F800907C4F3B78062B07D1012108206E
S21403FAB0FFF7FCFD49462820FFF724FE3B78052B7D
S21403FAC006D100212B20FFF71DFE3068E2F792FFD8
S21403FAD000F09FFF220717D56B4F0321386805AA4E
S21403FAE0FBF789FD064620B940F2C9616948FEF76F
S21403FAF043FF9DF81430072B00F0D080FFF7F4FD8A
S21403FB0001460420FFF7FEFDE10505D5FFF7ECFDF2
S21403FB1001460420FFF7F6FD14F4863F05D0FFF7F1
S21403FB20E3FD01460220FFF7EDFDA20113D5FFF723
S21403FB30DBFD01460820FFF7E5FD00210420FFF763
S21403FB40B5FD554B1B78012B03D14F4B1868E2F7D5
S21403FB5051FF00F05EFF14F0084F09D0FFF7C4FD15
S21403FB6001460720FFF7CEFDFF210120FFF760FEC9
S21403FB70A30009D5FFF7B8FD01460620FFF7C2FD2F
S21403FB80FF210120FFF754FEA70705D53D4B1B8831
S21403FB901E0701D5FFF7F6FD6C0603D500210A20E4
S21403FBA0FFF7B0FD280602D50120FCF7A9F9E90501
S21403FBB040F1858140460AAA05A9FCF7E0F89DF8BE
S21403FBC01430222B00F06D8100F28281152B40F257
S21403FBD06A8140F60A112F48FEF7CEFE6FE1032B2B
S21403FBE07FF437AF0AA801F06EF830E705F0020796
S21403FBF056EA07030DD0284B26201978A1F1060EE6
S21403FC00DEF1000141EB0E01FFF77CFD01213046DA
S21403FC1011E004F0805656EA07030FD01E4B262049
S21403FC201978A1F1060CDCF1000141EB0C01FFF79A
S21403FC3069FD02213846FFF7FBFD4BE704F08841D8
S21403FC4051EA060309D0144B272019788F1F7942EF
S21403FC507941FFF757FD0221D9E705F008030B4367
S21403FC6002D02320FFF74EFD680703D5002124208A
S21403FC70FFF748FDE9077FF52DAF00212520FFF7A5
S21403FC8041FD27E7A65E0020D85600201F66002009
S21403FC9021700020F1AB040020660020314638684E
S21403FCA00AAAFBF7AEFC20B14FF4DA619E48FEF7D2
S21403FCB063FEBDF81630386802330AA9ADF82C3057
S21403FCC0FBF7A1FC20B140F2DF619748FEF754FE34
S21403FCD00023009331460423386804AAFBF795FCF7
S21403FCE0042804D040F2E4618F48FEF745FEDFF8AF
S21403FCF0589299F80030C3BB0DF1110000F0EDFEE9
S21403FD0000F00700022830D1FFF7EEFC0146092079
S21403FD10FFF7F8FC854B1B78062B23D1844B9DF805
S21403FD2013201B789A421DD19DF8353023B940F233
S21403FD30FA617D48FEF720FE0DF1110000F0CDFEBE
S21403FD40C0F3001631462920FFF7DCFC002108200B
S21403FD50FFF7ACFC774B1E70FFF748FD10B9386809
S21403FD60E2F748FE00F055FECEE6BDF81600012188
S21403FD70083080B200F068FA039030B9FFF7B4FC9D
S21403FD8001460420FFF7BEFCECE700F0E9F905AAFC
S21403FD90014606463868FBF740FC99F800A0BAF11E
S21403FDA0000F22D106F1010B584600F096FE83069B
S21403FDB05AD53868FCF793F80746FFF795FC0537DE
S21403FDC00146F8B2FFF79EFC584600F086FE00F0A8
S21403FDD007000328584F2DD001210420FFF766FCA7
S21403FDE04FF0FF30FBF738FC386000225349BDF86C
S21403FDF016300978F718F1549DF83630BB709DF825
S21403FE003730FB700A9B190E3971190C7971FB7127
S21403FE10190A99F80030B97123B9737892B343F08D
S21403FE2020037370002000F069F97870039800F0DF
S21403FE3071FA97E701210922304600F0D1F8305CC9
S21403FE4001210428C9D1FFF731FC4FF0FF30FBF73F
S21403FE5003FC3B4B38601B885806C6D551464020EA
S21403FE60FFF724FC0122C1E7FFF73EFC0146092009
S21403FE70FFF748FC2D4B1B78012BB6D13868E2F709
S21403FE80B9FDB2E723F02003CBE701227E33DBB2D2
S21403FE9002FA03F313F00A1F31D113F0011F3FF4E4
S21403FEA098AE27202CE0012202FA03F3254A1A40D3
S21403FEB02ABB13F0041FF4D1DA077FF58AAEAB052D
S21403FEC02FD50121802011B0BDE8F04FFFF7EEBB20
S21403FED0652B1AD8622B12D8452B0CD8422B0ED87A
S21403FEE0352B06D8322B0AD8252B08D9322BD8D057
S21403FEF06FE6422BFBE7552B05D8522BF7D9262066
S21403FF00FFF7FAFCDBE7622BF1E7952B3FF661AED2
S21403FF10812BBAD8722BC4D0733B022B3FF659AE53
S21403FF20EDE711B0BDE8F08FF1AB040020660020CA
S21403FF301C66002020700020C4560020227000207B
S21403FF40A65E00203A00380023660020024B18788D
S21403FF50B0FA80F0400970472066002008B5064BCB
S21403FF604FF0FF311868FBF730FF0028B8BF0330A7
S21403FF7040F3870008BD00BFD856002008B5074BDE
S21403FF801868FBF757FA30B1054BB3FBF0F083B2B2
S21403FF900BB1184608BD0120FCE700BFD856002069
S21403FFA040420F0038B510200C460121FFF77EFBB8
S21403FFB0064B1D68FFF7E2FF012200FB04F1044B2A
S21403FFC02846FBF7E7FE002038BD00BFD8560020C2
S21403FFD0A9F903000148FEF7CFBC00BF0BAC040031
S21403FFE0032A70B5144602D82C4B985C70BD81F07A
S21403FFF0010519B90D2A07D1FF20F7E70D2A03D10A
S21404000000780538C0B2F1E7084400F066FDC5F193
S214040010040110F440660246C9B209D1042C08460D
S214040020E4D0052C16D112F0400F18BF0846DDE7C1
S214040030C5F10603042CD8B2D8D0B6F5006F03D1A8
S214040040C5F10805E8B2ECE7B6F5406FE9D1C5F1AD
S2140400500E05F7E712F4404107D1062CC6D0072C4C
S214040060C4D0082C13D10130CCE755065CBF831CE2
S214040070D8B2062CBAD0B1F5004F02D1831CD8B240
S214040080EDE7B1F5404FEAD100F10803F7E71307AF
S21404009044BF0530C0B20C2CA8D9ADE7C8F804009C
S2140400A0AC2370B5094C054603FB00435E6D26B9C8
S2140400B040F2FD310648FEF75FFCAC2303FB054423
S2140400C0002363653346BDE870401847DC560020BD
S2140400D048AC040010B40C461146AC22064B02FB96
S2140400E00033586D20B95C655DF8044BFFF75ABFC2
S2140400F002205DF8044B7047DC560020AC22034B0C
S21404010002FB003393F8A800704700BFDC560020BB
S21404011028B1034B1B68C01A4010013080B27047E8
S2140401209C57002030B1044B00F100401B68013896
S21404013003EB4000704700BF9C570020064B1B682B
S214040140834206D8054B1B68834294BF00200120D7
S21404015070470020704700BF9C5700209857002027
S21404016010B5044608B9002010BD00F01FFD20B9E4
S21404017040F2CD410748FEF7FFFB2046FFF7D2FFCB
S2140401800028F0D00388DB0B14BFD0F80A00083030
S214040190EAE700BF1FAC040010B508B9002010BD84
S2140401A0FFF7C0FF044600F0F8FC20B94FF49D6149
S2140401B00648FEF7E1FB002CF0D02388DB0B0ABFD1
S2140401C060882089C0F30C00E9E700BF1FAC040078
S2140401D038B5FFF7A7FF0D46044650B100F0DDFC26
S2140401E020B940F241510348FEF7C6FB023534F805
S2140401F0150038BD1FAC040070B5FFF793FF0C461E
S21404020016460546B0B100F0C8FC20B940F24D5180
S2140402100C48FEF7B1FB3046FFF784FF00F0BDFC48
S21404022020B940F24E510748FEF7A6FB023425F8E3
S214040230146070BD40F25251BDE870400148FEF7AC
S2140402409BBB00BF1FAC04002DE9F8430746884655
S21404025000F005FC20B940F28E512A48FEF78CFBCC
S214040260FC1CA408284B64000434B7F5005F1E6821
S214040270A4B204D340F295512248FEF77DFB00F069
S21404028061FA224981460B687BB9214B1D68761BAF
S214040290C6F34F06B44227D90025484600F04DFA67
S2140402A02846BDE8F843FFF733BFB8F1000F11D076
S2140402B0174A15685A1BC2F34F029442ECD81448E6
S2140402C0620005EB44040460B8F1000F0FD1134438
S2140402D00B600CE0F61AC6F34F0676B940F2A65148
S2140402E00848FEF749FBD7E705EB44041C600023E7
S2140402F06F80AB80EB802B80CFE7B442CCD8044A27
S2140403001568DCE71FAC0400A057002088570020BF
S2140403109857002038B5054600F014FA04462946D6
S2140403200448002200F04FFC2046BDE8384000F0A8
S21404033004BA00BFAC5E002082684B4B2DE9F04146
S2140403409A4204460E46056815D121B140F21311AF
S2140403504648FEF711FB00F0F5F923691BB92B6834
S2140403602BB924612C60BDE8F04100F0E6B91A69A7
S21404037022611C61F6E700F0D3FA8046FEF7F2F934
S21404038020B14FF495713948FEF7F6FA6FF0004342
S2140403909E4221694BD22B7B08EB0602002B4DD0E4
S2140403A0AB6893424AD1531C002949D061699942EB
S2140403B042D01EB9521AB2F1004F3DD96361236987
S2140403C06E689C4203D19D212848FEF7D5FA2F4635
S2140403D00023B4420BD0002B41D172696169891A9B
S2140403E0B1F1004F32D83269374694422CD1226993
S2140403F0BD420CBF6A603A617BB92669B44203D138
S214040400B8211A48FEF7B8FA3B46012E05D06269B1
S2140404107169521AB2F1004F23D99D420BBF6B6823
S2140404201A69236122610CBF6C601C6104E04344BA
S21404043031B162699342C1D1BDE8F0811346B3E796
S2140404406A6822616C60B9E71646C6E7A8EB020242
S214040450B2F1004FC7D93B4637463669B9E71F465F
S214040460F9E733463669D0E7E944020033AC0400C2
S2140404700823064A12F8011B814205D0013B13F0FB
S214040480FF03F7D1184670470120704779F9040036
S2140404900823064A12F8011B814205D0013B13F0DB
S2140404A0FF03F7D1184670470120704771F904001E
S2140404B010B5082207490446DBF7C2FEB0FA80F0FE
S2140404C04FF6FF732289400940009A4208BF40F065
S2140404D0010010BD8AF9040030B504460D4685B007
S2140404E002B9084A1068516801AB03C301AB03CBD9
S2140404F020602046ADF80C501B886160238105B04F
S21404050030BD00BF95360400002270B50A4B1C7837
S2140405100A4BD5B2AC4202D800200C7008E01E8804
S2140405200132864205D30D701B881B1A5842584167
S21404053070BD1233EDE700BF7D650020645C0020CB
S214040540F8B5154B04461D680E46E5B1134B1F78E7
S214040550874218D900EB400305EBC30526B92B697F
S214040560DA0712D42046F8BD08223146281DDBF7E8
S21404057067FE50B92B69DB07F4D40134E4B2A74212
S21404058005F11805F0D1FF24ECE70134E4B2A742E4
S21404059005F11805E2D1F6E7045800204070002063
S2140405A00A4B01461B6830B52BB1094A1478002261
S2140405B0D0B2844201D8FF2030BD5D888D4202D17E
S2140405C01D69ED07F8D401321833F1E7045800200A
S2140405D0407000200F4A03461068D0B10E4A1278C5
S2140405E09A4215D919B203EB430300EBC30003691F
S2140405F013F001000DD0094A126832F8112002F4F3
S214040600E2622AB913F00C0F14BF012000207047D1
S2140406100120704704580020407000200058002035
S214040620094B1B686BB1094A1278824209D900EB60
S2140406304000C20003EBC0000169C90701D5985CFD
S2140406407047FF20704700BF045800204070002009
S2140406500C4A0346106890B10B4A12789A420DD998
S21404066003EB430300EBC300D0E9043213F00100AC
S2140406704FF0000104D0184611467047002001468A
S214040680704700BF045800204070002010B5164B79
S214040690187860B1154C2368CBB14FF47072002003
S2140406A01349FFF717FD2368013B236010BDFFF7CE
S2140406B055FC1049104A91F90040136884420B4CCB
S2140406C003F1010313602368B8BF087053B90B48DD
S2140406D000F0A1FA0028E9D1BDE810400146074819
S2140406E0FFF72ABE0822DAE77F660020205800209B
S2140406F08D0604007A660020185800202C6F00200F
S214040700054B1B682BB9054B1868003818BF012029
S21404071070470120704700BF105800200C58002076
S21404072010B962B6BFF36F8F7047EFF3108072B6DE
S2140407307047302383F31188704780F31188BFF322
S2140407406F8F7047EFF31180302383F3118870475F
S214040750002070474FF4004070474FF47A7070479B
S2140407600122417803788A4030214B4341F210013C
S21404077003F1A04303F570335A507047B0F5802F49
S21404078024D010D8B0F5003F22D006D828B3B0F550
S214040790803F14BF012048207047B0F5403F14BF87
S2140407A001202C207047B0F5302F13D008D8B0F5B0
S2140407B0E02F11D0B0F5202F14BF01201020704771
S2140407C0B0F57F0F14BF0120062070474B207047FA
S2140407D02A207047112070472120704708B570B151
S2140407E000F022F84FF098435A6CD202FCD5586DAC
S2140407F010F4702004D0BDE80840FFF7BFBF2120E6
S21404080008BD08B528B128220021DBF7C7FC002064
S21404081008BD2120FCE7036A042B9FBF00EB83027C
S2140408200133D16003627047036A052B14D84FF076
S2140408309842116CC902FCD504339B001365016809
S214040840103B11604168116050F8081F11604FF0AA
S21404085098420344984200D1704750F8041F116030
S214040860F8E7836813B9816070475B685A68012AA1
S214040870FBD15960704709B100F008B822207047D0
S214040880012100F046B8002100F043B870B50646D2
S2140408900D46FFF757FF04461D2E37D8DFE806F04F
S2140408A00F18361C1E203622243636362628362ABC
S2140408B02C2E303636363634363636363632FDF765
S2140408C061FF002628602046FFF737FF304670BDDC
S2140408D00120C9F76FFBF4E70320FAE70420F8E7E2
S2140408E00C20F6E70220F4E70620F2E70720F0E7FC
S2140408F00820EEE70520ECE70920EAE70A20E8E707
S2140409000D20E6E71020E4E70B20E2E7002021268E
S214040910D8E70020704708B5FEF71CF880B208BD7B
S21404092008B5FEF717F808BD704742DE70477047F3
S21404093010B962B6BFF36F8F7047012070472DE978
S214040940FF410E46174698460546A0B10024C461EA
S214040950FEF710FCBDF82C30284602939DF828308C
S2140409602246CDE9008331463B46FEF7C9FB2046C6
S21404097004B0BDE8F0812220FAE72DE9F04198465C
S214040980002386B00E46174605468DF81730C0B1CC
S214040990C3610DF11701FEF70FFC9DF8174094B9DB
S2140409A0BDF83430284602939DF830302246CDE90F
S2140409B0008331463B46FEF7A3FB204606B0BDE85F
S2140409C0F0812220FAE70320F8E738B5FFF7BAFEED
S2140409D0054600F016F804462846FFF7AEFE204605
S2140409E038BD4FF0B04301285B6904D0022805D116
S2140409F0C3F3C000704703F001007047002070473F
S214040A0070474FF0B0439A6A1207FCD4186A7047CE
S214040A10704708B5FFF7FCFF00F01DF808BD10B5D9
S214040A20FFF783FE012104460846FEF745F82046F4
S214040A30BDE81040FFF774BE10B5044600F012F887
S214040A402046FAF775FC2046F7F7C6FDBDE81040C9
S214040A50F9F73DB9704708B5FFF7FCFF08BD01205C
S214040A60704770470020704730B589B00446ADF82B
S214040A7006108DF81020FFF7FBFC05462046FFF70E
S214040A8007FD03469DB1BDF80600ABB900F0C8F8F3
S214040A90FF2808BF00200DF10F038DF80F001A463B
S214040AA0204604990593FEF789FD09B030BD002859
S214040AB0F5D00DF10603F2E700F0B2F8FF280ABFFE
S214040AC00023034618468DF80F30BDF806308DF81F
S214040AD01800ADF81A3006ABE1E7008870470170DD
S214040AE0090A41707047012070470120704710B50D
S214040AF0DAF74CF90446CFF747FC0440CFF716FD67
S214040B00E4B20440FFF7EFFF204010BD38B5FEF70F
S214040B1023F90446DAF74CFA04282DD0022808BF35
S214040B2044F001040025E4B2F6F70EFF042825D0AD
S214040B30022808BF44F00104E4B2F7F71CFE0428B8
S214040B401ED0022808BF44F00104E4B2F7F732FBD3
S214040B50042817D0022808BF44F00104E4B2FFF7C3
S214040B60C4FF042810D0022808BF44F0010485F00E
S214040B70010504EA050038BD0125D5E70125DCE7B3
S214040B800125E3E70125EAE70020F4E7FF207047A4
S214040B9008B5FFF7FBFF002008BD08B520B1FFF736
S214040BA0CDFA00F0010008BD0120FAE708B5FFF70A
S214040BB0B9FABDE80840FFF7F0BF008810B1C9B223
S214040BC0FFF706BB70472DE9F041B0F800800646F3
S214040BD00C46D5B2B8F1000F11D029464046FFF7AF
S214040BE0F7FA2246074629464046FFF705FB3A46EB
S214040BF029462046FFF700FB3480BDE8F0810F4607
S214040C00F5E703461B8808468B4202D00021FFF70F
S214040C10DFBA002070470069003818BF012070470B
S214040C2000207047F8B506460D46FFF741FC03283A
S214040C30044621D02846FFF73BFC032807461BD072
S214040C4010F0020318D1A0070DD5F90716D4012316
S214040C503C43E20704D431892A89914218BF002311
S214040C6003F00100F8BD082229463046DBF7E8FA0F
S214040C70B0FA80F35B09EBE70020F3E71846F1E7E8
S214040C8070B50D4600210646FFF797FF044630B1BF
S214040C90FFF766FA01462846FFF7C4FF08B1204668
S214040CA070BD21463046FFF7ACFFEFE707B50DF100
S214040CB00701FFF729FC20B19DF8070003B05DF893
S214040CC004FBFF20FAE708B500F009F8FF2804D073
S214040CD0FFF7BEFCC0F3C00008BD0120FCE70146D8
S214040CE00020FFF72DBC08B5FFF75AFCFF3818BFE5
S214040CF0012008BD2DE9F8430746084615468846F0
S214040D001C469DF82090FFF72BFA4619A4B19EB115
S214040D104046FFF741FA254485420FDC2246B9F1E6
S214040D20000F06D131463846DBF7E2F80020BDE86E
S214040D30F88339463046F7E72120F8E71D20F6E722
S214040D40F8B500BFF8BC08BC9E467047F8B500BFAF
S214040D50F8BC08BC9E4670475FF800F0B1670020F8
S214040D605FF800F04D68002044657669636520747A
S214040D70797065206368616E676520646574656371
S214040D807465643A202564202D3E2025640D0A00EF
S214040D9050726573732064657465637465640D0AC4
S214040DA0004D756C74692070726573732064657485
S214040DB065637465643A2025640D0A0052656C65A3
S214040DC06173652064657465637465640D0A004C1C
S214040DD06F6E6720707265737320646574656374E0
S214040DE065640D0A0072656C61795F737461727470
S214040DF05F6C61746368696E675F70756C73653A7F
S214040E0020616E6F746865722070756C73652069F6
S214040E1073206163746976650D0A0072656C617986
S214040E205F6F6E0D0A0072656C61795F6F66660DA2
S214040E300A0072656C61795F746F67676C650D0A8A
S214040E400057726974696E6720636F6E66696720FF
S214040E50746F206E763A2025730D0A0053697A65FE
S214040E603A2025640D0A004661696C656420746F37
S214040E70207772697465204445564943455F434F5D
S214040E804E4649475F4441544120746F204E562CC9
S214040E90207374617475733A2025642E2028627951
S214040EA07465733A202564290D0A007375636365B7
S214040EB07373210D0A004661696C656420746F20A3
S214040EC072656164204E565F4954454D5F444556ED
S214040ED04943455F434F4E4649472C207573696E18
S214040EE0672064656661756C7420636F6E666967F7
S214040EF020696E73746561642C20737461747573F1
S214040F003A2025642E202862797465733A20256475
S214040F10290D0A005573696E6720636F6E666967EC
S214040F203A2025642063686172732066726F6D0DC3
S214040F300A25730D0A0072636F31797A62313B5465
S214040F4053303034462D4C49444C3B424130753B7B
S214040F50534230753B4944303B425443313B4D3B4E
S214040F60004E6574776F726B2073746174757320AA
S214040F706368616E67656420746F2025640D0A00DB
S214040F804D616E75666163747572657220746F6FF9
S214040F90206269670D0A004D6F64656C20746F6F7C
S214040FA0206269670D0A00496E697469616C697A22
S214040FB0696E67205A696762656520776974682078
S214040FC025642073776974636865732C2025642010
S214040FD072656C6179732C20256420636F76657264
S214040FE02073776974636865732C20256420636FA7
S214040FF0766572730D0A00436F6E666967207061CA
S21404100072736564207375636365737366756C6C5D
S214041010790D0A00726561642076657273696F6E75
S21404102020666F726D206E6577206C6F63617469DD
S2140410306F6E0D0A004661696C656420746F2077D4
S21404104072697465206C6173745365656E56657257
S21404105073696F6E20746F204E562C2073743A207A
S21404106025640D0A004F6C642076657273696F6E92
S2140410703A2025640D0A0043757272656E742076F4
S214041080657273696F6E3A2025640D0A00524553E3
S214041090455420414C4C210D0A0068616C5F677012
S2140410A0696F5F63616C6C6261636B3A2065787428
S2140410B069206C696E6520256C6420737461747590
S2140410C07320256C750D0A0068616C5F6770696F24
S2140410D05F63616C6C6261636B3A206E6F2066724C
S2140410E065652045585449206C696E65730D0A0081
S2140410F02F776F726B7370616365732F7475796184
S2140411002D7A69676265652D7377697463682F73D2
S214041110696C6162735F746F6F6C732F73696D7043
S2140411206C69636974795F73646B2F2E2E2F2E2E71
S2140411302F7372632F73696C6162732F68616C2FEF
S2140411407A69676265652E630044726F7070696EB3
S21404115067206F6C64204F544120696D6167652C6D
S2140411602063757272656E74206F66667365743A72
S21404117020256C750A00556E6B6E6F776E20636F54
S21404118076657220636F6D6D616E643A2025640D1A
S2140411900A00556E6B6E6F776E20636D642025644F
S2140411A00D0A00427574746F6E2070726573732036
S2140411B064657465637465642C20627574206E6F50
S2140411C020627574746F6E20697320707265737311
S2140411D065640D0A00427574746F6E206C6F6E67DA
S2140411E02070726573732064657465637465642C1B
S2140411F020627574206E6F20627574746F6E206939
S21404120073206C6F6E6720707265737365640D0A65
S214041210004E6F20636F7665722073776974636817
S21404122020636F6E66696720696E204E562C2075A3
S21404123073696E672064656661756C74730D0A0065
S214041240417474726962757465206368616E67655B
S214041250642C2065703A2025642C20636C757374A6
S21404126065723A2025642C20617474723A202564D1
S2140412700D0A00556E6B6E6F776E204C6576656C46
S2140412804374726C20636F6D6D616E643A202564DE
S2140412900D0A00556E6B6E6F776E204F6E4F666646
S2140412A020636F6D6D616E643A2025640D0A0049F3
S2140412B06E64657820617420777269746520617441
S2140412C074723A2025640D0A004E6F207377697491
S2140412D0636820636F6E66696720696E204E562CBD
S2140412E0207573696E672064656661756C74730D2A
S2140412F00A00496E76616C69642072656C61795F78
S214041300696E64657820256420696E204E562C200C
S214041310726573657474696E6720746F206465669D
S21404132061756C740D0A003E2000556E6B6E6F7707
S2140413306E206572726F7200496E707574206275E5
S214041340666665722069732046554C4C004D61787C
S214041350696D756D206E756D626572206F662061AD
S2140413607267756D656E747320657863656564650C
S214041370640054686520617267756D656E742069D3
S21404138073206E6F7420666F726D6174746564206A
S214041390636F72726563746C7900496E636F727200
S2140413A065637420617267756D656E7420747970F8
S2140413B06500496E636F7272656374206E756D6244
S2140413C06572206F6620617267756D656E74730052
S2140413D04E6F20636F6D6D616E6420666F756E640C
S2140413E00075696E7438002A00756E6B6E6F776EC2
S2140413F00077696C6463617264006865786F707402
S21404140000737472696E676F70740075696E7433F6
S214041410326F70740075696E7431366F707400754F
S214041420696E74386F7074006865780073747269D6
S2140414306E670075696E7431360075696E74333282
S214041440002E2E2E200068656C70000A25730A256F
S2140414507325730025732008002F776F726B7370E3
S214041460616365732F747579612D7A696762656542
S2140414702D7377697463682F73696C6162735F7424
S2140414806F6F6C732F73696D706C69636974795FC1
S21404149073646B2F706C6174666F726D2F736572F4
S2140414A0766963652F6C65676163795F68616C2F25
S2140414B07372632F626173652D7265706C61636508
S2140414C06D656E742E63002573203D2025346C787C
S2140414D00052657365742063617573653A205761BD
S2140414E0746368646F6720657870697265642C201D
S2140414F06E6F2072656C6961626C652065787472C3
S2140415006120696E666F726D6174696F6E0A00524F
S214041510657365742063617573653A2057617463F7
S21404152068646F6720636175676874207769746898
S21404153020656E68616E63656420696E666F0A0076
S214041540496E737472756374696F6E206164647235
S2140415506573733A2025346C780A00526573657493
S2140415602063617573653A20417373657274202530
S214041570733A256C640A005265736574206361755A
S21404158073653A2048617264204661756C740A007B
S214041590484653522E5645435454424C3A2065729C
S2140415A0726F722072656164696E67207665637413
S2140415B06F72207461626C6520666F7220616E20A3
S2140415C0657863657074696F6E0A00484653522ED8
S2140415D0464F524345443A20636F6E666967757298
S2140415E061626C65206661756C7420636F756C64EB
S2140415F0206E6F742061637469766174650A0048AE
S2140416004653522E44454255474556543A20666141
S214041610756C742072656C6174656420746F2064E4
S21404162065627567202D20652E672E2C20657865EB
S214041630637574656420424B50540A0052657365A2
S214041640742063617573653A204D656D6F727920F9
S2140416504D616E6167656D656E74204661756C7468
S2140416600A00496C6C6567616C206163636573731B
S21404167020616464726573733A2025346C780A00BA
S214041680434653522E25730A0052657365742063CD
S214041690617573653A20427573204661756C740AE9
S2140416A00041646472657373206973206F662061F9
S2140416B06E20696E737472756374696F6E206166EA
S2140416C074657220627573206661756C74206F632E
S2140416D06375727265642C206E6F7420746865205E
S2140416E063617573652E0A00434653522E286E6F47
S2140416F06E6529206C6F6164206F722073746F723C
S2140417006520617420616E20696C6C6567616C206D
S214041710616464726573730A00526573657420634A
S214041720617573653A205573616765204661756C0B
S214041730740A0052657365742063617573653A2094
S2140417404465627567204D6F6E69746F72204661DA
S214041750756C740A006D61696E0054687265616424
S2140417600048616E646C6572002573206D6F646555
S214041770207573696E6720257320737461636B200C
S2140417802825346C7820746F2025346C78292C2016
S2140417905350203D2025346C780A00257520627944
S2140417A0746573207573656420282575252529209E
S2140417B0696E20257320737461636B20286F7574BB
S2140417C0206F6620257520627974657320746F74A3
S2140417D0616C290A005350206973206F757473690D
S2140417E0646520257320737461636B2072616E6771
S2140417F065210A00496E746572727570747320618F
S214041800637469766520286F72207072652D656D25
S2140418107074656420616E6420737461636B6564C0
S214041820293A0A004E6F20696E7465727275707478
S21404183073206163746976650A000D0A5B4153532D
S2140418404552543A25733A25645D0D0A00494143CE
S2140418504356494F4C3A20617474656D70746564E0
S21404186020696E737472756374696F6E206665742E
S21404187063682066726F6D2061206E6F2D657865D3
S21404188063757465206164647265737300444143D0
S2140418904356494F4C3A20617474656D70746564A0
S2140418A0206C6F6164206F722073746F72652061A0
S2140418B07420616E20696C6C6567616C2061646479
S2140418C072657373004D554E53544B4552523A202D
S2140418D0756E737461636B2066726F6D20657863D2
S2140418E0657074696F6E2072657475726E206361BC
S2140418F075736564206163636573732076696F6CC2
S2140419006174696F6E004D53544B4552523A2073BE
S2140419107461636B696E672066726F6D20657863A9
S214041920657074696F6E20636175736564206163A6
S214041930636573732076696F6C6174696F6E004DAE
S2140419404D415256414C49443A204D4D4152206334
S2140419506F6E7461696E732076616C69642066616B
S214041960756C7420616464726573730049425553E0
S2140419704552523A20696E737472756374696F6E59
S2140419802070726566657463682063617573656448
S21404199020627573206661756C7400505245434925
S2140419A0534552523A2070726563697365206461C8
S2140419B0746120627573206661756C7400494D50BD
S2140419C052454349534552523A20696D70726563D5
S2140419D0697365206461746120627573206661753D
S2140419E06C7400554E53544B4552523A20756E73E0
S2140419F07461636B696E67206F6E206578636570CB
S214041A0074696F6E2072657475726E206361757387
S214041A106564206461746120627573206661756C08
S214041A20740053544B4552523A20737461636B6985
S214041A306E67206F6E20657863657074696F6E20BC
S214041A40656E74727920636175736564206461746D
S214041A506120627573206661756C7400424641525B
S214041A6056414C49443A204246415220636F6E74B4
S214041A7061696E732076616C6964206661756C7446
S214041A80206164647265737300554E444546494E3E
S214041A905354523A20747269656420746F206578D2
S214041AA0656375746520616E20756E646566696E1F
S214041AB0656420696E737472756374696F6E004929
S214041AC04E5653544154453A20696E76616C6964A7
S214041AD02045505352202D20652E672E2C207472DC
S214041AE069656420746F2073776974636820746F03
S214041AF02041524D206D6F646500494E5650433A5E
S214041B0020657863657074696F6E2072657475728B
S214041B106E20696E7465677269747920636865639C
S214041B206B73206661696C6564004E4F43503A20BF
S214041B30617474656D7074656420746F206578656F
S214041B4063757465206120636F70726F6365737369
S214041B506F7220696E737472756374696F6E005564
S214041B604E414C49474E45443A20617474656D7045
S214041B7074656420616E20756E616C69676E656459
S214041B80206D656D6F7279206163636573730044BD
S214041B90495642595A45524F3A20617474656D70DD
S214041BA074656420746F2065786563757465205366
S214041BB0444956206F722055444956207769746804
S214041BC02064697669736F72206F662030002F7701
S214041BD06F726B7370616365732F747579612D7A98
S214041BE069676265652D7377697463682F73696CBA
S214041BF06162735F746F6F6C732F73696D706C6959
S214041C00636974795F73646B2F706C6174666F724A
S214041C106D2F736572766963652F746F6B656E5F7F
S214041C206D616E616765722F6C65676163792F738A
S214041C3072632F736C5F746F6B656E5F6D616E613C
S214041C406765722E63002F776F726B7370616365BE
S214041C50732F747579612D7A69676265652D73775C
S214041C60697463682F73696C6162735F746F6F6CF9
S214041C70732F73696D706C69636974795F73646BD1
S214041C802F706C6174666F726D2F736572766963FC
S214041C90652F746F6B656E5F6D616E616765722F1D
S214041CA06C65676163792F7372632F736C5F746FEF
S214041CB06B656E5F6D616E75666163747572696E71
S214041CC0672E630043757272656E7420436F6E668A
S214041CD069673A20253078005365742043434120D1
S214041CE06D6F646520746F2025643A202530780073
S214041CF0656E61626C65640064697361626C6564D8
S214041D00006F757428636C69656E742900696E20AB
S214041D102873657276657229004D4647205374729F
S214041D20696E673A202573004170704275696C6469
S214041D306572204D464720436F64653A2030782507
S214041D40303458006E6F6465205B004164646974C7
S214041D50696F6E616C20696E746572666163657323
S214041D6000202025643A200070616765205B2564A6
S214041D705D206368616E205B25645D207077722049
S214041D805B25645D006E6F7420616374697665001C
S214041D906572726F72203078253038580070616E24
S214041DA04944205B3078253034585D206E6F646576
S214041DB04944205B3078253034585D2000787061C3
S214041DC06E205B307800706172656E744944205BE7
S214041DD03078253034585D20706172656E745273A5
S214041DE07369205B25645D006E6F64655479706565
S214041DF0205B005365637572697479206C6576653B
S214041E006C205B253032585D006E6574776F726B9C
S214041E10207374617465205B253032585D2000425F
S214041E2075666665722062797465733A2025642047
S214041E302F20256400457020636E743A20256400C4
S214041E406570202564205B656E64706F696E74200F
S214041E5025732C206465766963652025735D2000F0
S214041E606E776B205B25645D2070726F66696C65A7
S214041E70205B3078253034585D20646576496420CC
S214041E805B3078253034585D20766572205B307878
S214041E90253032585D0020202020257320636C7581
S214041EA0737465723A2030782530345820004E77A3
S214041EB06B20636E743A202564006E776B2025646D
S214041EC0205B25735D005072696D617279202870FD
S214041ED0726F290020206E6F646554797065205BEC
S214041EE03078253032585D0020207365637572693A
S214041EF0747950726F66696C65205B307825303271
S214041F00585D0045502025643A202573200045720C
S214041F10726F723A2020556E6B6E6F776E20656E08
S214041F2064706F696E742E00456E61626C65206520
S214041F3076656E7420646562756720696E666F20C8
S214041F40696E20436F726520434C4920636F6D7041
S214041F506F6E656E74006F6E6C7920636F6F72645B
S214041F60696E61746F72732063616E20666F726D42
S214041F700A006A6F696E203078253038580A006C7B
S214041F8065617665002573203078253032580A005E
S214041F9072656A6F696E44696666446576696365E8
S214041FA054797065006578742E2050414E2049445B
S214041FB03A20004E574B206F70656E3A20257520E8
S214041FC0736563004E574B20636C6F7365640066DD
S214041FD0696E64206A6F696E61626C653A20307857
S214041FE0253032580066696E6420756E75736564B4
S214041FF03A20307825303258004368616E67696E3F
S2140420006720746F206368616E6E656C2025643A81
S2140420102030782530325800696E76616C69642009
S2140420206E6574776F726B20696E646578005368AA
S2140420306F72742049443A203078253034582C2066
S21404204045554936343A20002C2050616E204944C8
S2140420503A203078253034580053746172746564BD
S214042060206D756C74692D70687920696E7465725C
S21404207066616365004661696C656420746F20253B
S2140420807320257320307825303258005465726DDD
S214042090696E617465642025732030782530325863
S2140420A0004B65657020616C697665207375707089
S2140420B06F727420656E61626C65642E0066616979
S2140420C06C656420746F20736574206B656570207E
S2140420D0616C697665206D6F64652E007375636345
S2140420E065737366756C6C792073657420746865A3
S2140420F0206368696C642074696D656F7574206FFD
S2140421007074696F6E206D61736B2E006661696C06
S214042110656420746F207365742074686520636832
S214042120696C642074696D656F7574206F7074696A
S2140421306F6E206D61736B2E00646973636F7665D2
S2140421407200536572766963652025737920646F1F
S2140421506E652E004D61746368202573792066725F
S2140421606F6D203078253034582C20657020256417
S214042170004E574B20416464726573732072657316
S214042180706F6E73653A20307825303458004945B0
S2140421904545204164647265737320726573706F7D
S2140421A06E73653A20002320207479706520202001
S2140421B06E776B20206C6F6320202072656D202064
S2140421C020636C75732020206E6F64652020206564
S2140421D0756900202025642020202030782530349E
S2140421E05820203078253034582020307825303454
S2140421F058203078253034582000736C5F7A69672D
S2140422006265655F6765745F62696E64696E6720A0
S2140422104572726F723A203078253038580A002595
S21404222064206F662025642062696E64696E677335
S214042230207573656400656E61626C6564207072F7
S214042240696E740064697361626C65642070726997
S2140422506E7400616464206C696E6B206B65790033
S2140422604552523A2043616C63756C617465642010
S21404227043524320646F6573206E6F74206D6174DF
S2140422806368004552523A20496E7374616C6C2040
S214042290436F6465206D75737420626520382C2046
S2140422A031302C2031342C206F7220313820627962
S2140422B074657320696E206C656E67746800455299
S2140422C0523A204145532D4D4D4F20686173682086
S2140422D06661696C65643A2030782530325800535C
S2140422E06574206A6F696E696E67206C696E6B2010
S2140422F06B6579007365742062696E642025643AA0
S2140423002030782530327800454D50545900554ECB
S214042310494341004D324F4E45004D554C544900FB
S2140423203F2020202000496E6465782049454545B5
S21404233020416464726573732020202020202020AE
S214042340204E574B496E6465782020496E204643DC
S214042350202020202054544C28732920466C616782
S214042360202020204B657920202020002564202072
S214042370202020002020256420202020202020004B
S2140423802020253038582020002030782530345836
S214042390202000496E6465782049454545204164FF
S2140423A06472657373202020202020202020496E2C
S2140423B02046432020202020547970652020417533
S2140423C0746820204B6579002D20202020200025CD
S2140423D063202020202025632020202020006965FB
S2140423E073005741524E494E473A202052454144C5
S2140423F0494E47204F46204B45592056414C55459B
S214042400532044495341424C4544204259204D46AA
S2140424104720544F4B454E004E574B204B65790092
S2140424202573206F75742046433A202530385800AB
S214042430257320736571206E756D3A2030782530CB
S2140424403258002573206F75742046433A20253091
S2140424503878005443202573200025732054616285
S2140424606C650025642F256420656E747269657337
S21404247020757365642E005472616E7369656E749C
S214042480204B657900256420656E7472257320637D
S2140424906F6E73756D696E67202564207061636B5B
S2140424A065742062756666657225732E0057494CFE
S2140424B04C0057494C4C204E4F540054727573745C
S2140424C02043656E74657220257320616C6C6F778B
S2140424D02074727573742063656E746572207265F9
S2140424E06A6F696E73207573696E672077656C6CA6
S2140424F02D6B6E6F776E206B65792E005365742096
S21404250074696D656F757420666F72205472757386
S214042510742043656E7465722072656A6F696E73A3
S214042520207573696E672077656C6C2D6B6E6F779C
S2140425306E206C696E6B206B657920746F20256441
S214042540207365636F6E64732E004552524F523A81
S21404255020002573737461636B206D757374206239
S2140425606520646F776E2E0052656164696E67201D
S214042570416C6C6F7765640048617368696E6720A8
S2140425806F6E6C7900736C5F7A69676265655F6B02
S21404259065795F73657474696E67735F743A203027
S2140425A078253034580020205065726D697373693D
S2140425B06F6E733A202573004572726F723A204626
S2140425C061696C656420746F2067657420636F6E40
S2140425D06669672C207374617475733A20307825A5
S2140425E0303858004661696C65643A203078253086
S2140425F03858004D73673A20636C7573203078251D
S2140426003034582C20636D64203078253032582CB2
S214042610206C656E202564006275666665723A20D5
S21404262000454D4245525F00257353454355524974
S21404263054595F4C4556454C3A20253032580025AF
S214042640736572617365206B65792025643A203062
S214042650782530385800636D64206E6F7420627578
S214042660696C740073726320657020253032782C90
S21404267020636C757320253034780073656E646946
S2140426806E6720746F206D756C7469636173742053
S21404269062696E640025733A2065703A2025642CBE
S2140426A020636C3A203078253034582C20617474BA
S2140426B0723A20307825303458002C207376723ADB
S2140426C02025630025733A20726561643A203078C9
S2140426D025303278002C207376723A2025632C201D
S2140426E064747970653A2030782530325800417227
S2140426F067756D656E7420617420696E6465783ADA
S214042700202564206973206F7574206F66207261BB
S2140427106E676500436F6D6D616E6420616C7265F3
S214042720616479206275696C742E202043616E6E34
S2140427306F7420736574204D464720737065636913
S21404274066696320636F646520666F7220636F6DCD
S2140427506D616E642E004D464720436F64652053BA
S214042760657420666F72206E65787420636F6D6D75
S214042770616E643A203078253034580055736520ED
S2140427804E6578742053657175656E636520536570
S2140427907420666F72206E65787420636F6D6D6149
S2140427A06E643A203078253032580044697361628A
S2140427B06C652044656661756C7420526573706F31
S2140427C06E73652053657420666F72206E65787428
S2140427D020636F6D6D616E643A2030782530325810
S2140427E0004552523A2072656164696E67206174CE
S2140427F074726962757465202530327800455252C9
S2140428003A206174747269627574652073697A65B6
S21404281020256420746F6F206C6172676520666F74
S2140428207220627566666572004572726F723A202F
S2140428306174747269627574652049442030782521
S214042840303458207265706F727461626C652063F0
S21404285068616E67652069732073697A65202564EC
S214042860422C206275742025644220656E7465725D
S21404287065640A006E6F20636D64004572726F7241
S2140428803A20434C492053656E64206661696C6542
S214042890642C207374617475733A2030782530384C
S2140428A058004572726F723A2020455549363420D6
S2140428B0617267756D656E7420697320656D7074DA
S2140428C07920616E64206C6F6F6B7570206279205E
S2140428D06E6F6465204944206661696C65642E00E9
S2140428E047726F757000556E696361737400556E38
S2140428F062696E642025732025733078253032583B
S21404290000526571756573743A20005A444F2073FB
S214042910696D706C6520646573632072657120252B
S214042920303278005A444F206E6F646520646573B5
S21404293063207265712025303278005A444F206D2A
S2140429406174636820646573632072657120253042
S2140429503258005573696E67206D79206C6F636119
S2140429606C20455549363420666F7220646573744E
S21404297020455549363420696E2062696E64696E56
S21404298067005A444F2062696E6420726571202580
S21404299030327800636C7573746572206C696D6987
S2140429A074207265616368656400696E76616C693B
S2140429B06420706167653A202564206F722063681E
S2140429C0616E6E656C3A202564004368616E6765C7
S2140429D0206368616E6E656C207374617475733AF7
S2140429E020307825303278006475726174696F6EB1
S2140429F0206D75737420626520696E2072616E673F
S214042A00652030202D203500636F756E74206D753B
S214042A10737420626520696E2072616E676520316A
S214042A20202D2038007363616E207374617475738F
S214042A3020307825303258006E6574776F726B20BC
S214042A40757064617465207365742073746174753D
S214042A5073203078253032580041637469766520D7
S214042A60455020726571756573742073746174754E
S214042A70733A20307825303258004C51492054613E
S214042A80626C6520726571756573743A20307825BA
S214042A903032580042696E64696E67205461626C15
S214042AA06520726571756573743A20307825303206
S214042AB058004C6561766520257330782530325889
S214042AC000506F7765722044657363726970746F23
S214042AD072202573307825303258005573696E6736
S214042AE0206D79206C6F63616C204555493634201F
S214042AF0666F7220646573742045554936342069C0
S214042B006E20756E62696E64696E6700526F7574C6
S214042B1065205461626C6520257330782530325800
S214042B20002F776F726B7370616365732F7475799A
S214042B30612D7A69676265652D7377697463682F9A
S214042B4073696C6162735F746F6F6C732F73696DF6
S214042B50706C69636974795F73646B2F70726F74D9
S214042B606F636F6C2F7A69676265652F6170702F6B
S214042B706672616D65776F726B2F636F6D6D6F6EC6
S214042B802F736C5F7A69676265655F7379737465C2
S214042B906D5F636F6D6D6F6E2E6300457874656E42
S214042BA064656420526573657420696E666F3A20A6
S214042BB03078253034582028257329002F776F72F3
S214042BC06B7370616365732F747579612D7A6967A9
S214042BD06265652D7377697463682F73696C6162C7
S214042BE0735F746F6F6C732F73696D706C69636950
S214042BF074795F73646B2F70726F746F636F6C2F6E
S214042C007A69676265652F6170702F6672616D659B
S214042C10776F726B2F636F6D6D6F6E2F7A69676255
S214042C2065655F6170705F6672616D65776F726B04
S214042C305F736C6565702E630053746179206177E9
S214042C40616B65207768656E206E6F74206A6F69A5
S214042C506E65643A20257300466F7263656420735C
S214042C60746179206177616B653A202020202020EA
S214042C7020202020257300466F7263696E672064E7
S214042C80657669636520746F207374617920617753
S214042C90616B6500416C6C6F77696E67206465765E
S214042CA069636520746F20676F20746F20736C658A
S214042CB06570002F776F726B7370616365732F7422
S214042CC07579612D7A69676265652D7377697463B2
S214042CD0682F73696C6162735F746F6F6C732F73A4
S214042CE0696D706C69636974795F73646B2F707255
S214042CF06F746F636F6C2F7A69676265652F617096
S214042D00702F6672616D65776F726B2F636F6D6D72
S214042D106F6E2F7A69676265655F737461636B5F54
S214042D20736C6565702E630052583A20526573655D
S214042D3074546F466163746F727944656661756C2A
S214042D40747343616C6C6261636B00657A737020A4
S214042D50636F756E74657273206661696C65642052
S214042D60257500657A7370205265736574205468FF
S214042D70726573686F6C64206572726F7220257555
S214042D8000657A737020536574205468726573689E
S214042D906F6C64206572726F722025750025752924
S214042DA02025733A2025750053657474696E672070
S214042DB05468726573686F6C6420636F6D6D616EC2
S214042DC064003F3F3F004D616320527820426361B8
S214042DD07374004D616320547820426361737400F9
S214042DE04D6163205278205563617374004D6163AE
S214042DF0205478205563617374004D6163205478C1
S214042E00205563617374205265747279004D616352
S214042E10205478205563617374204661696C0041C0
S214042E2050532052782042636173740041505320FB
S214042E3054782042636173740041505320527820C2
S214042E405563617374004150532054782055636170
S214042E507374205375636365737300415053205431
S214042E6078205563617374205265747279004150FA
S214042E7053205478205563617374204661696C004E
S214042E80526F757465204469736320496E6974696A
S214042E9061746564004E65696768626F7220416498
S214042EA0646564004E65696768626F722052656D7A
S214042EB06F766564004E65696768626F7220537446
S214042EC0616C65004A6F696E20496E64696361745B
S214042ED0696F6E004368696C64204D6F76656400A4
S214042EE0415348204F766572666C6F7700415348AD
S214042EF0204672616D65204572726F7200415348B8
S214042F00204F76657272756E204572726F72004E2F
S214042F10574B204643204661696C757265004150E4
S214042F2053204643204661696C75726500415348D8
S214042F3020584F66660041505320556E617574687C
S214042F406F72697A6564204B6579004E574B20444E
S214042F50656372797074204661696C757265730076
S214042F604150532044656372797074204661696CDD
S214042F7075726573005061636B657420427566668E
S214042F80657220416C6C6F63617465204661696C80
S214042F90757265730052656C61796564205563616A
S214042FA073740050687920746F204D414320717506
S214042FB0657565206C696D69742072656163686502
S214042FC064005061636B65742056616C6964617457
S214042FD0652064726F7020636F756E74004E574B75
S214042FE0207265747279206F766572666C6F7700EE
S214042FF0434341204661696C757265730042726F83
S214043000616463617374207461626C652066756CB8
S2140430106C00505441204C6F2050726920526571E8
S214043020005054412048692050726920526571004E
S214043030505441204C6F205072692044656E696577
S2140430406400505441204869205072692044656EDB
S21404305069656400505441204C6F205072692054B6
S214043060782041627274005054412048692050729E
S21404307069205478204162727400416464726573F6
S2140430807320436F6E666C6963742053656E7400B8
S21404309043534C205278207363686564756C6520CE
S2140430A06661696C6564000D00446562756720702E
S2140430B072696E742067726F75702025730A0057E4
S2140430C0726F6E6720706172616D657465720A0056
S2140430D046696E6420616E642042696E6420496E9F
S2140430E069746961746F723A20436F6D706C6574AD
S2140430F0653A203078253032580053746172742053
S2140431007461726765740046696E6420616E64203B
S21404311042696E64205461726765740025733A20B0
S21404312025733A2030782530325800467261676D30
S214043130656E746174696F6E2052582077696E6488
S2140431406F772073697A652073657420746F202501
S21404315064002F776F726B7370616365732F747579
S21404316079612D7A69676265652D7377697463681A
S2140431702F73696C6162735F746F6F6C732F7369FE
S2140431806D706C69636974795F73646B2F70726FAA
S214043190746F636F6C2F7A69676265652F617070F0
S2140431A02F6672616D65776F726B2F706C756769C9
S2140431B06E2F667261676D656E746174696F6E2FCB
S2140431C0667261676D656E746174696F6E2E6300F6
S2140431D052583A2041646447726F75705265737032
S2140431E06F6E7365203078253032582C2030782561
S2140431F03034580052583A205669657747726F75CE
S21404320070526573706F6E7365203078253032584F
S2140432102C203078253034582C20220052583A205E
S21404322047657447726F75704D656D626572736835
S2140432306970526573706F6E73652030782530320E
S214043240582C203078253032582C00205B307825D6
S2140432503034585D0052583A2052656D6F76654793
S214043260726F7570526573706F6E73652030782553
S2140432703032582C203078253034580065705B2561
S2140432803032585D2069645B253034585D00436CE9
S214043290656172696E6720616C6C2067726F757009
S2140432A0732E004552523A204661696C6564207458
S2140432B06F206372656174652062696E64696E6707
S2140432C0202830782530325829004552523A204278
S2140432D0696E64696E67207461626C652069732028
S2140432E066756C6C004552523A2077726974696E42
S2140432F067206E616D6520737570706F727420251B
S2140433003032580052583A2041646447726F7570E0
S214043310203078253034582C2022007576005258F8
S2140433203A205669657747726F7570203078253075
S21404333034580075767300766965775F67726F75C3
S214043340700047726F7570733A206661696C6564C5
S21404335020746F2073656E64202573207265737005
S2140433606F6E73653A20307825303258006765747E
S2140433705F67726F75705F6D656D6265727368699D
S2140433807020726573706F6E736500646566617530
S2140433906C745F726573706F6E73650052583A2072
S2140433A047657447726F75704D656D6265727368B4
S2140433B06970203078253032582C007575620047C5
S2140433C0726F7570733A206661696C656420746FF9
S2140433D02073656E642025733A2030782530325881
S2140433E00052583A2052656D6F766547726F757055
S2140433F020307825303458004552523A20466169C8
S2140434006C656420746F2064656C657465206269FD
S2140434106E64696E67202830782530325829007229
S214043420656D6F76655F67726F75700052583A20E7
S21404343052656D6F7665416C6C47726F757073007C
S21404344052583A2041646447726F757049664964FD
S214043450656E74696679696E6720307825303458ED
S2140434602C2022004368616E6E656C206E6F74209B
S21404347076616C69643A2025640061646400507265
S214043480696D617279002573206D61736B206E6FB0
S2140434907720307825303858005365636F6E646142
S2140434A07279004D61736B206E6F742076616C695F
S2140434B0643A202564007072696D617279007365E0
S2140434C0636F6E646172790025733A2053657420C5
S2140434D02573206D61736B20746F20307825303827
S2140434E058005374617475730025733A2025733A33
S2140434F0004368616E6E656C206D61736B3A0020E4
S21404350020202028312920307825303858205B00A8
S2140435102020202028322920307825303858205B77
S2140435200053746174653A20307825303258202868
S2140435302573290043757272656E74206368616E24
S2140435406E656C3A20256400546F74616C20626565
S21404355061636F6E733A202564004A6F696E20615A
S2140435607474656D7074733A202564004E657477C0
S2140435706F726B2073746174653A2030782530322C
S214043580580053746F700025732053746F702E2088
S21404359020436C65616E696E672075702E004272FA
S2140435A06F616463617374696E67207065726D69B8
S2140435B074206A6F696E0054727573742063656E46
S2140435C0746572206C696E6B206B65792075706407
S2140435D0617465207374617475730025733A20579B
S2140435E041524E494E473A20736C5F7A696762656A
S2140435F0655F7365745F696E697469616C5F736532
S2140436006375726974795F73746174652066616941
S2140436106C65642E20436F6E74696E75696E6720E0
S214043620776974686F757420696E7374616C6C2046
S214043630636F64652E004572726F723A20696E730A
S21404364074616C6C20636F64652073657475702098
S2140436506661696C65642E20497320616E20696E0C
S2140436607374616C6C20636F646520666C61736848
S2140436706564206F6E746F2074686520646576696F
S21404368063653F00D0D1D2D3D4D5D6D7D8D9DADB28
S214043690DCDDDEDF00FFFFFFFFFFFFFFFF005A69F0
S2140436A067426565416C6C69616E636530390025F7
S2140436B0733A2069737375696E67207363616E204D
S2140436C06F6E202573206368616E6E656C732028A8
S2140436D06D61736B203078253038582900257320A7
S2140436E0697320616C726561647920696E207072FA
S2140436F06F67726573730053746172740045786102
S2140437006D696E696E6720626561636F6E206F6EA9
S214043710206368616E6E656C202564207769746822
S2140437202070616E4964203078253034580054681F
S214043730697320626561636F6E206973206E6F74AF
S2140437402070617274206F662074686520637572D9
S21404375072656E74206368616E6E656C206D61734D
S2140437606B2028307825303858292E204765747405
S214043770696E67206E65787420626561636F6E207B
S21404378077686F7365206368616E6E656C20626926
S214043790746D61736B206973207365742E004572B3
S2140437A0726F723A20257320636F756C64206E6F97
S2140437B07420617474656D7074206A6F696E3A2043
S2140437C0307825303258004E6F20626561636F6E24
S2140437D073206C656674206F6E2063757272656EF6
S2140437E074206D61736B2E204D6F76696E6720743E
S2140437F06F206E6578742073746174650025732079
S2140438006A6F696E696E6720307825303458206F89
S2140438106E206368616E6E656C20256400257320D7
S21404382053746174653A202573004572726F723A58
S21404383020257320636F756C64206E6F7420736527
S2140438407475702073656375726974793A2030787C
S21404385025303258004572726F723A205363616E97
S21404386020636F6D706C6574652068616E646C654A
S214043870722072657475726E6564203078253032F5
S21404388058002573207363616E20636F6D706C65DA
S21404389074652E20426561636F6E7320686561727D
S2140438A0643A20256400257320737461636B207367
S2140438B0746174757320307825303258002573206F
S2140438C06E6574776F726B206A6F696E65642E001E
S2140438D0257320747279696E67206E657874206E1D
S2140438E06574776F726B2E004E6F6E65005363615E
S2140438F06E205072696D617279204368616E6E65E0
S2140439006C7320616E642075736520436F6E666900
S2140439106775726564204B6579005363616E205049
S21404392072696D617279204368616E6E656C73208E
S214043930616E642075736520496E7374616C6C20C7
S214043940436F6465005363616E205072696D6172E3
S21404395079204368616E6E656C7320616E642055D1
S21404396073652043656E7472616C697A6564204B76
S2140439706579005363616E205072696D61727920B7
S2140439804368616E6E656C7320616E642055736562
S214043990204469737472696275746564204B657932
S2140439A0005363616E205365636F6E6461727920A1
S2140439B04368616E6E656C7320616E642075736512
S2140439C020436F6E66696775726564204B6579007F
S2140439D05363616E205365636F6E6461727920432E
S2140439E068616E6E656C7320616E64207573652005
S2140439F0496E7374616C6C20436F64650053636135
S214043A006E205365636F6E64617279204368616EDD
S214043A106E656C7320616E64205573652043656E15
S214043A207472616C697A6564204B657900536361CE
S214043A306E205365636F6E64617279204368616EAD
S214043A406E656C7320616E642055736520446973DB
S214043A507472696275746564204B6579005363619A
S214043A606E205072696D617279204368616E6E656E
S214043A706C7320616E642055736520416C6C204B1A
S214043A806579732028696E7374616C6C20636F6447
S214043A90652C2063656E7472616C697A65642C208B
S214043AA0646973747269627574656429005363612A
S214043AB06E205365636F6E64617279204368616E2D
S214043AC06E656C7320616E642055736520416C6C62
S214043AD0204B6579732028696E7374616C6C20635F
S214043AE06F64652C2063656E7472616C697A6564B4
S214043AF02C20646973747269627574656429004F56
S214043B006E2F4F6666207365742076616C75653A11
S214043B1020253032582025303258004552523A205B
S214043B2072656164696E67206F6E2F6F6666202506
S214043B30303258004F6E2F6F666620616C72656176
S214043B4064792073657420746F206E6577207661BF
S214043B506C756500546F67676C65206F6E2F6F66B3
S214043B60662066726F6D202530325820746F2025CB
S214043B70303258004552523A2077726974696E673B
S214043B80206F6E2F6F6666202530325800496E739C
S214043B9074616C6C65642054797065202842617386
S214043BA065293A2020307825303258004361706108
S214043BB062696C69746965733A202020202020208D
S214043BC02020202030782530345800426F6F746CE3
S214043BD06F616465722056657273696F6E3A202051
S214043BE0202020307825303458005365637572657C
S214043BF020426F6F746C6F61646572204B65793A0E
S214043C0020202020202000426F6F746C6F6164694E
S214043C106E67206661696C65642100446F776E6C1C
S214043C206F6164206661696C65642E0044656C652A
S214043C3074696E67206661696C656420646F776E6C
S214043C406C6F61642C207374617475733A203078D9
S214043C502530325800496D61676520646F657320AE
S214043C606E6F7420636F6E7461696E20616E20558A
S214043C7070677261646520496D6167652054616789
S214043C802028307825303458292E20536B697070DC
S214043C90696E6720757067726164652E0045786585
S214043CA0637574696E6720626F6F746C6F616420ED
S214043CB063616C6C6261636B2E0053746172746929
S214043CC06E672045424C2076657269666963617446
S214043CD0696F6E0045424C206661696C65642076A7
S214043CE06572696669636174696F6E2E0045424C3D
S214043CF020706173736564207665726966696361B2
S214043D0074696F6E2E002573696E67204F544120C8
S214043D10636C69656E74207374617465206D616389
S214043D2068696E650073746F7070004572726F72A6
S214043D303A204E6F20696D61676520617420696E54
S214043D40646578202564004E6F7420737570706FF8
S214043D50727465642E00436C69656E7420696D61C7
S214043D60676520717565727920696E666F004D61AE
S214043D706E75662049443A202020202020202020EA
S214043D8030782530345800496D6167652054797061
S214043D90652049443A2020202030782530345800C5
S214043DA043757272656E742056657273696F6E3AE7
S214043DB02020307825303858004861726477617264
S214043DC0652056657273696F6E3A20004E41005145
S214043DD0756572792044656C6179206D733A20208C
S214043DE020202020202020202020256C64005365DD
S214043DF07276657220446973636F766572792044BF
S214043E00656C6179206D733A20256C6400446F7785
S214043E106E6C6F61642044656C6179206D733A2022
S214043E202020202020202020256C640052756E203F
S214043E30557067726164652044656C6179206D73A2
S214043E403A202020202020256C640056657269667E
S214043E50792044656C6179206D733A2020202020F7
S214043E60202020202020256C6400446F776E6C6F21
S214043E706164204572726F72205468726573686F4D
S214043E806C643A202025640055706772616465206E
S214043E9057616974205468726573686F6C643A205D
S214043EA02020202564004F544120446F776E6772AB
S214043EB0616465733A2044697361626C6564004F9B
S214043EC0544120446F776E6772616465733A204587
S214043ED06E61626C656400426F6F746C6F6164201F
S214043EE073746174653A20257300496E76616C6953
S214043EF064204550202564207768656E20747279A6
S214043F00696E6720746F2073656E64204F54412079
S214043F106D6573736167652E0053656E64696E67BD
S214043F20205570677261646520456E642072657101
S214043F30756573742E004572726F723A202046615E
S214043F40696C656420746F2073656E64204F5441F9
S214043F5020636F6D6D616E64203078253032582C86
S214043F60207374617475733A2030782530325800A3
S214043F7053657276657220756E6B6E6F776E2C2045
S214043F8066616C6C696E67206261636B20746F2077
S214043F90646973636F766572792E004D6178696D16
S214043FA0756D207175657279206572726F727320F3
S214043FB068697420282564292C20737461727469D6
S214043FC06E672073656172636820666F72206E6523
S214043FD077204F5441207365727665722E0A00412D
S214043FE070706C79696E67207570677261646500BD
S214043FF025733A20696E76616C6964206F66667311
S21404400065742063757272656E7454696D652830C4
S214044010782530385829203E2075706772616465AB
S21404402054696D652830782530385829004F544136
S21404403020436C75737465723A20776169742066E0
S2140440406F72202564207300525865642074696D6D
S214044050654F75742030782530385820732C204DE1
S21404406041582074696D654F757420307825303852
S214044070582073004D6178696D756D207570677290
S214044080616465207265717565737473206D61640F
S21404409065202825642920776974686F75742072F2
S2140440A06573706F6E73652066726F6D20736572CC
S2140440B07665722E00557067726164696E6720615A
S2140440C06E79776179004F5441205365727669633F
S2140440D06520646973636F7665727920707265769D
S2140440E0656E746564202D20616E6F746865722039
S2140440F0697320616C726561647920696E207072E0
S2140441006F6772657373004661696C656420746FCB
S21404411020696E6974696174652073657276696373
S2140441206520646973636F766572792E004F544117
S214044130205365727669636520446973636F766598
S214044140727920696E2070726F67726573730043AC
S2140441506C69656E742076657269666963617469F4
S2140441606F6E206661696C65642E005369676E61C4
S2140441707475726500437573746F6D007061737344
S2140441806564004641494C4544004E6F2073696798
S2140441906E617475726520766572696669636174AA
S2140441A0696F6E20737570706F72742C20617373F0
S2140441B0756D696E6720696D616765206973206F28
S2140441C06B61792E00257320766572696669636172
S2140441D074696F6E2025733A203078253032580083
S2140441E04D6178696D756D206E756D626572206FB0
S2140441F06620646F776E6C6F6164206572726F728E
S2140442007320726561636820282564292C20616206
S2140442106F7274696E672E004F544120436C757339
S2140442207465723A2073657474696E6720494545EF
S214044230452061646472657373206F66204F544131
S21404424020636C7573746572005061727469616C76
S2140442502066696C6520646F776E6C6F6164206697
S2140442606F756E642C20636F6E74696E75696E6705
S2140442702066726F6D206F666673657420307825CD
S21404428030385800466F756E642066756C6C7920FD
S214044290646F776E6C6F616465642066696C652014
S2140442A0696E2073746F7261676520287665727311
S2140442B0696F6E20307825303858292E00466F7581
S2140442C06E642066696C6520696E2073746F726113
S2140442D06765207769746820646966666572656ECA
S2140442E0742076657273696F6E20283078253038AE
S2140442F05829207468616E2063757272656E742026
S21404430076657273696F6E202830782530385829A0
S2140443100046696C6520696E2073746F7261676508
S2140443202069732073616D652061732063757272F2
S214044330656E742072756E6E696E6720766572732C
S214044340696F6E202830782530385829004E6F2043
S214044350696D61676520666F756E6420696E20738B
S214044360746F726167652E004F54412053657276F0
S21404437069636520446973636F7665727920756E28
S214044380626C6F636B65640049676E6F72696E6713
S214044390207365727665722066726F6D206C6F6F1F
S2140443A0706261636B20616464726573730049674D
S2140443B06E6F72696E6720307825303458204F54FB
S2140443C0412073657276657220696E20736561722A
S2140443D06368206F662054430053657474696E677F
S2140443E0204F54412053657276657220746F2030D6
S2140443F078253034580044656C6179696E672025E9
S21404440064207365636F6E6473206265666F72659D
S214044410207374617274696E67204F544120636C14
S21404442069656E740054696D656F7574207761698B
S21404443074696E6720666F72206D65737361676555
S2140444402E00426164204F544120636F6D6D616E8F
S214044450643A20307825303258004F544120636F38
S2140444606D6D616E642030782530325820746F6F1D
S2140444702073686F727420286C656E202564203C57
S214044480206D696E20256429004F544120636F6DAA
S2140444906D616E642066726F6D20756E7265636FF3
S2140444A0676E697A65642073657276657220307803
S2140444B0253034582E20204D79204F5441207365E2
S2140444C0727665723A2030782530345800496D612A
S2140444D06765204E6F7469667900476F7420756E41
S2140444E065787065637465642025732E2020537484
S2140444F061727420646973636F766572792E0064E2
S214044500656661756C74004F54413A206661696C47
S214044510656420746F2073656E642025732072654D
S21404452073706F6E73653A203078253032580049C0
S2140445306D616765206E6F7469667900476F7420D5
S214044540756E65787065637465642025732E202007
S21404455049676E6F7265642E004F54413A20446575
S2140445606661756C7420726573706F6E7365206611
S2140445706F7220496D616765206E6F746966792C69
S214044580207374617475732030782530325800496E
S2140445906D616765206E6F7469667920636F6D6DF3
S2140445A0616E6400257320756E69636173742C20D4
S2140445B07175657279696E6700496E76616C6964B7
S2140445C0002573202573207061796C6F61642074F4
S2140445D0797065203078253032580025732025738D
S2140445E03A206F7574206F662072616E6765206A64
S2140445F069747465722025640025732025733A2037
S2140446007061796C6F6164206C656E677468206491
S2140446106F65736E2774206D617463682074797097
S214044620652030782530325820282564203C202503
S21404463064290025732025732064756520746F2013
S2140446406E6F6E2D6D61746368696E67206D616E42
S214044650756661637475726572204944002573201B
S21404466025732064756520746F206E6F6E2D6D61E2
S214044670746368696E6720696D6167652074797014
S21404468065204944002573202573206475652074CD
S2140446906F206D61746368696E67206669726D77F2
S2140446A06172652076657273696F6E0025732025C6
S2140446B0732C2052782764204A6974746572202803
S2140446C0307825303258292C205069636B65642075
S2140446D04A69747465722028307825303258290067
S2140446E05175657279206E65787420696D616765A9
S2140446F020726573706F6E7365002573207265741F
S21404470075726E6564203078253032582E20204E1F
S2140447106F206E657720696D61676520746F20640D
S2140447206F776E6C6F61642E00257320746F6F2034
S21404473073686F727420282564203C202564290041
S21404474025733A204E657720696D61676520697325
S21404475020617661696C61626C6520666F722064A4
S2140447606F776E6C6F61642E002573206973206EFC
S2140447706F74207573696E67206D7920696D616743
S2140447806520696E666F2E004552524F523A204E8F
S21404479065787420496D61676520697320746F6F4E
S2140447A02062696720746F2073746F7265202830E6
S2140447B07825303858203E2030782530385829005F
S2140447C025732072657475726E65642073616D65F9
S2140447D02046696C6556657273696F6E2061732036
S2140447E063757272656E746C7920696E7374616C2D
S2140447F06C65642E004F544120446F776E67726177
S2140448006465732044697361626C65643A20466922
S2140448106C6556657273696F6E20626568696E644E
S2140448202063757272656E7420696E7374616C6C45
S2140448306174696F6E005374617274696E67206484
S2140448406F776E6C6F61642C2056657273696F6E39
S21404485020307825303858004572726F723A2046F8
S21404486061696C656420746F2064656C657465208A
S214044870696D6167652E004572726F723A204661F3
S214044880696C656420746F206572617365206F6C53
S214044890642074656D7020646174612E00496D61D6
S2140448A0676520626C6F636B20726573706F6E73DE
S2140448B065004F54413A20496D616765426C6F63E9
S2140448C06B5265706F6E736520636F6E7461696E8C
S2140448D07320696E76616C6964206F7220696E63FA
S2140448E06F6D706C657465206461746100557064E6
S2140448F06174696E67204D696E20426C6F636B202D
S2140449005265717565737420506572696F6420749E
S2140449106F202564206D7300446F776E6C6F61643E
S2140449202064656C6179206279207365727665729D
S214044930202564206D7300446F776E6C6F6164206D
S21404494061626F727465642062792073657276653D
S214044950722E0053657276657220646F65736E27D7
S2140449607420737570706F7274207061676520723E
S2140449706571756573742C206F6E6C792075736918
S2140449806E6720626C6F636B2072657175657374F5
S2140449902E005365727665722072657475726E6544
S2140449A0642027756E737570706F72746564206307
S2140449B06C757374657220636F6D6D616E64272EFB
S2140449C000556E6B6E6F776E20257320737461745A
S2140449D0757320636F64652030782530325800255F
S2140449E0732068617320646174612073697A65203A
S2140449F02825642920736D616C6C65722074686167
S214044A006E2061637475616C207061636B657420DD
S214044A1073697A6520282564292E0025732065721B
S214044A20726F723A204578706563746564206F66A9
S214044A3066736574203078253038582C2062757477
S214044A4020676F74203078253038582E2020496728
S214044A506E6F72696E6700257320696E666F2064D8
S214044A606964206E6F74206D61746368206D7920AC
S214044A70657870656374656420696E666F2E2020A1
S214044A8044726F7070696E672E004661696C656467
S214044A9020746F20777269746520746F2073746F46
S214044AA072616765206465766963652100446F7783
S214044AB06E6C6F6164005570677261646520656E24
S214044AC06420726573706F6E7365005365727665E5
S214044AD0722061626F7274656420757067726164B7
S214044AE0652C207374617475733A203078253032DF
S214044AF058004572726F723A2025732068616420EC
S214044B00696E76616C69642025733A200066696C68
S214044B10652076657273696F6E00416464696E67BA
S214044B20202564206D732E2064656C617920666F81
S214044B307220696D6D65646961746520757067724D
S214044B406164652E00436F756E74646F776E2074AF
S214044B506F20757067726164653A202564206D73F2
S214044B60002053746174653A202020257300205772
S214044B70616974696E6720666F7220726573706F00
S214044B806E73653A20257300204E6578742045764A
S214044B90656E742054696D65723A202564206D73C1
S214044BA0002043757272656E7420446F776E6C6F66
S214044BB06164204F66667365743A20307825303811
S214044BC058202825642525290025733A206661691E
S214044BD06C65642070617273696E67204F5441205F
S214044BE0636D6420307825303258004F5441204499
S214044BF0656661756C7420726573706F6E7365207C
S214044C00746F20636F6D6D616E6420494420307844
S214044C10253032582C2073746174757320307825CF
S214044C2030325800496D61676520626C6F636B2093
S214044C30726571756573742074657374206F6E6C19
S214044C407920776F726B73207768656E2073746152
S214044C50746520697320424F4F544C4F41445F5350
S214044C60544154455F4E4F4E450052616E646F6D1D
S214044C702044656C6179206265666F726520737482
S214044C8061727400446973636F766572696E672037
S214044C904F54412053657276657200476574204F01
S214044CA054412053657276657220455549004F621B
S214044CB07461696E206C696E6B206B657900517542
S214044CC0657279696E67204E65787420496D6167F0
S214044CD06500446F776E6C6F6164696E6720496D1A
S214044CE061676500566572696679696E6720496D05
S214044CF06167650057616974696E6720666F722024
S214044D0055706772616465206D65737361676500CD
S214044D10436F756E74646F776E20746F205570677A
S214044D20726164650057616974696E6720746F20E8
S214044D307570677261646520766961206F75742D7D
S214044D406F662D62616E64206D656368616E69735B
S214044D506D0025733A202564252520636F6D706CDD
S214044D6065746500496D61676520256400202045EB
S214044D7052524F523A20436F756C64206E6F742003
S214044D806765742066756C6C20686561646572215D
S214044D900020204865616465722056657273696FE9
S214044DA06E3A2030782530345800202048656164F7
S214044DB06572204C656E6774683A2020256420620C
S214044DC0797465730020204669656C6420436F6EB1
S214044DD074726F6C3A2020307825303458002020C6
S214044DE04D616E75662049443A20202020202020FC
S214044DF0307825303458002020496D61676520548A
S214044E007970653A202020202030782530345800E8
S214044E10202056657273696F6E3A20202020202069
S214044E2020203078253038580020205A696762657B
S214044E30652056657273696F6E3A20307825303473
S214044E405800202048656164657220537472696E48
S214044E50673A20202573002020496D61676520533A
S214044E60697A653A2020202020256C6420627974B3
S214044E7065730020205365637572697479204372E4
S214044E8065643A202030782530325800202055704A
S214044E90677261646520446573743A20202000209C
S214044EA0204D696E2E204857205665723A202020E1
S214044EB0203078253034580020204D61782E204844
S214044EC057205665723A20202020307825303458F2
S214044ED0002020546F74616C20546167733A202557
S214044EE06400202020205461673A2030782530342E
S214044EF058002020202020204C656E6774683A20D5
S214044F00256C64004572726F723A20436F756C6448
S214044F10206E6F74206F627461696E2074616720FE
S214044F20696E666F2066726F6D20696D6167652EA7
S214044F30000A256420696D6167657320696E204FD9
S214044F4054412073746F726167652E00496D616702
S214044F50652064656C65746525732E004572726FF2
S214044F60723A2020436F756C64206E6F74207265ED
S214044F70616420626C6F636B3A2030782530325857
S214044F802E0A005374617274696E672065726173C9
S214044F90652066726F6D206F666673657420307860
S214044FA02530385820746F20307825303858004320
S214044FB06F756C64206E6F74207374617274204510
S214044FC0524153452120283078253032582900454F
S214044FD04550524F4D20457261736520636F6D7066
S214044FE06C657465002F776F726B7370616365739D
S214044FF02F747579612D7A69676265652D73776993
S2140450007463682F73696C6162735F746F6F6C731B
S2140450102F73696D706C69636974795F73646B2F41
S21404502070726F746F636F6C2F7A69676265652F31
S2140450306170702F6672616D65776F726B2F706C1E
S2140450407567696E2F6F74612D73746F726167650F
S2140450502D73696D706C652D656570726F6D2F6F3D
S21404506074612D73746F726167652D656570726FF8
S2140450706D2D706167652D65726173652E63002FF3
S214045080776F726B7370616365732F747579612DB6
S2140450907A69676265652D7377697463682F7369C7
S2140450A06C6162735F746F6F6C732F73696D706C71
S2140450B069636974795F73646B2F70726F746F635E
S2140450C06F6C2F7A69676265652F6170702F6672E0
S2140450D0616D65776F726B2F706C7567696E2F6F75
S2140450E074612D73746F726167652D73696D706C6E
S2140450F0652D656570726F6D2F6F74612D73746F97
S214045100726167652D656570726F6D2E63004F540E
S214045110412053696D706C652053746F72616765C6
S21404512020454550524F4D207761726E696E673A3E
S21404513020636F756C64206E6F74206765742073CB
S2140451406C6F7420696E666F20666F7220736C6F66
S2140451507420256420286572726F7220307825309A
S2140451603258292E2044656661756C74696E672012
S214045170746F20737065636966696564206164642E
S21404518072657373206F6666736574730053746F09
S21404519072616765204472697665723A2020202021
S2140451A02020202020202020204F54412053696DA9
S2140451B0706C652053746F72616765204545505264
S2140451C04F4D20506C7567696E0052656164204DC2
S2140451D06F646966792057726974652053757070B8
S2140451E06F72743A20206E6F00534F4320426F6FE5
S2140451F0746C6F6164696E6720537570706F727437
S2140452003A2020202079657300426F6F746C6F61BA
S2140452106465722053746F7261676520537570708D
S2140452206F72743A205573652066697273742073BE
S2140452306C6F7400536C6F7420746F207573653ACA
S2140452402020202020202020202020202020202055
S21404525025640043757272656E7420446F776E6CB5
S2140452606F6164204F66667365743A202020203090
S21404527078253038580045424C20537461727420A7
S2140452804F66667365743A20202020202020202054
S214045290202030782530385800454550524F4D2050
S2140452A053746172743A202020202020202020206D
S2140452B0202020202030782530385800454550528C
S2140452C04F4D20456E643A202020202020202020A8
S2140452D020202020202020203078253038580049EF
S2140452E06D61676520496E666F2053746172743A07
S2140452F02020202020202020202020307825303810
S214045300580053617665205261746520286279746A
S214045310657329202020202020202020202030787B
S21404532025303858004F6666736574206F662064AF
S2140453306F776E6C6F6164206F6666736574202089
S21404534020307825303858004F6666736574206FB1
S214045350662045424C206F66667365743A202020AA
S21404536020202020307825303858004F6666736534
S21404537074206F6620696D6167652073746172744A
S2140453803A20202020202030782530385800736CAE
S2140453905F7A69676265655F61665F6F74615F7394
S2140453A0746F726167655F6472697665725F726551
S2140453B061645F63622829206661696C6564210004
S2140453C0426164206D61676963206E756D62657203
S2140453D020696E2066696C653A203078253032582C
S2140453E02030782530325820307825303258203016
S2140453F07825303258004261642076657273696F8E
S2140454006E20696E2066696C6520307825303458C5
S214045410004572726F723A2072656164416E64561A
S214045420616C696461746553746F726564496D6117
S2140454306765282920747269656420746F20726514
S2140454406164206D6F7265206461746120746861A4
S2140454506E20697420636F756C6420686F6C642EAC
S21404546000736C5F7A69676265655F61665F6F7417
S214045470615F73746F726167655F64726976657283
S2140454805F726561645F63622829204641494C4522
S2140454904421004C617374206F66667365742064DF
S2140454A06F776E6C6F616465643A203078253038A7
S2140454B0580053746F72616765204D6F64756C6530
S2140454C03A204F54412053696D706C652053746FB5
S2140454D07261676520506C7567696E00496D616717
S2140454E065732053746F7265643A20202564206FB8
S2140454F06620310A00253032583A0065702025307F
S214045500325820636C7573202530345820617474C7
S2140455107220253034582073767220256300206D5F
S2140455206667202530325800207265706F727420CA
S2140455306D696E2025303458206D6178202530340E
S21404554058207270742D6368672025303858002000
S214045550726563656976652066726F6D20253034E2
S2140455605820657020253032582074696D656F7533
S2140455707420253034580072656D6F766500636C50
S214045580656172696E67206C617374207265706FF2
S21404559072742074696D65206F6620616C6C20617E
S2140455A07474726962757465730074657374696E75
S2140455B0672074696D696E67206F6620766172690C
S2140455C06F7573207265706F7274696E67206F7082
S2140455D065726174696F6E73002D2D2D2D2D2D2D22
S2140455E02D2D2D2D2D2D2D2D2D2D2D2D2D2D2D2DE2
S2140455F02D2D2D2D2D2D2D2D2D2D2D2D2D2D2D2DD2
S2140456002D2D2D2D2D2D2D2D002D2D7461626C65C7
S214045610207265616473202D2066756C6C2074613D
S214045620626C652D2D00726573756C74203D2025A3
S21404563064206D73002D2D696E6974202F207363AA
S214045640686564756C65207469636B2D2D2D002D5B
S2140456502D6C6F616420636F6E6669677572617422
S214045660696F6E2064656661756C74732D2D002FEA
S214045670776F726B7370616365732F747579612DC0
S2140456807A69676265652D7377697463682F7369D1
S2140456906C6162735F746F6F6C732F73696D706C7B
S2140456A069636974795F73646B2F70726F746F6368
S2140456B06F6C2F7A69676265652F6170702F6672EA
S2140456C0616D65776F726B2F706C7567696E2F727C
S2140456D065706F7274696E672F7265706F72746925
S2140456E06E672E6300524541445F5250545F4346F2
S2140456F04700726561645F7265706F7274696E6785
S2140457005F636F6E66696775726174696F6E005267
S21404571065706F7274696E673A206661696C656459
S21404572020746F2073656E64202573207265737011
S2140457306F6E73653A2030782530325800455252E1
S2140457403A2072656164696E6720636C757374656C
S214045750722030782530345820617474726962750A
S2140457607465203078253034583A20307825303225
S21404577058004552523A207265706F7274696E67AB
S214045780206F66204C4F4E4720737472696E6720F4
S2140457906174747269627574652074797065206EBC
S2140457A06F7420737570706F727465643A20636CDE
S2140457B0757374657220307825303458206174749B
S2140457C072696275746520307825303458005265E5
S2140457D0706F7274696E6720456E747279204675B0
S2140457E06C6C202D206372656174696E67206E652B
S2140457F077207265706F7274004346475F52505448
S21404580000202D20646972656374696F6E3A2530D2
S21404581032582C20617474723A2530345800202093
S21404582020747970653A253032582C206D696E3AAA
S214045830253034582C206D61783A253034580020B1
S21404584020206368616E67653A0020202074696DC5
S214045850656F75743A2530345800636F6E666967F1
S2140458607572655F7265706F7274696E6700205436
S214045870434C4B2075706461746520616C7265617D
S214045880647920696E2070726F6772657373004D59
S214045890616E75616C2054434C4B20757064617462
S2140458A065206661696C65642E25730053746172A5
S2140458B074696E672075706461746520747275739C
S2140458C0742063656E746572206C696E6B206B65FC
S2140458D0792070726F6365737300557064617465C4
S2140458E0205443204C696E6B204B657900204E652E
S2140458F077206B65792065737461626C697368657B
S214045900643A00204572726F723A00506172746E87
S21404591065723A20005A434C20676C6F62616C20B3
S214045920636C757374657220636F6D6D616E6473FA
S21404593000646972656374696F6E00646973632DCD
S214045940636F6D2D67656E00646973632D636F6D99
S2140459502D726563006578706563742D7265706F6B
S21404596072742D66726F6D2D6D650075777269742D
S21404597065006E7772697465007265706F72742D57
S214045980726561640073656E642D6D652D612D729C
S21404599065706F727400437265617465732061206C
S2140459A0676C6F62616C20646973636F76657220DE
S2140459B0636F6D6D616E6420666F72207468652017
S2140459C06173736F6369617465642076616C756571
S2140459D0732E00636C757374657249641F61747406
S2140459E072696275746549641F6D61784E756D627F
S2140459F06572546F5265706F72741F0043726561EE
S214045A00746573206120676C6F62616C2073656EC9
S214045A1064206D652061207265706F727420636FF8
S214045A206D6D616E6420666F7220746865206173A4
S214045A30736F6369617465642076616C7565732E33
S214045A4000636C757374657249641F61747472695B
S214045A506275746549641F64617461547970651F66
S214045A606D696E5265706F727454696D651F6D61F1
S214045A70785265706F727454696D651F7265706FC5
S214045A80727461626C654368616E67651F00437279
S214045A906561746573206120676C6F62616C207247
S214045AA0656164207265706F7274696E6720636FD7
S214045AB06D6D616E6420666F722074686520617314
S214045AC0736F63696174656420636C75737465725F
S214045AD02C2061747472696275746520616E64202A
S214045AE07365727665722F636C69656E742064697B
S214045AF072656374696F6E2E00636C757374657279
S214045B0049641F61747472696275746549641F64BC
S214045B106972656374696F6E1F00476C6F62616CAF
S214045B20207265706F7274696E6720636F6D6D6145
S214045B306E6400656E64706F696E741F636C757353
S214045B4074657249641F6174747269627574654918
S214045B50641F6D61736B1F00437265617465732007
S214045B606120676C6F62616C207265616420636F8C
S214045B706D6D616E64206D65737361676520746F07
S214045B8020726561642066726F6D20746865206398
S214045B906C757374657220616E64206174747269C6
S214045BA062757465207370656369666965642E0042
S214045BB0636C757374657249641F61747472696288
S214045BC075746549641F004372656174657320616A
S214045BD020676C6F62616C20777269746520636FEE
S214045BE06D6D616E64206D65737361676520746F97
S214045BF020777269746520746F2074686520636CFE
S214045C00757374657220616E64206174747269625F
S214045C107574652073706563696669656400636C92
S214045C20757374657249641F6174747269627574FD
S214045C306549641F747970651F646174611F00434D
S214045C4072656174652061206578706563742D7271
S214045C5065706F72742D66726F6D2D6D65206D653F
S214045C6073736167652077697468206173736F6303
S214045C7069617465642076616C7565732E00636C67
S214045C80757374657249641F61747472696275749D
S214045C906549641F74696D656F75741F004372658A
S214045CA0617465206120446973636F76657220436E
S214045CB06F6D6D616E64732047656E6572617465A1
S214045CC06420636F6D6D616E64207769746820610B
S214045CD073736F6369617465642076616C7565734C
S214045CE02E00636C757374657249641F73746172F5
S214045CF074436F6D6D616E6449641F6D6178436FA4
S214045D006D6D616E6449641F005365747320746816
S214045D106520646972656374696F6E20666F7220AD
S214045D20676C6F62616C20636F6D6D616E64732C5B
S214045D302065697468657220636C69656E74207486
S214045D406F20736572766572206F72207365727643
S214045D50657220746F20636C69656E742E005365DB
S214045D607473206120666C616720736F20746861A9
S214045D707420746865206170706C69636174696FFF
S214045D806E206672616D65776F726B2057494C4C56
S214045D90204E4F5420726573706F6E6420746F20AB
S214045DA0746865206E657874205A434C206D65735C
S214045DB073616765207468617420636F6D65732012
S214045DC0696E206F76657220746865206169722E2C
S214045DD00053657473206120666C616720736F20BE
S214045DE07468617420746865206170706C6963619E
S214045DF074696F6E206672616D65776F726B20577B
S214045E00494C4C20726573706F6E6420746F2074F6
S214045E106865206E657874205A434C206D657373EC
S214045E20616765207468617420636F6D65732069AB
S214045E306E206F76657220746865206169722E0024
S214045E4053657473207468652044697361626C6575
S214045E502044656661756C7420526573706F6E734A
S214045E6065204672616D6520436F6E74726F6C2098
S214045E7062697420746F2075736520666F7220746F
S214045E806865206E65787420636F6D6D616E64203E
S214045E9069662074686520636F6D6D616E64206941
S214045EA073206E6F7420616C72656164792062750C
S214045EB0696C742E0064697361626C65446566611E
S214045EC0756C74526573706F6E73651F00536574DA
S214045ED0732074686520666C616720746F20757320
S214045EE0652074686520696E6372656D656E746599
S214045EF0642073657175656E6365206E756D626585
S214045F00722066726F6D20746865206672616D65B6
S214045F10776F726B20666F7220746865206E657882
S214045F20742072617720636F6D6D616E642E0075E8
S214045F3073654E65787453657175656E63651F0089
S214045F40436C6920636F6D6D616E6420746F2063AB
S214045F50616C6C20736C5F7A69676265655F616605
S214045F605F7365745F74696D652066756E637469C6
S214045F706F6E20646F63756D656E74656420696EFC
S214045F802061662E680075746354696D651F00533E
S214045F90657473207468652074776F2062797465FD
S214045FA0206D616E756661637475726572207370B8
S214045FB0656369666963206964656E7469666965A4
S214045FC07220746F2075736520666F72207468651E
S214045FD0206E65787420636F6D6D616E64206966EB
S214045FE02074686520636F6D6D616E64206973202C
S214045FF06E6F7420616C7265616479206275696C79
S214046000742E006D666753706563696669634964D8
S2140460101F0054727573742043656E746572204A4B
S2140460206F696E2048616E646C65723A20737461A1
S214046030747573203D2025732C2064656369736929
S2140460406F6E203D202573202825303258292C20B9
S21404605073686F727469642030782530345800553C
S2140460604E73656375726564206A6F696E00646555
S21404607076696365206C65667400554E7365637552
S2140460807265642072656A6F696E00757365207048
S2140460907265636F6E66696775726564206B657991
S2140460A00073656E64206B657920696E207468657C
S2140460B020636C6561720064656E79206A6F696E30
S2140460C0006E6F20616374696F6E00616C6C6F772D
S2140460D02072656A6F696E73206F6E6C79006E6FDE
S2140460E0742000534C5F5354415455535F4E4554EB
S2140460F0574F524B5F555020307825303458005453
S214046100727573742043656E746572204555492014
S2140461106861732025736368616E6765642E005337
S2140461204C5F5354415455535F4E4554574F524B4E
S2140461305F444F574E00534C5F5354415455535F7E
S2140461404E4F545F4A4F494E454400534C5F535498
S214046150415455535F5A49474245455F4E45545747
S2140461604F524B5F4F50454E45443A2025642073AA
S214046170656300534C5F5354415455535F5A494723
S2140461804245455F4E4554574F524B5F434C4F5321
S21404619045440025733A2025730064697374726954
S2140461A062757465640063656E7472616C697A65A1
S2140461B06400466F726D002573696E67206F6E20EB
S2140461C063682025642C2070616E4964203078252D
S2140461D0303458004572726F723A204465766963AB
S2140461E06520646F6573206E6F7420737570706FAE
S2140461F07274202573206E6574776F726B20666FD9
S214046200726D6174696F6E004A6F696E00496E76CE
S214046210616C696420536563757269747920507281
S2140462206F66696C653A2030782530325800704ABB
S2140462306F696E20666F72202564207365633A204A
S214046240307825303258004C696D6974696E672061
S2140462506475726174696F6E206F66207065726D06
S2140462606974206A6F696E2066726F6D20666F723D
S2140462706576657220283235352920746F203235CC
S214046280340052583A205A444F2C20636F6D6D6187
S2140462906E64203078253034582C207374617475FD
S2140462A0733A203078253032580053696D706C6527
S2140462B00052583A20257320446573632052657350
S2140462C070004D61746368002C204D6174636865CA
S2140462D0733A2025640044657669636520416E6ED2
S2140462E06F756E63653A20307825303458005258FE
S2140462F03A204945454520416464726573732052CB
S2140463006573706F6E73650052583A204163746902
S214046310766520455020526573706F6E73652C2029
S214046320436F756E743A202564004E6F6465002CC6
S214046330204D6174636865733A203078253034588C
S21404634000737461636B207665722E205B25642E61
S21404635025642E256400202573206275696C6420EC
S21404636025645D005A444F00534500484100436C81
S214046370757374657200476C6F62616C0025737484
S21404638078203078253038582C200050726F666993
S2140463906C653A2025732028307825303458292C0B
S2140463A020436C75737465723A20307825303458FF
S2140463B02C2025642062797465732C00205A434C83
S2140463C020257320436D642049443A2025640050F8
S2140463D072652D52656C6561736500416C70686109
S2140463E0203100416C706861203200416C70686135
S2140463F020330042657461203100426574612032A6
S2140464000042657461203300474100526573657429
S21404641020696E666F3A2030782530325820282559
S21404642073290064656C6574652062696E64696EC0
S214046430673A2025303258202530325800010203AE
S2140464400405060708090A0B0C00010101010101F5
S2140464500101010101010057524954452045525299
S2140464603A200025736570202530325820636C75F9
S21404647073202530345820617474722025303458C3
S214046480206E6F7420737570706F72746564002567
S21404649073696E76616C69642064617461207479D2
S2140464A0706500257361747472206E6F7420777241
S2140464B0697461626C650057524954453A206E6FA0
S2140464C02077726974652C206A7573742061207451
S2140464D065737400524541443A206174747269626B
S2140464E07574652073697A6520746F6F206C6172A9
S2140464F0676520666F722063616C6C657200636CFE
S2140465006E74007372767200525700524F00202049
S21404651052414D20200020746F6B656E2000657814
S2140465207465726E2000454E44504F494E542025E3
S21404653030325800636C7573202F207369646520AD
S2140465402F2061747472202F206D666720202F74AC
S214046550797065286C656E292F207277202F20733A
S214046560746F72616765202F2064617461202872DD
S2140465706177290025303458202F202573202F20BA
S21404658025303458202F2000202F20253032582044
S214046590282530325829202F202573202F202573B4
S2140465A0202F2000556E737570706F7274656400CA
S2140465B04F544120524541443A2065703A253032C2
S2140465C058206369643A25303458206174746964C9
S2140465D03A25303458206D736B3A25303258206D86
S2140465E066636F64653A2530345800524541443A30
S2140465F020636C757320253034582C2061747472B3
S2140466002025303458206661696C65642025303254
S2140466105800524541443A20636C75732025303443
S214046620582C206174747220253034582C206461F0
S21404663074614C656E3A20253032582C204F4B003E
S21404664028256329253032582530325825303258CB
S21404665025303258253032582530325825303258B5
S214046660253032580064697361626C650025736472
S2140466702C2064726F7070696E67206570203078A5
S2140466802530325820636C757320307825303458A2
S21404669020636D64203078253032580047656E6577
S2140466A07261746564005265636569766564004466
S2140466B06973636F76657220436F6D6D616E647384
S2140466C020726573706F6E73652028636F6D706CCF
S2140466D06574653A202563292C2025732049447364
S2140466E03A200030782530325820005F4558540050
S2140466F0524541445F415454520057524954453A16
S21404670020636C75732025303458206174747220AD
S2140467102530345820004641494C20253032580054
S21404672057524954453A20746F6F2073686F7274D9
S21404673000444953435F4154545200257325733A29
S21404674020636C75732025303458005376632044D8
S2140467506973633A2000257357616974696E67200C
S21404676025642073656320666F7220646973636FA3
S2140467707665727920746F20636F6D706C657465CE
S21404678000537461746520636F72726573706F6E04
S21404679064696E6720746F20746865207468652069
S2140467A072657175657374206E6F7420666F756E8E
S2140467B0640A002573636F6D706C6574652E0A0039
S2140467C025735365727669636520446973636F76CF
S2140467D0657279205374617465206C696D6974738D
S2140467E020726561636865640A002573496C6C658C
S2140467F067616C2062726F616463617374206164A4
S21404680064726573732C2072656D617070696E674F
S21404681020746F2076616C6964206F6E652E002587
S214046820734661696C656420746F2073656E6420BA
S2140468306D6174636820646973636F766572793A10
S2140468402030782530325800257353746172746989
S2140468506E6720646973636F7665727920666F72FB
S21404686020636C7573746572203078253034580054
S21404687025734661696C656420746F2073656E6465
S2140468802073696D706C65206465736372697074D7
S2140468906F7220726571756573743A20307825308E
S2140468A032580025734661696C656420746F2073E2
S2140468B0656E64204945454520616464726573735A
S2140468C020726571756573743A20307825303258B5
S2140468D00025734661696C656420746F2073656E69
S2140468E064204E574B20616464726573732072652E
S2140468F071756573743A20307825303258004572C5
S214046900726F723A202573206261642073696D7019
S2140469106C652064657363726970746F72206C654D
S2140469206E6774682E0025734D6573736167652002
S214046930746F6F2073686F72740025734D6573737C
S21404694061676520746F6F2073686F727420666F5A
S21404695072206E756D2E20656E64706F696E74732A
S2140469600025734D61746368257320666F756E64C5
S2140469702066726F6D203078253034582E004572AC
S214046980726F723A20257320696E76616C69642092
S2140469906C656E6774682028256420213D20256474
S2140469A02920666F722041637469766520456E649B
S2140469B0706F696E7420726573706F6E73650025F0
S2140469C073676F742061637469766520455020721E
S2140469D06573706F6E7365005554432074696D65F6
S2140469E03A2025642F25642F25642025643A2564DF
S2140469F03A2564202825303858290028556E6B6EB1
S214046A006F776E20636C75732E205B307825303478
S214046A10585D29000D0A54253038583A005258203B
S214046A206C656E2025642C20657020253032582C29
S214046A3020636C7573203078253034582000206D20
S214046A4066674964202530345800204643202530A4
S214046A50325820736571202530325820636D6420C7
S214046A6025303258207061796C6F61645B00426136
S214046A70736963004F766572207468652041697295
S214046A8020426F6F746C6F6164696E670025735281
S214046A905820706B7420746F6F2073686F72743A2A
S214046AA0202564203C202564002573525820706BF2
S214046AB074206D616C666F726D65643A202564207F
S214046AC03C2025640020204861766520526F75744A
S214046AD0657220537570706F7274002020456E6462
S214046AE020446576696365204F6E6C7900202045E6
S214046AF06E61626C656400202044697361626C6533
S214046B0064004572726F7220726574726965766984
S214046B106E6720696E666F20666F72206C6962729B
S214046B20617279204944202564002573206C6962CB
S214046B307261727925732070726573656E74005A7B
S214046B4069676265652050726F0042696E64696E9B
S214046B506700536563757269747920436F726500C4
S214046B605365637572697479204C696E6B204B6546
S214046B7079730043424B45203136334B3100434250
S214046B804B4520445341205369676E0045434300F8
S214046B9043424B452044534120566572696679004A
S214046BA05061636B65742056616C6964617465003A
S214046BB05A4C4C0043424B45203238334B31004547
S214046BC04343203238334B310043424B4520636FF6
S214046BD07265004E4350004D756C7469206E657482
S214046BE0776F726B00456E68616E636564204265FC
S214046BF061636F6E205265710043424B4520323804
S214046C00334B312044534120566572696679004DF2
S214046C10756C74692D50414E002F776F726B7370CC
S214046C20616365732F747579612D7A69676265652A
S214046C302D7377697463682F73696C6162735F740C
S214046C406F6F6C732F73696D706C69636974795FA9
S214046C5073646B2F70726F746F636F6C2F7A6967CF
S214046C606265652F737461636B2F636F6E66696705
S214046C702F736C5F7A69676265655F636F6E6669BA
S214046C806775726174696F6E2E63002F776F726B0F
S214046C907370616365732F747579612D7A696762A1
S214046CA065652D7377697463682F73696C616273A5
S214046CB05F746F6F6C732F73696D706C696369743E
S214046CC0795F73646B2F70726F746F636F6C2F7A57
S214046CD069676265652F737461636B2F6672616D95
S214046CE065776F726B2F6165732D6563622E630023
S214046CF02F776F726B7370616365732F7475796128
S214046D002D7A69676265652D7377697463682F7376
S214046D10696C6162735F746F6F6C732F73696D70E7
S214046D206C69636974795F73646B2F70726F746FC8
S214046D30636F6C2F7A69676265652F737461636B22
S214046D402F73656375726974792F7A6967626565EE
S214046D502D73656375726974792D6D616E616765EF
S214046D60722D6E6F2D7661756C742E63004572728B
S214046D706F723A20204661696C656420746F2072D5
S214046D806561642066726F6D20454550524F4D20F4
S214046D9061742030782534582C20737461747573AC
S214046DA03A20256400454550524F4D20496E69747B
S214046DB069616C697A65643A2025630045455052DA
S214046DC04F4D20427573793A2025630050617274E2
S214046DD069616C20576F72642053746F72616765C3
S214046DE020436F756E743A202564004164647265AE
S214046DF073733A2030782534582C205061727469A5
S214046E00616C20576F72643A203078255800636F9F
S214046E106E6669726D656400617373756D65640092
S214046E200A454550524F4D20496E666F004E6F74AA
S214046E3020617661696C61626C6520286F6C64659C
S214046E407220626F6F746C6F6164657229005061A2
S214046E507274204465736372697074696F6E3A2045
S214046E6020202020202020202025730043617061EC
S214046E7062696C69746965733A202020202020209A
S214046E8020202020202020307825325800506167AA
S214046E90652045726173652074696D6520287329C1
S214046EA03A2020202020202564005061727420455A
S214046EB0726173652074696D65202873293A2020F1
S214046EC0202020202564005061727420457261736E
S214046ED0652074696D6520286D73293A202020206A
S214046EE02020256400506167652073697A65202830
S214046EF06279746573293A202020202020202020DF
S214046F00256C00506172742073697A652028627952
S214046F10746573293A202020202020202020256C08
S214046F2000576F72642073697A65202862797465E5
S214046F3073293A2020202020202020202564202881
S214046F4025702900454550524F4D20696E69743AA4
S214046F502030782558002F776F726B7370616365E5
S214046F60732F747579612D7A69676265652D7377F9
S214046F70697463682F73696C6162735F746F6F6C96
S214046F80732F73696D706C69636974795F73646B6E
S214046F902F7574696C2F706C7567696E2F706C75BD
S214046FA067696E2D636F6D6D6F6E2F656570726F9A
S214046FB06D2F656570726F6D2E6300556E61626C21
S214046FC06520746F20626F6F7420696D6167652039
S214046FD0617420736C6F7420256C640A00536C6FA4
S214046FE074204D616E61676572206661696C6564C4
S214046FF020746F20657261736520736C6F740A0069
S2140470004D61782072656164206C696D69742073C3
S214047010657420746F2025642062797465730A0091
S2140470204164647265737320202020202020202071
S21404703020446174610A00307825346C782020205E
S21404704020202020307825780A004661696C656423
S21404705020746F20726561642066726F6D20666CA2
S2140470606173680A00536C6F7420256C640A2020D0
S2140470704164647265737320202020203A2030789F
S21404708025346C580A20204C656E677468202020CE
S2140470902020203A20307825346C582028256C642B
S2140470A0206279746573290A00202054797065205B
S2140470B0202020202020203A20004E6F2047424CDB
S2140470C02070726573656E740A005A696742656556
S2140470D00A005468726561640A00436F6E6E6563E5
S2140470E0740A00426C7565746F6F74680A00426CAB
S2140470F07565746F6F7468206170706C6963617411
S214047100696F6E0A004D43550A004F746865722015
S214047110283078256C58290A002020566572736931
S2140471206F6E20202020203A203078256C580A00E4
S21404713020204361706162696C69746965733A20E2
S214047140307825346C580A00202050726F647563BA
S2140471507420494420203A200030782558200053D3
S2140471606C6F74204D616E616765723A2066616962
S2140471706C656420746F20696E697469616C697AE1
S2140471806520626F6F746C6F616465722028657227
S214047190726F72203078253478290A005665727327
S2140471A0696F6E20202020203A2025640A00506152
S2140471B0727420202020202020203A2025730A00E4
S2140471C04361706162696C69746965733A203078EA
S2140471D025780A00506172742073697A652020202D
S2140471E03A20256420420A00506167652073697A54
S2140471F0652020203A20256420420A00576F7264D6
S2140472002073697A652020203A20256420420A00EB
S214047210536C6F7473202020202020203A2025648D
S2140472200A004661696C656420746F207265616447
S2140472302066726F6D2073746F7261676520666C6A
S21404724061736820286572726F72202564290A00AB
S214047250496E76616C696420736C6F7420256420B3
S214047260286D617820736C6F74202564290A0046A3
S21404727061696C656420746F2067657420696E6646
S2140472806F20666F7220736C6F742025640A005337
S2140472906C6F74204D616E616765723A20736C6F13
S2140472A074207772697465206661696C7572652EE0
S2140472B02041646472657373206F66667365742018
S2140472C028256429202B207772697465206C656EE6
S2140472D0677468202825642920677265617465725E
S2140472E0207468616E20746F74616C20736C6F74A4
S2140472F0206C656E67746820282564290A00536C20
S2140473006F74204D616E61676572207761726E6975
S2140473106E673A20736C6F74202564206C656E6704
S21404732074682028256429206E6F7420616C696750
S2140473306E656420746F20706167652073697A6572
S21404734020282564292E2054686520656E74697289
S2140473506520736C6F742077696C6C206E6F742074
S2140473606265206572617365642E0A00536C6F74DF
S214047370204D616E616765723A206661696C65646A
S21404738020746F20657261736520256420627974A9
S214047390657320696E20736C6F7420256420617495
S2140473A020616464726573732030782534782028ED
S2140473B06572726F722030782578290A00457261EA
S2140473C073656420256420627974657320696E2071
S2140473D0736C6F742025640A004661696C656420CA
S2140473E0746F2073657420736C6F7420746F2062DE
S2140473F06F6F7420286572726F7220307825347827
S214047400290A004661696C656420746F207365748C
S214047410206C697374206F6620736C6F74732074A9
S2140474206F20626F6F7420286572726F72203078D6
S214047430253478290A004661696C656420746F20D7
S214047440676574206E6577206C697374206F662098
S214047450736C6F747320746F20626F6F742028656A
S21404746072726F72203078253478290A0042656774
S214047470696E6E696E6720696D61676520766572F0
S214047480696669636174696F6E2E2E2E002E6661BE
S214047490696C65642120284572726F7220307825E5
S2140474A03478290A002E7061737365642120426F54
S2140474B06F74696E6720736C6F742025640A0066A7
S2140474C06E692B00666E69006E616E00666E692DCD
S2140474D0006C696273006273656E6400726573653E
S2140474E074007261770073656E645F6D756C7469A1
S2140474F0636173740073656E642D7573696E672DAE
S2140475006D756C7469636173742D62696E64696EFB
S214047510670074696D6573796E63006765742D70B2
S21404752074692D726164696F2D636F6E6669670096
S214047530636F6E6669672D6363612D6D6F646500A6
S2140475406576656E74730073656375726974790025
S2140475507A69676265655F7072696E7400706C75CF
S21404756067696E006E6574006B657973006F70747E
S214047570696F6E00706C7567006368616E67656B33
S2140475806579006368616E67656B007A646F007086
S21404759072696E742072656C6174656420636F6DC5
S2140475A06D616E64732E0061747472005A646F2089
S2140475B072656C6174656420636F6D6D616E64736F
S2140475C02E00726F75746500706F776572006D6754
S2140475D06D742D6C7169006D676D742D62696E64CF
S2140475E0006E6F64650073696D706C65006965652F
S2140475F065006E776B00756E62696E64006E776BFD
S2140476002D757064006F75742D636C2D6C697374BE
S21404761000696E2D636C2D6C697374005A646F2058
S214047620696E2D636C2D6C6973742072656C61745D
S214047630656420636F6D6D616E64732E005A646FAB
S214047640206F75742D636C2D6C6973742072656C71
S2140476506174656420636F6D6D616E64732E005A89
S214047660646F206E776B2D7570642072656C617420
S214047670656420636F6D6D616E64732E0073636161
S2140476806E2D6368616E2D6D61736B007363616E3E
S214047690006368616E5067006368616E005A646FC9
S2140476A020756E62696E642072656C617465642010
S2140476B0636F6D6D616E64732E00756E69636173BE
S2140476C074006368616E67656B65792072656C61CA
S2140476D074656420636F6D6D616E64732E006C69EF
S2140476E06E6B004F7074696F6E2072656C617465A2
S2140476F06420636F6D6D616E64732E0072656769D6
S21404770073746572006469736300696E7374616C84
S2140477106C2D636F64650062696E64696E672D74B0
S21404772061626C65007072696E742D72782D6D736B
S21404773067730061707372657472790041505320E8
S214047740726574727920666C616720666F72636511
S21404775020636F6D6D616E647300456E61626C6567
S214047760732F44697361626C6573207072696E74FA
S214047770696E67206F66205278206D657373616743
S21404778065732E00656E61626C650042696E64699D
S2140477906E67207461626C652072656C61746564E2
S2140477A020636F6D6D616E64732E0053656375722E
S2140477B0697479206B6579732072656C617465648D
S2140477C020636F6D6D616E64732E0064656C657402
S2140477D065004E6574776F726B2072656C617465B4
S2140477E06420636F6D6D616E64732E00666F726DD8
S2140477F00072656A6F696E2D646966662D646576C7
S2140478006963652D747970650065787470616E6956
S214047810640069736F70656E0062726F61642D70C8
S2140478206A6F696E006368616E67652D6368616E72
S2140478306E656C00696E6974006368616E67652DB9
S2140478406B6565702D616C6976652D6D6F6465007A
S21404785074696D656F75742D6F7074696F6E2D6DB8
S21404786061736B006D756C74692D7068792D737413
S214047870617274006D756C74692D7068792D7374FB
S2140478806F700066696E64006E6574776F726B2045
S21404789066696E6420636F6D6D616E64732E006A34
S2140478A06F696E61626C6500756E757365640073EE
S2140478B06C6F742D6D616E6167657200636F756EB3
S2140478C0746572730066696E642D616E642D6269F8
S2140478D06E6400667261676D656E746174696F6E5E
S2140478E00067726F7570732D736572766572006EBD
S2140478F06574776F726B2D7374656572696E670055
S2140479006F74612D626F6F746C6F6164006F746165
S2140479102D636C69656E74006F74612D73746F7279
S2140479206167652D636F6D6D6F6E006F74612D7387
S214047930746F726167652D656570726F6D0069643A
S2140479406C652D736C656570007570646174652D67
S21404795074632D6C696E6B2D6B657900757064614C
S21404796074652D74632D6C696E6B2D6B657920724E
S214047970656C6174656420636F6D6D616E6473001D
S21404798074696D6572006E6F7700436F6D6D616E1E
S214047990647320746F20636F6E74726F6C206964F6
S2140479A06C696E672F736C656570696E67206F66A9
S2140479B0207468652064657669636500666F726323
S2140479C0652D6177616B65006177616B652D7768FE
S2140479D0656E2D6E6F742D6A6F696E6564007265D0
S2140479E0706F7274696E672072656C61746564206A
S2140479F0636F6D6D616E64732E00636C6561722DCA
S214047A006C6173742D7265706F72742D74696D6514
S214047A1000746573742D74696D696E67006F7461A4
S214047A202D73746F726167652D656570726F6D2056
S214047A3072656C6174656420636F6D6D616E6473EA
S214047A402E0077697065006F74612D73746F7261B0
S214047A5067652D636F6D6D6F6E2072656C617465FE
S214047A606420636F6D6D616E6473007072696E740A
S214047A70496D616765730072656C6F616400737449
S214047A806F726167652D696E666F00646174612D3F
S214047A907072696E74006F74612D636C69656E74C0
S214047AA02072656C6174656420636F6D6D616E64CD
S214047AB0732E0076657269667900626C6F636B2D4F
S214047AC07465737400706167652D7265717565738E
S214047AD07400757067726164652D7265717565737F
S214047AE0740064697361626C652D646F776E677287
S214047AF06164657300656E61626C652D646F776E94
S214047B00677261646573006F74612D626F6F746C65
S214047B106F61642072656C6174656420636F6D6D5B
S214047B20616E6473006E6574776F726B2D73746523
S214047B306572696E672072656C6174656420636F34
S214047B406D6D616E64732E007072652D636F6E6664
S214047B506967757265642D6B65792D736574006D40
S214047B6061736B2072656C6174656420636F6D6D00
S214047B70616E642E0073756274726163740067725A
S214047B806F7570732D7365727665722072656C619D
S214047B9074656420636F6D6D616E64732E00667227
S214047BA061676D656E746174696F6E2072656C6171
S214047BB074656420636F6D6D616E64732E00736507
S214047BC0742D72782D77696E646F772D73697A6574
S214047BD0006172746966696369616C2D626C6F63B7
S214047BE06B2D64726F700046696E6420616E64204B
S214047BF062696E642072656C6174656420636F6D7F
S214047C006D616E64732E00696E69746961746F7257
S214047C1000656E61626C655F74797065007374618B
S214047C20636B00617070007A636C006C65676163F7
S214047C30795F61665F646562756700636F756E740D
S214047C406572732072656C6174656420636F6D6D14
S214047C50616E64732E007072696E742D636F756E38
S214047C607465722D747970650073696D706C652D1A
S214047C707072696E74007072696E742D74687265C1
S214047C8073686F6C6473007365742D7468726573BF
S214047C90686F6C640072657365742D7468726573BE
S214047CA0686F6C64730073656E642D7265717565B8
S214047CB073740073656375726974792072656C6198
S214047CC074656420636F6D6D616E647300736574B0
S214047CD02D616C6C6F772D74727573742D63656E7D
S214047CE07465722D72656A6F696E2D7573696E6739
S214047CF02D77656C6C2D6B6E6F776E2D6B657900CA
S214047D007365742D616C6C6F772D74727573742D36
S214047D1063656E7465722D72656A6F696E2D757310
S214047D20696E672D77656C6C2D6B6E6F776E2D6B39
S214047D3065792D74696D656F7574007365742D6B44
S214047D4065792D726571756573742D706F6C6963D2
S214047D5079006D66672D746F6B656E0061707300D5
S214047D605365637572697479206170732072656CEB
S214047D706174656420636F6D6D616E64732E004775
S214047D8065742F736574204D464720746F6B656E5B
S214047D902E00656E64706F696E742072656C617413
S214047DA0656420636F6D6D616E64732E0065657027
S214047DB0726F6D207574696C6974792072656C6174
S214047DC074656420636F6D6D616E647300536C6FCD
S214047DD074204D616E616765722072656C617465AE
S214047DE06420636F6D6D616E647300626F6F742DD3
S214047DF0736C6F740065726173652D736C6F7400B9
S214047E006578742D666C6173682D696E666F007391
S214047E106C6F74732D696E666F005072696E74733E
S214047E202074696D652E005072696E7473206174D7
S214047E30747269627574652E00436C656172732092
S214047E40746865205A444F206C697374206F6620EA
S214047E50636C69656E742028696E2920636C75737B
S214047E60746572732E004164647320636C75737456
S214047E7065727320746F20746865206B6E6F776EFE
S214047E8020636C69656E742028696E2920636C759E
S214047E907374657273206F6E2074686973206465EA
S214047EA0766963652E00436C656172732074686539
S214047EB0205A444F206C697374206F6620636C6983
S214047EC0656E7420286F75742920636C75737465E9
S214047ED072732E004164647320636C7573746572E8
S214047EE07320746F20746865206B6E6F776E2063E2
S214047EF06C69656E7420286F75742920636C7573BD
S214047F0074657273206F6E20746869732064657676
S214047F106963652E0053656E647320616E20757008
S214047F2064617465206368616E6E656C2072657149
S214047F30756573742E006368616E6E656C1F0053FE
S214047F40656E647320616E20757064617465206369
S214047F5068616E6E656C2070616765207265712E4F
S214047F602054686520737461636B2073656E647354
S214047F70206E776B20656E68616E6365642075702D
S214047F80646174652072657120666F72206E6F6E10
S214047F902D7A65726F20706167652E006368616E66
S214047FA06E656C1F706167651F00506572666F7240
S214047FB06D7320616E20656E6572677920736361E8
S214047FC06E2E007461726765744E6F646549641F33
S214047FD07363616E4475726174696F6E1F73636157
S214047FE06E436F756E741F0042726F6164636173D3
S214047FF0747320746865204944206F66207468652D
S214048000206E6577206E6574776F726B206D616E77
S2140480106167657220616E642061637469766520A9
S2140480206368616E6E656C732E006E776B4D676564
S21404803049641F6368616E6E656C4D61736B1F00E7
S214048040506572666F726D7320616E20656E657220
S2140480506779207363616E206F6E20676976656E3C
S214048060206368616E6E656C206D61736B2E0074A0
S21404807061726765744E6F646549641F7363616EED
S2140480804475726174696F6E1F7363616E436F75B6
S2140480906E741F6368616E6E656C4D61736B1F0052
S2140480A053656E64732061206E6574776F726B20FF
S2140480B06164647265737320726571756573742088
S2140480C0666F722074686520676976656E20494518
S2140480D0454520616464726573732E006965656541
S2140480E01F00526571756573747320616E2049456F
S2140480F045452061646472657373206261736564C8
S214048100206F6E206120676976656E206E6F6465E9
S2140481102049442E006E6F646549641F0053656EE3
S214048120647320612073696D706C65206465736385
S214048130726970746F7220726571756573742066E7
S2140481406F72207468652073686F7274206164644B
S2140481507265737320616E6420656E64706F696EF9
S21404816074207370656369666965642E006465735C
S214048170741F746172676574456E64706F696E749B
S2140481801F0053656E64732061206D6174636844D8
S214048190657363726970746F727352657175657313
S2140481A07420746F2074686520676976656E206431
S2140481B0657374696E6174696F6E2077697468207C
S2140481C074686520676976656E2070726F66696C80
S2140481D0652E006E6F646549641F70726F66696C05
S2140481E0651F0053656E64732061206E6F6465209E
S2140481F064657363726970746F72207265717565F5
S214048200737420746F206120676976656E207461CC
S21404821072676574206465766963652E007461729E
S2140482206765741F0053656E64732061205A444F5B
S2140482302042696E6420636F6D6D616E6420746F96
S214048240206120646576696365207370656369667A
S21404825069656420696E2074686520636F6D6D615E
S2140482606E6420617267756D656E74732E00446566
S2140482707374696E6174696F6E1F536F757263658C
S21404828020656E64706F696E741F44657374696EDE
S2140482906174696F6E20656E64706F696E741F63B7
S2140482A06C757374657249441F72656D6F746545A9
S2140482B0554936341F6465737445554936341F0072
S2140482C053656E647320616E2061637469766520FD
S2140482D0656E64706F696E7420726571756573740B
S2140482E020746F20746865206465766963652077FA
S2140482F06974682074686520676976656E2073689B
S2140483006F72742049442E0053656E647320616E48
S21404831020756E62696E642072657175657374206B
S214048320666F72206120756E69636173742062697A
S2140483306E64696E6720746F207468652074617259
S214048340676574206465766963652E007461726778
S21404835065741F736F757263652065756936341F9F
S214048360736F7572636520656E64706F696E741FD3
S214048370636C757374657249441F64657374696EBF
S2140483806174696F6E45554936341F646573746944
S2140483906E6174696F6E20656E64706F696E741FAB
S2140483A00053656E647320616E20756E62696E6438
S2140483B0207265717565737420666F722061206D16
S2140483C0756C7469636173742062696E64696E6740
S2140483D020746F2074686520746172676574206405
S2140483E065766963652E007461726765741F736FC2
S2140483F0757263652065756936341F736F757263AD
S2140484006520656E64706F696E741F636C75737433
S214048410657249441F67726F757041646472657350
S214048420731F0053656E64732061205A444F204DB9
S214048430616E6167656D656E74204C656176652056
S214048440636F6D6D616E6420746F2074686520744C
S2140484506172676574206465766963652E0074616D
S214048460726765741F72656D6F76654368696C64C0
S21404847072656E1F72656A6F696E1F0053656E645F
S214048480732061205A444F204D474D542D42696E47
S21404849064202842696E64696E67205461626C6564
S2140484A029205265717565737420746F207468652D
S2140484B020746172676574206465766963652E004E
S2140484C07461726765741F7374617274496E64654F
S2140484D0781F0053656E64732061205A444F204D04
S2140484E0474D542D4C514920284C51492054616223
S2140484F06C6529205265717565737420746F2074D9
S214048500686520746172676574206465766963655E
S2140485102E0053656E64732061205A444F20506FBA
S2140485207765722044657363726970746F72205243
S21404853065717565737420746F2074686520746142
S21404854072676574206465766963652E0053656E8C
S21404855064732061205A444F20726F7574652072CC
S21404856065717565737420636F6D6D616E642074D8
S2140485706F20746865207461726765742E00746178
S214048580726765741F696E6465781F00696E64653A
S214048590781F65756936341F696E7374616C6C4335
S2140485A06F64651F00696E6465781F657569363487
S2140485B01F6B65791F005443206C696E6B206B65D6
S2140485C079207265717565737420706F6C69637950
S2140485D01F417070206C696E6B206B657920726524
S2140485E0717565737420706F6C6963791F00426FD0
S2140485F06F6C3A20616C6C6F77207472757374209C
S21404860063656E7465722072656A6F696E20757331
S214048610696E672077656C6C2D6B6E6F776E206B5A
S21404862065791F0070726F66696C6549641F636CB8
S214048630757374657249641F007461726765744962
S214048640641F00456E61626C6573207072696E7497
S214048650696E67206F66205278206D657373616754
S21404866065732E0053657473207468652062696EA2
S21404867064696E67207461626C6500696E6465780F
S2140486801F636C75737465721F6C6F63616C4570E1
S2140486901F72656D6F746545701F65756936341F86
S2140486A000436C65617273207468652062696E6449
S2140486B0696E67207461626C652E005072696E7410
S2140486C073207468652062696E64696E67207461DD
S2140486D0626C6520746F2074686520636F6D6D61CD
S2140486E06E64206C696E652E00436C65617273203F
S2140486F0616C6C207365637572697479206B657937
S214048700732E0044656C6574652074686520737008
S21404871065636966696564206C696E6B206B657950
S21404872020696E6465782E005072696E74732061D9
S2140487306C6C207365637572697479206B657973E4
S2140487402E005465726D696E617465732074686575
S214048750206D756C74692D50485920696E74657265
S21404876066616365005573656420746F2073746175
S2140487707274206D756C74692D50485920696E7436
S214048780657266616365206F7468657220746861DB
S2140487906E206E617469766520616E6420666F7201
S2140487A06D20746865206E6574776F726B2E205426
S2140487B0686520737461636B2075736573207361D9
S2140487C06D652050616E4964206173206E61746922
S2140487D0766520726164696F206E6574776F726B5C
S2140487E02E00706167651F6368616E6E656C1F702E
S2140487F06F7765721F6F7074696F6E734D61736BFC
S21404880020284269742030203D20526F75746572AA
S2140488107320616C6C6F7765642C20426974203118
S214048820203D2042726F61646361737420616C6CD6
S2140488306F776564291F00417474656D70747320C6
S214048840746F206368616E6765207468652063686A
S214048850696C642074696D656F7574206F707469D3
S2140488606F6E206D61736B20746F2066696C74651F
S21404887072206F757420756E646573697261626CBC
S214048880652076616C7565732028652E672E206ECC
S2140488906F206D6F7265207468616E20332064618A
S2140488A07973292E0074696D656F7574206F707402
S2140488B0696F6E206D61736B1F005377697463680C
S2140488C06573206265747765656E2064696666659F
S2140488D072656E74206B65657020616C69766520C0
S2140488E06D6F64657320737570706F727465642041
S2140488F06279206120726F757465722E004B65650F
S2140489007020616C697665206D6F64651F00507217
S214048910696E7473207468652063757272656E740C
S214048920204E6F64652049442C2045554936342C26
S21404893020616E642050616E2049442E00496E69A1
S2140489407469616C697A65732061206E6574776FEB
S214048950726B3B20746869732069732061207465A8
S214048960737420636F6D6D616E6420757365642027
S214048970666F722074632D737761702D6F75742023
S21404898074657374696E672E005365747320746817
S21404899065206E6574776F726B20696E64657820E7
S2140489A07573656420627920616C6C2066757475D5
S2140489B0726520434C4920636F6D6D616E64732E3F
S2140489C020204265666F72652065786563757469F4
S2140489D06E67206120434C4920636F6D6D616E6441
S2140489E02C20746865206672616D65776F726B20E3
S2140489F0737769746368657320746F207468697329
S214048A00206E6574776F726B2E20204166746572D3
S214048A102074686520636F6D6D616E642066696E90
S214048A20697368657320657865637574696E672C09
S214048A3020746865206672616D65776F726B20734B
S214048A4077697463686573206261636B20746F2052
S214048A507468652070726576696F7573206E6574C8
S214048A60776F726B2E202054686520434C4920751E
S214048A70736573207468652073616D65206E657414
S214048A80776F726B20696E64657820756E74696C96
S214048A90207468652064657669636520726573650D
S214048AA07473206F72206974206973206368616E22
S214048AB0676564207468726F756768207468697384
S214048AC020636F6D6D616E642E00417474656D7005
S214048AD0747320746F206368616E676520646576BE
S214048AE0696365206F76657220746F2061206469FF
S214048AF066666572656E74206368616E6E656C206A
S214048B00676976656E20696E20746865206368619F
S214048B106E6E656C20617267756D656E742E00549A
S214048B206865206368616E6E656C20746F20636888
S214048B30616E676520746F1F0066696E64556E7596
S214048B4073656450616E49640066696E644A6F6951
S214048B506E61626C654E6574776F726B00506572F9
S214048B606D697473206A6F696E696E67206F6E2014
S214048B70746865206E6574776F726B20666F7220FA
S214048B806120676976656E206E756D626572206F0A
S214048B9066207365636F6E647320414E4420627270
S214048BA06F616463617374732061205A444F204D6F
S214048BB0676D74205065726D6974204A6F696E69BA
S214048BC06E67207265717565737420746F20616CAE
S214048BD06C20726F75746572732E00412073696E13
S214048BE0676C65206279746520696E646963617474
S214048BF0696E6720686F77206C6F6E67207468658F
S214048C00206465766963652073686F756C64206894
S214048C10617665207065726D6974206A6F696E6925
S214048C206E67207475726E6564206F6E20666F7250
S214048C302E20412076616C7565206F66203078663C
S214048C4066207475726E73206F6E207065726D691F
S214048C5074206A6F696E20696E646566696E6974ED
S214048C60656C792E1F00436865636B73206E6574AC
S214048C70776F726B20706A6F696E20737461747597
S214048C80732E00577269746573207468652065785E
S214048C9074656E6465642070616E20494420666F56
S214048CA07220746865206465766963652E0065784D
S214048CB07470616E69641F0052656A6F696E732012
S214048CC0616E206578697374696E67206E65747763
S214048CD06F726B20696E2061207365637572652000
S214048CE06F7220696E736563757265206D616E6E52
S214048CF065722077697468206120646966666572A7
S214048D00656E742064657669636520747970652E73
S214048D1000426F6F6C65616E206E6574776F726B60
S214048D20206B657920617661696C6162696C69742F
S214048D30791F4368616E6E656C206D61736B1F41AD
S214048D406E20656E756D65726174696F6E20696EEE
S214048D506469636174696E67207468652064657607
S214048D60696365207479706520746F2072656A6F14
S214048D70696E2061732E54686520737461636B207A
S214048D806F6E6C79206163636570747320534C5FF7
S214048D905A49474245455F454E445F444556494314
S214048DA04520616E6420534C5F5A49474245455FEF
S214048DB0534C454550595F454E445F4445564943D8
S214048DC0452E1F0052654A6F696E732061206E65DA
S214048DD074776F726B2E00426F6F6C65616E206ED7
S214048DE06574776F726B206B657920617661696C48
S214048DF06162696C6974791F4368616E6E656C2084
S214048E006D61736B1F004C65617665732061206E1F
S214048E106574776F726B2E005475726E732070656E
S214048E20726D6974206A6F696E696E67206F6E2052
S214048E30666F722074686520616D6F756E74206F3E
S214048E40662074696D6520696E646963617465641F
S214048E502E00412073696E676C6520627974652004
S214048E60696E6469636174696E6720686F77206CE5
S214048E706F6E672074686520646576696365207321
S214048E80686F756C642068617665207065726D69BC
S214048E9074206A6F696E696E67207475726E206FCF
S214048EA06E20666F722E20412076616C7565206F89
S214048EB0662030786666207475726E7320706572EC
S214048EC06D6974206A6F696E20696E646566696E82
S214048ED06974656C792E1F004A6F696E7320612071
S214048EE06E6574776F726B206F6E2061206769768B
S214048EF0656E206368616E6E656C2C207769746895
S214048F00206120676976656E20545820506F776517
S214048F107220616E642050414E2049442E005468ED
S214048F2065206368616E6E656C206F6E2077686975
S214048F30636820746F206A6F696E20746865206E9B
S214048F406574776F726B1F4F6E652D62797465203A
S214048F507369676E65642076616C756520696E64F6
S214048F6069636174696E672074686520545820507C
S214048F706F77657220746861742074686520726106
S214048F8064696F2073686F756C642062652073650E
S214048F907420746F1F5468652050414E2049442045
S214048FA06F6E20776869636820746F206A6F696ED5
S214048FB020746865206E6574776F726B1F00466F49
S214048FC0726D732061206E6574776F726B206F6E9E
S214048FD0206120676976656E206368616E6E656CD5
S214048FE02C2077697468206120676976656E205442
S214048FF05820506F77657220616E642050414E2071
S21404900049442E00546865206368616E6E656C2062
S2140490106F6E20776869636820746F20666F726D60
S21404902020746865206E6574776F726B1F4F6E656B
S2140490302D62797465207369676E65642076616C49
S214049040756520696E6469636174696E6720746807
S2140490506520545820506F776572207468617420B8
S21404906074686520726164696F2073686F756C64D8
S2140490702062652073657420746F1F5468652050E1
S214049080414E204944206F6E2077686963682074D7
S2140490906F20666F726D20746865206E6574776FD6
S2140490A0726B1F005468697320696E697469617411
S2140490B0657320612054434C4B207570646174655D
S2140490C02070726F6365647572652E0053706563F5
S2140490D06966792074686520616D6F756E74206F9B
S2140490E0662074696D6520746F20776169742061E9
S2140490F066746572206F6E652054434C4B20757001
S21404910064617465206F7065726174696F6E206344
S2140491106F6D706C65746573206265666F7265202A
S214049120626567696E6E696E672061206E6577207A
S21404913054434C4B20757064617465206F7065727F
S2140491406174696F6E2E0054686520616D6F756E6C
S21404915074206F662074696D652062657477656532
S2140491606E2073756273657175656E74207472759E
S21404917073742063656E746572206C696E6B206B05
S2140491806579207570646174657320696E206D69F5
S2140491906C6C697365636F6E64731F00536574202B
S2140491A06F7220636C6561722073746179206177D5
S2140491B0616B65207768656E206E6F74206A6F69D0
S2140491C06E656400536574206F7220636C6561720B
S2140491D020666F726365206177616B65004469730E
S2140491E0706C61792074686520736C656570207393
S2140491F0746174757300464F522054455354494E57
S2140492004720505552504F534553202D20676174C4
S2140492106865722074696D696E67206D657472691D
S214049220637320666F72207265706F7274696E67FE
S214049230207461626C65206F7065726174696F6E0C
S214049240732E00436C6561727320746865206C61CC
S2140492507374207265706F72742074696D65206F04
S2140492606620617474726962757465732E00416455
S21404927064732061206E657720656E74727920743D
S2140492806F20746865207265706F727420746162F2
S2140492906C652E00546865206C6F63616C20656E87
S2140492A064706F696E742066726F6D207768696388
S2140492B068207468652061747472696275746520C8
S2140492C06973207265706F727465641F54686520D4
S2140492D0636C75737465722077686572652074684C
S2140492E06520617474726962757465206973206C94
S2140492F06F63617465641F546865204944206F6613
S214049300207468652061747472696275746520627D
S21404931065696E67207265706F727465641F3020AD
S214049320666F7220636C69656E742D73696465205C
S21404933061747472696275746573206F722031206B
S214049340666F72207365727665722D736964652024
S214049350617474726962757465731F546865206DF0
S214049360696E696D756D207265706F7274696E676B
S21404937020696E74657276616C2C206D65617375F8
S21404938072656420696E207365636F6E64732E1F46
S214049390546865206D6178696D756D207265706FAF
S2140493A07274696E6720696E74657276616C2C20BF
S2140493B06D6561737572656420696E207365636F8D
S2140493C06E64732E1F546865206D696E696D756DC5
S2140493D0206368616E676520746F20746865206119
S2140493E07474726962757465207468617420776930
S2140493F06C6C20726573756C7420696E20612072C3
S21404940065706F7274206265696E672073656E742A
S2140494102E1F0052656D6F76657320616E20656E33
S2140494207472792066726F6D207468652072657038
S2140494306F7274207461626C652E005468652069CE
S2140494406E646578206F6620746865207265706F38
S214049450727420746F2062652072656D6F76656421
S2140494601F00436C6561727320616C6C20656E74BA
S214049470726965732066726F6D2074686520726504
S214049480706F7274207461626C652E005072696E1F
S214049490747320746865207265706F7274207461CA
S2140494A0626C652E00576970657320616C6C20646D
S2140494B061746120696E207468652073746F7261CC
S2140494C06765206465766963652E005072696E74FC
S2140494D0732061726269747261727920627974654C
S2140494E073206F6620746865204F544120696D614F
S2140494F06765206F6E206469736B2E005468652060
S214049500696E646578206F662074686520696D618D
S214049510676520746F207072696E74206974732096
S214049520646174611F546865206F66667365742091
S214049530696E746F20746865204F544120696D61AC
S214049540676520746861742077696C6C2062652096
S2140495507072696E7465641F005072696E7473204D
S214049560696E666F726D6174696F6E2061626F7585
S21404957074207468652073746F726167652064650F
S214049580766963652E0052656C6F61642074686545
S2140495902073746F72616765206465766963652EEF
S2140495A00044656C657465732074686520696D6134
S2140495B067652061742074686520737065636966E6
S2140495C069656420696E6465782E00546865206950
S2140495D06E64657820617420776869636820746FA8
S2140495E020626567696E2064656C6574696E6720C1
S2140495F074686520696D6167651F005072696E74D2
S214049600732074686520696D616765732E00456E06
S21404961061626C6573204F544120646F776E677285
S214049620616465732E0044697361626C6573204FD0
S214049630544120646F776E6772616465732E0053BD
S214049640656E647320616E2055706772616465454B
S2140496506E645265717565737420746F20616E2034
S2140496604F5441207365727665722E0043616E20F6
S2140496706265207573656420746F2064796E616D0D
S2140496806963616C6C79207475726E206F666620EF
S21404969073656E64696E67207061676520726571B4
S2140496A07565737473206F6E2074686520636C69C7
S2140496B0656E7420736964652C2069662074686519
S2140496C02073657276657220646F65736E277420E6
S2140496D0737570706F727420746869732066656140
S2140496E0747572652E00426F6F6C65616E207661CC
S2140496F06C7565207475726E696E67206F6E2028AF
S2140497003129206F72206F666620283029207468FD
S214049710652070616765207265717565737420666F
S2140497206C61671F0053656E647320616E20696DFB
S21404973061676520626C6F636B2072657175657313
S2140497407420666F7220612066696C652074686593
S214049750207365727665722073686F756C64206E0C
S2140497606F7420686176652E2020546573742068B3
S21404977061726E657373206F6E6C792028746573DE
S21404978074206361736520392E352E36202D204DC6
S214049790697373696E672046696C6529005072693F
S2140497A06E747320696E666F726D6174696F6E2075
S2140497B06F6E207468652063757272656E742073AC
S2140497C074617465206F6620746865204F54412068
S2140497D0636C69656E7420646F776E6C6F61642E5B
S2140497E00053746F707320746865204F544120735F
S2140497F074617465206D616368696E652E005374C8
S2140498006172747320746865204F544120636C69D8
S214049810656E74207374617465206D616368696E27
S214049820652E20546865207374617465206D6163C9
S21404983068696E6520646973636F766572732074F5
S2140498406865204F5441207365727665722C2071CA
S21404985075657269657320666F72206E6577206918
S2140498606D616765732C20646F776E6C6F616473CB
S2140498702074686520696D6167657320616E642075
S214049880776169747320666F7220746865207365E7
S2140498907276657220636F6D6D616E6420746F20DE
S2140498A0757067726164652E005072696E747320F9
S2140498B0746865206D616E75666163747572657231
S2140498C02049442C20496D616765205479706520D1
S2140498D049442C20616E642056657273696F6E204D
S2140498E0696E666F726D6174696F6E2074686174F8
S2140498F0206172652075736564207768656E2061E3
S214049900207175657279206E65787420696D61675B
S214049910652069732073656E7420746F207468659F
S2140499202073657276657220627920746865206398
S2140499306C69656E742E00506572666F726D732066
S2140499407369676E61747572652076657269666997
S214049950636174696F6E206F6E2074686520696D2C
S2140499606167652061742074686520737065636937
S2140499706669656420696E6465782E00546865209F
S214049980696E6465782061742077686963682074FA
S2140499906F20626567696E207665726966696361C1
S2140499A074696F6E206F662074686520696D6167E0
S2140499B0651F00426F6F746C6F6164732074686512
S2140499C020696D6167652061742074686520737012
S2140499D06563696669656420696E64657820627982
S2140499E02063616C6C696E6720746865204F54410F
S2140499F020626F6F746C6F61642063616C6C62616B
S214049A00636B2E0054686520696E64657820617403
S214049A1020776869636820746F20626567696E20C2
S214049A20626F6F746C6F6164696E6720746865201A
S214049A30696D6167651F005072696E747320696E84
S214049A40666F2061626F75742074686520696E7332
S214049A5074616C6C656420626F6F746C6F616465AE
S214049A60722E00537562747261637473206120638E
S214049A7068616E6E656C2066726F6D2065697468C9
S214049A80657220746865207072696D617279206FE2
S214049A9072207365636F6E64617279206368616EA9
S214049AA06E656C206D61736B206F6620746865202C
S214049AB06E6574776F726B2D7374656572696E6705
S214049AC020636F6D706F6E656E742E00546865202B
S214049AD06368616E6E656C206D61736B20746F20B5
S214049AE07375627472616374207468652063686158
S214049AF06E6E656C2066726F6D1F546865206368B1
S214049B00616E6E656C20746F207375627472616327
S214049B107420746865206D61736B2066726F6D1FA8
S214049B2000416464732061206368616E6E656C2016
S214049B30746F206569746865722074686520707235
S214049B40696D617279206F72207365636F6E6461EC
S214049B507279206368616E6E656C206D61736B202C
S214049B606F6620746865206E6574776F726B2D73EC
S214049B7074656572696E6720636F6D706F6E656E6F
S214049B80742E00546865206368616E6E656C206D83
S214049B9061736B20746F2061646420612063686164
S214049BA06E6E656C20746F1F546865206368616E02
S214049BB06E656C20746F2061646420746F20746812
S214049BC065206D61736B1F0053657473206569743B
S214049BD068657220746865207072696D6172792098
S214049BE06F72207365636F6E646172792063686157
S214049BF06E6E656C206D61736B2E00546865206311
S214049C0068616E6E656C206D61736B20746F207373
S214049C107562747261637420746865206368616E2B
S214049C206E656C2066726F6D1F5468652076616C75
S214049C30756520746F207365742074686520636886
S214049C40616E6E656C206D61736B20746F2E1F00E1
S214049C505365747320746865207072652D636F6E27
S214049C6066696775726564206B657920736F207406
S214049C7068617420746865206A6F696E696E67200F
S214049C806465766963652063616E20656E746572CB
S214049C9020746865206E6574776F726B2E0053654A
S214049CA074732074686520707265636F6E66696786
S214049CB075726564206B65791F0053746F7073202A
S214049CC0746865206E6574776F726B20737465654F
S214049CD072696E672070726F636573732E005374B7
S214049CE06172747320746865206E6574776F726B26
S214049CF0207374656572696E672070726F6365732E
S214049D00732E0041206D61736B206F66206F707434
S214049D10696F6E7320666F7220696E64696361741E
S214049D20696E672073706563696669632062656837
S214049D306176696F722077697468696E20746865E5
S214049D40206E6574776F726B2D7374656572696EB9
S214049D50672070726F636573732E1F004469737097
S214049D606C617973207468652063757272656E74AD
S214049D7020737461747573206F6620746865206E32
S214049D806574776F726B207374656572696E67208D
S214049D9070726F636573732E00436C656172732013
S214049DA07468652067726F757073207461626C6581
S214049DB0206F6E20657665727920656E64706F69B3
S214049DC06E74005072696E747320696E666F726D7D
S214049DD06174696F6E2061626F75742074686520A3
S214049DE0636F6E74656E7473206F66207468652086
S214049DF067726F757073207461626C652E004172B1
S214049E00746966696369616C6C792064726F7073D7
S214049E102074686520626C6F636B206E756D626576
S214049E207220646566696E6564206279207468656C
S214049E302070617373656420617267756D656E74F6
S214049E40206F6E6C79206F6E63652C20616E6420C3
S214049E507468656E20616C6C6F7773206974207506
S214049E60706F6E20612072657472792E0054686576
S214049E7020626C6F636B206E756D62657220746F02
S214049E80206172746966696369616C6C79206472B6
S214049E906F7020746F20666F726365206120726530
S214049EA0747279202D2073657420746F2030784680
S214049EB04620746F2064697361626C651F00536585
S214049EC074732074686520726563656976652077A7
S214049ED0696E646F772073697A652E202042792034
S214049EE0646566696E6974696F6E20696E2074684D
S214049EF06520536D61727420456E657267792070B3
S214049F00726F66696C65206974206D75737420625F
S214049F10652073657420746F203120627574207414
S214049F2068697320616C6C6F777320697420746F32
S214049F30206265206368616E6765642E00546865F8
S214049F40206D6178206E756D626572206F66207470
S214049F50686520626C6F636B7320726563656976EF
S214049F606564206265666F726520616E2041505399
S214049F702061636B2069732067656E657261746522
S214049F80641F004D616B65732074686973206E6F7F
S214049F906465207374617274206964656E7469669E
S214049FA079696E67206173206120746172676574D5
S214049FB020666F722062696E64696E6720776974C2
S214049FC06820616E20696E69746961746F72206EB0
S214049FD06F64652E0054686520656E64706F696EE4
S214049FE074206F6E20776869636820746F206265DA
S214049FF067696E207468652046696E64696E6720BA
S21404A000616E642042696E64696E6720746172676B
S21404A01065742070726F636573731F004D616B65A2
S21404A020732074686973206E6F646520737461723C
S21404A030742074686520696E69746961746F72202F
S21404A04070617274206F66207468652066696E6439
S21404A050696E6720616E642062696E64696E67204B
S21404A06070726F636573732E0054686520656E6442
S21404A070706F696E74206F6E2077686963682074E9
S21404A0806F20626567696E207468652046696E6431
S21404A090696E6720616E642042696E64696E67202B
S21404A0A0696E69746961746F722070726F63657328
S21404A0B0731F00456E61626C652F64697361626C20
S21404A0C06520646562756720606C656761637920E6
S21404A0D0617070206672616D65776F726B2064655F
S21404A0E062756760207072696E7420747970652E6C
S21404A0F000456E61626C652F64697361626C651FEE
S21404A10000456E61626C652F64697361626C6520DC
S21404A110646562756720607A636C60207072696E2D
S21404A1207420747970652E00456E61626C652F64C8
S21404A130697361626C65206465627567206061702E
S21404A1407060207072696E7420747970652E004594
S21404A1506E61626C652F64697361626C6520646508
S21404A1606275672060636F726560207072696E74D2
S21404A17020747970652E00456E61626C652F646983
S21404A1807361626C652064656275672060737461D0
S21404A190636B60207072696E7420747970652E002B
S21404A1A053656E64732061207265717565737420DF
S21404A1B0666F72204F544120636F756E74657273B8
S21404A1C02E0052657365747320616C6C207468721B
S21404A1D06573686F6C64732076616C756573207440
S21404A1E06F203078464646462E00536574732061C9
S21404A1F0207468726573686F6C642076616C75652C
S21404A20020666F72206120706172746963756C6178
S21404A210722074797065206F6620636F756E74653E
S21404A220722E0054797065206F6620636F756E74A5
S21404A23065721F5468726573686F6C642056616C2F
S21404A24075651F005072696E747320746865207497
S21404A25068726573686F6C6473206F6620616C6CDB
S21404A2602074686520636F756E746572732E004380
S21404A2706C6561727320616C6C20636F756E7465B7
S21404A280722076616C7565732E005072696E7473F5
S21404A29020616C6C20636F756E7465722076616CD9
S21404A2A07565732E005072696E7473207468652029
S21404A2B076616C7565206F662074686973207061BA
S21404A2C072746963756C617220636F756E746572FF
S21404A2D02E0054686520636F756E746572207479F9
S21404A2E0706520746F207072696E741F00507269F6
S21404A2F06E747320616C6C20636F756E7465722067
S21404A30076616C75657320616E6420636C6561723A
S21404A31073207468656D2E00536574204D4647207F
S21404A320746F6B656E2C2043414E4E4F542042454D
S21404A33020554E53455420425920434C492E005034
S21404A34072696E74204D464720746F6B656E2E00DE
S21404A3505072696E742061637469766520657665EB
S21404A3606E74732E0044697361626C65207468654C
S21404A37020656E64706F696E7420666F72205A432F
S21404A3804C206D657373616765732E00456E64704B
S21404A3906F696E7420696E6465781F00456E61622D
S21404A3A06C65732074686520656E64706F696E747E
S21404A3B020666F72205A434C206D6573736167651F
S21404A3C0732E005072696E742073746174757320F2
S21404A3D06F6620656E64706F696E74732E005368C2
S21404A3E06F7773207468652076657273696F6E2064
S21404A3F06F662074686520736F6674776172652E65
S21404A400005365742074686520636F6E66696775AB
S21404A410726564203830322E31352E342043434161
S21404A420206D6F646520696E2074686520726164AF
S21404A430696F2E2053656520646F63756D656E7451
S21404A4406174696F6E20726567617264696E6720F5
S21404A4505241494C5F494545453830323135345FC1
S21404A4604363614D6F64655F742E00412052414919
S21404A4704C5F494545453830323135345F43636176
S21404A4804D6F64655F742076616C75651F00526558
S21404A4907475726E732050544920726164696F201B
S21404A4A0636F6E66696720696E666F726D61746944
S21404A4B06F6E20746F2064657465726D696E6520B6
S21404A4C074686520504859207479706520626569FF
S21404A4D06E672075736564206279205241494C2E5C
S21404A4E02072657475726E2076616C75652069736A
S21404A4F020656E756D205241494C5F494545453887
S21404A50030323135345F507469526164696F436F19
S21404A5106E6669675F7420652E6720205241494C39
S21404A5205F494545453830323135345F5054495FCC
S21404A530524144494F5F434F4E4649475F32503479
S21404A54047485A203D203078303055205241494CF7
S21404A5505F494545453830323135345F5054495F9C
S21404A560524144494F5F434F4E4649475F32503449
S21404A57047485A5F414E54444956203D203078306F
S21404A5803155205241494C5F4945454538303231B2
S21404A59035345F5054495F524144494F5F434F4EF0
S21404A5A04649475F32503447485A5F434F45582020
S21404A5B03D203078303255205241494C5F4945455C
S21404A5C0453830323135345F5054495F524144493E
S21404A5D04F5F434F4E4649475F32503447485A5FB1
S21404A5E0414E544449565F434F4558203D203078E9
S21404A5F03033550053656E64732061207265616460
S21404A600206174747220666F7220746865207469A1
S21404A6106D65206F66207468652064657669636579
S21404A620207370656369666965642E2049742073B7
S21404A630657473206120666C616720736F20776889
S21404A640656E20697420676574732074686520726B
S21404A6506573706F6E7365206974207772697465AC
S21404A66073207468652074696D6520746F2069743E
S21404A67073206F776E2074696D6520617474722E12
S21404A6800049641F737263456E64706F696E741F4D
S21404A69064657374456E64706F696E741F005768E2
S21404A6A0656E2073656E64696E67207573696E6780
S21404A6B020612062696E64696E672C20737065631E
S21404A6C069666965732077686574686572206120B9
S21404A6D06D756C7469636173742062696E64696E07
S21404A6E0672073686F756C64206265207573656493
S21404A6F02E007573654D756C746963617374426975
S21404A7006E64696E671F0053656E64732061207003
S21404A71072652D6275666665726564206D756C7407
S21404A7206963617374206D65737361676520746F04
S21404A730206120676976656E2067726F75702049A0
S21404A740442066726F6D206120676976656E2065A9
S21404A7506E64706F696E742E0067726F75704964EC
S21404A7601F7372632D656E64706F696E741F004389
S21404A7707265617465732061206D657373616765C6
S21404A7802062792073706563696679696E672074E0
S21404A7906865207261772062797465732E2055731C
S21404A7A065207468652073656E6420636F6D6D61E3
S21404A7B06E6420746F2073656E6420746865206D03
S21404A7C0657373616765206F6E63652069742068BE
S21404A7D06173206265656E20637265617465642EBC
S21404A7E02045783A20726177203078303030462021
S21404A7F07B3030203041203030203131203232203E
S21404A80033332034342035357D2073656E647320ED
S21404A81061206D65737361676520746F20636C7562
S21404A82073746572203135202830783030304629EC
S21404A830206F66206C656E677468203820776869B8
S21404A840636820696E636C7564657320746865203C
S21404A8505A434C206865616465722E00436C7573B8
S21404A86074657249641F446174611F0052657365A0
S21404A870747320746865206E6F64652E0057726961
S21404A8807465732061206D6573736167652E00457A
S21404A8906E64706F696E741F436C75737465722092
S21404A8A049441F4174747269627574652049441F73
S21404A8B04D61736B1F4461746120747970651F4425
S21404A8C061746120627974651F0052656164732047
S21404A8D061206D6573736167652E00456E64706FE5
S21404A8E0696E741F436C75737465722049441F4106
S21404A8F074747269627574652049441F31206966F0
S21404A9002073657276657220646972656374696F14
S21404A9106E2C203020696620636C69656E74206432
S21404A9206972656374696F6E1F0053656E64732085
S21404A93061206D6573736167652E00446573746981
S21404A9406E6174696F6E1F536F7572636520656EF2
S21404A95064706F696E741F44657374696E6174699C
S21404A9606F6E20656E64706F696E741F00536F752A
S21404A97072636520656E64706F696E741F004C693F
S21404A980737473207768696368206F7074696F6E78
S21404A990616C206C6962726172696573206F6620EF
S21404A9A074686520737461636B2061726520696DD9
S21404A9B0706C656D656E746564206F6E207468696E
S21404A9C073206465766963652E005072696E7473CD
S21404A9D020696E666F726D6174696F6E2061626F56
S21404A9E0757420746865206E6574776F726B207357
S21404A9F0746174652C20636C7573746572732C2093
S21404AA00616E6420656E64706F696E74732E006F79
S21404AA1066667365741F005072696E747320696E7F
S21404AA20666F726D6174696F6E20666F7220616CFA
S21404AA306C20617661696C61626C6520736C6F74FE
S21404AA40732E0052656164732072617720646174AA
S21404AA50612066726F6D20666C6173682073746F14
S21404AA60726167652E004164647265737320746F47
S21404AA7020726561641F4E756D626572206F662074
S21404AA80627974657320746F20726561641F005068
S21404AA9072696E747320666C6173682073746F7267
S21404AAA061676520696E666F726D6174696F6E2E7C
S21404AAB000457261736573207468652073706563FE
S21404AAC0696669656420736C6F742049442E00536C
S21404AAD0746F7261676520736C6F74206E756D6237
S21404AAE065721F00426F6F74732074686520696D09
S21404AAF061676520696E2074686520737065636994
S21404AB006669656420736C6F742049442E00434C58
S21404AB104920696E7374616E6365206578616D7033
S21404AB206C6500696E7374005A434C20636F6D6DD8
S21404AB30616E647300626173696300676C6F62615F
S21404AB406C006D66672D636F6465007573652D6EA6
S21404AB506578742D73657175656E636500782D640C
S21404AB60656661756C742D726573700074657374B4
S21404AB702D726573706F6E73652D6F6E00746573DA
S21404AB80742D726573706F6E73652D6F6666005AEA
S21404AB90434C20626173696320636C7573746572D9
S21404ABA020636F6D6D616E64730072746664004337
S21404ABB06F6D6D616E642074686174207265736570
S21404ABC0747320616C6C2061747472696275746548
S21404ABD02076616C75657320746F20666163746F8C
S21404ABE072792064656661756C742E005241494C16
S21404ABF0006C6F7765722D6D61632D7261696C2DC3
S21404AC003830322E31352E342E63006C6962726110
S21404AC10696C2E6100756E636C61696D65640062B3
S21404AC2075666665722D6D616E6167656D656E74B9
S21404AC302E63006576656E742D71756575652E6375
S21404AC40007A69676265652D75707065722D6D6131
S21404AC50632E63006E65696768626F722E630061B7
S21404AC6073736F63696174696F6E2E630031383273
S21404AC7031730031343232310031323100327300F4
S21404AC803132323131320031323231310032383100
S21404AC90003831310031383231310031323131311E
S21404ACA032313232323173003132320031323131A4
S21404ACB032323100313131310032323800726F7540
S21404ACC074652D7461626C652E63006D61632D6D11
S21404ACD0756C74692D6E6574776F726B2E63006C79
S21404ACE065676163792D7061636B65742D62756643
S21404ACF06665722E6300000000000200000000007B
S21404AD0000000000BA04000000000200000000007A
S21404AD1000000000BA040000000102030E312E31C8
S21404AD202E322D6134326137316164000100000235
S21404AD3003030100060000000000030000000000FA
S21404AD4013B779FAC925DDB7ADF3CFE0F1B614B879
S21404AD500102000000000000FFFFFFFF01000000EA
S21404AD6001000000000000000000000000000000D9
S21404AD7000000000000000000000000000000000CA
S21404AD8000000000000000000000000000000000BA
S21404AD90033F1F1E000003006D6403006964030084
S21404ADA04764030015640300A56403007764030086
S21404ADB0176403002C0000000202020300000000D7
S21404ADC001020000000801B46CAE04000008015A39
S21404ADD028AE040000080040E4AD040000000000B3
S21404ADE0000000000000FCFEFFFF00000000000062
S21404ADF0FFFF000000000000FFFF0000000000004E
S21404AE00FFFF00000000000040001806F4D2000017
S21404AE102C00B0023DBE00001700F2000C7C0000BF
S21404AE200C0041009E4200006400FCFEFFFF000090
S21404AE3000000000FFFF0000000000005A00F306B8
S21404AE40A554FEFF2100A301A1FEFFFF1100A600EA
S21404AE50832700000A006100DC26000006003B0091
S21404AE60F820000003001500AD130000C800FCFE27
S21404AE70B4008B087BC0FBFF4D00E402E756FFFFDF
S21404AE802C00A20183EBFFFF1A000301B31A000093
S21404AE901100A300552900000A005E005A2800008D
S21404AEA006003A0021220000040018007316000071
S21404AEB0566404002A1304002A1304002A13040008
S21404AEC02A1304002A1304002A1304002A13040075
S21404AED02A1304002A1304002A1304002A13040065
S21404AEE02A1304002A1304002A1304002A13040055
S21404AEF02A1304002A1304002A1304002A13040045
S21404AF002A1304002A1304002A1304002A13040034
S21404AF102A1304002A1304002A1304002A13040024
S21404AF20381304002A1304004D1304002A130400E3
S21404AF302A130400721304002A1304002A130400BC
S21404AF402A1304002A1304009A1304002A13040084
S21404AF502A1304002A1304002A130400B21304005C
S21404AF602A130400D01304000B0000000B0000009A
S21404AF700200000000002020000000000300000083
S21404AF808C8C3C0000000000000000000000000064
S21404AF90000000581200000000000000FFFFFFFF42
S21404AFA0FFFFFFFFFFFFFFFF554E4B00474F2000FC
S21404AFB042544C00474F3200474F3300474F34004B
S21404AFC0474F3500474F3600474F3700474F380046
S21404AFD0474F3900474F4100474F4200474F430011
S21404AFE0474F4400474F4500474F46004A4D5000E0
S21404AFF0424452005550520042544D004D534D00A9
S21404B00046544C00554E4B00474F200042544C00CB
S21404B0104241440046544C00465243004F544100BB
S21404B02044534C004241500055504700544D45008F
S21404B03046415500545A4600554E4B0050494E0062
S21404B040454D3400554E4B0048562000554E4B0097
S21404B050455850004C574D00554E4B005242540034
S21404B06044534C00454D3400554E4B004153540058
S21404B070554E4B0056465900494E4800554E4B0017
S21404B0804C434B0058544C004F424600554E4B0020
S21404B090485244004D454D00425553005553470011
S21404B0A044424700444D410056435400554E4B001D
S21404B0B0555020005250200041503000415031007D
S21404B0C0415020004450200044454300A8AF0400EB
S21404B0D0ACAF040004B0040038B0040044B004006C
S21404B0E04CB0040058B0040068B0040070B004000B
S21404B0F07CB004008CB00400ACB00400554E4B0089
S21404B1004649420042544C00455854005057520099
S21404B11057444700205357004352530046534800B1
S21404B12042414400464C540042524F00010401037D
S21404B13003060105010501090600060B0000070BBE
S21404B140050B000000000000000000005230005212
S21404B1503100523200523300523400523500523617
S21404B1600052370052380052390052313000523102
S21404B170310052313200523133284C5229004D539B
S21404B18050005053500050430078505352004D53D3
S21404B19050207573656400505350207573656400C1
S21404B1A043535441434B20626F74746F6D0049439C
S21404B1B0535200534843535200494E545F4143543C
S21404B1C04956453000494E545F414354495645312B
S21404B1D000434653520048465352004446535200D6
S21404B1E04D4D41522F424641520041465352005261
S21404B1F065743000526574310052657432005265CD
S21404B20074330052657434005265743500446174B6
S21404B21030004461743100004D1804008D18040099
S21404B22056640400C5180400061904005664040095
S21404B230566404003F1904006C1904009B190400AA
S21404B240BD190400E3190400221A0400566404001D
S21404B250566404005C1A0400891A0400BF1A040029
S21404B260FA1A04002A1B04005664040056640400F8
S21404B27056640400566404005F1B04008F1B04001D
S21404B2800400E40C0A00010410010000000500029A
S21404B290000003001CB5040018B5040004B504003F
S21404B2A000B50400FCB40400F8B40400E6B40400DA
S21404B2B0D6B40400BCB40400B4B40400AAB40400B5
S21404B2C0A8B4040090B404008DB4040085B404004B
S21404B2D074B4040064B4040052B4040038B4040023
S21404B2E030B4040024B4040020B404001CB40400E5
S21404B2F00EB4040003B40400EAB30400D1B304009B
S21404B30075B3040074B3040064B304003CB30400CF
S21404B31031B3040030B304001CB304000000000082
S21404B3200000000000000000000000000000000014
S21404B3300F000000000000000000000000000000F5
S21404B34000000000000000000000000000000000F4
S21404B35000000000000000000000000000000000E4
S21404B36000000000010000000000000000000000D3
S21404B370000000000F0000000000000000000000B5
S21404B38000000000000000000000000000000000B4
S21404B39000000000000000000000000000000000A4
S21404B3A00000000000000000000000000000000094
S21404B3B00000000000000000000000000000000084
S21404B3C00000000000000000000000000000000074
S21404B3D00000000000000000000000000000000064
S21404B3E00000000000000000000000000000000054
S21404B3F00000000000000000000000000000000044
S21404B4000000000000000000000000000000000033
S21404B4100000000000000000000000000000000023
S21404B42000000000FFFFFFFFFFFFFFFFFFFF00001D
S21404B4300000000000000000000000000000000003
S21404B44000000000000000000000000000000000F3
S21404B45000000000000000000000000000000000E3
S21404B46000000000000000000000000000000000D3
S21404B47000000000000000000000000000000000C3
S21404B4800000000000FFFFFFFFFFFFFFFF9C00001F
S21404B490FF000000000000000000000000000000A4
S21404B4A000000000800000000000FFFFFFFFFFFF19
S21404B4B0FFFFFFFF00000000FFFF00000000000089
S21404B4C00000000000000000000000000000000073
S21404B4D0000000000000FFFFFF0000000000000066
S21404B4E00000000000000000000000000000000053
S21404B4F00000000000000000000000000000000043
S21404B5000000000000000000000000000000000032
S21404B510000000000000000000000000FC03010121
S21404B5200101010101010101010101010100000005
S21404B53000000001002006000000060101000020B3
S21404B54002041104040211101A080A021801081150
S21404B55010111A080A04020D0B19195C0110280BA5
S21404B56001140000000000000000000000000000BD
S21404B57000010101010101000101010101010100B5
S21404B58000010101000100010100000000000000AC
S21404B59000000000000000000001000000000000A1
S21404B5A0000000000000000001FF010023E101008C
S21404B5B075E4010063E2010063E5010062E1010055
S21404B5C079EB010064EE010024E1010025E10100AD
S21404B5D026E1010027E1010028E1010029E101003C
S21404B5E02AE10100000001008000010000010100C2
S21404B5F080010100000201008002010020E2010037
S21404B600000301000005010080050100000601009A
S21404B6102C890100800601000007010001E50100F5
S21404B62002E5010000080100800801000040010056
S21404B63086321010FFFFFFFFFFFFFFFF0823040002
S21404B6400E230400142304001A23040020230400F9
S21404B6505A6967426565416C6C69616E6365303929
S21404B6604E574B205374656572696E670000959655
S21404B6709595950507090D000000000000010203DA
S21404B68004060000E83804006A4C0400844C0400F5
S21404B6909B4C0400AE4C0400BE4C0400D24C040088
S21404B6A0E44C0400F44C0400104D0400254D040042
S21404B6B00208010D0D01010112010000FFFFFFFF4A
S21404B6C0FFFFFFFF00000000000000000109050165
S21404B6D000020000000000031EF1EE0BECB60400AE
S21404B6E01559040056640400FE0000003159040095
S21404B6F04CB80400000000003B5904003CB80400A9
S21404B70000000000485904002CB8040000000000A3
S21404B710555904001CB804000000000073590400C6
S21404B72008B80400000000006B590400F4B70400D5
S21404B7300000000072590400E0B704000000000096
S21404B74080590400D0B7040000000000F25704003B
S21404B750BCB704000000000079590400ACB704002C
S21404B760000000008559040098B70400000000009B
S21404B7703921040088B7040000000000000000001F
S21404B7800000000000000000FD800300965904003D
S21404B790D3590400010100FFB9F80000FC59040065
S21404B7A0415A0400010100010107FF0075F800007A
S21404B7B08E5A0400F95A0400010100FFB5F7000090
S21404B7C01A5B0400335B040000010100FF00000064
S21404B7D00F810300585B0400B05B04000101FF0006
S21404B7E0F7800300C75B04001E5C04000101020727
S21404B7F0FF000000F1800300C75B04001E5C040029
S21404B80001010207FF000000EB800300C75B040091
S21404B8101E5C040001010207FF00000069F7000037
S21404B8203F5C04007E5C0400010101FF09F7000090
S21404B8309D5C0400E25C0400010000FFC5F6000005
S21404B8409D5C0400E25C0400010000FF4DF700006C
S21404B850095D04000F5B040000FF0000E5800300A0
S21404B8605E5D040035880400FF000000DF800300EE
S21404B870D15D040035880400FF000000A5F6000032
S21404B880405E0400B55E040000FF00007DF6000084
S21404B890CD5E04002F5F040000FF0000D18003008B
S21404B8A0405F0400865F040002FF000045F60000C7
S21404B8B08F5F04000360040001FF00007C60040046
S21404B8C05F6004006E6004007A6004008B6004000D
S21404B8D0A1600400B7600400C1600400CB600400EB
S21404B8E000000000CF63040011000000DB630400C6
S21404B8F012000000E363040013000000EB6304007E
S21404B90021000000F363040022000000FA63040030
S21404B9102300000001640400AA0000000864040078
S21404B920FF00000000000000FFFFFFFFFFFFFFFF17
S21404B9300000000000000000000001080109020ADF
S21404B940030B040C050D060E070F08100118011949
S21404B950021A031B041C051D061E071F08200121CE
S21404B960022203230424052506260727082801297E
S21404B970022A032B042C052D062E072F083001312E
S21404B980023203380239043A08E004E104E204E827
S21404B99002E902EA04F008F11000000000000000CA
S21404B9A00205000004BA040002000F002CBA0400CA
S21404B9B002000F0054BA040002000F007CBA040010
S21404B9C002000F00A4BA040002000F00CCBA040060
S21404B9D002000F00F4BA040002000F001CBB0400AF
S21404B9E002000F0044BB040002000F006CBB0400FE
S21404B9F002000F0094BB040002000F00BCBB04004E
S21404BA0002000F0000000000E4BB04000300000076
S21404BA1040000000000000001900000008BC0400FC
S21404BA2004000F008000000000000000000000007A
S21404BA30E4BB040003000000400000000000000017
S21404BA401900000008BC040004000F008000000079
S21404BA500000000000000000E4BB04000300000037
S21404BA6040000000000000001900000008BC0400AC
S21404BA7004000F008000000000000000000000002A
S21404BA80E4BB0400030000004000000000000000C7
S21404BA901900000008BC040004000F008000000029
S21404BAA00000000000000000E4BB040003000000E7
S21404BAB040000000000000001900000008BC04005C
S21404BAC004000F00800000000000000000000000DA
S21404BAD0E4BB040003000000400000000000000077
S21404BAE01900000008BC040004000F0080000000D9
S21404BAF00000000000000000E4BB04000300000097
S21404BB0040000000000000001900000008BC04000B
S21404BB1004000F0080000000000000000000000089
S21404BB20E4BB040003000000400000000000000026
S21404BB301900000008BC040004000F008000000088
S21404BB400000000000000000E4BB04000300000046
S21404BB5040000000000000001900000008BC0400BB
S21404BB6004000F0080000000000000000000000039
S21404BB70E4BB0400030000004000000000000000D6
S21404BB801900000008BC040004000F008000000038
S21404BB900000000000000000E4BB040003000000F6
S21404BBA040000000000000001900000008BC04006B
S21404BBB004000F00800000000000000000000000E9
S21404BBC0E4BB040003000000400000000000000086
S21404BBD01900000008BC040004000F0080000000E8
S21404BBE00000000000002001200000000800000003
S21404BBF004004221300000007CBC040000FF420028
S21404BC0030000000000000000000F00840000000C3
S21404BC109DBC04000100230440000000A5BC0400F1
S21404BC20060030014000000000000000FDFF210275
S21404BC304000000001000000190000041900010182
S21404BC40190002041900030119000504190006016D
S21404BC5019000704040041007513010006004100A2
S21404BC608989030019008100193001001900840035
S21404BC70993A010000800000000000000643555376
S21404BC80544F4D00000000000000000000000000BB
S21404BC9000000000000000000000000000FFFFFF9E
S21404BCA0FFFFFFFFFFFFFFFFFF0004010401040185
S21404BCB00401040104010401040104010401040153
S21404BCC00401FFFFFFFFFFFFFFFFFFFFFFFFFFFF74
S21404BCD0FFFFFFFFFFFFFFFFFFFF00010203040556
S21404BCE0060708090A0B1F1C1F1E1F1E1F1F1E1FE8
S21404BCF01E1F07021F012F0037013F005701DF02F6
S21404BD00E700FF0200000000000000000000000042
S21404BD10000000000000000000000000000000001A
S21404BD2000000000000000006E6A04001900000015
S21404BD30746A0400FFFF0000000000003F6B04006C
S21404BD404A6B040056640400526B0400606B0400E3
S21404BD5056640400736B04007E6B04008C6B040052
S21404BD60906B0400A06B0400F0390400B06B040070
S21404BD70B46B0400BF6B0400C96B0400D36B0400EF
S21404BD80D76B0400E56B0400F96B04000F6C040029
S21404BD90008000000000000000000000000000001A
S21404BDA0FFFFFFFFFF000000000000009DC1010030
S21404BDB0000000000000F03F0000000000002440E7
S21404BDC000000000000059400000000000408F40C2
S21404BDD0000000000088C34000000000006AF8402D
S21404BDE00000000080842E4100000000D012634151
S21404BDF00000000084D797410000000065CDCD41C7
S21404BE00693D0400F0D3040000000000D17404006F
S21404BE10E0D3040000000000D6740400D0D304006D
S21404BE2000000000D7740400C0D304000000000023
S21404BE3080590400ACD304000000000073590400C9
S21404BE4098D3040000000000DC74040088D30400C7
S21404BE5000000000E274040078D304000000000030
S21404BE60E674040068D3040000000000F5740400BF
S21404BE7058D30400000000001275040048D30400E0
S21404BE80000000001B75040038D304000000000006
S21404BE903075040028D3040000000000124B040090
S21404BEA018D304000000000040750400D8D2040033
S21404BEB0000000003779040064CA04000000000093
S21404BEC05769040024CA04000000000047750400F3
S21404BED064C90400000000005075040068C804002B
S21404BEE0000000005D7504005CC40400000000004F
S21404BEF0DD6B040034C30400000000006475040015
S21404BF0034C304000100000068750400F4C2040091
S21404BF10000000006D750400B8C1040000000000B5
S21404BF2011140400B8C10400010000005D7504008B
S21404BF305CC4040000000000747504005CC40400C3
S21404BF40010000007975040084C1040000000000AC
S21404BF508375040084C10400010000008B7504008E
S21404BF60B4BF0400000000003E22040080BF0400AA
S21404BF7000000000000000000000000000000000B8
S21404BF8090BF04008F75040056640400FE00000091
S21404BF90A77504000CCB0400000000000C7A040013
S21404BFA0FCCA0400000000000000000000000000BE
S21404BFB000000000C4BF0400AC750400566404000E
S21404BFC0FE000000C27504008CCC040000000000D3
S21404BFD0C87504007CCC040000000000CE75040084
S21404BFE06CCC040000000000D77504005CCC040090
S21404BFF0000000007F1F04004CCC0400000000007A
S21404C000891D040014CC04000000000090260400DF
S21404C01000CC040000000000E1750400F0CB04002E
S21404C020000000007D220400E0CB040000000000B5
S21404C030E6750400D0CB040000000000ED75040093
S21404C040C0CB040000000000F2750400B0CB04006E
S21404C05000000000F675040050C104000000000053
S21404C060FD750400F8C00400000000000576040016
S21404C070C4C00400000000001176040090C0040050
S21404C08000000000000000000000000000000000A7
S21404C090A0C004001C76040056640400FE000000E1
S21404C0A07A3404002CCB040000000000B1600400C5
S21404C0B01CCB04000000000000000000000000008C
S21404C0C000000000D4C004003D760400566404005A
S21404C0D0FE0000007A3404004CCB0400000000008C
S21404C0E0B16004003CCB0400000000000000000027
S21404C0F0000000000000000008C104005F76040091
S21404C10056640400FE0000007D7604009CCB040008
S21404C110000000005B7B04008CCB040000000000E1
S21404C1208C7604007CCB04000000000091760400AA
S21404C1306CCB040000000000987604005CCB04007E
S21404C14000000000000000000000000000000000E6
S21404C15060C104009D76040056640400FE000000DE
S21404C1602634040038CC040000000000BA7604002C
S21404C17024CC0400000000000000000000000000C2
S21404C1800000000094C10400C27604005664040053
S21404C190FE000000DE760400CCCC040000000000A4
S21404C1A0DD6B0400BCCC04000000000000000000AE
S21404C1B00000000000000000C8C10400E37604008C
S21404C1C056640400FE000000FC7604007CCD0400E7
S21404C1D000000000003104006CCD040000000000E4
S21404C1E0057704005CCD040000000000DE76040041
S21404C1F0ACCC0400000000000A7704009CCC0400C9
S21404C2000000000017770400B4C204000000000019
S21404C2102577040080C20400000000003377040081
S21404C22040C20400000000004775040064C904000E
S21404C23000000000000000000000000000000000F5
S21404C24050C204003C77040056640400FE0000005C
S21404C2507AAB04004CCD0400000000008BAB040055
S21404C2603CCD040000000000FF4404002CCD040074
S21404C27000000000000000000000000000000000B5
S21404C28090C204005A77040056640400FE000000BE
S21404C290847704009CCD040000000000656604005A
S21404C2A08CCD040000000000000000000000000028
S21404C2B000000000C4C204008B7704005664040027
S21404C2C0FE0000003E220400D0CD04000000000062
S21404C2D0B1600400C0CD0400000000005B7B0400D5
S21404C2E0ACCD0400000000000000000000000000C8
S21404C2F00000000004C30400AB7704005664040086
S21404C300FE0000003E22040000CE040000000000F0
S21404C310CB770400F0CD040000000000B1600400F8
S21404C320E0CD040000000000000000000000000053
S21404C3300000000044C30400D277040056640400DE
S21404C340FE000000EC77040034CF04000000000078
S21404C3506960040024CF0400000000001F78040075
S21404C36014CF0400000000007F1F040004CF040064
S21404C3700000000084600400F4CE04000000000006
S21404C380F1770400E4CE04000000000009780400FD
S21404C390D4CE04000000000012780400C4CE0400CA
S21404C3A00000000019780400B4CE04000000000069
S21404C3B02578040084CE0400000000005B7B0400A3
S21404C3C074CE0400000000003478040064CE040038
S21404C3D000000000BE45040054CE04000000000027
S21404C3E03978040044CE04000000000050780400AD
S21404C3F034CE0400000000006478040020CE04005C
S21404C400000000007478040010CE04000000000051
S21404C4108378040028C40400000000000000000024
S21404C420000000000000000038C4040088780400FF
S21404C43056640400FE0000009F780400A4CE0400A6
S21404C44000000000A878040094CE04000000000059
S21404C4500000000000000000000000006CC404009F
S21404C4605664040056640400FE000000AF7804001E
S21404C470A4CA040000000000BC780400E8C8040055
S21404C48000000000C578040034C804000000000062
S21404C490D378040000C8040000000000E17804001B
S21404C4A0CCC7040000000000EF78040034C7040082
S21404C4B000000000007904000CC70400000000001F
S21404C4C00D7904006CC6040000000000187904000E
S21404C4D014C60400000000002B790400ECC5040018
S21404C4E0000000006458040088C504000000000032
S21404C4F03E79040048C504000000000049790400A1
S21404C50014C5040000000000000000000000000045
S21404C5100000000024C504005C790400566404008E
S21404C520FE0000008079040054CF040000000000E0
S21404C5308679040044CF04000000000000000000D8
S21404C540000000000000000058C504008A790400BA
S21404C55056640400FE000000D435040084CF0400B2
S21404C56000000000BC79040074CF04000000000042
S21404C570C879040064CF0400000000000000000036
S21404C580000000000000000098C50400DE790400E6
S21404C59056640400FE0000003E220400E8CF0400B7
S21404C5A000000000B1600400D8CF040000000000C2
S21404C5B077550400C8CF0400000000007A34040055
S21404C5C0B4CF040000000000FA790400A4CF0400ED
S21404C5D000000000117A040094CF0400000000005C
S21404C5E0000000000000000000000000FCC504007D
S21404C5F01D7A040056640400FE000000427A04001B
S21404C600F8CF040000000000000000000000000056
S21404C6100000000024C60400477A040056640400A0
S21404C620FE0000006B7A040048D0040000000000FE
S21404C630CB77040038D0040000000000777A0400AA
S21404C64028D00400000000007E7A040018D00400FD
S21404C650000000008B7A040008D0040000000000EC
S21404C6600000000000000000000000007CC604007B
S21404C670967A040056640400FE0000000479040060
S21404C680F8D0040000000000B37A0400E8D00400E8
S21404C69000000000693D0400D8D00400000000003B
S21404C6A07E4C0400C8D00400000000007E7804001D
S21404C6B0B8D0040000000000D4350400A8D004005C
S21404C6C000000000BA7A040098D0040000000000BD
S21404C6D0C57A040088D0040000000000D27A040062
S21404C6E078D0040000000000E27A040068D0040059
S21404C6F000000000F57A040058D004000000000092
S21404C7000000000000000000000000001CC7040039
S21404C710077B040056640400FE000000693D040024
S21404C72008D1040000000000000000000000000023
S21404C7300000000044C70400257B0400566404007F
S21404C740FE000000D435040078D104000000000088
S21404C7507E4C040068D10400000000007E780400CB
S21404C76058D1040000000000487B040048D10400AF
S21404C77000000000877604008CC704000000000058
S21404C7800000000000000000000000009CC7040039
S21404C7905F7B040056640400FE0000005B7B04001C
S21404C7A038D10400000000007A34040028D10400C4
S21404C7B000000000757B040018D10400000000008F
S21404C7C0000000000000000000000000DCC70400B9
S21404C7D07E7B040056640400FE0000003E22040033
S21404C7E098D1040000000000B160040088D1040061
S21404C7F00000000000000000000000000000000030
S21404C80010C804009E7B040056640400FE0000006A
S21404C810BE7B0400B8D1040000000000D17B0400F5
S21404C820A8D1040000000000000000000000000082
S21404C8300000000044C80400E77B040056640400BB
S21404C840FE000000077C0400D8D1040000000000AD
S21404C85000310400C8D104000000000000000000FD
S21404C860000000000000000078C8040056640400BD
S21404C87056640400FE000000117C040090C8040006
S21404C880000000000000000000000000000000009F
S21404C890A0C804005664040056640400FE000000A9
S21404C8A01D7C040028D2040000000000CE6B0400A7
S21404C8B018D2040000000000237C040008D2040000
S21404C8C000000000277C0400F8D1040000000000EB
S21404C8D02B7C0400E8D104000000000000000000E7
S21404C8E00000000000000000F8C804003B7C0400C0
S21404C8F056640400FE0000003E220400A8D2040091
S21404C90000000000567C040098D2040000000000DA
S21404C910697C040088D2040000000000B1600400B2
S21404C92078D2040000000000767C040068D204007C
S21404C93000000000877C040058D2040000000000B9
S21404C940957C040048D2040000000000A67C040085
S21404C95038D20400000000000000000000000000C0
S21404C9600000000074C90400B37C0400566404008C
S21404C970FE000000CD7C0400FCCC04000000000097
S21404C980007D0400ECCC0400000000003B7D0400A5
S21404C990DCCC040000000000527D0400F0C9040052
S21404C9A0000000005C7D0400BCC904000000000018
S21404C9B0000000000000000000000000CCC90400D5
S21404C9C0607D040056640400FE0000007AAB040098
S21404C9D01CCD0400000000008BAB04000CCD04004A
S21404C9E0000000000000000000000000000000003E
S21404C9F000CA04007F7D040056640400FE000000A4
S21404CA0018310400C8D20400000000005B7B040058
S21404CA10B8D204000000000000000000000000007F
S21404CA200000000034CA0400927D0400566404002A
S21404CA30FE0000003E22040008D3040000000000AC
S21404CA4084770400F8D20400000000006566040041
S21404CA50E8D204000000000000000000000000000F
S21404CA600000000074CA0400AD7D0400566404008F
S21404CA70FE0000008B7A040020D4040000000000AE
S21404CA80D435040010D4040000000000693D0400FE
S21404CA9000D40400000000000000000000000000B5
S21404CAA000000000B4CA0400CD7D040056640400EF
S21404CAB0FE000000EB7D040070D4040000000000BB
S21404CAC0F57D040060D4040000000000007E04002D
S21404CAD050D40400000000008059040040D4040030
S21404CAE0000000000F7E040030D4040000000000A4
S21404CAF0000000000000000000000000C3800300E7
S21404CB001A7E040056640400FF000000BF80030081
S21404CB10277E040056640400FF000000C1FD0000E8
S21404CB20397E040056640400FF00000059FD00002E
S21404CB30667E04002E86040001FF0000C1FD00008E
S21404CB40A67E040056640400FF00000059FD0000A1
S21404CB50D47E04002E86040001FF0000F5FD0000CC
S21404CB60157F0400367F040000FF0000F5FD00007A
S21404CB703F7F04009C7F04000000FF0071FE00005D
S21404CB80AA7F0400C37F0400010001FFE1FE000049
S21404CB90E87F04002A8004000102FF0071FE000002
S21404CBA0408004006F80040001000102FF000000C2
S21404CBB0E9FB0000A0800400DC80040007FF0000FE
S21404CBC009FC0000E28004001581040001FF000057
S21404CBD01DFC00001D8104006D8104000100FF009F
S21404CBE079FC000082810400D38104000101FF0067
S21404CBF04DFC0000E38104001D82040001FF0000D8
S21404CC00CDFC0000258204006E82040001000001B1
S21404CC100707FF0011FF0000C0820400158104000E
S21404CC2001FF000011000100088304004C83040087
S21404CC30010700010700FF0021810300A18304000F
S21404CC40E78304000107000101FF000099FF0000CC
S21404CC50238404005E840400010000FF69FF0000D2
S21404CC607C840400C08404000100FF0039FF000037
S21404CC70D3840400C08404000100FF00E1FF000028
S21404CC80128504001D82040001FF0000510001000B
S21404CC904D8504007E8504000100FF0099E900002C
S21404CCA0566404008C850400000707FF3DE9000075
S21404CCB056640400A5850400000707FF29EE00005B
S21404CCC056640400B185040007FF000029EE000046
S21404CCD056640400B185040007FF00007380030057
S21404CCE056640400B68504000000FF0005EE00004C
S21404CCF056640400945C040001FF0000CDED0000BF
S21404CD0056640400EE85040000FF00001DE90000E0
S21404CD105664040056640400FF0000001DE9000089
S21404CD205664040056640400FF00000049800300B3
S21404CD305664040056640400FF00000049800300A3
S21404CD405664040056640400FF0000004980030093
S21404CD505664040056640400FF000000EDE800007A
S21404CD6056640400248604000101FF00D9E800008C
S21404CD70566404003986040001FF00004580030061
S21404CD805664040056640400FF000000A1E8000096
S21404CD906277040056640400FF000000A1E8000067
S21404CDA04386040056640400FF00000021EA0000E5
S21404CDB0648604007B8604000001000007FF000070
S21404CDC041800300A186040056640400FF000000AE
S21404CDD0A1E70000BB86040056640400FF000000C0
S21404CDE0BB800300E986040056640400FF000000CC
S21404CDF0AD800300038704008585040000FF00005F
S21404CE00FDF000002887040056640400FF000000BC
S21404CE1075E600004287040056640400FF00000024
S21404CE2009E6000065870400E2870400000003109A
S21404CE30FF000000E5E6000037880400A58804002B
S21404CE4001FF0000B9E60000BA880400FD8804006B
S21404CE5000FF0000CDE500000E89040056640400BF
S21404CE60FF0000003F8003003D8904005664040070
S21404CE70FF000000A9E500008989040085850400F8
S21404CE8000FF000075E50000CA8A04001F8B04003A
S21404CE9000FF000059E50000398B040056640400C6
S21404CEA0FF0000003DE50000498B040056640400C2
S21404CEB0FF0000002F8003005D8B0400DB8B040062
S21404CEC000FF00000DE50000668C040056640400B4
S21404CED0FF000000C9E40000838C0400AE8C04004C
S21404CEE007FF000089E40000B88C0400118D0400DC
S21404CEF0000500FF41E40000C48D0400D78D040043
S21404CF000002FF001DE40000068E040056640400C0
S21404CF10FF0000002F800300188E0400528E0400C9
S21404CF2000FF0000B1E30000D88E04001E8F04004A
S21404CF30000301FFA1E30000BE8F04000490040078
S21404CF40000301FFCD580100A490040056640400B9
S21404CF50FF0000003F8D0300CC90040047910400BE
S21404CF6002FF0000550401009C910400358804006B
S21404CF7000FF000021040100C49104003588040069
S21404CF8000FF0000D1030100DD9104005664040094
S21404CF90FF000000F54A0100F69104005664040000
S21404CFA0FF000000CD4A01004392040056640400CA
S21404CFB0FF000000594A01006E9204009492040097
S21404CFC000010100010102FF314A0100139404002C
S21404CFD03B94040000FF0000114A01006294040020
S21404CFE056640400FF000000654901008C940400A8
S21404CFF056640400FF000000138C0300A59404008C
S21404D00056640400FF0000002D3E0100CB9404008B
S21404D010FC9404000002FF00878A0300599504006C
S21404D02056640400FF000000838A0300869504000B
S21404D03056640400FF000000E13D0100A1950400D1
S21404D040CB95040000FF0000B93B0100FB950400EB
S21404D05056640400FF000000712701000E960400C9
S21404D06056640400FF0000005927010026960400B9
S21404D07056640400FF000000F78903003F9604008E
S21404D08056640400FF000000E38903006C96040065
S21404D090E696040000FF0000D13A0100259704003C
S21404D0A056640400FF000000BD3901009D9704008B
S21404D0B056640400FF00000015260100E1970400F2
S21404D0C056640400FF000000F9250100FE970400E2
S21404D0D056640400FF00000071260100A9980400AD
S21404D0E056640400FF00000065260100379904001A
S21404D0F07C99040000FF000031260100B399040067
S21404D100049A040000FF00005D240100379A04001E
S21404D11056640400FF00000019190100639A040015
S21404D120CC9A04000000FF0019190100219B04009A
S21404D130839B04000000FF00BD190100C89B040087
S21404D140FB9B04000002FF0051890300509C04006E
S21404D1509E9C040007FF0000ED1A0100BA9C040020
S21404D16056640400FF00000001190100DE9C040060
S21404D170039D040000FF0000111A01005C9D0400DA
S21404D18056640400FF000000D9120100999D0400B3
S21404D19056640400FF000000A5120100C39D0400AD
S21404D1A056640400FF00000029880300FE9D040066
S21404D1B06D9E040000FF0000110C0100BE9E0400DA
S21404D1C03D9F040000FF00001B880300839F0400AB
S21404D1D0D59F040000FF0000F58703001CA0040090
S21404D1E069A0040000FF0000EB870300B3A004005E
S21404D1F0F1A0040000FF0000E587030001A104007D
S21404D200F1A0040000FF0000DF87030028A104004B
S21404D210F1A0040000FF0000D98703004FA104001A
S21404D220F1A0040000FF0000D387030077A10400E8
S21404D230F1A0040000FF0000AF870300A0A10400D3
S21404D24056640400FF000000B5870300C2A1040072
S21404D25056640400FF000000C9060100EAA10400A9
S21404D26023A204000001FF00F506010044A2040006
S21404D27056640400FF000000B18703006FA2040098
S21404D28056640400FF000000B10601008AA20400F0
S21404D29056640400FF0000006D060100A5A2040009
S21404D2A0D2A2040000FF000055060100EDA204000F
S21404D2B056640400FF0000007DEE000018A304007E
S21404D2C056640400FF0000007DEE00003FA3040047
S21404D2D056640400FF00000091E3000050A304001D
S21404D2E056640400FF0000005DE3000065A304002C
S21404D2F08CA3040000FF00005DE300009CA3040070
S21404D3008CA3040000FF0000F5E20000C3A30400A1
S21404D31056640400FF00000027800300DEA3040018
S21404D32056640400FF00000055DF000001A404005A
S21404D3306BA4040000FF000035DF00008EA4040088
S21404D34056640400FF000000F5FA0000F4A504008B
S21404D35081A60400010000FFD5F900009EA6040083
S21404D360F2A6040000FF000009FA000007A7040064
S21404D37059A704000100FF0075F900006FA7040018
S21404D3805CA804000107FF002B8003006CA80400BF
S21404D39056640400FF000000D9F200007DA80400D3
S21404D3A08FA80400000101000007FF00D1F100006F
S21404D3B0CAA80400DBA8040000010100FF00000066
S21404D3C009FA00002AA904003BA90400010000FF92
S21404D3D049F100002AA904006DA9040000FF00001A
S21404D3E01D8C01007EA9040056640400FF000000A2
S21404D3F089DF0000CAA9040056640400FF00000088
S21404D40093AD03005664040056640400FF00000055
S21404D4103D9A01005664040056640400FF000000B0
S21404D420019A0100566404000FAA040002FF0000DB
S21404D430A5A1010017AA040056640400FF0000001A
S21404D44039A1010043AA040066AA04000200FF00F2
S21404D45015AE03008FAA040056640400FF00000003
S21404D46015A10100B1AA0400CFAA040002FF00001F
S21404D470EDA00100E4AA0400CFAA040002FF000005
S21404D48001000000F04D0020000000000000000035
S21404D490FFFF00008987030000000000030000006F
S21404D4A0FFFF0100038803000000000004000000E2
S21404D4B0FFFF01009788030000000000040000003E
S21404D4C0FFFF00001B8903000000000006000000A8
S21404D4D0FFFF00008D890300000000001900000013
S21404D4E0FFFF0100238A030005000000000000007F
S21404D4F000C201000005000000100000000000004B
S21404D50000000000277C0400546C0020000000008B
S21404D51000000000000000000000000035AB04001E
S21404D52088D50400000000003BAB0400DCB6040011
S21404D5300000000042AB0400ACB804000000000089
S21404D5400C7A04009CB80400000000004BAB0400F6
S21404D5508CB80400000000005DAB04007CB8040036
S21404D560000000006CAB04006CB80400000000006F
S21404D5707DAB04005CB8040000000000000000005E
S21404D580000000000000000098D504008FAB0400E3
S21404D59056640400FE000000AAAB0400B0D50400E4
S21404D5A00000000000000000000000000000000072
S21404D5B02BB20300AFAB040056640400FF03010063
S21404D5C001013F040201003F040202003D0402027E
S21404D5D0003D0401020001020003010002023D04B2
S21404D5E002010002020201000202000000202020C4
S21404D5F020202020202028282828282020202020FA
S21404D60020202020202020202020202020881010C9
S21404D6101010101010101010101010101004040425
S21404D62004040404040404101010101010104141E3
S21404D63041414141010101010101010101010101D1
S21404D64001010101010101011010101010104242E5
S21404D65042424242020202020202020202020202A1
S21404D6600202020202020202101010102000000041
S21404D67000000000000000000000000000000000A1
S21404D6800000000000000000000000000000000091
S21404D6900000000000000000000000000000000081
S21404D6A00000000000000000000000000000000071
S21404D6B00000000000000000000000000000000061
S21404D6C00000000000000000000000000000000051
S21404D6D00000000000000000000000000000000041
S21404D6E00000000000000000000000000000000031
S21404D6F000000000A0010000281400200002100012
S21404D70060530020C8150020000002080000000036
S21404D710FFFFFFFFFFFFFFFFFFFFFFFF000000000C
S21404D72000000000000000000000000000000000F0
S21404D7300000000020000000EDCE010010000000F4
S21404D740CDCF01000000000100000101000101012D
S21404D75020C001B80000000000000000FFFFFFFF2B
S21404D760FFFFFFFFFFFFFFFFFFFFFFFFFFFFFFFFC0
S21404D770FFFFFFFFFFFFFFFFFFFFFFFF00010202A7
S21404D7800303040506080C0C0C0001020304070737
S21404D790C8C8C8C8C8C8C8C8C8C8C8C8030404080D
S21404D7A00808080800B801B802B800B090F30400EE
S21404D7B078F30400030404080805000000000000D1
S21404D7C0000000000000000000000000EA06000060
S21404D7D048704C0F44700E0E30707E1302989A17E1
S21404D7E03870340F34705A0F307048102C7048104C
S21404D7F02870D0112470E81120703E0F1C7090120F
S21404D80018700C1314703A0FB110086001D80A711E
S21404D81004B87F78020C7E78641000C6881F00A0C7
S21404D8201DB8707803B018600F3027B30F3301119A
S21404D830C04806987C0229B0086001D8087109DD42
S21404D840047109BB11101660A04808600410011288
S21404D850FF3221500860D0480860008806983814C3
S21404D86000C4441F00A000BA03DF107109DF06726B
S21404D870029836031DB8507800A0441328144115A6
S21404D8808110086002D8147110880698201900C008
S21404D89014C000B80698861B009106989202016090
S21404D8A0B83020D806711EBC637C784D5412F03212
S21404D8B040DE0472404804DB08720DDD0C72044B33
S21404D8C0EF3014480698F20400C4E04000544412B2
S21404D8D0086201322140087C811140D91C72B112C1
S21404D8E03032CF4A013AB1DA107208D8067104D839
S21404D8F00871804C237C5670684C441200C4A41EE5
S21404D90000A04414413AF3240164415C412A04759E
S21404D91080B800C46040005481D8367140D904727F
S21404D920237C084B0698F20404BA1CB9767900C125
S21404D930204001B835797F216121007906B906A90E
S21404D94001D8067102981002804C307C029864025A
S21404D95008D86A7100C1544000B8141110D95E7119
S21404D960584C441280BDA26DFF25784C4412FC220C
S21404D970513A2814104C00C20CC101B824122814C1
S21404D980086228140862281408622814304C304CA4
S21404D99000C11C4000B814111814086100C52840C2
S21404D9A001B85415FF35047110491814B04C4412CC
S21404D9B008620132067102980401804C08D80C7182
S21404D9C007BA24D8047106BA187004D80C7101BAC0
S21404D9D040D80E7102BA0A7005BA20D8047203BA87
S21404D9E0204C4411C04C1814086118149111383195
S21404D9F011429111186110D90472EF3200C1084027
S21404DA0001B8141110311E6111422814A1110861C5
S21404DA10181406986C1B181400C1084001B8141199
S21404DA201861FF31181400C1448001B81411181489
S21404DA30086118143088024806989403009308DB9B
S21404DA40047101F800A027B00F3000A01088B111AF
S21404DA50186180D90A7100C1884000B80811009185
S21404DA6000A000C4684000B8441000A000C088406D
S21404DA70005004118261041082601050F07200A0FD
S21404DA80541550451271069802050698920407B874
S21404DA90707802B841781EBA5B7A5C7A5D7A00C206
S21404DAA020C001B8241206982A1900C5481F00A0F1
S21404DAB05415511400C3FF010000313D09647F343E
S21404DAC006989C02015851280475015841280E7581
S21404DAD08111086102D90472FF0FCC7007B87278FE
S21404DAE000F8EBBD00C0441F00A00411113D10D97E
S21404DAF01271FF33186300C1781002B8381107B9E1
S21404DB007479581000A0069892020D3004720448E6
S21404DB1009DC0472084800C11CC101B8141100C312
S21404DB20D01E00A0911504351A7218131CBB08D811
S21404DB3004716C7B04D804716A7B1DBB2F7C5B7BF1
S21404DB401670044B18131CBB08D804716F7B04D8DA
S21404DB5004716D7B217C0C30026006987E04069866
S21404DB60C40B00B8B111186140D906720298580463
S21404DB7001BC00C2084001B800DC0A712415026525
S21404DB80604A0A702C4A241508654C4A043508D99C
S21404DB900471202400C13C1F00A0141200DC327162
S21404DBA020D8067101B80C70F0DA0C720CDB087120
S21404DBB002B806988604482400C3384101B83413D2
S21404DBC08F7B0E7102B9911308DB047203B92870B7
S21404DBD07C4914111110FD300DDC1C7200C0A01E0F
S21404DBE000A0041080D8107100C0448001B804104E
S21404DBF0E5200475804900C3884000B8FFB80120BA
S21404DC0011410871014118130824014200C128403B
S21404DC1000B8141101411C655141911520351E654B
S21404DC20514118132813481300C3844000B8341015
S21404DC3003D81671073005DC1071B1108F780A729C
S21404DC4000C384C40350217B1DB8507800B800C1BB
S21404DC503C1F00A014121C602150F0300152281101
S21404DC6000A04024076400C0FFFF0100013C17B079
S21404DC70022001584028067518AC01EC00A0208844
S21404DC8000C020C001B8041217B421130412305285
S21404DC90F8711964402400C35C1F00A034101411EA
S21404DCA00698F60D1961009211592129067600BBD3
S21404DCB011590698D60D8762313B0472215A412ABF
S21404DCC000A000C2686000B8B8B91F610D491812F8
S21404DCD000A0308801B9116100C30000C0FF3110F4
S21404DCE0312800BC002D0C75115418AC01EC312DF4
S21404DCF0F470196451134155312C009300A000C3ED
S21404DD00C00FFEFF50B2313A014250AA00A0069856
S21404DD103E07FFB0867808715CB86B786E7800C2F0
S21404DD20548001B800C0D81F00A004100812B822FE
S21404DD30217A237A52B8417801B80C6021A809B830
S21404DD4019604CA800C0FFD1C1FF4FB2013A00C011
S21404DD50002E300001424FAA24B86E78ACB9FFB04A
S21404DD6004D804714CB923A90698A80500C01390DA
S21404DD70010006982E0500A00698020519B814603E
S21404DD80FFB28C620F32826A214006982E0549BC87
S21404DD9021B952B849B207DE2A7105DE0871627CE1
S21404DDA0607C1D0C6179677864786B786278657836
S21404DDB063786078617C010C010C6878020C6978E1
S21404DDC06C78020C00C22C8001B8277A287A267A4E
S21404DDD06A78050C41790A0CB11040D8067102988D
S21404DDE0BA06784A2B7A327A584A247A00C4000152
S21404DDF01100404A00C0108400000812508800C574
S21404DE0084100100FBAD10BD01BB8A6B21B9FAA9D1
S21404DE10C44A1812217A227A00C0341F00A00410C3
S21404DE20FCA88264411030300129F9A9F8ADFBB092
S21404DE308260FBA80330A0652110044820EC237AF6
S21404DE400410037A184A2411DC4A015800292410C5
S21404DE5004753150F8B1115081632A715140314034
S21404DE600812FCB18461FCA90F310E7117B0112899
S21404DE7017B111591028FA76C44AF9B11812217A42
S21404DE80227AA07000950812F8A800C20C8001B887
S21404DE90207A844A00B80812020CA44A087A020CB3
S21404DEA021B84178784A0B7A127A00C2C81F00A0BB
S21404DEB0FFB008D80472184A241000DC0A7140A87F
S21404DEC00422241041A806989C0200C2481F00A001
S21404DED02410015100C4FF010000413911500812FA
S21404DEE000A006983E0700BC00C20C8001B8217A48
S21404DEF052B84978020C4878020C49B8417852ACBA
S21404DF0021AC204A087A067A077A49AC00A059B8A8
S21404DF1040785AB101D9FC72427857B8407858B163
S21404DF2001D9FC72427800A000C20C8001B8217AA4
S21404DF30227A21B8547852B8BC4A241199791271BD
S21404DF4007B915614CA9617800BB03BC0C64147056
S21404DF5009B919614CA9417801BB126300C4002EAB
S21404DF60300000C0FFD1C1FF4FB1013941414FA974
S21404DF70E44AC8B8081224AB4CB823A80698A805E7
S21404DF8000C004900100FFB1867904710848069821
S21404DF902E0500C08009004040A809B8FFB108D982
S21404DFA0047103B853A8B11004D80C7156BB607B37
S21404DFB057BA627A607A02D80C7156BB607B59BA3B
S21404DFC0627A607A04B86E783DB8607800C05638D5
S21404DFD0000000C1B08001B814119979087200C01D
S21404DFE0D604000000C124C000B814119F7904723E
S21404DFF008484CA82EB8FFB108D906714AA8047080
S21404E0004BA80FB834A800C00C5E000046B201420C
S21404E01046AA00C12C4001B81411086106310871E3
S21404E02000B90698501106983E14B11101D90E7124
S21404E0300698921B02D906720698A00C0698381405
S21404E04051140698920406982A110698641700A09C
S21404E05006984E1701D80A711CB85B7807B875780D
S21404E06000B84CA84AA84BA800C0F321FFFF46B14D
S21404E070013946A904B86F7800A0FABC1964415C5B
S21404E080512C00C0581F00A00410012C06750698D9
S21404E09092040698780FB110186005D8327140BA09
S21404E0A006980E1404B86578911004D816711CB836
S21404E0B06E7800C0684000B8217806987811014050
S21404E0C00A721DB8427806984A1402985E0B1DB868
S21404E0D0717804B86C7841B8427863784478FFB1B4
S21404E0E004D906720298CA0900C004900100FFB160
S21404E0F086790471084806982E0500C32C1F00A0D4
S21404E10000C274C000B82414481300BC48121C4B48
S21404E1101C4A2414481300BC4812084B584A2414BA
S21404E120481301BC48124ABA447A427A4BBA447A33
S21404E130427AFFB086780472617A4CBA647A657A59
S21404E1403DBA607A4DB942B83FBB5B79667961796E
S21404E150020C6479050C63796079050C627965793B
S21404E1605A7900C2340102B8241305B81960314044
S21404E170081242B86A78020C4A78020C40BCFFB215
S21404E18008DA06714ABA06704BBA627A657A677A12
S21404E190667A6A79667B0298A40A00C32C1F00A0DC
S21404E1A000C274C000B8241448131C4B1C4A241420
S21404E1B048133FBC48121C4A00BC4812084B444A49
S21404E1C02414481301BC48124ABA647A627A4BBAD9
S21404E1D0647A627AFFB3867B0472617A4CBA647A94
S21404E1E0657A3DBA607A01D94E71647800C1708050
S21404E1F001B800C08000080008110698860B42B8D3
S21404E20061784DB97F797E796A7868786278020C8D
S21404E2107B790F0C7A79140C747941786078757967
S21404E220050CFFB208DA06714AB804704BB8657874
S21404E23001BC1664407002D93C710698860B42B83D
S21404E2404DB96878407841787F797E797B790F0C70
S21404E2507A79140CFFB208DA087171794ABA067032
S21404E26070794BBA7279657A6A78020C4A78050C2A
S21404E27001BC1664020C417940790C0C00C04C01B8
S21404E28002B848100698F20400C4784000B8007C2F
S21404E29000C0A01E00A0041180D93271911104D9C7
S21404E2A02C727F2021200411FD310DDD207200C068
S21404E2B0448001B80411E521147600C0244001B856
S21404E2C004118A790871207C104C207C2AB8627864
S21404E2D0511400C0581F00A00410012C17B00111DF
S21404E2E08768015841280E7605218769415C412DCF
S21404E2F0112D06700698920442B84DBB7C7B647858
S21404E300020C29B86878511440440675069892049D
S21404E31042B844782AB84278FFB101D90C7100C1DA
S21404E320548001B8CBB80811911004D8147100C0F9
S21404E330A01E00A0041080D8067107B8537800F811
S21404E34007B800C1CC1E00A000C220C001B8241229
S21404E3502811777800F8B1109478387106989C02E2
S21404E360E4B911591128067600B80C70A0B91159F1
S21404E37001290475A0B8826000C3C01F00A034132E
S21404E380012B341000C3FFFF00FF42B131391140A6
S21404E39042A800A01DB09178FA7142B86478020CC5
S21404E3A000BA29AA00C4548001B842B84DB900C3C3
S21404E3B0C04001B83413977B047240EC020C4478D6
S21404E3C05C7953AA0A0C281442B84DB9FFB301DB92
S21404E3D02671244C00C3FF0FFF013814547940788B
S21404E3E041785579020C5B795A79140C5F795E7919
S21404E3F04A784278347002DB147152795179507934
S21404E400020C5B795A795F795E791E7004DB1A71A7
S21404E41000C4FF07000000C3342102B848133FBB02
S21404E420467B020C5B795A793DBB407B4CBB447BF4
S21404E430457B00C3301F00A03414403C207100C04C
S21404E44068C000B8481028131C4B1C4834144810E5
S21404E4502813144B44483414481028134AAA4BAAC9
S21404E46004B86D781DB851785CB84B784E7800A027
S21404E47000C074C000B80411108800B918106848A9
S21404E4800411108801B90B6118102C480411108867
S21404E490008800C1231C000018104AB864784BB8E2
S21404E4A06478260C28B000C1FFFF0FF0113871B94C
S21404E4B00B61114028A828B97379747900C210102A
S21404E4C0303045AA54790E0C00C0E84001B8041157
S21404E4D000C23030101045AA0E0C041000881088B4
S21404E4E00698620D0091009020888F618F600698D0
S21404E4F0620D0090886A21400112906A035800C198
S21404E5003F3F00001138FFBC022441281138014265
S21404E51045AA28B953794AB844784BB84478009049
S21404E5200091181000912C48181000916848181093
S21404E53000A09168436091694361115B012B112827
S21404E54041603128315B00BA302806763128204AEB
S21404E5504163302806763128104A4163302806760F
S21404E5603128084A4163302806763128044A416334
S21404E570302806763128024A416330280476014A58
S21404E58000A0115910D906710860086008D90471F2
S21404E590086004D90471046002D90471026001D9C8
S21404E5A00471016000A000BA01D806710148112A5E
S21404E5B01F61016001D8F6720138F67200A000C22D
S21404E5C020C001B8241211592129127300210E719A
S21404E5D000C238C001B824120121212900A002B0CB
S21404E5E020D8147100C0B01E00A0041002B94579EA
S21404E5F006987613EA7003B09F78087200B806A8E7
S21404E60000F806983E0700C5641F00A05088044D15
S21404E6101CBC00C0B41E00A0811101D91E71407C30
S21404E620009501150C4D5088044DFFBB1863315BF3
S21404E63004110698EE0D3129F8750698681A5415D3
S21404E6400698921B01D90872069858070670069811
S21404E650F4071CBB547B06984E1701D80672029822
S21404E6601A0FFFB901211038F67281129B7AF071E5
S21404E67000C2448001B8241400C0C01E00A00410C8
S21404E68001130020041040500C7200B90698280F9D
S21404E69018B90A7018B90698280F00B900B8069871
S21404E6A01E0F704A08B806981E0F00C2284000B80D
S21404E6B014B806981E0F00C2EC4001B80CB80698B1
S21404E6C01E0F202210B806981E0F10883088069851
S21404E6D05807009300910698280F00C0C41E00A097
S21404E6E00412FFB9012121411810009500F83128C1
S21404E6F011280410081200A004B831281128F8B113
S21404E700181000A0069880080E700698C40B069889
S21404E710800806987212069812079112211900C0F2
S21404E7202C4001B80A78097800F810B901BA06989E
S21404E730041406982A110698641700C5641F00A0DE
S21404E74081109D78FC7200F8911203321CB900C344
S21404E750A01E00A0341300C4B04000541DB8427874
S21404E760707903DE067144783A707179A11020D866
S21404E77006710298541080DB1C7102D8187205B812
S21404E7800814A11010300248081400B80814911098
S21404E790086008141DB86278A11000DC067651796A
S21404E7A000BA06984E1701D82272911120311D61C5
S21404E7B0911004D80E7200C1501F00A0141101D984
S21404E7C00A71208806985011009200C1204000B8B3
S21404E7D001DB1871084C03DE0471904C441400C32A
S21404E7E0FF1F0000413BFF233811944900C3384102
S21404E7F001B83413086380DB0C7103BA18620698F8
S21404E8003C100870186206983C100C49087909797F
S21404E81014102140081100A000BD0698760210B915
S21404E82003DC047100B901BA0698041402D906710F
S21404E83000404E7203B118610F3106987811FFD864
S21404E8402872811008D8187106DD0A7106987602B7
S21404E85003DC0C720698BC1106984A140C7006DD8C
S21404E86010710698C211487020B804A806DD10720C
S21404E870069880080698120701F840B804A800F81D
S21404E88000C0A01E00A00413086301DB22719110CF
S21404E8900111186111381DB910D80871447902980D
S21404E8A0541002DBFA72A11328DBF47203BD069837
S21404E8B01E11069880081DBA7F7A0698F20400C5D1
S21404E8C0681F00A00698760200BA03DC1672044D90
S21404E8D0A11002D804711C4D00C10CC101B80698E1
S21404E8E0AE045415212D06983E050298AA089110E8
S21404E8F0015503355150011900A000C14C1F00A05A
S21404E900141001D8427101480860FE200E7581106B
S21404E91020D8087100C1501F00A0141101D9287115
S21404E92000C02C4001B80412215108610F3118614F
S21404E9301152281000C0084001B804119112215148
S21404E94020311152211900A0811380DB067201B810
S21404E95000A000C314C001B8341006302E726C4BED
S21404E96034121C4B3410186002302072811080D888
S21404E970DE713410014A08620460803021508C48ED
S21404E9800A717F234D233410013000A000BD069881
S21404E9901E111CB847784578437802B8447800A01E
S21404E9A0069880080698BC1100C5741F00A054156C
S21404E9B006983E050298AA08B1138F7B0A7200C314
S21404E9C084C40350017B06983E1400C1384101B844
S21404E9D014118F790E7100C1B84000B800BA0698B9
S21404E9E03C1050BA06980E1406987811FFD84A714F
S21404E9F0911004D84872811008601CD8407220D93F
S21404EA0038721112FF322151347180218021111481
S21404EA1000C0D81E00A00413FFBA3151113A215188
S21404EA2011531DB938107B7940440E7200B900C2E8
S21404EA30AC1E00A01812067004B860780698381445
S21404EA4000F800B900C2A44000541812644A0AB977
S21404EA5018121CBA507A517A1DB942795F7900A00F
S21404EA600698760207DC1072911000200A75069844
S21404EA7072120298660F0698120701B9911004D80C
S21404EA80047100B910BA0698041400BA0040347130
S21404EA9000C0A01E00A00411086101D9127104D997
S21404EAA0E2728110086001D8DA711DB8647800C17A
S21404EAB01CC101B80698AE0401B81160002A047699
S21404EAC000BA00C5781F00A05415212D06987212AE
S21404EAD00698580700C57C1F00A000F800BC8111EA
S21404EAE008D9167280D9207201B910BA069804148F
S21404EAF000400E7101BC10700698BC1106984A14AA
S21404EB0020B804A800F80698721281110231127116
S21404EB1000B900C2144000541812244A02B918124C
S21404EB200698BC1100C5801F00A054150698F01A5C
S21404EB300298AA080411012114711CBA737A0420DD
S21404EB4004122811042004110121F47200A006986E
S21404EB50F20401F806984E1701D81671FFB9012180
S21404EB6010380E7281109B78087104B9677900F822
S21404EB70911010D8287100C51CC101B8541106980C
S21404EB80EE0D00C5C81E00A054155129EA7507B835
S21404EB9076781DB8447801B804A800F8B110186057
S21404EBA010D82E7100C05040005400C3084000B86E
S21404EBB03114984C44113411086101D9FA71441285
S21404EBC02810086228100862281008622810E870C6
S21404EBD00298B00206989202113804721E6202BBB2
S21404EBE000C1D81E00A0141120390C72911210DA3C
S21404EBF00672417B00A006983E1400C2A01E00A028
S21404EC00241220DA0472617B1CBA527A00A01CBA61
S21404EC10727A811204DAFC7200A01CB86B7800C009
S21404EC20684000B82F7800A006984E1701D83A71AD
S21404EC3000C22C4001B82410036091112031015108
S21404EC40383111501D6008121DB9457900C2448040
S21404EC5001B8241200C0C01E00A004101820002012
S21404EC60041020500471657910631EB9637900B9E5
S21404EC7002EC00CD114502EC00CC01DB087100BBB0
S21404EC800298D61803B841110731FA211C760621DA
S21404EC90911210DA087102DD10721E7020B8069800
S21404ECA0B20D3038147208B806987E0400C02C40A2
S21404ECB000B82978207800F8056020D806710298F4
S21404ECC00C1602EC00CA05B823DA187104DBDA71F4
S21404ECD020DAD67110DAD2721EB8617800B801DA7A
S21404ECE0067202EC00C8911110D9267100C1B81E34
S21404ECF000A014111150FF300C720761A1101150BE
S21404ED0002300A7180DB0A720AB89E701DB97C79DB
S21404ED101860911111402111C031114001191EB81B
S21404ED20411108D90471667820D904726578A11057
S21404ED3002D80672C0DA1E711EB8273123DD0872A7
S21404ED4010DB1072607825DD0A7121DD087208DB9D
S21404ED500471627803B8411107310872A115203591
S21404ED60AA7102DD2072A11120D9A07102D91672EF
S21404ED70CCDA9872411140D9927206B8054D5A728F
S21404ED800298AE1421114049C0D94C71A0314115E6
S21404ED904035026551410461086308DA1E7204DADC
S21404EDA036721049A1150235067110DB0E72013455
S21404EDB00A7108DB22711EB86778CC3211101A303B
S21404EDC00ADC0872CCDE0471FD3100C00D0F0C0D98
S21404EDD0216001D85C7207B80298D81400BA4111B1
S21404EDE008D90C7102EC00CA05B830DAEC720734A4
S21404EDF0F031036101DA0471014900C0F300A3E3B2
S21404EE00216001D8D27100C0981440682160403057
S21404EE10014440DA0471204C04320262204A111084
S21404EE2006301F60014218311D6111420298F61423
S21404EE30204A00C00517085021601130014220887E
S21404EE40FFBB0DDA507100C1DE1B250180BC04DA5D
S21404EE50107208DA0A7200C120841000E024A0248C
S21404EE6008634143026401DA06711E49024B00C07E
S21404EE70201F00A008633810BC2002DA127101B902
S21404EE801159A11380DB087100C100FCFF011810A2
S21404EE900298621800C4A01E00A0441080D87C719A
S21404EEA00092D0DA06710DDA0C711EBD437DEFBDFB
S21404EEB00698140304620DDA8672A11105D95C71F2
S21404EEC000C24040005424121424281401D90672A7
S21404EED002D9327140D91E7102EC00CA21101832D0
S21404EEE00471FA2220D804720822FE22087502EC65
S21404EEF000C8F87001D90E7102EC00C802D9067277
S21404EF0004DC187200C0A01E00A004101D6001D806
S21404EF1006711EB8647807B873780298D61800C0CD
S21404EF20A01E00A0041080300A7100C0C41E00A0F9
S21404EF30041000A006984E1701D82E71911010D810
S21404EF4028728110A0D8227203B084781C7200C183
S21404EF502C4001B814100DBA487A697A6B7A0811F5
S21404EF601CB87B7807B8757800A0641000C6881FA4
S21404EF7000A0C3B806987C0200C4441F00A014BABC
S21404EF80281400B8011AB1108F780A7200C084C41D
S21404EF900350017891101030011905BA06980E1422
S21404EFA002D9067101B804A800C0A01E00A004136C
S21404EFB00698641180DB0671029858141DBA7C7A90
S21404EFC001DB6A7100C2241F00A024111114FF344F
S21404EFD002EC00C8FF24FA7608610698C20D0461A4
S21404EFE011380F3004611114011141100698C20D36
S21404EFF001D8087203B80298D8140C4A01DB2271AF
S21404F000241011281128041202300471106200C062
S21404F010FFFF0000213800C2204000B8FF2008127D
S21404F020411008600698C20D01D87C7120BC1033CC
S21404F030767100BB00C1201F00A01415C021112C3E
S21404F040511218620F320E71408851140698FA183D
S21404F05041430094511208651C620F320E7141112F
S21404F06051140698FA181C6441430865513B00C1C4
S21404F070DC1E00A01411111231100F30127100BAE8
S21404F080056101D80471114201600FD8F472311081
S21404F09003601E30047201B8003A087204B802987D
S21404F0A0D8140298C41600C0384101B804118F79E8
S21404F0B014717F20692004110861303110DD067157
S21404F0C01DBA637A0698120300F830885088FF3415
S21404F0D0087102ECFF24F87002EC00CD14105950AD
S21404F0E001440421FF22F2720F4C0095009300A005
S21404F0F000C1A81E00A0141100A030880698421B68
S21404F1008111086102D906720298061A1CBB557B47
S21404F110086120D906710298F6190088A1101860B3
S21404F1200698201908211415FC251EBB5C7B5D7B04
S21404F13000C1084001B814110731FE21307608D802
S21404F1402A725113FC23341304DB20711863FF3333
S21404F150315B00C110C000B81411086180490C71FD
S21404F160FF31302954751EBB7B7B10707B7B7C7B08
S21404F17000DD04717D7B01BB3815EC25541300DFDC
S21404F1805471042505DF54715415211120880698FE
S21404F190EE0D009251293E7500C1084001B81411C5
S21404F1A002DB0C710731315B31292A760C7004DFDF
S21404F1B00872016180D91E720698201900C010C01A
S21404F1C000B80698861B069820191411FFD9607299
S21404F1D002984C1A0090009300A05415A1111861CF
S21404F1E010D9A672082508D8A071082510D89A71D7
S21404F1F0208821110698EE0DFC255412112AF825B4
S21404F20054110C2520D80871F025541110252029F6
S21404F21004762159181500920298B81907B971791D
S21404F220811010D80A711CB8447802B841781CB909
S21404F230747904B9677900F88110A0D808711CB9EC
S21404F240497900A0086002D8FA7106982019108837
S21404F25006983E14106210DA087108211415F02579
S21404F260541100C20020FEFF202912750698921B36
S21404F27001D90A72069880080698120700941CBBE7
S21404F28041100C20069864134111082114100698A6
S21404F29064133128441111120861FF31FF32012230
S21404F2A010521072186118140424441304243814D9
S21404F2B00C70186121411814082408140298381494
S21404F2C04044147100C1AC1E00A0141551131C63F5
S21404F2D00FDB0C72196506980205411500A000C3E1
S21404F2E0784000B83413807B067206981207069896
S21404F2F03E1408BB51140698B01A4415FC25541540
S21404F30000C3784000B83413807B047100A00298D0
S21404F3103E051CB900C3A01E00A03413086308DB16
S21404F3201A718113A0DB0671497910706979086334
S21404F33002DB087204B9677900F800A0811108613D
S21404F34002D910711CB97579069820191411FF3169
S21404F35000A0FFB900A0041008211411F42108111C
S21404F36000A08111106110310E7106982019082131
S21404F3701411F821141100A0D0F5040000000000B8
S21404F380A8F30400010000000000000000F0490299
S21404F390D0F5040000000000CCF3040001000000D7
S21404F3A00000000000F04902F0F304004063598FA7
S21404F3B0404B4C000B000B001A00FF7FE86C00204B
S21404F3C00000000072F8040000000000E0F40400EE
S21404F3D04063598F404B4C000B000B001A00FF7F14
S21404F3E0E86C00200000000070F804000000000034
S21404F3F0FC1F0103D0F704001CC0011000F807002E
S21404F4001CC001301402080050C0010087413004BB
S21404F4102440060107006200387000000000000067
S21404F420000000030068010F40B824405840010162
S21404F430FC006900804005012363E0119BC34A7405
S21404F440F003000003800000BE0A0000E040010153
S21404F45033000000F0400401590B000064048307E5
S21404F4608813C83A90200A0028410101001E0000B3
S21404F4703C410B0100148C00141A21282E343B4204
S21404F480495043557698BA0C2869000001000000DC
S21404F4900721286414171A002004C869A1203A0911
S21404F4A03C42010129000000A0800201707803009C
S21404F4B0D5C00000A8800111F0010000A880013129
S21404F4C00542CB01AC800111F0010000AC80013193
S21404F4D005228D00B080010100030002FFFFFFFF3C
S21404F4E0FC1F010320F804001CC0011000F80700EC
S21404F4F01CC00130F502080050C001008741300CE2
S21404F5002440060107C0520000000000000000006E
S21404F5100000000300000000000000005840010145
S21404F5206402FF00804005014B01A0089BC34A7497
S21404F530F00300000000000000000000E0400101AD
S21404F54033000000F0400401000000006404830758
S21404F5508813C83A9C200A002841010103100000C1
S21404F5603C410B0100000000000000000000000009
S21404F5700000000000000000000000000100000081
S21404F5800000000000000000000000000000000072
S21404F5903C42010100000000A080020170780300D4
S21404F5A0D5C00000A8800111F0010000A880013138
S21404F5B00542CB01AC800111F0010000AC800131A2
S21404F5C005228D00B080010100030002FFFFFFFF4B
S21404F5D00C400200018014007F400000204002001E
S21404F5E0000000000000000030400700000000009B
S21404F5F00000000000000000000000000000000002
S21404F60000000000A00700005040010000000000B9
S21404F6105C4002000000000000000000A84001005A
S21404F62007000000B440040000400000FF4C000047
S21404F63000410000FF4D000008C00100000000006B
S21404F64020C00110FF00000020C00130004300006D
S21404F65024C00400EC80B3034375A8020000000035
S21404F6602E02000054C003000E2D09E654060708B7
S21404F670D1B6020064C00800043000004020100622
S21404F680C8F248181FE8F600BD4B721511A31805FA
S21404F69010325476980A000088C00100000000006A
S21404F6A00800010104070000180001010000000022
S21404F6B020000101088400001C4002011000000024
S21404F6C020F913045C400501410800000100000015
S21404F6D0B0070800A70000000000000094400701DF
S21404F6E00101103050707F7F000000000000000011
S21404F6F0000000000000000000000000E4400101DB
S21404F70000000000EC4001017DA8D98B00410201F5
S21404F71000612000B75635120C410301F95412005B
S21404F7202030042988BB4000244101010000000069
S21404F730304103016406660C0C010000E853FA002D
S21404F74068410301640483078813820000000000F4
S21404F75030420301000000000000000E000000001C
S21404F7604442010100000000108001010300000073
S21404F7703880020111491000010000008880010150
S21404F780000000009C800101EB400200B4800101EF
S21404F7903700000188000202000C00044C00000040
S21404F7A09400010200040000D00002020E000000D3
S21404F7B090029608E40001023D094204F4000102A6
S21404F7C0000000001801010260005102FFFFFFFF65
S21404F7D012000000666666000000000084F804005C
S21404F7E074F8040000000000001A9A00005A62022E
S21404F7F080841E000420FE00114950020000000010
S21404F80000000000000000000000000000000000EF
S21404F810B1841E000000000000000000000000008C
S21404F82012000000666666000000000084F804000B
S21404F83074F80400000C0000001A9A00005A6202D1
S21404F84080841E00042000001149500200000000BD
S21404F850000000000000000000000000000000009F
S21404F860B1841E000000000000000000000000003C
S21404F87005040000E1190000E11900000000000082
S21404F88000000000193F01060410010000010106F3
S21404F890001027000009000000000000000000001F
S21404F8A031D80100E1D70100EDD70100DDD8010011
S21404F8B0D1B703006BBD03006FBD030073BD030027
S21404F8C077BD03007BBD03000001030464EE010062
S21404F8D01000000024E101001A00000079EB01008A
S21404F8E01100000075E401001100000063E511003A
S21404F8F00400000023E111000400000025E10100DB
S21404F9000800000026E101000A00000027E10100CB
S21404F9100200000000000000000000008CFA040052
S21404F9207BFA0400000000008DFA04009BBD04006E
S21404F9300000000095BD040097BD04000000000010
S21404F94099BD040059FA0400A2FA04009CBD040000
S21404F95096BD0400000000009ABD040070F904007F
S21404F96093BD040094BD040098BD040092BD040039
S21404F970000203040508090A0B0001020304051D1E
S21404F9802000B40108020200AA00FFFFFFFFFFFFE9
S21404F990FFFFFFFF2D16030065350200D164020049
S21404F9A051490300E16702009DC403009FC403009D
S21404F9B0A1C40300A3C4030019E0020089B5020031
S21404F9C031FD0200ED420300F154020099C4030025
S21404F9D015BA0200A1330300054602009BC40300C7
S21404F9E049AD0300FD4C0200A382030000000000A2
S21404F9F000130000000000000000000000000000EB
S21404FA0001000000FDBD02000200000013D6030042
S21404FA100300000055BD0200040000008DD503005D
S21404FA2005000000F5BC0200000000000000000015
S21404FA300023001B2200FF00000000000C09020245
S21404FA40000000001C1A0B0303FF0608040202024F
S21404FA5004020A0B030302030480FF0204FF0101ED
S21404FA6001010800000000000000005A69674265B2
S21404FA7065416C6C69616E636530398000001838C6
S21404FA8010300000000000008F8E8C8081815A693F
S21404FA9067426565416C6C69616E6365303906085A
S20804FAA00C108000BD
S20C04FAA43052FB7F0100000054
S21004FAACB8FA0400C0680020E301000063
S21404FAB80000000000000000FFFF00000100000036
S21404FAC80000000000000000000000000000000025
S21404FAD80000000000000000000000000000000015
S21404FAE80000000000000000000000000000000005
S21404FAF800000000000000000000000000000000F5
S21404FB0800000000000000000000000000000000E4
S21404FB1800000000000000000000000000000000D4
S21404FB2800000000000000000000000000000000C4
S21404FB3800000000000000000000000000000000B4
S21404FB4800000000000000000000000000000000A4
S21404FB580000000000000000000000000000000094
S21404FB680000000000000000000000000000000084
S21404FB780000000000000000000000000000000074
S21404FB880000000000000000000000000000000064
S21404FB980000000000000000000000000000000054
S21404FBA80000000000000000000000000000000044
S21404FBB80000000000000000000100000000F00142
S21404FBC808000000081000200100230104000000BB
S21404FBD81010002006003001010000001410002058
S21404FBE8FFFFFFFFC0EA2101C0EA210100800000F0
S21404FBF800F04902086A002000600B00008000003C
S21404FC08B0360020C8000000FE0000000000000017
S21404FC1898AD040018100020FFFFFFFF80B2040010
S21404FC2833000000A10201003300000073870300BC
S21404FC38C22D0400C62D0400D32D0400E02D0400B4
S21404FC48ED2D0400FA2D04000D2E04001F2E0400CA
S21404FC582C2E0400392E0400462E04005B2E0400C5
S21404FC686E2E0400802E0400952E0400A42E040094
S21404FC78B52E0400C42E0400D42E0400E02E04007E
S21404FC88ED2E0400FD2E04000F2F04001E2F040082
S21404FC982D2F0400362F04004B2F0400602F040079
S21404FCA8752F0400952F0400A32F0400C22F040008
S21404FCB8DD2F0400F02F0400FD2F0400123004008A
S21404FCC8213004003030040042300400543004006C
S21404FCD8673004007A300400903004000000000006
S21404FCE80F000000FF0000000000000000000000F5
S21404FCF800000000000000000000000000000000F3
S21404FD08000000000030E70400C81803E8380400C0
S21404FD18ED3804001A390400453904007339040020
S21404FD28A1390400D0390400FD3904002D3A040032
S21404FD385D3A0400AD3A0400FFFFFFFF00F8030035
S21404FD48FFFFFFFF0000040000000400005C260517
S21404FD58646B00200600000088D40400000000003D
S21404FD6801001900010000003842002001001900B3
S21404FD7801000000384200200100190001000000BC
S21404FD883842002001001900010000003842002013
S21404FD980100190001000000384200200100190083
S21404FDA8010000003842002001001900010000008C
S21404FDB838420020010019000100000038420020E3
S21404FDC80100190001000000384200200100190053
S21404FDD8010000003842002001001900010000005C
S21404FDE838420020010019000100000038420020B3
S21404FDF8B4460020000000000000000000BE040016
S21404FE08F04D0020186C00206451002023AB040039
S21404FE180201000069AE01000000000000000000B6
S21404FE2800000000000000000D0E000064510020D1
S21404FE383300000011AF01000000000000000000BD
S21404FE4804D504001CD5040028AB0400566404003A
S21404FE58FE000000686C002000000000945100209A
S21404FE68FC5100206452002000000000000000003E
S21404FE780000000000000000000000000000000071
S21404FE880000000000000000000000000000000061
S21404FE980000000000000000000000000000000051
S21404FEA80000000063B30300F0D60400FFFFFFFF62
S21404FEB8A7B60300A3B60300FFFFFFFFABB6030015
S21404FEC8FFFFFFFF5D030200FFFFFFFFFFFFFFFFCB
S21404FED8FFFFFFFFFFFFFFFFFFFFFFFFFFFFFFFF21
S21404FEE80000000020A1070000000000DDF9030060
S21404FEF800000000000000000000000000000000F1
S21404FF0800000000000000000000000000000000E0
S21404FF18A4570020592B0200E94402005664040042
S21404FF2800000000000000000000000000000000C0
S21404FF38A4570020F13102000000000056640400B3
S21404FF4800000000000000000000000000000000A0
S21404FF58A4570020353C0200E94402005664040015
S21404FF680000000000000000000000000000000080
S21404FF7815AC0400A45700208D49020000000000B8
S21404FF8856640400000000000000000000000000A2
S21404FF9800000000A4570020115E020000000000C4
S21404FFA85664040000000000000000000000000082
S21404FFB800000000A457002081630200000000002F
S21404FFC85664040000000000000000000000000062
S21404FFD800000000A45700207D78020000000000FE
S21404FFE85664040000000000000000000000000042
S21404FFF800000000B80B0000A4570020ED7D0200A6
S2140500080000000056640400000000000000000020
S2140500180000000000000000A45700204D890200DB
S2140500280000000056640400000000000000000000
S2140500380000000000000000A4570020118B0200F5
S21405004800000000566404000000000000000000E0
S2140500580000000000000000A457002095CB030010
S21405006800000000566404000000000000000000C0
S2140500780000000000000000A45700203991020087
S21405008800000000566404000000000000000000A0
S2140500980000000000000000A4570020A9970200F1
S2140500A80000000056640400000000000000000080
S2140500B80000000000000000A457002017D8030021
S2140500C80000000056640400000000000000000060
S2140500D80000000000000000A4570020E1FC020014
S2140500E80000000056640400000000000000000040
S2140500F80000000000000000A4570020511503006A
S214050108000000005664040000000000000000001F
S21405011800000000000000001FE10300A4570020AF
S2140501285D430300E944020056640400000000002D
S214050138000000000000000000000000A457002092
S214050148214A030000000000566404000000000071
S214050158000000000000000000000000FFFFD007B8
S214050168B80B0000FFFFFFFFCEFAEFBEFFFFFDFF4F
S214050178FDFF0C002C01001E2C01400680001027F0
S214050188FFFF04F8FFFF0C00000000000000400019
S214050198FDFF2C019C000000FFFFFDFFFFFFFFFF92
S2140501A860EA8000800010C1CDAB0A013201FFFF6E
S2140501B8FFFFFFFFFFFFFFFFFFFFFFFFFFFFFFFF3D
S2140501C8FFFFFFFFFFFFFFFFFFFFFFFFFFFF01FF2B
S2140501D805FFFFFF0101FFFF0201FFFF640250FF55
S2140501E80F010208031E0605021601010A0C052062
S2140501F807051010010F080410010601010104FF88
S214050208030101FF0C01FF405AB47F01504030003E
S214050218FFFFFF0B03FF050B0101FF0301030502A3
S2140502280201FFFFFFFFFFFFFFFF010102FFFFFFC0
S21005023840FF0101B54C00008D4C000095
S8040078C5BE
