S01B00006275696C642F72656C656173652F7A69676265652E73333714
S21400400008100020797C000009D700001B1A030066
S2140040101B1A030011D7000019D700001B1A030053
S2140040201B1A03001B1A03001B1A03001B1A0300AB
S2140040301DD70000006804001B1A03001B1A0300AB
S2140040401B1A03001B1A03001B1A030091770000BB
S2140040501B1A03001B1A03001B1A03001B1A03007B
S2140040601B1A03001B1A030021DC00001B1A0300A6
S2140040701B1A0300E5B70100456E03001B1A030078
S2140040801B1A03001B1A03001B1A03001B1A03004B
S2140040901B1A0300F58300001B1A03001B1A0300FB
S2140040A01B1A03003D800000218000001B1A03003D
S2140040B01B1A03001B1A03001B1A03008D30020094
S2140040C0837903007F790300F127020099790300C2
S2140040D0877903004D3002008B79030081140200BB
S2140040E0CD3002001B1A03001B1A03001B1A030024
S2140040F01B1A03001B1A03001B1A03001B1A0300DB
S2140041001B1A03001B1A03001B1A03001B1A0300CA
S2140041101B1A03001B1A03001B1A03001B1A0300BA
S2140041201B1A03001B1A03001B1A03001B1A0300AA
S2080041301B1A03004E
S214004134F0B5114A114C124E00F00105E3695F0711
S21400414413D40DB9334213D103EA00078F4207D1C3
S2140041540B4A1A40002A14BF6FF001000020F0BD7D
S214004164013AEBD16FF00200F9E74FF0FF30F6E7C3
S2140041746FF00100F3E700BF80969800000003503C
S214004184020001000B4B70B5D96911F480310DD1D2
S21400419401244FF48072084E084DF46020462C64C7
S2140041A41A61FFF7C5FF3464EC6070BD6FF0010060
S2140041B4FBE700BF0000035000100350002003502C
S2140041C438B541F6713301220C4C0021E569E363EE
S2140041D40B4B05F48035DA600223606121202361ED
S2140041E4FFF7A6FF10B92120FFF7A2FF0122054B17
S2140041F4DA600DB10023E36338BD00BF000003504E
S214004204001003500020035070B5134C6061E3693E
S2140042145B071ED40E4656F8043B8D18A361AE42C7
S2140042240BD10423002121202361FFF781FF58B915
S214004234BDE870402120FFF77BBF08210846FFF742
S21400424477FF10B10423236170BD56F8043BA361C5
S214004254E5E74FF0FF30F7E7000003502DE9F84399
S214004264174B1646DA69894602F4803841F67132ED
S214004274DA630122074603F58053124DDA6066B905
S21400428430460122104BDA60B8F1000F03D000224A
S214004294A3F50053DA63BDE8F88307F500542C4011
S2140042A4E41BB44228BF3446494622463846FFF744
S2140042B4ABFF0028E5D12744A144361BDFE700BF47
S2100042C40000035000E0FFFF0020035045
S2140042D02DE9F04F4FF0FD0BC9B09A460DF11B09C2
S2140042E09DF8503108AFCDF80C90CDF808B0019786
S2140042F0059303890446009383790E4690464188C9
S2140043008288407813F05AFB054650B10090A38887
S214004310002062883C4913F091FE284649B0BDE86B
S214004320F08F99F8000030F0A1FE38B12846A38837
S2140043306288364913F082FE8D25EEE75A463946E6
S21400434099F8000030F03AFE8346002855D0529B7C
S2140043501BB1BDF84C3198424FD8002399F8009015
S2140043600793A9F14102012A5FFA8BFC36D838463A
S2140043700CF1FF3C5FFA8CFE254ADFF89CC07345C3
S21400438025DB059B07A94FF0040C0A6043BB1823E6
S2140043909FED1B7B5E431F486246831908363044F8
S2140043A083ED027B18F0B8FCB8F1000F01D088F856
S2140043B00090BAF1000F01D0AAF800B0529B002B73
S2140043C0ABD05A463946184618F0A6FCA5E710F8B2
S2140043D0011F013351400CFB01F2D0E7059B3BB1B6
S2140043E023464A4661463846009611F07FFA94E71F
S2140043F0BCF1080FD8D83946C9E701258DE700BFBC
S21400440000000000000000003E11040073110400CC
S214004410C59D1C8180100020930100010000000053
S2140044202DE9F04F93B0CDE90A32DDE91C630E9317
S21400443053EC102BCDE90801104619468DED060BFE
S2140044401E9D17F03FFE80B1DDE906014FF0FF32FA
S214004450C74B17F05FFE40B9DDE906014FF0FF32AB
S2140044606FF4801317F038FE70B1DDE908019DED9A
S214004470060B0E9B1E95CDE91C63DDE90A3213B0D0
S214004480BDE8F04F00F08CB90022DDE906010023FC
S21400449017F022FE002800F03781DDE906A303F1BD
S2140044A0004BCBF30A5015F48063A0F2FF3008BF30
S2140044B006260F9317F034FB9DA3D3E9002317F0CD
S2140044C099FB9DA3D3E9002317F0DEF9CBF3130481
S2140044D0894644F07F5180460022A64B504641F460
S2140044E0401117F0CFF996A3D3E9002317F082FB0B
S2140044F002460B464046494617F0C6F917F014FE2A
S214004500044617F00DFB90A3D3E9002380468946A6
S21400451017F070FB0022984B17F0B6F917F004FE60
S2140045208BA3D3E9002307464946404617F062FBB3
S21400453080463846894617F0F3FA87A3D3E9002366
S21400454017F058FB02460B464046494617F09AF9C4
S21400455002460B46CDE90C2317F04CFBDDE90C2395
S214004560804689461046194617F08EF90022CDE996
S2140045701001824B4046494617F066FC0022804BED
S21400458017F082F902460B464046494617F05CFC97
S21400459000227C4B17F078F902460B464046494607
S2140045A017F052FCDDE90C238046894600204FF0C8
S2140045B0804117F067F902460B464046494617F019
S2140045C063F902460B46DDE9100117F03DFC07F2E1
S2140045D0FF3700226C4B17F057F900223B0517F007
S2140045E009FB52465B468046894617F093FD002835
S2140045F040F08D80CDE90C8904F16303C62B8CBF97
S2140046000527042729051FD555A3D3E900235046BF
S214004610594617F075FD002800F0838052A3D3E9B1
S21400462000235046594617F057FD002879D0A64279
S214004630D8BF00244FF00007C4BF341B04F1FF347A
S21400464026463C4645F480650E9B9F422CBF4FF0A5
S2140046500008A3EB070815F0020903D0002F18BFC7
S2140046604FF000083CB1DDE90C235046594617F0E0
S214004670EBFB82468B46DDE906010022002317F09D
S2140046802BFD10B10BF100439B46DDE9080125F434
S2140046900063CDE90183DDE90A324BEC10AB0096EE
S2140046A000F07EF802465FB3DDE9091315F0200F2F
S2140046B0089E00F101050CBF65204520B047DDE9E6
S2140046C008010523002205930A23002CCDE90232B7
S2140046D007F1FF374FEAD473B8BF64422A46019306
S2140046E004970A9B009432F0B8FA0246B9F1000F1C
S2140046F006D00B9BC41A0B9B1A190E9BA34245D8D7
S214004700104613B0BDE8F08FDDE906ABC9E600221F
S214004710404649461A4B17F097FB013CCDE90C0181
S2140047206AE7002E90D00F9B002B8DD0013E8BE7C2
S214004730FB799F501344D33FB3C8608B288AC63F8B
S21400474061436F63A787D23F71A379094F930A40ED
S2140047501655B5BBB16B0240EF39FAFE422EE63F66
S2140047602D431CEBE2361A3F0000000080842E41E9
S214004770FFFFEF7F0000F83F0000E03F00002C4006
S21400478000002440000018400000F03F2020DDE933
S2140047900913089DA8470134ADE700BF00000000DC
S2140047A02DE9F04F5BEC10AB97B0CDE90501DDE9E4
S2140047B02048CDE90723504652465B465946229F7D
S2140047C017F080FC70B90323CDE902870193A44B50
S2140047D00093DDE90501DDE9072332F070F917B033
S2140047E0BDE8F08F4FF0FF326FF480135046594605
S2140047F017F072FC28B10423CDE902870193994B88
S214004800E6E74FF0FF3250465946974B17F082FCCA
S21400481050B178074CBF04220322CDE902874CBF73
S214004820924B934B0192D3E7504689A3D3E90023DA
S214004830594617F06FFC38B987A3D3E900235046D2
S214004840594617F049FC68B1DDE90723DDE90501A3
S2140048504BEC10ABCDE92187209417B0BDE8F04FA4
S214004860FFF7DEBD002200235046594617F034FC01
S214004870B8B15B4652460020002117F003F801232A
S21400488082468B46099317F4806F08BF06243021B2
S21400489023460EAAA4F12009092B04D89946E41A47
S2140048A007E00990EFE7013B4B4502F8011BF3D107
S2140048B020245946504617F037FC6E4B054603EB4E
S2140048C0C90393ED007B8DED0A7B17F029F90246AC
S2140048D00B465046594616F0D5FFDDE90A2317F079
S2140048E089F902460B46CDE90C2317F045FC06462F
S2140048F017F006F902460B46DDE90C0116F0C2FF7A
S21400490002460B46CDE90C2300225B4B17F002FC57
S214004910B8B10136304617F0F3F802460B46DDE92B
S2140049200A0117F0E3FB08B100260135B9F1000FC4
S21400493014D00A210EAB1A19202C40D13022A144E3
S21400494050E00022DDE90C014B4B17F0C5FB0028B8
S214004950ECD10EB1F107E9D50136E7E7284617F0A6
S214004960DFF802460B465046594616F08BFF0022EB
S214004970414B17F0B1FB10B9013525F001050A21AE
S2140049800EAB1A19202C0AD095FBF1F001FB10553E
S214004990303502F8015B013405460028F2D107F0F5
S2140049A00302012A38D1B8F1000F35D0099A12B99E
S2140049B017F00C0F01D008F1FF38302223E0B6FBC9
S2140049C0F1F001FB1063092E03F1300309F1FF3902
S2140049D004F1010402F8013BB0D90646ACE70EA983
S2140049E00A551C46202CCAD04C4504F10103F6D1CA
S2140049F004F158020DEB02042E2204F8202C1C466B
S214004A00BDE71A550134A04506D9202CF9D1CDE9C9
S214004A10028701940EABDBE6202CF8D0099B3BB155
S214004A202D2204F158036B4403F8202C0134EEE7E2
S214004A307A0704D504F158032B226B44F4E73B07AE
S214004A40E5D504F1580320226B44EDE7AFF3008070
S214004A500000000065CDCD410000000065CDCDC151
S214004A60FD2D0400012E0400FFFFEF7FF42D04004F
S214004A70F92D0400707804000000E03F00000000FC
S214004A8070B58EB02C22002103A817F0A7FF642370
S214004A904FF002320893CDE905230B2301218DF850
S214004AA034305B4B8DF810101D880D4040F0A98007
S214004AB0084636F0A7F90A22564B574C1A704FF4A0
S214004AC02873ADF812304FF0FF332360534B544930
S214004AD01B8820460B82534B534A1B68CD828B6142
S214004AE0524B0D621B884B82514B1B68CB611EF0EC
S214004AF063FB20B14FF41B714E4835F0E9FA0521EF
S214004B00206832F09FFA20B140F27D21494835F006
S214004B10DFFA206816F072FE474B2068196832F0FC
S214004B2054FB0C2536F0D6FD6843099036F0D2FDCE
S214004B3068430DEB05010790206818F091FD20B141
S214004B4040F295213B4835F0C3FA256820F06CFD0D
S214004B5000220146284632F0B0FB20B140F29721F1
S214004B60344835F0B5FA40F20353344D344E2B80BA
S214004B70052396F90000AB707F2801D11EF012FCC9
S214004B803378EB7036F0A6FD00EB80008000A8803E
S214004B9036F0A0FD0023C0004FF0FF31E880AB6088
S214004BA04FF0FF3018A3D3E9002336F07DFA2549ED
S214004BB0206832F03BFB206802A932F057FF20B194
S214004BC04FF434711B4835F083FA042220680DEB4D
S214004BD0020132F0CFFA042804D040F2D72115485B
S214004BE035F076FA01A9012031F0CEFE08F0D0FDAE
S214004BF001201FF05BF82DF02EFD1FF081F81EF04F
S214004C0069FB0EB070BD00BF0A0020FF4203000023
S214004C10525C0020A1630020785600203A920400DF
S214004C20746A0020409204002DAE030038920400FF
S214004C303C920400C06604009C6700206C5600206E
S214004C404A6D0020A1AE03000348044B834202D005
S214004C50034B03B118477047786D0020786D00202D
S214004C6000000000064B0749C91A891048BF0131E9
S214004C70491003D0044B0BB101481847704700BFDA
S214004C80786D0020786D00200000000010B5064CFE
S214004C90237843B9FFF7D8FF044B13B10448AFF3AA
S214004CA000800123237010BDB01500200000000016
S214004CB0C0B5040008B5044B1BB104490448AFF363
S214004CC00080BDE80840CDE700000000B4150020D5
S214004CD0C0B50400A3F5803A704700BF154B002B03
S214004CE008BF114B9D46FFF7F5FF00218B460F4688
S214004CF01148124A121A17F071FE0C4B002B00D006
S214004D0098470B4B002B00D098470020002104004A
S214004D100D000B4818F056F917F038FE2000290051
S214004D202CF088FB18F03CF900000800000000009A
S214004D30000000000810002008100020F863002083
S214004D40D1CF010007B5012120200DF1070201F0A7
S214004D501FF858B10223012120200DF107028DF81B
S214004D60073001F025F803B05DF804FB9DF8071046
S214004D700229F8D00222094816F0D6FB02230121A8
S214004D800DF1070220208DF8073001F011F82CF005
S214004D90ABFA4FF4FA6000F047FEE4E768C303009E
S214004DA038B501F0BFFF01F093F9012805D001F0F6
S214004DB08FF9022801D001F0B1F9064D2B783BB9E6
S214004DC001F086F90128044602D12CF016FB2C705F
S214004DD038BD00BF305D002010B5044600882CF0BA
S214004DE057FAA37884F84400834202BF0123E37095
S214004DF02371074B04F11C00C4E9073401F022F8C4
S214004E00224620880349BDE8104000F05BBF00BF83
S214004E1027100300F10F030070B5C37804460D4653
S214004E201646002B34D1D1B1214816F07DFB012364
S214004E30E370E36CA6600BB1E06D9847E368F61A82
S214004E4063699E4221D2217E1A480131C9B2217679
S214004E5016F06AFBA36D13B1217EE06D9847E570EE
S214004E602CF055FA15B3237903BBA268238A801A5F
S214004E7083421BD801231048237116F055FB236D7F
S214004E80A3B1E06DBDE87040184701232376E6E73E
S214004E900029E4D1094816F047FB636DE660E5702B
S214004EA02571002BDBD0E06D9847D8E770BD00BFBA
S214004EB090C30300A1C30300CFC30300BCC3030019
S214004EC070B51E46838804460D46C18002810BB12C
S214004ED0868070BD817800882CF0C6F80123E370C8
S214004EE0064BA680C4E903340C34204600F0AAFF23
S214004EF029462046BDE870402CF000BA7310030027
S214004F0010B501790446B1FA81F1008849092CF000
S214004F1022F921796088B1FA81F149092CF01BF950
S214004F20034B1A68A24204BF00221A6010BD00BFDD
S214004F30CC15002070B543790446A3B100880E4E08
S214004F4004F10805336813B10C4B1B786BB121795B
S214004F502CF001F964210A4B3460A3602846BDE8B2
S214004F6070402CF0CBB94088E9E7064816F0DCFA2A
S214004F70054B3221A360F1E7CC150020315D0020FF
S214004F80014F0000E5C30300354F000010B504468E
S214004F90E0B10F4816F0C8FA01236371A37953B93C
S214004FA0217920882CF0D7F8236B7BB1606B012128
S214004FB0BDE8104018472046FFF7A2FF04F108009E
S214004FC02CF0A1F92046FFF7B5FFEDE710BD00BFB6
S214004FD01BC4030010B50446F8B1104816F0A4FA36
S214004FE000236371A3796BB921792088B1FA81F126
S214004FF049092CF0B0F8236B7BB1606B0021BDE84B
S214005000104018472046FFF77BFF04F108002CF0FD
S2140050107AF92046FFF78EFFEDE710BD26C40300A1
S21400502010B5044668B1074816F07EFA6379204644
S2140050301BB1BDE81040FFF7CDBFBDE81040FFF73D
S214005040A5BF10BD32C4030010B50E4C0E48214655
S21400505016F06AFA82210D4816F066FA82210220BE
S214005060A21E00F0A5FE014630B134F8022C084816
S214005070BDE8104016F058BA0648BDE8104016F0D5
S21400508053BA00BFBE57002041C403005CC40300EF
S21400509067C40300ABC4030038B5124C8221224615
S2140050A0022000F075FEA51C014698B122880E4825
S2140050B016F03AFA2A460D4B03F1280153F8040B72
S2140050C08B4242F8040BF9D119889B7811809370B3
S2140050D02A23238035F8021C054A0648BDE83840D6
S2140050E016F022BABC570020B6C4030036C503002B
S2140050F0BE57002014C50300034B1B781BB18B4220
S21400510001D82CF0F1B87047F06C002010B50446BA
S21400511001460E4816F008FA012C11D10C4B0D482A
S2140051201A884FF6FF739A421EBF0022094B5A7424
S2140051302BF0F7FF01F04AFFBDE8104001F01EBE5D
S2140051400448BDE810402BF0EEBF00BF61C5030069
S214005150A46C00202867002070B500241A4D1B4E52
S2140051603378A3421BDC0024194D1A4E3378A34231
S2140051701BDC0024184D194E3378A3421BDC00F0CC
S214005180A7FF012816481CD12BF0CBFF01F01EFF0D
S21400519001F0F4FDBDE87040124800F0B9BF2846A3
S2140051A0FFF71AFE01346035DAE728462BF09FFF3A
S2140051B001343435DAE728462BF0D2FF013438358F
S2140051C0DAE72BF0B0FFE5E778210020375D002016
S2140051D098250020385D0020481F0020365D0020FE
S2140051E0286700200D5100002DE9F04F87B0FFF72B
S2140051F053FFB94B05A805932BF0D6FF054617F0CD
S21400520069FAB64CC2B21F2A627004D9B44816F0C6
S2140052108BF900F0FDFB2946A01C17F07DFD05A8C4
S2140052202BF0C2FF054617F055FAC2B21F2A84F8C3
S214005230212001D9AB48EAE7294604F1220017F0FD
S2140052406BFD05A82BF0B0FF322604460027257814
S214005250002D40F09E80DFF8CCA2FFF77DFF9AF885
S2140052600030DFF8C4B2DFF8C4829F4F00939BF88B
S214005270003098F8002039789C4816F055F93A78AE
S21400528098F800109BF8000053180344DFF88C923F
S2140052909AF800002C4603444846DBB2AA4200F3C4
S2140052A0CD82012B38BF0123914E02933246002354
S2140052B034464FF482714FF6FF75029801338342ED
S2140052C013705180958002F10C02F6DB894B8849F9
S2140052D08248A36000F0D2FF0C20E279A36800FBAE
S2140052E0023000F0A3FDE3790133E371824B1A88A4
S2140052F0AA4204D07E49814801F0C0F87E4B1A8845
S2140053004FF6FF73D21A18BF012279497C4801F084
S21400531077FC0023774D39780C22994200F3968269
S21400532000264FF00C09774B98F800203978B242E7
S21400533000F3BE820C23002602EB010903FB0941A1
S2140053409BF80000704AB04200F3CE8298F8003016
S2140053504FF00C083E784FF0700900271E440644B4
S21400536008FB0644DFF8C8B19AF80030BB4200F3E9
S214005370D18202995E4800F0E7FD059B56491A4621
S2140053808B4240F0D882614807B0BDE8F04F16F077
S214005390CBB8532D0FD163784C2B40F04681A378C1
S2140053A0502B40F042810122594B1A7005A82BF071
S2140053B0FBFE04464BE7442D13D16378303B092BA4
S2140053C0F4D8601C2BF0FDFE524B534A197800238C
S2140053D086B2994202F16002E8DD22F8466C01339B
S2140053E0F7E7422D0BD16378542B55D1A01C00F063
S2140053F0B7FC414B188018462BF0D7FDD6E7582D42
S21400540034D8412DD2D9433D152DCFD801A353F81A
S21400541025F000BFBF570000AD530000AD5300009D
S214005420AD530000AD530000AD53000081550000A1
S214005430AD530000AD530000355500007F5400000A
S214005440AD530000AD530000AD530000AD53000057
S214005450B55600002B560000AD530000AD530000BB
S214005460AD530000AD5300002F570000692D9DD1AD
S214005470601C2BF0A6FE80B22BF032FF96E71A4B8C
S214005480012019780023254A994202F1A8028DDDF1
S21400549002F8A60C0133F7E7601C00F061FC054635
S2140054A0E01C2BF006FF0121024628462BF0BDFE2D
S2140054B060211848184C03785943621865524FF417
S2140054C0FA6111824FF4487151611549568311658E
S2140054D0013303706AE700BFBE5700203C66002019
S2140054E080C5030097C50300355D0020A7C50300EF
S2140054F09816002010170020A46C002048160020E4
S214005500D01500209C1B0020E0190020F7C50300E2
S214005510315D0020375D0020782100209C1C002093
S21400552093110300325D0020335D0020345D0020BF
S21400553090180020601C00F013FC00224FF0340886
S2140055408146CB4F11462BF070FE3A78C94D08FBCA
S21400555002F225F80290E378A818693B18BF0123E9
S21400556083702BF0C4FD0023C3493A784B600123B7
S21400557008FB02551A443A700D601F460B7415E777
S214005580601C00F0EDFB0022114681462BF04DFE1C
S2140055903422B74DDFF8DC822B78534328F803908B
S2140055A008EB0300E378693B18BF012383702BF0F8
S2140055B09EFDB24A00231046916B31BB342200EBAD
S2140055C083102B7802FB03838363AD4A00231046C7
S2140055D0D2F8A410F9B9A82202FB030034222B78D3
S2140055E002FB0383C0F8A4305FB9A34A3B461146CA
S2140055F052F8040BA8B934202A7800FB028241F83E
S21400560023202B7801332B70D0E60133042B02F1D4
S2140056104002D1D1D9E70133042B02F1A802D7D139
S214005620E2E70133042BE3D1EBE7601C00F098FBC4
S2140056300546E01C2BF03DFE0121024628462BF0D5
S214005640F4FD4FF0600C8F488F490278DFF830E2A7
S2140056500CFB02FC21F80C504FF4487501EB0C03D0
S2140056601D825D61894D5E839D65E478884D642C5E
S21400567004BF01249C70A8242B785C430EEB040C1A
S2140056800EF804304FF40074ACF8024003248CF893
S21400569004408CF80640602404FB0211CCF8081085
S2140056A032210133DBB201328CF805308CF8A010C1
S2140056B00270A8E7601C00F053FB00224FF0380988
S2140056C08246DFF8E88111462BF0AFFD98F80030EF
S2140056D0704D09FB03F225F802A04FF0010AA91845
S2140056E081F804A0E2787AB1E01C00F039FB0022D1
S2140056F0044611462BF099FD98F8003009FB035933
S214005700A9F8024089F806A063495C480A784FEA7F
S214005710821C00EB821400F80C20382000FB035596
S21400572001320133656388F800300A703EE6601C7B
S21400573000F016FB8046E01C00F012FB0546601DDC
S2140057402BF0B7FD04460246012140462BF06DFDC6
S2140057502246284601212BF068FD6021DFF824C18F
S214005760DFF824E19CF800204FF4487401FB02F3B4
S2140057700EEB03002EF80380531CDBB24B430EEBFC
S21400578003012EF80350931C9422048244610C8279
S2140057904C61424C8CF800302378414D5A43DFF878
S2140057A0EC8005EB020CAB5401334683C0F85880FE
S2140057B0CCE901014E83C1F858802370F6E5601CE1
S2140057C000F0CEFA0546E01C00F0CAFA00220446B5
S2140057D0114628462BF029FD00224FF038094FF0DD
S2140057E00108114620462BF020FDDFF8C0C02948EE
S2140057F09CF800204FF0000E09FB02F3C118C552BA
S21400580002EB0803DBB209FB03F3C518C452931C72
S214005810702224488CF800300378234C5A4304EB5B
S214005820020C81F8048081F806E0A354CCE9011547
S21400583085F8048085F806E043444AE64679013553
S2140058408E4284BF04714471A83027E523B116F850
S214005850051C02FB0155B56031464846039301F02E
S21400586089FD039B09F1A80901330C3653E500BFF7
S214005870385D002098250020286700209C1B00200B
S2140058809C1C0020375D002078210020F950000085
S214005890355D0020481F0020345D0020335D002069
S2140058A0E0190020325D002090180020365D0020B0
S2140058B0711808D04A1E09FB0242D27909FB02552C
S2140058C009FB01429560184609FB0141039301F06C
S2140058D011FB39781C48314409FB014101F07CF882
S2140058E0039B013640331FE516EB090F18BF11F86E
S2140058F0050C039118BF03FB00554FF0940318BF27
S2140059008D6003FB062000F079FF03990C23013617
S2140059100C3115E5F74218BF14F8053C214618BFB0
S21400592008FB035509FB07B018BFA56000F03EFE54
S21400593001370C3418E513F8011D00297FF41EAD5D
S2140059403B2102F8011C19E53C1F002007B5012188
S21400595021200DF1070200F01BFA18B99DF8072068
S214005960024B1A7003B05DF804FB00BFF06C002019
S21400597007B5064B8DF80700187001210DF10702D8
S214005980212000F015FA03B05DF804FBF06C00204F
S21400599007B5022101200DF1060200F0F9F938B929
S2140059A0044815F0C1FDBDF8060003B05DF804FB21
S2140059B00020FAE714C6030007B50221ADF806007A
S2140059C00DF10602012000F0F3F9014610B103487C
S2140059D015F0AAFD03B05DF804FB00BF35C6030052
S2140059E010B5FFF7D5FF04460146074815F09CFDA5
S2140059F00121064815F098FD24B9BDE810400120A5
S214005A00FFF7DABF10BD00BF65C6030077C6030008
S214005A1008B5044815F088FD00F0DAF92BF064FCB0
S214005A202BF05FFC8DC6030010B50446084A094BF0
S214005A301046136000F006FA002C18BF2146BDE899
S214005A40104008BF4FF4967101482BF057BC00BFBA
S214005A509C260020E11103002DE9F043384D91B05B
S214005A6008AC0746894690460FCD0FC495E80F0050
S214005A70002684E80F0001250323324C3248CDE986
S214005A800366CDE905668DF80E300796029536F06A
S214005A90FDF92E4836F0FAF932462D4920468DF8A3
S214005AA0176004F0ABFF334632462A498DF81900DA
S214005AB0009020468DF82390CDF82C808DF821603C
S214005AC004F0B6FF0A9020468DF8097004F01CFF1B
S214005AD0204608AA05A904F0D1FF02AA204603A979
S214005AE02CF008FD4FF400721B4B5A62194BE56010
S214005AF0626A920510D46BB94FF40072164B1148C7
S214005B005A6204F001FF114836F0C3F9002011B0C4
S214005B10BDE8F083013BEBE7002BEDD0094908A870
S214005B202CF01BFD4FF400720B4B06485A6204F033
S214005B30EBFE064836F0ADF9BDF82000E7E700BFFB
S214005B40B86704000040005A646A0400606A0400F3
S214005B5080841E0040420F000060005A0122034B62
S214005B601870034B1980034B1A7070473A5D00207B
S214005B70AC6C0020395D0020F8B5444B1B780BB99F
S214005B800020F8BD424B1B78012B03D1BDE8F8403E
S214005B902BF029BB3F4B1C884FF6FF739C42EFD07F
S214005BA03D4836F073F90023270AE4B21A46214628
S214005BB0384604F069FE012F04F0010326D00ED902
S214005BC0BD1E012DDCD8002B39D04FF080754FF06C
S214005BD070624FF480364FF47021304B09E003B307
S214005BE04FF080754FF070624FF480364FF470219E
S214005BF02B4B1868084029D0B04227D019681140AE
S214005C003FD1196821EA02022A4323E083B14FF00C
S214005C1080754FF070624FF480364FF47021214B40
S214005C20E7E74FF480754FF4706201260F21DFE737
S214005C304FF480754FF470623E460F21EFE74FF445
S214005C4080754FF4706201260F21C6E71A6822EAB3
S214005C50010232431A602BF0C6FA054600288FD0A0
S214005C60083744EA07102A460321C0B2FFF7F4FEBD
S214005C7040F6FF73684300F2FF70B0FBF3F080B2AB
S214005C807FE7A9427FF47CAFBBE700BF395D002009
S214005C903A5D0020AC6C0020646A040028C3035000
S214005CA020C3035024C3035010B5044C237823B9F3
S214005CB0034836F0EBF80123237010BD3C5D00204E
S214005CC0646A04002DE9F0431F4C85B007468846F9
S214005CD09146FFF7E9FF23781BB902F069F8012324
S214005CE023707BBAADF80C3030220023174E02FB2F
S214005CF003F4315DA51901BB012333554FF0FF3383
S214005D0004F1100012493044AB606F80C5F804807F
S214005D10C5F80C900AF04EFC04F108010422314448
S214005D200C4B009503A802F019F9A96802460A4828
S214005D3015F0FAFB05B0BDE8F0830133102BD6D181
S214005D40064815F0F1FBF5E73B5D0020C426002071
S214005D500B1203001D1203009AC60300C8C60300F8
S214005D6080B10278A2F14103032B0BD8407830387B
S214005D70C0B2082806D8054B134413F8413C40EA45
S214005D80032070474FF6FF70704700BFD8670400C7
S214005D9008B50B4642B101460448006803F038FCDB
S214005DA0BDE808402BF096BA022008BD9467002094
S214005DB008B50B4642B101460448006803F0B4FD3E
S214005DC0BDE808402BF086BA022008BD9467002084
S214005DD02DE9F0414FF000088CB0134F02AEFF23C0
S214005DE000930A224346314638682CF041F9C0B188
S214005DF0354606EB800405E055F8043B434528BFCE
S214005E0003F10108AC423868E9D9296803F014FFA9
S214005E100028F1D02D28EFD00CB0BDE8F0412BF0D3
S214005E2059BA0CB0BDE8F0819467002028B1034B46
S214005E300360034B43600023836070471900000330
S214005E403C670020FF2307B50021044A0093083072
S214005E500AF032FB03B05DF804FB00BFF712030044
S214005E600B460449024608680349097808B12BF036
S214005E7069BA7047D02900203E5D0020F7B50C4671
S214005E8018B12921194834F023F9246823685E796B
S214005E905F8830463946FFF7E3FFF0B18568E5B125
S214005EA0A089227D3946904291BF0020801AA368BF
S214005EB080B294BF03469B18E27C00903046A84709
S214005EC00138032803D8DFE800F0080F0B0D002484
S214005ED020462FF010FE204600E0812003B0F0BDE3
S214005EE08024F5E79324F3E78724F1E7F0C6030060
S214005EF0F8B515460D4A044610680D4A0B4611784B
S214005F0050B122462BF01EFA034628B100210C277A
S214005F10C678B14201DB0020F8BD07FB01F45A68E1
S214005F201019125BAA42F7D00131F2E7D0290020FF
S214005F303E5D002008B5034B1B6803B19847002060
S214005F4008BD00BFCC2900202DE9F74F04460D46BA
S214005F500026444B444F1860444B1970330100210F
S214005F60F85C013611F018FB0C2EF7D10C2D28BF6B
S214005F700C254FF0000901953B4EDFF8FCA03C4D88
S214005F80DFF8F880019B4B4502DC03B0BDE8F08FDC
S214005F9023784FF0000B337063887380A388B38038
S214005FA0A379C6F80880B371E379C8F8005088F87A
S214005FB004304FF00003A768A8F80630E3795B4585
S214005FC00ADC012116F8100B11F0E6FA08F10808B1
S214005FD009F101090C34D5E74FF0000338886B81CE
S214005FE02880F9784FF0000C2981BB78C5F804A00A
S214005FF0002B00930CBF802340232B737A680AF192
S2140060000C03614512DC0C2303FB01AABB6843B1F9
S214006010009A4FF6FF71B2FA82F2164B52092FF031
S214006020FAFC14350BF1010B0C37C7E7B2F800E0A9
S2140060300CF1010C23F80CEC92F802E00C3303F898
S21400604016EC92F804E00C3203F815EC12F809ECA2
S214006050BEF1010F14BF4FF0100E4FF0110E03F8F3
S21400606014ECCEE7D0290020884200203E5D0020B8
S214006070D42F00207D5E0000D4290020543200205A
S214006080014B1860704700BFC8290020014B1860FC
S214006090704700BFCC29002070B5128805460E4612
S2140060A0FFF726FF044670B102790499806816F05F
S2140060B03FFB064B1B680BB9002070BD31462846D7
S2140060C022889847F8E78620F7E700BFC82900200F
S2140060D008B510F007FB022806D0012806D0044BAE
S2140060E018784000C0B208BD0120FCE70220FAE79D
S2140060F03D5D0020054B10B51C682CB1FFF7E8FF8E
S2140061002346BDE81040184710BD00BFC429002034
S214006110014B1860704700BFC4290020034B1A7853
S2140061201AB901221A700CF087BB70473D5D00203B
S2140061300022024B1A70FFF7DDBF00BF3D5D002056
S21400614037B50446002832D010F0CCFA022830D1F9
S214006150608930F030F8E079237A003818BF0120E3
S214006160012B637A08BF40F008000BB140F0100026
S21400617063890BB140F00400257CA188A2790DB19B
S214006180E36873B90C4B11F0E3FD2178084611F073
S2140061905BFE2FF03BFB002814BF0320002003B05B
S2140061A030BDCDE90035054B11F0D2FDEDE70220FC
S2140061B0F5E70120F3E700BF8B1D0400B8ED0300F0
S2140061C008B50EF055FC014630B1044815F0ACF9A0
S2140061D0BDE808400EF0FCBF08BD00BF49C703007D
S2140061E0034B044A5B7C012103201370FFF7E0BDDC
S2140061F0286700203F5D002010B50446FFF7F0FF3B
S214006200B4F57F4F0BD100240F4B1A8813449C70B3
S214006210FEF71AFF2046BDE81040FFF705BC4FF614
S21400622001739C4204D1BDE8104008482AF061BFC3
S2140062304FF602739C4205D1BDE81040044B187817
S214006240FFF796BB10BD00BFBC5700202867002094
S214006250F06C002010B5074C012122460320FFF702
S21400626097FD28B92378044A003B18BF01235374CE
S21400627010BD00BF3F5D002028670020F8B5554BD5
S214006280554C1A884FF6FF739A4218BF03234FF0F7
S214006290080218BF2370514B36251A7032225A70E6
S2140062A0DA70DA7133221A724FF400121D719D7182
S2140062B04B4D3026C5644B4D426405654A4D012260
S2140062C085654A4D9E70C565494D5E714566494D6A
S2140062D086188566484DC6670567484D484E45672B
S2140062E0202580F8785080F8845000F12105C0F809
S2140062F08850444D80F84820C0F88C5080F85420D0
S21400630080F8602080F86C20C0F8806080F89020CC
S214006310C0F8B8303C4BC0F89440C0F8BC303B4C9A
S2140063200223C0F898403A4C80F8C030C0F8A44029
S2140063300F24384B80F8A840C0F8C430364B374C92
S214006340C0F8C8308223C0F8AC40354C80F8CC305A
S214006350C0F8B0400924334B334DC0F8D030334B2F
S21400636080F8B440C0F8D4302C7C314B80F89C20A8
S214006370C0F8A00080F8D820C0F8DC3044B12D4B1F
S21400638080F8E420C0F8E03005F11103C0F8E830EA
S2140063900C224FF0000CCB798F685A4327F802C0C6
S2140063A0BE180122443013440D347060B270F4708D
S2140063B0CB71FFF7CBFAFFF74DFFFFF789FE0128F9
S2140063C006D12B7C23B1BDE8F84017482AF091BED1
S2140063D0F8BD00BFA46C0020F16C0020405D0020DA
S2140063E0F167040001002000F067040002002000AE
S2140063F0EF67040003002000EE670400040042007C
S2140064000500420007003000FDFF210012001001C9
S21400641000404200EC67040000FF4401DC67040013
S21400642006004200BC5700202867002002FF20011B
S214006430F06C002001FF100113B504460D482AF049
S214006440BFFD6422C0F30F43637083B2B3FBF2F365
S214006450A0782370202201212AF096FFA07821221E
S21400646001212AF091FF0449201D02B0BDE810402A
S2140064702AF044BFA46C0020E09304000B7870B5AB
S21400648083704CF61E0303804FF02013C362012373
S21400649080F8303080F83C30C3180364114B124A41
S2140064A04364022382630C22044680F848300F4B74
S2140064B04063C364CB798D685A4304F12C06A81850
S2140064C046600B4E0133AE5000228260CB71094B02
S2140064D0201DC4E90134FFF7B5FC2046BDE8704036
S2140064E0FFF7AABFFDFF210021002000F26704008D
S2140064F00100010339640000437B044A0121137044
S21400650000781130C0B2FFF753BC00BF4A5D0020D0
S21400651038B504460078054D11302A460121C0B230
S214006520FFF736FC08B92B78637338BD4A5D002048
S214006530024B53F820002BF002B800BFB432002004
S214006540012908B506D0022907D049B92AF0EEFF7E
S214006550002008BD2AF0EDFFFAE72AF0EDFFF7E786
S214006560024814F0E1FF0120F3E700BF76C70300FE
S21400657010B4054C114654F820001A46BDF80430F5
S2140065805DF8044BFFF7DCBFB4320020002310B5E3
S214006590044683810364A0F844304830FFF752FC79
S2140065A0014BC4E9123410BD2515030038B5044666
S2140065B00B78194A43700D4642F82300FFF7E6FFB2
S2140065C02046FFF7A5FF4FF44013144A2361A2614B
S2140065D0134A0123E261134A23756262124A84F861
S2140065E02030A26204F10C022263104A84F82C3098
S2140065F062630C2284F8383004F10D03E363EB7910
S214006600A8685A43103481184C60094C01338450F2
S214006610084A8A60EB7138BDB4320020495D00201C
S21400662008002000F26C002000FF300001FF10017F
S214006630020101047165000010B47024427B0D480D
S214006640013A012904FB020006D0022908D059B9F4
S2140066505DF8044B2AF06ABF5DF8044B2AF069BF68
S2140066605DF8044B2AF068BF03485DF8044B14F04D
S2140066705BBF00BF9018002092C70300B0F85C30E4
S2140066802DE9F0418B4204460E4638D0437B077C0A
S2140066908BB31C4A12789A422DD370251A4A013BB6
S2140066A005FB032390F80F801B7B42462AF055FF1C
S2140066B0B845054601D1FF281FD13A463146204647
S2140066C094F890302AF049FF2F46054655221221AD
S2140066D06078A4F85C602AF057FEFF2F03D0394696
S2140066E02046FFF7A9FFFF2D09D029462046BDE822
S2140066F0F0412AF072BFFF25DFE70746E6E7BDE870
S214006700F08100BF325D002090180020416882684A
S214006710C978D27849B112B10321FFF7AFBF837BA6
S214006720002B0CBF01210221F7E72AB1837B002B47
S2140067300CBF02210121F0E7014814F0F5BE00BFAE
S214006740A3C70300037BD3B14368DA7812B182682B
S214006750D278A2B91B7933B1837B002B0CBF0421FE
S2140067600521FFF78BBF83681B792BB1837B002B3A
S2140067700CBF05210421F4E7014814F0D5BE70478C
S214006780D5C70300084A437B05211370837B5370EB
S214006790C37B9370037CD370037B137100780E3039
S2140067A0C0B2FFF705BB00BF4B5D002038B50446FE
S2140067B000780C4D0E302A460521C0B2FFF7E8FAE5
S2140067C020B1BDE83840084814F0AEBE2B7863739D
S2140067D06B78A373AB78E373EB7823742B7923730E
S2140067E038BD00BF4B5D002011C80300024B53F8B4
S2140067F020002AF03CBF00BFDC320020F8B504467B
S2140068000B78414A43700D4642F823003F4E2AF06B
S2140068104CFFFFF7CBFF6268A3683D483D49D6644E
S21400682050651165D465C3E91410DE64DC654FF06D
S21400683098730227636101230C2604F10C01E161C1
S21400684035491032216204F10D01A16233492376E5
S214006850E16204F10E016163314984F82430A163DA
S21400686004F10F0121642F4984F83030616404F18B
S2140068701001E1642C4984F83C3084F848302165E6
S21400688084F85470A265EA79A96806FB02F004F160
S214006890140E01EB000CCCF804E04FF4817EDFF818
S2140068A0ACC041F800C0D018C0B2704341F800E058
S2140068B001EB000C0020CCF804001C4884F8703073
S2140068C020661B4884F88830A0661A481A4BE06693
S2140068D01A48C4F88C30D3196067DBB21848734383
S2140068E0A06704F15C00C4F88000164884F8647061
S2140068F0C4F8840084F87C70C81860344460124879
S2140069000332C850EA71F8BDDC3200200D67000083
S2140069103116030045670000010020010200100147
S2140069200300300104003001050021014A00210067
S214006930F467040051001000F6670400F7670400CF
S214006940550021006F0018001200010401FC01062A
S21400695070B50D460646144613460A4601461A48C2
S21400696014F0E2FD25B92046BDE87040FFF744BCB0
S214006970072D05D121463046BDE8704000F0BEBC6C
S2140069804FF601439D4205D121463046BDE8704092
S214006990FFF72CBF062D05D121463046BDE87040D6
S2140069A000F062BAB5F5817F05D121463046BDE8D4
S2140069B07040FFF7BDBD202D04D12046BDE87040D5
S2140069C000F0EAB870BD00BF40C803000148FFF7FA
S2140069D057BB00BF516900004FF4C01330B50360C9
S2140069E001230C220371064B8C688360CB795A43D3
S2140069F0A518686003480133A050CB7130BD00BFB6
S214006A00F8670400040001010368064A0C211360BD
S214006A104368536003891381438922205381FFF71B
S214006A20C7B900BF0433002010B50368044686B01B
S214006A30FBB1114814F078FDA37B104A8DF80430A2
S214006A404FF48273ADF806300123CDE9022300230C
S214006A5001A804938DF81430FFF772FB2046618975
S214006A602AF033FE2046FA2150F8143B59432AF008
S214006A7045FC06B010BD00BF73C80300200000012F
S214006A8010B5064C236843B1054814F04DFD206848
S214006A90BDE8104041892AF018BE10BD1033002012
S214006AA094C8030070B5364910460C68BDF810202F
S214006AB0002C5ED003285CD8DFE800F0021E2745D5
S214006AC0002B5AD0022A58D91D78B3F80160291E27
S214006AD018BF012132462B4814F026FD2DB1314651
S214006AE020462AF0F2FD002070BDE573FA206368A8
S214006AF058432AF08AFCF6E7234814F015FDE37B9A
S214006B00002B38D00023E373F0E7002B35D0032AA0
S214006B1033D91D681D48294614F006FD1C4B2A1F54
S214006B209A4201D90220DFE723680BB19D42F9D8CB
S214006B3023899D42F6D3E37B6560B3B9FA206843A8
S214006B402AF063FC11E0002BCED0012ACCD91D8898
S214006B501048294614F0E8FC002DE3D063689D42F7
S214006B60E0D8E37B2581002BE8D12046FFF74CFFD9
S214006B70B9E70120B8E70420B6E70320B4E700BF72
S214006B8010330020B7C80300EEC803000DC9030089
S214006B90FCFF6D0038C9030038B5154B1C6834B3CC
S214006BA0F0B92168134814F0BFFC23683BB1626853
S214006BB0934204D2104814F0B7FC6368236004F1D3
S214006BC0140528462AF09FFB236823B1FA2128469D
S214006BD059432AF093FB2046BDE83840FFF714BF20
S214006BE0032804D16189054814F09EFCF3E738BDFC
S214006BF01033002063C9030091C90300C6C903000F
S214006C0070B53D4B0D46044609781860002A6DD1D4
S214006C1001231A46A1730021E1730121A1814FF4DB
S214006C206151C4E900132823344E22810C213246D8
S214006C3022206381FFF7ACF860B9D6E900230AB1D9
S214006C409A4207D3318999429FBFC4E900237389CA
S214006C50218163812A4B2B4AE363042384F8403066
S214006C6084F84C30E318A264236504F10802264B2E
S214006C70E265264A63650223226604F10A02A266DA
S214006C80234A84F85830E2660C2284F8643084F88C
S214006C90703004F10C0364646367EB79A8685A43A8
S214006CA004F13C0681184E601A4E01338650FA26CF
S214006CB0194A1A488A60EB71FFF7E8F9208904F14F
S214006CC0140570432AF0A1FB618920462AF0FDFCDA
S214006CD0134B2846C4E90534FFF7B4F8216849B1D8
S214006CE028467143BDE870402AF008BB4FF4F073A5
S214006CF002228FE770BD00BF10330020043300204F
S214006D0000002301010023000200210003002101EE
S214006D10FDFF210020000105A56A0000816A000031
S214006D20296A0000134B10B51C680CB3E37BEBB16B
S214006D302AF0EDFA2369C01A002809DB0E4814F081
S214006D40F3FB0023FA20E373636858432AF05DFBE5
S214006D50E37B5BB12489FA235C432AF061FBA04203
S214006D6006D02046BDE810402AF04FBB6468F2E724
S214006D7010BD00BF10330020F3C9030038B500244F
S214006D80044D55F8040B08B12AF0B2FC01340A2C65
S214006D90F7D138BD14330020042908B50AD172B1E2
S214006DA06BB113781BB92AF0CEFC002008BD2AF080
S214006DB0C0FCFAE7034814F0B7FB0120F6E703200F
S214006DC0F4E700BF2DCA030010B4054C114654F872
S214006DD020001A46BDF804305DF8044BFFF7DCBF10
S214006DE0143300200229024608B50ED004D839B95B
S214006DF010462AF0A8FC06E04029F9D0412907D120
S214006E0010462AF096FC002008BD2AF0A6FCFAE7F9
S214006E10024814F089FB0120F6E700BF4DCA0300C4
S214006E2010B4054C114654F820001A46BDF804303C
S214006E305DF8044BFFF7D6BF14330020426B094BB6
S214006E4052791A7082785A70C2789A70826B12B130
S214006E5090F83C20DA70007804210930014AC0B26C
S214006E60FEF7A6BF505D0020024B53F820002AF024
S214006E7090BC00BF1433002038B504460078084D97
S214006E8009302A460421C0B2FEF782FF30B96B787B
S214006E90A370AB78E370EB7884F83C3038BD00BF65
S214006EA0505D002038B504460078114D09302A465A
S214006EB00421C0B2FEF76CFFC8B9A3782A78022B6B
S214006EC00CD004D863B920462AF03DFC01E0FF2B25
S214006ED00AD02046BDE838402AF00ABC002AF2D183
S214006EE020462AF026FCF4E7002AF9D1EBE738BD65
S214006EF0505D0020F8B504460B78274A0D4642F848
S214006F0023004370FFF7B8FF636B244A5C631A6381
S214006F102046FFF7C7FF20462AF0EAFB4FF480130F
S214006F2063600123626BA66B0532E2601C4A237223
S214006F302261A21C2375A26166B11A4A84F8203029
S214006F40E261E21C6262184A84F82C3004F13C03C9
S214006F50A26223630C204FF0060CEA79A96800FBB6
S214006F6002F70434CB1921F807C05C600124002E18
S214006F700CBF022604269C700C4CDE709C60531CD2
S214006F80DBB243430A4CC818CC5000234360094B7D
S214006F9002328360EA71F8BD143300206F170300D5
S214006FA00340300101FF300102FF1001216E000096
S214006FB008000100C96D000028B1034B1B7883420E
S214006FC034BF002001207047345D002070B50025D6
S214006FD00A4C0B4E3378AB4200DC70BDD4F8A420CC
S214006FE042B123791BB16079FFF7E6FF10B910466E
S214006FF02AF070F80135A834ECE700BF9C1C00208E
S214007000355D002008B5427901461046FFF7D4FFEB
S214007010A8B1CB780A48013A042B00EB82100ED8B0
S214007020012B08D81BB9BDE808402AF082BBBDE892
S21400703008402AF088BBBDE808402AF08EBB08BD91
S2140070409C1B002008B5427901461046FFF7B4FFA6
S214007050A8B1CB780A48013A042B00EB82100ED870
S214007060012B08D81BB9BDE808402AF06CBBBDE868
S21400707008402AF05EBBBDE808402AF06EBB08BD9B
S2140070809C1B002010B586B00446FFF721F80128A7
S21400709030D1E278042A2DD8DFE802F01332340328
S2140070A0030061790846FFF787FF58B31648032A9E
S2140070B000EB811050F80C3C58791DD1003818BFF1
S2140070C0012063784FF480728DF804304FF4827399
S2140070D0ADF806300623ADF8083001238DF80B30E6
S2140070E000238DF80A0001A8CDE903238DF814309B
S2140070F0FFF726F806B010BDB0FA80F04009E0E7CA
S2140071000020DEE70220DCE79C1B002010B586B0DE
S2140071100446FEF7DDFF012830D1E278042A2DD898
S214007120DFE802F013133203030061790846FFF725
S21400713043FF48B31548032A00EB811050F80C3C77
S2140071405B791DD11A1E18BF012263788DF80A20BC
S2140071508DF804304FF48273ADF806300623ADF890
S214007160083001234FF480728DF80B30002301A8FD
S214007170CDE903238DF81430FEF7E2FF06B010BD0C
S214007180B3FA83F25209E0E70222DEE79C1B0020F6
S21400719010B586B00446FEF79BFF012812D163782F
S2140071A0094A8DF804304FF48273ADF806304FF478
S2140071B08073CDE90223002301A804938DF81430D0
S2140071C0FEF7BEFF06B010BD0800070110B586B07A
S2140071D00446FEF77DFF012820D16278104B8DF81B
S2140071E004204FF4827294F8A01094F8A10059700D
S2140071F01870ADF8062004934FF4807202230949F4
S21400720001A88DF81430CDE90212FEF799FF94F824
S214007210A130013B18BF012384F8A13006B010BD91
S214007220545D00200800050110B58378044603B3BA
S2140072300379022B0AD142791046FFF7BDFE28B12A
S2140072400C48013A00EB82102AF087FAA379022B49
S21400725002D12046FFF716FF2046FFF7B7FF0223AE
S2140072606078A4F86C305522BDE8104012212AF050
S2140072708BB810BD9C1B00204388094A0821138048
S2140072808388538083681B8A938090F8A03093711C
S2140072908379D37100780430C0B2FEF789BD00BF91
S2140072A03E58002038B50D4604460178114814F0C3
S2140072B03BF94FF602739D420ED10F4B1B782BB94C
S2140072C063712046BDE83840FFF7D6BF62790AB141
S2140072D09342F6D20123F3E7B5F57F4FF1D120466E
S2140072E02AF0D4FAA278A368022A0CBF0122002250
S2140072F09A70E6E769CA0300345D0020024B53F833
S2140073002000FFF7CFBF00BF3C33002038B504464F
S2140073100078144D04302A460821C0B2FEF738FD26
S21400732020B1BDE83840104814F0FEB82B886380C2
S2140073306B88E978A380AA88A3681A82AB7984F858
S214007340A030EB79A371094B1B780BB9637138BD7C
S21400735009B19942FBD9064814F0E6F823780133C0
S214007360F4E700BF3E58002083CA0300345D0020C7
S214007370ACCA0300F8B504460B78494A0D4642F8F5
S21400738023004370FFF7C2FFA268464BD465D36460
S214007390454B02275365454B0C2613654FF44013A7
S2140073A0E3600123A11C6161E1624149103221635F
S2140073B02265211D3F4AA1633F484049626504F1AA
S2140073C0A002A061E163E265E01C611D3C4A206208
S2140073D061643C483C492266A21D2374237784F8E6
S2140073E0283084F8343084F84030A16484F84C7037
S2140073F084F8583084F864306062A266E879AA6837
S21400740006FB00F104EB060E02EB010CCCF804E0E0
S2140074104FF0060EDFF8C0C042F801C0C118C9B26E
S214007420714342F801E002EB010C0021CCF8041095
S214007430DFF8A8C084F88030C4F870C084F89830AC
S214007440DFF89CC0214BC4F878C0C4F89C30DFF845
S21400745094C0831CDBB2C4F87CC07343DFF888C0DA
S21400746084F8747084F88C7004F16C07C4F884C0D7
S214007470C4F89070DFF874C0154FC4F888C0C4F81C
S2140074809470D71870347C60124CD450C31CDBB296
S21400749073430826D4180430D6506160E871F8BDEE
S2140074A03C330020E31703002D1803002972000068
S2140074B001FF300104FF20011000300102FF20010F
S2140074C005FF300100FF300103FF2101FC670400C7
S2140074D06F00180012000104070001084A0021008E
S2140074E0FA67040051001000FD67040055002100F3
S2140074F000239B6AB3F5804F03D21968064A91426F
S21400750003D00023037083607047012202709A68DC
S2140075109B694260F7E700BF07B0CD5E024B034AA7
S2140075201A602BF013BE00BF0000002002020FF00E
S21400753073B53F4B04461A781AB102221A7002B08D
S21400754070BDCDE900220028F9D001261E7034F067
S214007550FFFB384D384B186018F090FE2B785BB95F
S21400756002F00EFC40B935480823354A3549006814
S21400757002F04EF800B92E70334B5A68E260334A78
S2140075809A601A6E22605A6E6260D3F87021A2600A
S2140075901B6E5C042CD52E4AD368D807FCD42D4B22
S2140075A01A68531C29D04FF4801393402A4A136656
S2140075B00423294C4FF0804223664FF480632366F1
S2140075C0102323664FF400536846236601A92266FB
S2140075D063662AF073F9009B2366019B63662B782B
S2140075E0002BACD0164B1A6822665B686366A6E76B
S2140075F01A4AD368D907FCD4D1E7194B1B78002B5D
S214007600D6D1184B5A68144B12B94FF480121A662A
S214007610154A526812B94FF400121A66134B5B688B
S214007620002BC5D14FF480020B4B1A66C0E700BF93
S214007630575D0020585D00207433002094670020BA
S21400764078330020007108000080004455CEAC005E
S21400765000000440606700200090004400000450D2
S214007660565D00200080055000C005500000065002
S21400767038B5224D04462B78012B02D001232B70FF
S21400768038BD0028FCD02AF03EF9013009D02AF097
S2140076903AF940F20113984203D0194AD368DB073F
S2140076A0FCD42268174B1A6662685A66A268C3F84A
S2140076B07021E268D40744BF00229A60124B1A6811
S2140076C0013213D1114A127882B911494968C807A4
S2140076D048BF1A600F4A5268D10744BF01221A6099
S2140076E00D4A5268D20744BF02221A6018F0CEFD37
S2140076F00A4B186834F027FB0023C0E7575D0020CC
S214007700000004400080004460670020565D0020B2
S2140077100080055000C0055000000650743300205D
S21400772070B50024A36AB3F5804F23D21A68134BB2
S2140077309A421FD1124E337813F0FD0518D14FF43C
S21400774080341048FFF7F4FE032005F027F80E4BB0
S2140077500320DC6005F006F80C4B1C61AB6ADB69A5
S214007760984704460748FFF783FF0CB90123337098
S214007770204670BD4FF48174FAE700BF07B0CD5EB7
S214007780565D00206433002000A0004400900044B2
S21400779013B5204B1B7803B9FEE700231E4CCDE93A
S2140077A000336A4608231D49206801F031FFF8B906
S2140077B01B4AD2F84031D2F840211F2B4FF001036C
S2140077C011D9203A9340019A1A43019208236A4637
S2140077D01249206802F0A8F8124B134A1A602BF0E0
S2140077E0B5FC02B010BD9340009A1A430092EDE734
S2140077F02D28F1D10A4AD2F84031D2F840211F2B69
S2140078004FF0010385BF203A93409340019398BF01
S2140078100093DBE7575D00209467002000710800A6
S21400782000800044000000200B020FF038B5002551
S214007830AB6A0446B3F5804F10D21B6BB3F5804F8E
S2140078400CD20748FFF774FEAB6A20461B6B5B68DA
S2140078509847BDE838400248FFF70ABF38BD00BF6A
S2140078608033002013B50024A36A0190B3F5804F3F
S21400787013D21B6BB3F5804F0FD20948FFF758FEA3
S214007880A36A01211B6B01A89B699847044604481C
S214007890FFF7EEFE204602B010BD4FF48174F9E704
S2140078A08033002070B50026B36A0446B3F5804FD7
S2140078B00D4612D21B6BB3F5804F0ED20848FFF769
S2140078C037FEB36A20461B6B29469B6998470446D9
S2140078D00348FFF7CDFE204670BD4FF48174FAE7EB
S2140078E08033002070B50026B36A0446B3F5804F97
S2140078F00D4612D21B6BB3F5804F0ED20848FFF729
S21400790017FEB36A20461B6B2946DB699847044678
S2140079100348FFF7ADFE204670BD4FF48174FAE7CA
S21400792080330020F8B50027BB6A0446B3F5804FC5
S2140079300D46164611D21B6B7BB10948FFF7F8FDC2
S214007940BB6A20461B6B324629465B6A984704464C
S2140079500348FFF78DFE2046F8BD4FF40174FAE7A2
S2140079608033002070B50026B36A0446B3F5804F16
S2140079700D4612D21B6BB3F5804F0ED20848FFF7A8
S214007980D7FDB36A20461B6B29469B6A9847044678
S2140079900348FFF76DFE204670BD4FF40174FAE70A
S2140079A080330020F0B50027BB6A0446B3F5804F4D
S2140079B00D461646ADF5337D20D21B6BB3F5804FD2
S2140079C01CD21048FFF7B4FDBB6A20461B6B40F282
S2140079D0C1225B6A01A99847044630B10948FFF7FF
S2140079E047FE20460DF5337DF0BD836A32461B6B9D
S2140079F02946DB6A01A898470446EFE74FF401746E
S214007A00EFE700BF8033002010B50024A36AB3F56B
S214007A10804F10D21B6BB3F5804F0CD20748FFF790
S214007A2087FDA36A1B6B1B6B984704460348FFF74A
S214007A301FFE204610BD0124FBE700BF8033002058
S214007A40F0B58FB0044601A80E461546FFF7EEFEC9
S214007A509DF80C30012B12D1B5F5402F27D8B4F580
S214007A60402F24D86319B3F5402F20D821462A4644
S214007A70304615F051F9002420460FB0F0BD00271F
S214007A80BB6AB3F5804F15D21B6BB3F5804F11D28E
S214007A900A48FFF74DFDBB6A2A461B6B3146204657
S214007AA05B6B984704460548FFF7E2FDE4E740F2C3
S214007AB00244E1E740F20114DEE700BF8033002015
S214007AC0F0B58FB0044601A80E461546FFF7AEFE89
S214007AD09DF80C30012B1FD1B5F5402F06D8B4F514
S214007AE0402F03D86319B3F5402F13D940F2024450
S214007AF020460FB0F0BDE258013225D104339D4236
S214007B00F9D82A463146204629F02DFF0028EDD028
S214007B100024EDE70023F2E70027BB6AB3F5804FA9
S214007B2015D21B6BB3F5804F11D20A48FFF700FD44
S214007B30BB6A2A461B6B314620469B6B9847044619
S214007B400448FFF795FDD3E740F20344D0E740F240
S214007B500114CDE78033002070B58EB0044601A82E
S214007B600D46FFF763FE9DF80C30012B22D144EA48
S214007B700503C3F30C03002B33D1B5F5402F04D90E
S214007B8040F2024420460EB070BDB4F5402FF7D840
S214007B902544B5F5402FF3D8204604F5005429F0C7
S214007BA0DBFEAC4202D00028F6D1E9E70028E7D099
S214007BB00024E7E70026B36AB3F5804F14D21B6BA8
S214007BC0B3F5804F10D20A48FFF7B2FCB36A2946D5
S214007BD01B6B2046DB6B984704460548FFF748FDBD
S214007BE0D0E740F20444CDE740F20114CAE700BFF4
S214007BF080330020BFF34F8F0549064BCA6802F456
S214007C00E0621343CB60BFF34F8F00BFFDE700BFBA
S214007C1000ED00E00400FA0570B5D0B1C9B10E4E13
S214007C20431E013913F8014F2046325D02F003026D
S214007C30012A11F8012F08BF04F12000B55C05F0F9
S214007C400305012D08BF2032801A01D1002CE9D18E
S214007C5070BD0120FCE700BF299104000348044AD8
S214007C600449121A921029F0D9BE00BF3441000010
S214007C70D04200009464002008B5154B83F30A88B0
S214007C8000F030F8FFF7EAFF124B13498B4212D38D
S214007C900020124B12498B4218D3FDF71FF81868C4
S214007CA050F82240586840F82240013298688242D4
S214007CB0F5D30C33EAE70022F8E71C6844F8220004
S214007CC001325C68A242F8D30833E4E70022F8E702
S214007CD008000020C8B50400D4B50400D4B50400DC
S214007CE0D4B50400124B134A70B59A60D3F88820B6
S214007CF0114D42F47002C3F888206FF0010205F5BA
S214007D000054226641F2FF7262660222C3F8D02057
S214007D10BFF34F8FBFF36F8F4FF44036032004F04E
S214007D203DFD0320E66004F01DFD2E6170BD00BF22
S214007D3000ED00E00040000000800044014B1860A9
S214007D40704700BF68670020054B1860054B1B6F27
S214007D5003F00703032B01D132F0DAB8704700BFF7
S214007D6070670020008000502DE9F04104464FF077
S214007D7001080C250D4E0CB9BDE8F08194FAA4F06C
S214007D80B0FA80F00F2808FA00F2C8BF103824EACC
S214007D900204CABF05FB006205FB0062B4325768E6
S214007DA0002FE8D09168C0B2B847E4E790330020CF
S214007DB008B50C4834F06AF8192004F0E1FC28B144
S214007DC0192004F0EBFC192004F0CCFC1A2004F077
S214007DD0D7FC28B11A2004F0E1FC1A2004F0C2FCFB
S214007DE0002008BD646A04002DE9F0410E461746DF
S214007DF0054618B30F2923D80378DBB1013BDBB265
S214007E00022B19D8104AD35C6A78D340DB0717D503
S214007E100E4BD3F81043ACB933F09AFF80463A467F
S214007E202846314603F028FA404633F08CFF2046B9
S214007E30BDE8F0817F23E7E70023E5E72224F6E7A5
S214007E402124F4E70224F2E75068040000C003503F
S214007E5010B5044610B30378E3B1013BDBB2022B46
S214007E601AD8104AD35C6278D340DB0718D533F0B3
S214007E706FFF0122617823788A4030214B4341F21C
S214007E80100103F1A04303F570335A5033F05BFF43
S214007E90002010BD7F23E6E70023E4E72220F8E772
S214007EA02120F6E75068040010B5044610B30378A6
S214007EB0E3B1013BDBB2022B1AD8104AD35C6278DE
S214007EC0D340DB0718D533F043FF012261782378CF
S214007ED08A4030214B4342F2100103F1A04303F5E0
S214007EE070335A5033F02FFF002010BD7F23E6E793
S214007EF00023E4E72220F8E72120F6E75068040094
S214007F0038B50D46044618B311B30378E3B1013B08
S214007F10DBB2022B1AD8104AD35C6278D340DB0758
S214007F2018D533F015FF30222378534303F1A043CE
S214007F3003F570335B696278D34003F001032B705E
S214007F4033F001FF002038BD7F23E6E70023E4E797
S214007F502220F8E72120F6E7506804002DE9F041DA
S214007F600D4616461F46044600284DD000294BD025
S214007F70017800293ED04B1EDBB2022B3CD8244AA7
S214007F80D25C6378DA40D00701D4FF293ED1022EB6
S214007F9001D9042E3AD133F0DBFE23788046FF2B3E
S214007FA005D032462046296803F0ACF928602868D8
S214007FB0421C0BD12378FF2B20D1164B6078D3F8C8
S214007FC024142AF033FB431C286017D00C22124BD3
S214007FD002FB0033069A5F609A602378FF2B04D07A
S214007FE001230E4A8340C2F82434404633F0ABFEE9
S214007FF0002007E07F22C4E70022C2E7404633F0B5
S214008000A2FE2D20BDE8F0812220FBE72120F9E723
S2140080105068040000C003509033002000D0035086
S21400802008B503F01FF9044B00F05530C3F82004E0
S214008030BDE80840FFF798BE00E0035008B503F01F
S21400804011F9044B00F0AA30C3F82004BDE808403C
S214008050FFF78ABE00E003502DE9F04F9A46554BD5
S21400806085B01B7806460F461546DDF83C909DF811
S21400807044B0DDF85080002B00F08C80072A00F218
S2140080808B800E9B002B00F08780B9F1000F00F06C
S2140080908380129BB3F5006F7EDC012802D1109B13
S2140080A0002B79D0444B03EB05131B7B002B75D0BC
S2140080B0424C10220021684614F090FC04EB451454
S2140080C01022002F58D13946204614F087FC43F280
S2140080D010036380BBF1000F03D1E37843F0030382
S2140080E0E370364A0E9B02EB451CCCE90193129BCB
S2140080F06901581E9DF84C30C0F30A0003F00303D4
S2140081009B0643EA001E53582D48012E00EA030042
S2140081104EEA0003CDF800A0535041D113230CF1D2
S214008120100ECCF80C309CE80F008EE80F006FF0B5
S2140081300301DCF81C20109B61F39F02012FCCF892
S2140081401C20CCF8143003D1CCF81890CCF80430AE
S2140081500027194A290102EB051342F80180159AF7
S21400816028465A60694622469F605E7302F056FEB5
S214008170384605B0BDE8F08F0021204614F02EFCEE
S2140081804FF444736380BBF1000FAAD1E37843F049
S2140081903003A5E70B48ECE70B48EAE70B48E8E7AF
S2140081A0B8F1000FD4D19CF8023068F304138CF8B1
S2140081B00230CDE7595D0020F8350020F834002065
S2140081C00F80FFF3028000F0018000F0078000F0CF
S2140081D038B5124B05461B78DBB1E0B133F0B8FD7D
S2140081E00F4A00231146147B54B92B6001251A014F
S2140081F001EB03131D738C5033F0A5FD204638BDEC
S2140082000133082B02F11002EDD133F09CFD054836
S214008210F5E70548F3E70548F1E700BF595D00209C
S214008220F8350020048000F0028000F0018000F0A5
S21400823038B533F08DFD002305460B4A147B6CB928
S2140082400133082B02F11002F8D102F0A3FD074B10
S21400825028461C7033F077FD204603E0284633F0AE
S21400826072FD034838BD00BFF8350020595D002078
S214008270058000F00D4B10B51B78044693B1072817
S21400828012D833F065FD0A4B03EB04131A7B2AB1B0
S21400829000241C7333F057FD204610BD33F053FD09
S2140082A00448FAE70448F8E70448F6E7595D002072
S2140082B0F8350020068000F0028000F0018000F013
S2140082C0154B13B51868002301908DF8043033F071
S2140082D03FFD124B1C7824B133F035FD104802B038
S2140082E010BD01221A7033F02EFD0E4B01A81C7330
S2140082F01C7783F82C4083F83C4083F84C4083F886
S2140083005C4083F86C4083F87C4008238DF8073087
S21400831002F05CFD2046E2E753680400595D002049
S214008320038000F0F8350020F8B50D4D2D7885B1A6
S214008330072810DC0B4D060105EB0014277B67B100
S214008340AB510025069BA560636002F067FD2846DA
S214008350F8BD0548FCE70548FAE70548F8E700BF1A
S214008360595D0020F8350020028000F0018000F002
S214008370078000F00A4A08B512785AB107280BD8C9
S214008380084A02EB00131B7B43B1002102F010FDEC
S214008390002008BD0448FCE70448FAE70448F8E76C
S2140083A0595D0020F8350020028000F0018000F0C2
S2140083B0078000F00A4A08B512785AB107280BD889
S2140083C0084A02EB00131B7B43B1012102F0F0FCCC
S2140083D0002008BD0448FCE70448FAE70448F8E72C
S2140083E0595D0020F8350020028000F0018000F082
S2140083F0078000F0184B2DE9F0411F6D5B6D1F40A4
S21400840000D5FEE701260025144CDFF858803742D9
S21400841018D02368C8F85060A3B1A1682846013177
S2140084206268A1609847637B012B0BD150B90C4B57
S21400843003EB45131A7B60F341021A731A7F60F34D
S21400844041021A770135082D4FEA460604F110045A
S214008450DDD1BDE8F08100BF00000450F8350020F3
S214008460F8340020002004502DE9F04F144606464C
S2140084700F4689B00393C36B01225B6904A9606849
S2140084809847F36B01225B6905A93846984704A80C
S21400849029F0DDFE054650B10023A37563754FF045
S2140084A0FF33A3600025284609B0BDE8F08F05A875
S2140084B029F0DAFE0123A375237E04EBC303DF61F4
S2140084C01D846368BB420ED1206005A829F0EDFE2E
S2140084D04FF0FF332075A360237D043B022B26D884
S2140084E00023A375DEE723681A1A53425341A37587
S2140084F005A829F0DAFE237D834218BFA57505A8D6
S21400850029F0B6FE804604A829F0B2FE804518BFC2
S214008510002305A818BFA37529F0B1FE804604A85D
S21400852029F0ADFE80451CBF0023A375D4E705A83F
S21400853029F09EFE80B1F36B022238465B6906A9DD
S214008540984706A829F0A2FE0346207D032839D8BE
S214008550DFE800F03838040905A8F3E7CC22237ECC
S21400856004EBC3031A8401F083FC129B187005A861
S21400857094F8188029F070FE04EBC80888F82200EA
S214008580237E05A804EBC303B3F820A093F822804B
S21400859029F06EFE814605A829F071FE8346B9F1E2
S2140085A0000F14D0F36B022238465B6906A9984781
S2140085B006A829F031FE607568B90023A3754FF050
S2140085C000093CE0227E04EBC2021384CBE705A838
S2140085D029F00DFEEFE794F81690B9F1000FEED0F3
S2140085E0BAF1000F0DD1B8F1000F1DD00123E375CD
S2140085F0637E002B3FD1B8F1010F30D184F819808B
S21400860014E0736C07EB0B015A4287EA0100104234
S2140086101CBF0022A2755A1E0A409B1A9A45CCD847
S214008620A37D002BDFD1CAE7E37D43B94FF00009F5
S21400863053465A463946304629F054FBA060A37D7F
S21400864013B12269524422611F49227E0978914261
S2140086501AD901322276039ACAB91D4623E796F83C
S21400866034307BB9F36A0133E2D1B8F1030FDFD1BE
S2140086700123A376DAE7B8F1010FE0D0B8F1030FD3
S214008680D4D1F5E79946D3E70023A3750BE7002B73
S2140086903FF409AFE57D002DDFD0B9F1000F11D111
S2140086A0B8F1030F3FF4FFAEA1684B1C3FF4FBAEDE
S2140086B0129B2246009330460123FFF7D5FE05465F
S2140086C0A075F0E64D46EEE6786804002DE9F04F1A
S2140086D00E46984600238BB004464FF0FF311046F6
S2140086E017468DF8133001F0ADFBB6F5801F20D28B
S2140086F0314605AA04F1080029F0FBFC451C01469A
S21400870003D1237CBBB92D2010E0384601F09AFB3C
S2140087100122394620460DF1130329F035FB0028C7
S214008720EFD09DF8133088F8003000200BB0BDE87D
S214008730F08FB01CE5D1E56A691C36D12046616A27
S21400874029F016FA0546B31C18BF0123DFF8CC90B3
S2140087500193636A626C0293236805A902FB053ADB
S214008760E36B05225B695046984705A829F009FE89
S21400877029F02CFE504629F034FE4FF0000B8246BE
S21400878001464B1C05D0636C81EA0A025B42134229
S21400879011D02946204629F0EBF9029BAB422CD09B
S2140087A0BBF1000F2CD10546D3E72368ED1A636CA6
S2140087B0B5FBF3F5C7E7484601F044FB0DF113039C
S2140087C049462046019A29F0DFFA034690B1B21CCA
S2140087D003D0D9F80020B2420CD19DF813200393A1
S2140087E00D4B88F8002049461A68384614F094FA6B
S2140087F0039B9B46D9F80810C3E7BBF1000F82D055
S214008800B6F5801F91D2314698F800307A6804F1A8
S214008810080001F045FA88E774680400EC3C002084
S2140088202DE9F3410446174698460E46184D816AD0
S214008830E36A8B4201D04B1C02D102B0BDE8F08146
S214008840284601F0FFFA0122294620460DF10703CB
S21400885029F09AFA38B14346294620469DF8072063
S214008860B8470028E9D0A9684A1C04D169682046A0
S21400887029F00BFA0146012EDAD16B6881EA030271
S214008880636C5B421A4218BF4FF0FF31D0E700BF5F
S214008890C03C00202DE9F04F4FF0FF334FF6FF723B
S2140088A00025044600F108068BB0C0E90923C36220
S2140088B0056205633046884629F0ECFB204629F021
S2140088C027F960BB2046414629F0A2F9204629F048
S2140088D01FF960BB5E200BB0BDE8F08F2368E26B2B
S2140088E0606C576900FB0530052205A9B84705A846
S2140088F029F047FD012807460CD12946204629F0D5
S21400890058F9012F024600D101322946204629F0A7
S2140089101EF903E029F05FFD0028EED10135E3697A
S2140089209D42DBD3204629F0F3F80028CAD0002564
S2140089304FF0FF394FF6FF73CA46A846C4E90853FE
S214008940E36998450AD3A5EB0905012D2CD84FF607
S214008950FF72636A93423CD16720BCE72368E26BF0
S214008960606C576900FB0830052205A9B84705A8C2
S21400897029F007FD834605A829F0DAFC0746584685
S21400898029F024FD68B1574538BFC4F82480B9459E
S21400899028BFB946BD4238BF3D46BA46236A0133B2
S2140089A0236208F10108CBE74FF6FF7300256362E8
S2140089B0E3699D42CBD2676C2068E36B052207FB18
S2140089C005005B6905A9984705A829F0B1FC0135A3
S2140089D0EEE7E26B676C2068694607FB03005569A3
S2140089E00522A847684629F0A3FC626A2368606CE3
S2140089F04B4D00FB023029F0F4FC4FF0FF33A06231
S214008A00E3622A466FF00101204605ABFFF75EFEE3
S214008A10002846D1AD6829462046E56229F054F87C
S214008A20206320B92046E16A29F02FF9E062294642
S214008A30204629F02AF90546A36A9D4233D12046EE
S214008A4029F015F800278046B946E36999453CD3D6
S214008A50B84559D92046616A29F08AF800260546A5
S214008A6004F1400AB74212D8626C2368694602FBDA
S214008A700539E36B05225B6948469847684629F046
S214008A8057FC534602464946E06B29F0ACFC2946A3
S214008A90204629F06DF80136B0450546E2D164203F
S214008AA019E7A56AB7E72946204629F00DF8236B93
S214008AB02946034407462363204629F0E6F8054680
S214008AC0002FB9D1C4E90B07B6E7636C2568052209
S214008AD003FB0955E36B05A95B692846984705A87B
S214008AE029F04FFC29F072FC58B1284629F079FC91
S214008AF00146204628F0E8FF636C143B984208BF06
S214008B00013709F10109A0E7304629F0C3FA00232E
S214008B1020461946034AFFF783FE0020DBE600BF27
S214008B20183D0020771D03002DE9F041036B9046A9
S214008B30826B90B09A4288BF8363426C436A076830
S214008B400E4602FB0377C36B01A905225B69044648
S214008B503846984701A829F014FC012801463070D1
S214008B6057D0656CE26B2368606AD2F814C005FBC8
S214008B700030052206A9E04706A829F002FC0128D5
S214008B804FF0000523D0D4E90A3201219342CDE903
S214008B900B458DF834800E958DF83C102AD1194679
S214008BA0204629F072F8236B626C14339B1AE0623D
S214008BB023630C9B53B99DF83C303BB1626A616CF1
S214008BC02368E06B01FB023129F093FB0C9DE36BFD
S214008BD005225B6901A93846984701A829F0D1FB10
S214008BE030702846236BA26B9A4288BFA36310B0EE
S214008BF0BDE8F081237C33B91C490BAA04F10800B8
S214008C0001F09CF8D5E72046194A0BABFFF708FEA3
S214008C10CFE7237C23BB2246164904F1080001F067
S214008C208DF8616A204628F0C4FF616A421C20461F
S214008C3028F08DFF054620B9236B626C1344143B65
S214008C4023632046A16A29F020F82368A062C01A90
S214008C50636CB0FBF3F06062204629F059F8B6E783
S214008C6000232046044AFFF7DBFDDAE7CD93000039
S214008C7049930000111E0300AD1D030073B50D4699
S214008C80D11E4A421C461B7E4A419A4226D129687A
S214008C902368994222D3636899421FD8114E0DF17A
S214008CA007033246FFF712FDC0B972686B689A4236
S214008CB014D19DF80730DA1E53425341227E934268
S214008CC00CD1636901336361D4E90323934205D26F
S214008CD02968A26842F8231001332361012002B0FC
S214008CE070BD00BF183D00202DE9F04F9A468BB0AE
S214008CF09DF85030DFF850B10293DBF81030804614
S214008D0053450D461646C0F09880D146DBF8043031
S214008D100193B9F1000F00F08C80D8F83C300122A6
S214008D205B6907A90198984707A829F09DFADBF820
S214008D300030984240F0848007A829F0A0FA042862
S214008D40074614D107A829F0A1FA019B029A044607
S214008D503B44002A3ED1864212D91446361A404673
S214008D60019928F092FFA9EB04090190D1E7D8F801
S214008D703C3002225B69019808A9984708A8E2E7F8
S214008D80841B544528BF5446032C03EB0607AAEB66
S214008D90040A1DD9D8F83C30294638465B69A20833
S214008DA0984724F0030304F003061F441D44002ED6
S214008DB0D5D0D8F83C3001225B6908A938469847D8
S214008DC03246284608A9354413F0A6FF0026C6E713
S214008DD02646ECE7074600F00302039203442A18EF
S214008DE004920593049BDD1B059BD81B039B9F42A7
S214008DF00FD1002FB3D0D8F83C30012208A95B6908
S214008E0098473A46284608A913F03AFE78B93D44F2
S214008E10A5E7D8F83C30012208A95B6998470422E8
S214008E20284608A913F02CFE08B9043FDAE74FF0ED
S214008E30360948460BB0BDE8F08F4FF06309F8E7F7
S214008E404FF06F09F5E700BF443D00202DE9F041E3
S214008E500F4616469846044688B060B390F83450DD
S214008E60FDB1012128F049FE00210E9BCDE9051138
S214008E70CDE902379DF83C30CDF804808DF81C30E3
S214008E80237C04968BB90D4901AA04F1080000F072
S214008E9055FFDDE90553E06B002E08BF1D4628F0A0
S214008EA0C5FF284608B0BDE8F0812046044A01AB5D
S214008EB0FFF7B6FCEDE70546F3E700BFDB1D030052
S214008EC07D8C00007FB590F84260044601920DF15B
S214008ED00B030A463046114928F0B0FF012E05461E
S214008EE0E36B17D132465B6903A998479DF80B10D0
S214008EF0039B019A59B19BB243EA024301222846DA
S214008F000393E36B03A99B69984704B070BD62F3B3
S214008F100F03F3E701229B6901A9F5E7443D002012
S214008F202DE9F04F99B0CDE90B230E460A69416C46
S214008F30D31D1439B3FBF1F3013302EBC302036B09
S214008F4004469342C0F0FB810023DFF8F8930A93AF
S214008F50E36A48461946079300F074FFD6E90337DC
S214008F6005930C9B022B1CD1CC2F40F074810B9BDD
S214008F708BB13146204628F0B7FF656C14900B9BEA
S214008F8063B1E36B01225B69706816A9984716A85F
S214008F9029F06EF90CE0059B1B68149308230E93CA
S214008FA00DE0782F656CEAD80B9B002BE9D1F07D9D
S214008FB000280CBF04230823782F0E9328D90123FA
S214008FC00025089308230393336808990C98C9F87A
S214008FD00030C9F8107029F06CF900230F930D9338
S214008FE006930993039BDDF81CA09B0889F81400E0
S214008FF01193616C03984A1E0AEA02028B1AEFB1BB
S2140090000544AB421CD8236B5B1A1344236386E0EB
S214009010079A6B1E1340EB1A3A1D934207D257B1BC
S214009020082BCCD80023042508930395CCE700250D
S21400903004230895C7E704250897F6E78342E2D39A
S214009040039AB8469B1A9F4228BF984652449F42AE
S214009050049278D90123D9F8102089F8173097425E
S21400906076D1C9F804A0069399F81730002B71D072
S21400907099F818200699D31C09EBC3030132C3F8EC
S21400908004A0A3F80880997289F81820B8F1000F98
S21400909014D00C9B022B60D10F9B7BB90D9B4344D5
S2140090A0032B0BD9E36B01229B69049814A99847FC
S2140090B00546002840F0D58001230F93069B16A88E
S2140090C00193089B009399F814204346316800F0FA
S2140090D06FFEE36B50469B69119A16A99847051ECA
S2140090E00A9B18BF5346039A0A93514643462046A6
S2140090F028F0F8FD236B039AC9F808009B1A08F1BC
S214009100030222F003029B1A2363002D40F0A9807D
S2140091100D9BDDF810A04344A7EB08070D935146BE
S214009120204628F0B2FD00258246002F7FF461AF6E
S214009130844A3168936804F10800E36252680C9B25
S21400914000F0AEFD89E0069B002B18BF03238AE7DC
S214009150022388E7C9F804A098E70B9B002B30D1C0
S214009160059BB8F1030F03EB080B27D9DDE90401D3
S214009170E36B4FEA98029B6998470546002864D13E
S21400918018F003025ED0059B28F003052B440593D8
S214009190049B1D444FF0FF33059915A8159313F053
S2140091A0BBFDE36B284601229B6915A99847054637
S2140091B0CDF814B0002D81D0049B94E74246049D60
S2140091C0E8E706F12003DDF810B01093F37D706831
S2140091D09BB10023357E099AD9B28D4211D91099D8
S2140091E003F1010C31F83310914225D90E9906EBA4
S2140091F0C303D8690A44104403E00E9B099A13443B
S2140092001844E36B01225B6915A99847159B012258
S2140092101393099B584604330993E36B13A99B6980
S2140092209847049B05464344A3EB0B03042B06D93F
S21400923070B90BF1040BC9E76346521ACCE7CDF8B8
S21400924010B0B7E7CDF814B038E7CDF814B0B3E7F0
S214009250CDF810B0B0E770252F46384619B0BDE8F7
S214009260F08F3D2DF8D104F1080303932368079A85
S214009270606CA2EB030ABAFBF0FA00FB0A3029F096
S214009280B0F8E16A8046204628F0FFFCA36A216B0E
S2140092908342626C45D0D9F80830571E3B40891A85
S2140092A00B44276823630A9BE062DF1BB7FBF2F7D9
S2140092B0BA4533D1079BB3EB080A12D0E36B4FEAEB
S2140092C09A0241469B6998478346E36A079A534445
S2140092D0E362236B03989B1A4344236328F0DAFE69
S2140092E0DA462368616CE06B01FB073128F0EEFF7D
S2140092F0204628F00DFC204628F00AFD3269616CF5
S214009300D31D1439B3FBF1F30133206302EBC30220
S214009310BAF1000F05D09042A8D29DE74FF0000AA0
S214009320DFE73269616CD31D1439B3FBF1F3013307
S21400933002EBC302236B9342BFF40AAE8CE71C27F2
S2140093408BE700BFEC3C0020032A2DE9F3410646DC
S2140093500D4617461C4606D1237A012B23D0012042
S21400936002B0BDE8F081DFF86080096842460DF182
S2140093700703FFF7ABF960600028EDD19DF80730D2
S214009380032BE9D0D8F804206B689A42E4D1237AFC
S2140093902969012BD4F80CC007D172690CEB0103C4
S2140093A0934202D92074207CDAE708316144E160F8
S2140093B03B46012229463046FFF7B2FD6060002892
S2140093C0CAD00020CCE700BF183D00202DE9F341AD
S2140093D0032A1746089C06D1237A012B25D00120A4
S2140093E002B0BDE8F0812668DFF89080304642463D
S2140093F00DF10703FFF76AF960600028ECD12568D5
S214009400D8F80400A96A6A6C4840534210EA030C74
S214009410E2D1237A012B0AD1E068D8F81030034451
S2140094207069834203D984F810C0207CD8E7286886
S214009430EB6A1B1A081AB3FBF2F3B0FBF2F0834296
S2140094400BD1706CF36A421E1340326B121A13442F
S2140094502846336328F019FCE862D8F81020E36841
S21400946008321344E36001223B4604492068FFF7B4
S21400947057FD60600028AFD00020B1E7183D0020FF
S2140094802DE9F0410025604B0E46D3F800800446D7
S2140094901D6018B921252846BDE8F08190F8347083
S2140094A007B30A6803689A4240F0A4804A68436893
S2140094B09A4240F09F808A6883689A4240F09A8079
S2140094C0CA68C3689A4240F095800A6943699A421E
S2140094D040F090808A69C36B9A4240F08B804B695B
S2140094E08361D8E768223946856B13F077FAD6E9A8
S2140094F00212336804F1080023607368A563636092
S214009500336963617369A36128F0D6FDB36904F11A
S2140095104000E3639B68984720B9676C17B163689F
S214009520B3FBF7F794F84330E761002BB2D0002383
S214009530656C2366002D65D0002F63D02368B3FBCF
S214009540F5F205FB1233002B56D16668B6FBF5F331
S21400955005FB1363002B4FD1204628F0A5FAA3691C
S214009560043303449E4249D340F634726369CC3BCD
S214009570934245D8B5F5805F44D30321204628F0B2
S214009580BCFAD4E90001E36B1B6898470546E36B19
S2140095900220DB689847D5B941462046FFF77AF99E
S2140095A06428054604D141462046FFF773F9054670
S2140095B06DB9636C226A143B204602FB03F628F062
S2140095C073FAA369043303449E4238BF5A25002D1C
S2140095D00CBF0123002384F8343007D1D4E90001FE
S2140095E00A4A13680133136028F000FEE06B28F087
S2140095F01DFC50E75D254EE759254CE75A254AE7FE
S2140096005F2548E75B2546E77C3600207836002055
S2140096102DE9FF410C4616461F46054688B390F8CE
S214009620343083B3B1F5801F2FD2DFF86480012178
S21400963028F063FA4246214628460DF10F03FFF74D
S21400964045F80246C8B99DF80F30012B10D1D8F85E
S2140096501030BB4213D1009031462846FFF744FB3A
S2140096600446E86B28F0E2FB204604B0BDE8F08133
S214009670022B0CBF60242D24F3E72D24F1E763248E
S214009680EFE72124F0E71124EEE72924ECE700BFFA
S214009690443D00202DE9F04385B00E4617461C4693
S2140096A00546DDF83080A0B390F834309BB3B1F5B2
S2140096B0801F32D2DFF86890012128F01EFA4A4651
S2140096C0314628460DF10F03FFF700F8E8B99DF87C
S2140096D00F30012B14D1D9F8102004EB08039A425E
S2140096E015D322460090434639462846FFF7FCFA33
S2140096F00446E86B28F09AFB204605B0BDE8F083E8
S214009700022B0CBF60242D24F3E72D24F1E76324FD
S214009710EFE72124F0E71124EEE72924ECE700BF69
S214009720443D002073B50C461646054630B390F807
S21400973034302BB3B1F5801F24D2012128F0DDF997
S21400974021462846104A0DF10703FEF7BFFF0446E0
S21400975080B99DF80730032B0CD0022B0CD128467D
S214009760094928F0C1FB3060E86B28F05FFB204613
S21400977002B070BD2D24F7E76124F5E72124F6E753
S2140097801124F4E72924F2E7443D00202DE9F341B3
S2140097901E4600230C4617460546336050B390F825
S2140097A034304BB3B1F5801F28D2DFF85480012146
S2140097B028F0A3F92146424628460DF10703FEF796
S2140097C085FF0446A0B99DF80730032B10D0022B66
S2140097D003BF01233B600423D8F8103018BF38605D
S2140097E03360E86B28F022FB204602B0BDE8F0812B
S2140097F02D24F6E72124F7E71124F5E72924F3E7DB
S214009800443D002073B50446056B28F04DF9636EA1
S21400981003449D422CBF00230123854294BF0025AC
S2140098202D1A207C84F85030656584F85800A8B15D
S21400983000230C4E1A4619462046009628F018FCBF
S214009840002305461A4619462046009628F019FCBD
S214009850E3682844984294BF0020C01AE06502B02E
S21400986070BD00BFFFFF0F002DE9F3471E4643699A
S2140098700446B342884617469DF828904ED30025E6
S2140098808DF80750204628F00FF9D4F830A082450E
S2140098900AD2236AB5EB430F06D2002220460DF10A
S2140098A00701FFF741F9B8B39DF80730012B05D142
S2140098B0002220460DF10701FFF736F9B9F1030F34
S2140098C006D03146204628F0DFF8256B854227D3A0
S2140098D0144D4FF0FF31284600F0B4FA4B462946A7
S2140098E000222046C5E90376C5F80080FFF718FB7E
S2140098F0236E054663B12046FFF784FF94F8503088
S21400990013B994F858301BB1236E04F150009847F1
S214009910284602B0BDE8F0870135B3E76225F7E7D1
S2140099201C25F5E7183D00202DE9FF410F4690461F
S2140099301E46054698B390F8343093B3B1F5801FB1
S21400994031D21A4C022128F0D8F822463946284649
S2140099500DF10F03FEF7BAFE024678B10123424628
S2140099600093394633462846FFF77EFF0446E86BE9
S21400997028F05CFA204604B0BDE8F0819DF80F3070
S214009980012BEBD12169B142E8D100934146334621
S2140099902846FFF7A9F904460028DFD1E7E7212487
S2140099A0E8E71124E6E72924E4E700BF443D002069
S2140099B02DE9F04390F8423087B0012B054603911D
S2140099C0A1EB020840F0B080B8F1FF0F01D81F46A7
S2140099D000E003276426002445E00127012B4FF012
S2140099E03206F8D0002432223FE0284605AB224655
S2140099F0504928F057FA95F842300598012B3FD188
S214009A004FF6FF7290422BD1264664225FFA84F905
S214009A10921BBA4218D3012F4BD10022012BCDF84E
S214009A2014808DF8132038D1082205A90DF11300F3
S214009A3028F0F3FC9DF81330059A42EA03223146DB
S214009A402846FFF73FFA40B102233A4900932846DA
S214009A50CC23096803AAFFF707FF07B0BDE8F08329
S214009A60C0B258B10134012364229442BDD3012B05
S214009A7014BF322264225FFA86F9C9E70334F2E79C
S214009A80421C04D1264632225FFA84F9C0E780B22F
S214009A9008B10134A7E70234A5E7102205A90DF1A5
S214009AA0130028F0BAFC9DF81330059A42EA0342E8
S214009AB0C5E7039A012B059225D10823202205A984
S214009AC00DF113008DF8133028F0A7FC9DF8132035
S214009AD0120231462846FFF7F5F995F8423009F1AB
S214009AE00101012BC9B21BD10028ADD12846BDF813
S214009AF01420FFF7E7F90028A6D109F10201BDF806
S214009B001620C9B29CE71023202205A90DF11300E8
S214009B108DF8133028F081FC9DF813201204D8E746
S214009B20002891D1059A8BE7B8F5803FFFF455AF32
S214009B30022753E7443D002070B586B00E46054622
S214009B400392A0B390F834309BB3B1F5801F32D2A5
S214009B50022127F0D2FF31462846184A0DF1170396
S214009B60FEF7B4FD044618B99DF81730032B0ED146
S214009B700223314600932846CC2303AAFFF774FE3F
S214009B800446E86B28F052F9204606B070BD022B5A
S214009B900BD10A49284628F0A7F9039902468142C4
S214009BA0EFD02846FFF704FFEAE76124E9E721241F
S214009BB0EAE71124E8E72924E6E700BF443D002051
S214009BC0F7B50C461646054668B390F8343063B3CE
S214009BD0B1F5801F2BD2022127F08FFF21462846A1
S214009BE0144A0DF10703FEF771FDC0B99DF8073062
S214009BF0032B14D0022B14D10E49284628F074F9F2
S214009C00471C024639462846FFF7D2FE044606B1F0
S214009C103760E86B28F00AF9204603B0F0BD2D2423
S214009C20F7E76124F5E72124F6E71124F4E7292471
S214009C30F2E700BF443D002030B50C46054685B02F
S214009C4028B390F8343023B3B1F5801F23D2022115
S214009C5027F053FF0DF10F03214628460F4AFEF763
S214009C6035FD034688B99DF80F20032A0DD0032240
S214009C702146009202462846FFF7F6FD0446E86BAA
S214009C8028F0D4F8204605B030BD2D24F7E721246F
S214009C90F8E71124F6E72924F4E700BF443D002046
S214009CA02DE9F043466886B3056898464FF0000CE9
S214009CB0A946AE4655F83C400CF1010CC4F3130718
S214009CC0013401D0B94217D0B4450EF1080EF1D1D7
S214009CD02F46002403E0B44207F1080712D055F8D7
S214009CE0343001340133F6D1C1F3130141EA08518F
S214009CF0C7E90012BDE8F08341EA0851CEE9001238
S214009D00BDE8F083B8F1030F03D101230372BDE869
S214009D10F083002303E0B34209F10809F5D055F8B3
S214009D2033400133C4F30754032CF4D1C1F31303B7
S214009D3043EA0853C9E90032BDE8F0832DE9F04153
S214009D400646406882B0B8B10F4690460024336895
S214009D5053F8345003EBC403C5F30752C5F313019D
S214009D60013506D05B683046CDF80080B84718B19C
S214009D70706801348442EAD302B0BDE8F08100BFC7
S214009D80024B1968024B1868FFF77ABB746700200D
S214009D909467002008B531F0CEFF014B186008BD6F
S214009DA0703D0020014B186831F0C0BF703D0020A8
S214009DB073B504462248012A00EAC1119DF81850DE
S214009DC023F07C4007D9961E012E28D9073303F0CE
S214009DD07F03194308E09DF81C300A43DB0603F0B6
S214009DE0C053134343F060410023C4E900108DF8CC
S214009DF00730B5B1202221460DF1070028F00DFBF3
S214009E001A220DF10700211D28F007FB08206368C1
S214009E109DF8072043EA8263636002B070BD114379
S214009E20E2E71B220DF10700214628F0F6FA236828
S214009E309DF80720042043EAC2632360EDE700BFD5
S214009E4080FFFF0738B5094B0D461A680021044607
S214009E5012F0C4FD00234FF0FF322383C4E900252F
S214009E602361A260E382A37638BD00BF7468040055
S214009E700138C0B205289ABF014B185C0120704714
S214009E80796804002DE9F0410746154600240E4681
S214009E90596888B0490A012922464FEA510104F15F
S214009EA00104F8D8DC78997824031B88C90201F4E9
S214009EB0006104F480540C43C3F30A0352032344A2
S214009EC092B24FF000089C18274B6FEA04440393A5
S214009ED025F07843ED4302A90DF107001B220293FB
S214009EE08DF8078028F099FA9DF80720029B02A9B2
S214009EF043EAC2630DF107001B2225F07845049360
S214009F0002958DF8078028F088FA9DF80720029BB6
S214009F106FEA144443EAC26305934FF0FF33079495
S214009F20069307A9BB69012206F110009847BB6992
S214009F3005A90446012206F108009847BB6940457A
S214009F4018BF044604A90122301D98470122404547
S214009F5018BF0446BB69304603A99847404508BF6A
S214009F60204608B0BDE8F08101009AB238B5104B23
S214009F700546D3F800310C4603F00303022B0BD042
S214009F80032B0DD0012B0FD12FF0DCFF032305B1DF
S214009F90286004B1236038BD30F01EF80723F6E7CA
S214009FA031F0DCFE0623F2E701230020EFE700BFD6
S214009FB00080005038B5134B0546D3F820010C46F8
S214009FC000F0070004281AD8DFE800F003090D1196
S214009FD01500012305B1286004B1236038BD2FF0B9
S214009FE077FF0423F6E72FF0ADFF0323F2E72FF009
S214009FF0AFFF0523EEE72FF0A1FF0223EAE70023D9
S21400A0001846E7E70080005038B5104B0546D3F8F1
S21400A01040310C4603F00303022B0BD0032B0DD06C
S21400A020012B0FD131F09CFE082305B1286004B146
S21400A030236038BD2FF0D0FF0723F6E731F093FEFC
S21400A0400923F2E701230020EFE700BF008000505D
S21400A05038B5104B0546D3F860310C4603F00303C1
S21400A060022B0BD0032B0DD0012B0FD131F078FE35
S21400A070082305B1286004B1236038BD2FF0ACFF7B
S21400A0800723F6E731F06FFE0923F2E701230020ED
S21400A090EFE700BF0080005041F6713210B5104C5B
S21400A0A0104BA04294BF00240124D969DA639A6851
S21400A0B001F4803122F4401242EA04529A600A4ABD
S21400A0C090420A4AD2F818028CBF40F0020020F0F4
S21400A0D00200C2F8180209B10022DA6310BD00BF00
S21400A0E0005A62020000035080F0FA0200C00750D7
S21400A0F02E4B98424AD022D82D4B984240D014D8A6
S21400A1002C4B984239D00AD82B4B984232D02B4B46
S21400A11098422FD02A4B98422CD000207047294BCB
S21400A1209842FAD1284B186F7047284B98422AD08D
S21400A130274B9842F1D1244BD3F880007047254B2B
S21400A14098422BD009D8244B984223D0234B9842D0
S21400A150E3D11D4BD3F88C007047214B984221D099
S21400A16003F5740303F510539842D6D1164BD3F873
S21400A17098007047144B986D7047134B586E704795
S21400A180114B586F7047104B986F70470E4BD3F8B3
S21400A190840070470C4BD3F8880070470A4BD3F8FE
S21400A1A090007047084BD3F8940070470048E801C9
S21400A1B00024F400C0CF6A0080841E0000093D0021
S21400A1C040420F00405DC6000080E00FC0EA21015B
S21400A1D080BA8C01007E560380D54302006CDC02F8
S21400A1E00090D00337B50C460021114B0191D3F8EF
S21400A1F08031054603F00303022B0ED0032B11D04B
S21400A200012B03D101A8FFF7D5FE0D210DB1019B4F
S21400A2102B6004B1216003B030BD2FF099FE0521FC
S21400A2200190F3E72FF08AFE02210190EEE700BFCF
S21400A2300080005038B5104B0546D3F840320C4627
S21400A24003F00303022B0BD0032B0DD0012B0FD1F1
S21400A25031F086FD082305B1286004B1236038BDBF
S21400A2602FF0BAFE0723F6E731F07DFD0923F2E76B
S21400A27000231846EFE700BF0080005038B5144BA7
S21400A2800546D3F800020C4600F0070004281BD849
S21400A290DFE800F003090D111500012305B1286061
S21400A2A004B1236038BD31F05BFD0823F6E72FF0DC
S21400A2B093FE0723F2E731F056FD0923EEE72FF071
S21400A2C027FE0C23800AE9E700231846E6E700BFCE
S21400A2D00080005038B5144B0546D3F808020C46EB
S21400A2E000F0070004281BD8DFE800F003090D1172
S21400A2F01500012305B1286004B1236038BD31F094
S21400A3002FFD0823F6E72FF067FE0723F2E731F06C
S21400A3102AFD0923EEE72FF0FBFD0C23800AE9E770
S21400A32000231846E6E700BF00800050032814D03C
S21400A33005D8012805D0022809D0002005E00F28FE
S21400A340FBD1084B186FC0F3013001307047054B46
S21400A350D3F89000C0F30460F7E7024B186FC0F321
S21400A3608020F2E7008000501FB5002301932528C7
S21400A37017D8DFE800F0131A1D272C363B51565B22
S21400A38060656A78161A401616561A272C27361A4B
S21400A3905127783B3B3B3B2727275B602FF09EFDF2
S21400A3A00190019805B05DF804FB2FF0B1FDF7E7CA
S21400A3B02FF094FD02460220FFF7B8FFB2FBF0F242
S21400A3C00192EEE72FF0A4FD02460320F4E72FF0FB
S21400A3D09FFD02460320FFF7A9FFB2FBF0F25208EA
S21400A3E0EEE7002101A8FFF7FDFEDAE7002101A84D
S21400A3F0FFF7E0FDD5E702934FF0E0231B695B070C
S21400A40005D52FF085FD0290029B0193C9E703A9AD
S21400A41002A8FFF7F9FDF7E7002101A8FFF7F4FD12
S21400A420BFE7002101A8FFF713FEBAE7002101A845
S21400A430FFF724FFB5E7002101A8FFF74BFFB0E7C1
S21400A440002101A8FFF792FDABE7094BD3F8803057
S21400A45003F00303022BA8D0032B01D000209FE7B4
S21400A4602FF076FD9CE7002101A8FFF7E3FE98E7B2
S21400A4700080005008B50120FFF776FFBDE80840D1
S21400A4800349884294BF01210221032000F002B84C
S21400A49080F0FA02032810B50C4627D004D801280D
S21400A4A004D0022817D010BD0F28FCD127F0D3FF08
S21400A4B027F0D9FF124A013C136F23F4405343EAB6
S21400A4C0043313672FF024FD0021FFF7E5FDBDE8F8
S21400A4D01040FFF7CFBF0A4A4C1ED2F8903023F048
S21400A4E0F85343EA0463C2F89030DCE7044A4C1E93
S21400A4F0136F23F4806343EA84231367D3E700BF14
S21400A500008000501FB500230193252821D8DFE8DE
S21400A51000F013202020202A2F454A4F54595E7100
S21400A52020203420204A202020202A204520712F59
S21400A5302F2F2F2020204F54314B1B6F03F0070383
S21400A540013B032B05D8DFE803F00C02080A0423BE
S21400A5500193019805B05DF804FB0323F8E7062392
S21400A560F6E70223F4E7002001A9FFF73BFEF0E739
S21400A570002001A9FFF71EFDEBE702934FF0E02352
S21400A5801B695B0705D52FF0C3FC0B230393039BC6
S21400A590DEE703A902A8FFF737FDF8E7002001A9C8
S21400A5A0FFF732FDD5E7002001A9FFF751FDD0E700
S21400A5B0002001A9FFF762FECBE7002001A9FFF704
S21400A5C089FEC6E7002001A9FFF7D0FCC1E70C4BC7
S21400A5D0D3F8803003F00303022B03D0032B05D0FF
S21400A5E00023B5E72FF094FC0B23B1E72FF0B0FC67
S21400A5F00523ADE7002001A9FFF71CFEA9E700BF71
S21400A6000080005008B50320FFF790FE034B18703B
S21400A61027F021FFBDE8084027F025BF5A5D00203F
S21400A62010B504462FF074FC0021FFF735FD1CB171
S21400A630BDE81040FFF71EBF034B0320BDE81040E7
S21400A6401978FFF727BF00BF5A5D002038B50546CA
S21400A650FFF74EFD204B04465A68012A04D11F49D5
S21400A6604A609A699207FCD10020FFF74BFF042846
S21400A67003D127F0F0FE27F0F6FE194A24F04073C7
S21400A68095421FD0174A95421FD0174AD16811F03D
S21400A690060FFBD19068936091684B4013F4F81F47
S21400A6A016D12846FDF74AFB0020FFF72BFF0428AB
S21400A6B010D12FF02DFC0021FFF7EEFCBDE838404E
S21400A6C0FFF7D8BE43F00073DFE743F08073DCE7A4
S21400A6D09060E9E738BD00BF00C0015000E00150BF
S21400A6E040420F0080841E000000015070B50446F2
S21400A6F00020FFF707FF03287CD045F60E03022153
S21400A700414AC2F88030414B9962012103F58053DB
S21400A7109962936DD903FCD4D4E900131B0543EA70
S21400A7200163E17B94F823500B43217B43EA01430A
S21400A730617B43EA0133A17B43EA8113136191698C
S21400A740D4E904031B0643EA806301F000410B438F
S21400A750A17EE07E0B43217E43EA0143617E43EA0D
S21400A76001239361E169136A002923F00D0343EA8C
S21400A770010314BF0121002143EA800343EAC10319
S21400A780136294F8203094F82200916A4FEA43133B
S21400A79031D194F8216021F0330143EA06130B43CC
S21400A7A043F0010393621A49174A936D31EA030393
S21400A7B0FBD10221154B9962936D5B00FCD41369A3
S21400A7C0A16823F4700343EA015313614FF000427B
S21400A7D00E4B9A6118B9022203F580539A6215B996
S21400A7E001220C4B9A6294F824301BB1064B0A4A9D
S21400A7F0C3F8802070BD21F0330129430B4343EAA0
S21400A80040039362EFE700BF00C0005000D0005046
S21400A8100300014000E00050F1A7FFFF014B93F951
S21400A820000070475B5D0020014B1880704700BF3A
S21400A830AE6C00200C4A10B51369044643F00403BE
S21400A84013612FF04FFF27F012FE084B084AC3F89B
S21400A850202430BF27F00CFE03F0C8F81CB9BDE872
S21400A86010402FF055BB10BD00ED00E000E0035097
S21400A8700000FFFF034A0179D36E23F030030B4339
S21400A880D366704700400050F8B504460D461F4694
S21400A89016464AB101238B403021184A01FB00229C
S21400A8A0EFB141F2100153503023072D4FF00F0146
S21400A8B004FB03F316D8A80006FA00F281401048FD
S21400A8C0184427F0D8FD4EB9012330210B4AAB407F
S21400A8D001FB042277B141F210015350F8BD42F259
S21400A8E01001E0E7A5F10800800006FA00F28140BA
S21400A8F00448E5E742F21001EFE700BF00C003504E
S21400A90004C003500CC00350012200F5805310B55C
S21400A9105A60224B224AC36043691340FCD18361CC
S21400A920C0F89830436913F4401FFBD14369DA0539
S21400A9302FD4836F002B2CD143699B052BD4D0F8E2
S21400A940883043BB0121C26FD0F88C2000F500523E
S21400A9505160302183600361C36203620167C0F8FF
S21400A96080101049884210D142F260040E49846477
S21400A9700165436584651C460166436603F128014C
S21400A9800133102B40F82140F8D1084B53629362F4
S21400A99010BD436FCAE7D0F88430CDE7120002003E
S21400A9A0520001000040005A00C002808F330F8022
S21400A9B0084608B569B91820FFF7D6FCB0B10C4BAD
S21400A9C0984206D90B4B9B68C3F302730133B0FB66
S21400A9D0F3F0094B00F5742000F23F20B0FBF3F0D3
S21400A9E001387F2828BF7F20C0B208BD0120F0E7CD
S21400A9F0005A62020040005A40420F000B4B10B54E
S21400AA00994228BF19460C461AB91820FFF7ACFC25
S21400AA100246631E1344B3FBF4F0A34228BF00F1C2
S21400AA20FF30032828BF0320C0B210BD005A6202C0
S21400AA3010B51048104C002B08BF04468C4228BFA7
S21400AA400C461AB91820FFF78FFC02469DF808300E
S21400AA5040F2FF300133B2FBF3F2631E1A44B2FB3E
S21400AA60F4F3A24228BF03F1FF33984228BF1846EA
S21400AA7010BD00BF80969800404B4C002DE9F04F6B
S21400AA802DED068BDFF808830C461646414600225D
S21400AA9085B00546FFF7B2FF67790122874238BFC7
S21400AAA0074605F500535A602079FFB250B91820C2
S21400AAB0FFF75AFC4045014628BFB0FBF7F1284691
S21400AAC0FFF776FF637822789B0043EA4203A2787A
S21400AAD0000443EAC203E27800F4FE00120102F02A
S21400AAE0300213433A0702F0E04213431843E38868
S21400AAF02289A8602B61638943EA02432B629A4B42
S21400AB009D4208D0012305F580556B6005B0BDEC6D
S21400AB10068BBDE8F08F4FF00008944C0022337887
S21400AB2093489449D6F808A0934218BF0146009768
S21400AB308D480393FFF77CFF05EB081CDCF848E024
S21400AB40039B0EEA040E03F0030141EA0E0196F899
S21400AB5001E01FFA8AFA4FEA8E0E0EF01C0E41EA4A
S21400AB600E0196F802E0824538BF82464FEA0E3E56
S21400AB70F0780EF4E04E41EA0E014FEA004E0EF475
S21400AB80E02E41EA0E0196F804E04FEA08124FEA7A
S21400AB900E7E0EF0405E41EA0E01CCF84810DCF85E
S21400ABA0481008F1050BC1F3023C0CF1FF3C72495A
S21400ABB0BCF1040F2FD8DFE80CF02E2E031722006E
S21400ABC0D1F880914FEA194973B3CAF3090305EB2C
S21400ABD00B1BCBF8043008F10103022B4FF00108E1
S21400ABE006F110069AD18DE7D1F88491002BECD1AE
S21400ABF0D1F88C311FFA89F91B145B0017E0D1F8E5
S21400AC008491002BE1D1D1F88C314FEA19491B14FD
S21400AC1003EB43030BE0D1F880111FFA81F9002BF8
S21400AC20D3D1DFED567A06E0D1F88C311B1407EE4F
S21400AC30903AF8EEE77A2A44D2F848C00122CCF3DC
S21400AC40820101318A4007EE102A29F4C04319F424
S21400AC50004F4FEA834318BF43F000431CF01C0F1D
S21400AC60B8EEC79AF6EE008A434951D1D1F88C2146
S21400AC7012B208EE102AB8EEC88A38EE278A9FED80
S21400AC8040AAF7EE049A002859D1039327F06DFCEA
S21400AC9007EE900AF8EEE77A87EE8A7AC9EE877AA8
S21400ACA027EE888A039B9FED377AC7EE097A9FEDD9
S21400ACB0367A67EE877AB1EE007AB3F1004F48EE47
S21400ACC0077A0BD09FED317A06EE109A77EE876AF8
S21400ACD0BAEEE86AF0EE477A56EE267AF5EEC07AD5
S21400ACE0F1EE10FACABFF1EE677A78EEE78A77EEF1
S21400ACF0E88AFDEEE87A17EE902AB2F5003F29DBE7
S21400AD006FEA53436FEA43434FEA0B12AB505CE7DC
S21400AD10D1F8902169EE286A12B207EE102AB8EE32
S21400AD20C77AD1F8882177EE677A12B208EE102A31
S21400AD3087EEA67AB8EEC88A38EE078A9FE7D6ED81
S21400AD40037AF8EE677A87EE8A7AC9EE877A27EE74
S21400AD50888AA8E712F5003FAABFC2F3110243F49F
S21400AD6000331343D0E700BF0040005AE08FF8CF0F
S21400AD70404B4C00809698000080E00F00000000DA
S21400AD8000007A4400008043000020440000004990
S21400AD90005A620208B5152001F0D2FC0022FF21FD
S21400ADA0024B5A6599625A6008BD00BF0000045005
S21400ADB0044A054B002908BF1346012282401A6048
S21400ADC0704700BF4010045040200450012110B5C9
S21400ADD00278114B120659609A60417882780446D0
S21400ADE042EA01429A61FF229A6200229A631A643A
S21400ADF04FF000425A654FF0FF3203F5005315201E
S21400AE001A6501F0CBFC1520E17828F0A1F9BDE821
S21400AE101040152001F0A6BC00000450F8B501252E
S21400AE20C3B21E4FD1F800C09D408E7ACB7A0C4636
S21400AE30097B3D6507F5005747F820C04FF0300CFA
S21400AE400CFB00F01B05677B00F1A04043EA0643BD
S21400AE5000F5802043EA415322F003020766C365EB
S21400AE60026730F075FF0E4B227A5D6502B11D64F5
S21400AE70627A02B19D632279A37943EA0243074AC4
S21400AE8093616179E37943EA014305498B61054B98
S21400AE9055639D64BDE8F84030F055BF002004506F
S21400AEA0001004500000045010B50124C0B28440C5
S21400AEB030F04EFF044B5A6D22EA04025A659C623B
S21400AEC0BDE8104030F03FBF0000045010B501242C
S21400AED0C0B2844030F03CFF074BDA6A224208D109
S21400AEE05B6B9C430CBF0124002430F02CFF2046F3
S21400AEF010BD0024F9E700BF0000045070B50546F9
S21400AF0030F026FF3022084B5E6B02FB05335C6E8A
S21400AF1030F019FF0123EDB2AB4033420ABFC4F351
S21400AF200A100020013070BD0000045041F6713256
S21400AF30034BDA63012203F50053DA60704700BF63
S21400AF400000035041F671320121044BDA6303F529
S21400AF500052D1600022DA63704700BF0000035041
S21400AF60044B1868421C02BF034AD2F894001860CB
S21400AF70704700BF9867002000400050CB784A78A2
S21400AF8010B55B010C7843EA82030A79234343EA4F
S21400AF9002130C22424302F1B0421363012C02BF9B
S21400AFA08A78024B43F8202010BD00BFD0800350A3
S21400AFB008B54FF0B0435A6802B960B15B680BB190
S21400AFC027F0FBFA4FF0B04130B10120074B586034
S21400AFD027F0F3FAC86008BD27F0EFFA0223CB602B
S21400AFE027F0EBFA0122024B5A60F4E700100058F3
S21400AFF0002000584FF0B0414B6810B50BB127F059
S21400B000DCFA01220B4BC4785A608378934043EAFB
S21400B010840344782343047943EA0413447943EAD7
S21400B020C4038B60044B5A600378C3F10203CB6001
S21400B03010BD00BF0020005800100058054B5B698B
S21400B040C3F38512827003F03F021B0B427003703D
S21400B050704700BF00C007500120034B9B680A33AF
S21400B06003F01F03984070470080E00F0D4B984296
S21400B07008D1A3F50033C3F88411802300F580506F
S21400B080C3657047084B984204D1A3F51033C3F844
S21400B0909411F2E7054B984204BFA3F52033C3F89A
S21400B0A0A411EAE70080055000C0055000000650D5
S21400B0B070B5054616461C4619B90320FFF754F925
S21400B0C00146402C1BD003D8DCB1202C1BD070BD11
S21400B0D0602CFCD1042303FB06F2530803EB411358
S21400B0E0B3FBF2F36021094A203B02EAC30305F5ED
S21400B0F00052916005F580529460EB61E7E7062305
S21400B100E9E71023E7E70823E5E700BFF8FF7F003D
S21400B110012200F580535A6040F6AA6341F2050208
S21400B120436100230D498360C365C26000F5005289
S21400B1300361C361C364916409498365884203D18E
S21400B14003650023436506E006498842F8D001F50A
S21400B15080418842F4D0012353607047FFFF01000E
S21400B1600080055000C0055070B50D46FFF7D0FFB3
S21400B170012300F580567360AB7C04461BB18368E0
S21400B18043F080438360EB7C1BB12046297DFFF7AC
S21400B1906DFF2A8A6B7B20461343EA891343E360DC
S21400B1A02B7BD5E90112FFF783FF6B7D1BB1A368EC
S21400B1B043F48033A360AB7D1BB1A36843F4004324
S21400B1C0A360EB7D2A7E1B07120502F4E00203F063
S21400B1D0E0431343A365697E1F4A8B1E012B1F4B5A
S21400B1E01DD8944217D002F58042944215D002F53D
S21400B1F08042944214BF4FF0FF32022203EB421308
S21400B200022041F2AC520329985020D10423F36562
S21400B2102B78636170BD0022F0E70122EEE79442CE
S21400B22011D00F4A944210D002F58042944214BFC7
S21400B2304FF0FF32022203EB4213022042F2AC52DE
S21400B24001299850E1E70022F5E70122F3E70422FE
S21400B25004F50053DA65DBE70080055000C00350B4
S21400B26000C00550034BD3F82424D3F82004104024
S21400B270704700BF00C003502DE9F8431E4B05463B
S21400B280D3F810334B1E0E2B0E46174690F8008050
S21400B29044781BD9F9B14FF000092846C7B130F001
S21400B2A065FD3023072C03FB08F316D80F21A400F6
S21400B2B0124809FA04F2A140184427F09AF9C6B9D0
S21400B2C0284697B1BDE8F84330F050BD8946E4E71C
S21400B2D027F09EF9E5E78946E3E70F21083CA4003E
S21400B2E0074809FA04F2A140E6E7BDE8F84327F06C
S21400B2F08FB9BDE8F88300BF00C0035004C00350F8
S21400B3000CC00350214B2DE9F0411646D3F810230C
S21400B3104A1C05460C4605D1D3F82414407827F07D
S21400B32085F90446002C2EDB072C14DC03274FEA95
S21400B33084082A7807FA08F73946154802FA08F208
S21400B34027F057F96A78394602F00302114802FAE4
S21400B35008F227F04EF9012316F0050F0E4A18BF23
S21400B3600E4903FA04F30CBFC2F81034C1F81034C7
S21400B37016F0060F18BF094AC2F814340123064A0D
S21400B380A340C2F820342046BDE8F08100C0035038
S21400B39000C4035008C4035000E0035000D003501C
S21400B3A070B504462BF022FF064630B90FCC044D8C
S21400B3B00FC594E80F0085E80F00304670BD00BF4B
S21400B3C0743D002047F6FF739A42F0B570D002290C
S21400B3D070D8394B5B5C022B6CD8384DDE0005EB21
S21400B3E0C304A77815F83330012F394638BF01213A
S21400B3F0012B16D1E078401A0021884205D8012F8B
S21400B4002CBFC0190130C0B2F0BD431A6568A0EB6E
S21400B410530335F913509542D4BF194603F1FF3054
S21400B420EBE760680028EFD0B0F90040944204DBF8
S21400B430B0F902409442B8BF144683883544FF2BC7
S21400B44019BFC8232827B0F90630B0F90870A3EB57
S21400B45004030CBF0122002293FBF7F36E7813441B
S21400B4601BB29E4201DD002B01DA731E1BB24FF4A5
S21400B4707A7C00EBC305EA88AD685F1C14FB0252B9
S21400B4801D4622EAE2723BB25C329E42B2FBFCF2FE
S21400B49004DD00EBC307BF889742EAD200EBC50382
S21400B4A09888904228BF1046884238BF0846AAE7C8
S21400B4B0FF20A9E70020A7E77F680400743D00206E
S21400B4C00229F0B561D8324B595C02295DD8314B60
S21400B4D013F83100012816D103EBC1039C78D87805
S21400B4E0012C214638BF0121904294BFC1EB0001D8
S21400B4F0C1EB0201001BCAB28242C8BF00225B68D1
S21400B50033F91200F0BD002A3DD003EBC1035968A1
S21400B51000293AD09878904202D3B1F90200F1E7B8
S21400B520DC78B1F900009442ECD95C788B88013C59
S21400B530A3F1FF06734201F10405E4B2734101F181
S21400B5400C07DEB2B44217D805EBC3034FF47A7586
S21400B55012FB05F2B3F902405B68D21A04EBD4730F
S21400B56002EB630292FBF4F29042CBDBB1F90200ED
S21400B5709042C7DC10B2C5E737F833C05E1C94456E
S21400B580E2D33346DDE70448BCE70448BAE700BF29
S21400B5907F680400743D00200CFEFFFF0080FFFF64
S21400B5A008B50448FFF7FCFEBDE8084001202BF074
S21400B5B023BE00BF846804007FB51422002101A8C2
S21400B5C011F00CFA044B01A94FF0FF3002932BF058
S21400B5D059FE07B05DF804FB006A18002DE9F0413B
S21400B5E08CB08846DDE912761D460446002847D012
S21400B5F0002945D0002F43D0002E41D013F00F0372
S21400B6003ED120482049A360002A08BF0146236295
S21400B610C4E90013404609A927F093F868BB204602
S21400B620099930F0FEFB2946204630F0FAFB6946C1
S21400B630404627F016F900BB6946204627F042F937
S21400B640404603A927F018F9B8B9204603A927F001
S21400B65039F906970127204645F0005506A90797B1
S21400B660089527F02FF9204609A909960A970B9501
S21400B67030F0FDFB204630F0B7FB0CB0BDE8F081A3
S21400B6802120FAE700010004000101042DE9F04F33
S21400B69097B0894690461F460546DDF880A00028EC
S21400B6A000F0BB80002900F0B8803AB1229B002B46
S21400B6B000F0B380239B002B00F0AF80BAF1000FA0
S21400B6C000F0AB80219B002B00F0A78067B13C68A0
S21400B6D00026229B43440293464507D307B13C60AD
S21400B6E0002017B0BDE8F08F3C46F1E75CB1229B26
S21400B6F0219A9B5D125D01345340239A04F00F0497
S21400B70093550136E8E7A8EB060BBBF10F0F58D9A7
S21400B710434B4846C5E90034AC602C6213A927F0B9
S21400B72010F80028DDD1284613992BF00F0B30F0C7
S21400B73078FB5946284630F074FB484604A927F0A3
S21400B74090F80028CDD1284604A927F0BBF8484633
S21400B75007A927F091F80028C3D1284607A927F0A3
S21400B760B1F8012322992F4ACDF828A00B930C920A
S21400B7708A190D9228464BF000520AA90E9303929E
S21400B7800F9227F09FF828460DA927F09BF8239BD9
S21400B790039A99190123109111931292214A28466F
S21400B7A010A9CDF84CA01493159230F060FB2846F3
S21400B7B013A930F05CFB284630F016FB5E440028E8
S21400B7C08FD1229B03EB060B239B1E44029B9B45BB
S21400B7D001D1464680E7ACB9219B2246CDE900A3BD
S21400B7E0494610232846FFF7F9FE00287FF479AF74
S21400B7F00AF1100212F8013D0133DBB213700BB9E7
S21400B8005245F7D1219A1BF8013B125D0134534093
S21400B81006F8013B04F00F04D8E7212061E700BFDB
S21400B82003030004100000207FB50E461D460446A4
S21400B830F0B102B9E3B901230192029345F0005337
S21400B840039300230B4AA360C4E900232362204627
S21400B85001A927F037F83146204630F0E2FA2046B4
S21400B860294630F0DEFA204630F0BEFA04B070BD4D
S21400B8702120FBE700000943084B984202D0084B02
S21400B880984207D10B88B3F5105F14BF6FF08500A0
S21400B890002070476FF08500704700BF00444004EA
S21400B8A00013C0041038102808D8064BC34013F005
S21400B8B0010F0CBF6FF08600002070476FF0860007
S21400B8C0704700BF010101002DE9F04F8A46A5B080
S21400B8D00021DDE93074DDE932590490934606A86C
S21400B8E010221E46DDF8D08011F078F810220021D4
S21400B8F00AA811F073F8BAF1000F05D16FF0860AA6
S21400B900504625B0BDE8F08FBBF1000FF6D00FB95A
S21400B910002CF3D12E9B13B92F9B002BEED115B91B
S21400B920B9F1000FEAD1B8F1000FE7D0049930461C
S21400B930FFF7A2FF014610B16FF0850AE0E7282264
S21400B94005901AA811F04AF82022059912A811F0BD
S21400B95045F81AA830F05BFA10B16FF0920ACFE7FC
S21400B96051465A46049812AB26F0F8FF8246002845
S21400B970C6D11298FFF796FF82460028BED114B9AA
S21400B980C8F80000BCE7AF4256D23B199D4253D2DE
S21400B9904C45B3D822463946284610F0C9FE504BCF
S21400B9A09E4268D0C8D34F4B9E4203D003F54073E7
S21400B9B09E42C1D12F46102200210EA811F00EF88B
S21400B9C04C459BD8484B9E422F9B56D10D2B95D16C
S21400B9D001238DF838302E9B0DF1390203F10C014E
S21400B9E053F8040B8B4242F8040BF9D11B78137002
S21400B9F001238DF8473014F00F0624F00F0B4CD1BE
S21400BA0006AB01930EABCDE9027500935A460023B0
S21400BA1012A91AA8FFF73AFE074600285DD04A4644
S21400BA200021284610F0DAFF0023012FC8F8003066
S21400BA3093D16FF08B0A63E72A4B9E42BBD003F587
S21400BA4040739E42B7D0264B9E427FF475AF4C455E
S21400BA503FF654AF14F00F027FF450AF2346CDE903
S21400BA60007512A91AA8FFF7B9FD07460028D6D117
S21400BA70C8F8004044E72F46ECE7102B7FF43EAFB3
S21400BA802E9B0EAA03F1100C164618685968083348
S21400BA9003C663453246F7D1ADE707EB0B030DF15E
S21400BAA0280C03F1100E624618685968083303C262
S21400BAB073459446F7D10F2CA2D805EB0B030393DE
S21400BAC00AAB029306AB01930EAB009332460023FB
S21400BAD012A91AA8FFF7DAFDC7E7002EC8D0ECE7D0
S21400BAE0004440040010C0040013C0042DE9F04FC9
S21400BAF08A46A1B00021DDE92A45DDE92C688146A9
S21400BB00934606A810221F4610F068FF1022002158
S21400BB100AA810F063FFBAF1000F05D16FF086098E
S21400BB20484621B0BDE8F08FBBF1000FF6D00CB947
S21400BB30002DF3D116B9B8F1000FEFD12E9B002BD4
S21400BB40ECD049463846FFF797FE014600283AD122
S21400BB502822059016A810F041FF202205990EA86D
S21400BB6010F03CFF16A830F052F910B16FF09209B1
S21400BB70D6E748465A4651460EAB26F0EFFE8146BB
S21400BB800028CDD10E98FFF78DFE81460028C5D13E
S21400BB9015B92E9B1860C3E7B44217D263199E42AC
S21400BBA014D24545BAD82A462146304610F0C0FD84
S21400BBB0384B9F4219D006D3374B9F4258D003F5D7
S21400BBC040739F422ED06FF08509A9E7324B9F4203
S21400BBD04FD003F540739F4225D02E4B9F42F2D1A3
S21400BBE0454503D96FF089099AE734462B0795D166
S21400BBF02B460122CDE900460EA916A8FFF7EEFC5B
S21400BC002E9B04461D6000288AD0424600213046FE
S21400BC1010F0E4FE00232E9A012C1360A6D16FF0DC
S21400BC208B097DE734460D3D4545DBD801238DF86D
S21400BC30283023460DF1290204F10C0153F8040BB9
S21400BC408B4242F8040BF9D11B780D3413704FF475
S21400BC508073ADF8363006AB01930AAB00932A46E4
S21400BC600023CDE902460EA916A8FFF70FFDC7E789
S21400BC703446103D4545B5D823460AAF04F1100CAE
S21400BC803A4618685968083303C263451746F7D121
S21400BC901034E0E7004440040010C00410B54FF430
S21400BCA02F720021044610F099FE8023C4F88C30D1
S21400BCB0054B04F19C00C4F88430012384F88830D6
S21400BCC0BDE8104025F05FBEE1CA030010B5D0F80D
S21400BCD0A0400A468CB927F059F8044610B900244B
S21400BCE0204610BD2D2896BF064B074953F8201056
S21400BCF0064A074827F093F9F2E7D0F8A410104652
S21400BD00A047ECE770690400E4CA030098C6030085
S21400BD1009CC0300F8B590F88060044616B10026FA
S21400BD203046F8BD26F063FE0028F8D1012384F8DB
S21400BD30803094F8883033B1D4F884101F4884F8E3
S21400BD40886027F06CF94FF0FF37D4F8B402421C35
S21400BD501FD0C4F8B47210F0FF052CD0204626F091
S21400BD6043FE2946204600F091FB0028EDD02046F1
S21400BD7026F048FE94F888303BB1D4F884100F487B
S21400BD8027F04DF9002384F88830002384F88030AB
S21400BD90C6E727F029F9431CDDD1D4F88C30D4F857
S21400BDA09420013B9A4204DB054A0649064827F0E0
S21400BDB036F90126E9E70126C7E700BF35E40300A8
S21400BDC098C60300F2CA030009CC0300F8B50B7846
S21400BDD00446302B0D46164604D14B7803F0DF039D
S21400BDE0582B11D0284F6A1E12F8011F002934D193
S21400BDF028460A2210F062FC202C03460D4631D15C
S21400BE00B1FA81F040091AE04A1C1F4912F8013FB6
S21400BE108BB9284610F05EFC1C4B02382340032BDF
S21400BE2012D10134A41084420AD1A87837288CBFD6
S21400BE300020012003E0CB5C13F04400E6D1F8BDFF
S21400BE40CCBF01200020FAE7002CB8BF0334B0EBCB
S21400BE50A40FD4BF01200020F1E77B5C13F00400A0
S21400BE60C2D1ECE726B1084302D0013B61F10005E0
S21400BE700122A240013A1A40002D08BF9A420CBF88
S21400BE8001200020DBE700BF2991040003000080AA
S21400BE90F0B5037801467B2B17D106460224002214
S21400BEA00B4F16F8015F7D2D05D10B5D6BB9D243A4
S21400BEB002F0010008E07B5D13F0440002D001327E
S21400BEC00134EEE7202DFBD0F0BD0020FCE700BFDC
S21400BED02991040070B506460D4610F0FBFB04469B
S21400BEE0304627F09CF8AC4200D370BD024827F0DD
S21400BEF096F80134F7E700BF3FDB03002DE9F04179
S21400BF00044602214E48FFF7E5FF1E212068FFF792
S21400BF10E1FF6368586827F082F84A4827F07FF800
S21400BF2067683B7BFD2B0CD8D7F808804FF0FF35B1
S21400BF30404610F0CFFB06460C3717F8013BFF2BA8
S21400BF4001D1BDE8F081212B48D8212B66D8DFE847
S21400BF5003F0677375114B4D4F51656565656565F3
S21400BF606565535557595B5D5F61656565656565D4
S21400BF7065656F63344C1EB1202B05F10105DCD0DE
S21400BF8002212F48FFF7A6FF1E212D48FFF7A2FF2C
S21400BF902E4827F044F82E49204610F09FFD2D49E4
S21400BFA0002818BF21462C4827F039F83B78202B6C
S21400BFB002D12B2027F027F8284827F030F84EB17A
S21400BFC018F805301F2B05D018F805001F2801D0DB
S21400BFD0B54229DB1B4827F022F8AEE7204C214A61
S21400BFE0FE2B08BF1446C6E71F4CC4E71F4CC2E72B
S21400BFF01F4CC0E71F4CBEE71F4CBCE71F4CBAE700
S21400C0001F4CB8E71F4CB6E71F4CB4E71F4CB2E70F
S21400C0101F4CB0E71F4CAEE70D4CACE7104CAAE740
S21400C02006B101351C4CABE726F0EDFF0135CBE73A
S21400C030002E82D0013580E7184C9CE7184C9AE712
S21400C0408B1D040098C603009CCB030009EF030079
S21400C050ABCB0300A1CB030035E40300D6D5030029
S21400C060A3CB030021EE0300EECB0300F5CB0300C9
S21400C070E6CB0300E2CB0300D9CB0300CFCB030013
S21400C080C5CB0300DACB0300D0CB0300C6CB03003E
S21400C090BBCB0300B4CB03009BCB0300EDCB03006C
S21400C0A0F4CB03002DE9F04F9BB005468B460024E9
S21400C0B00092039310F00EFB249F039B04901C60D9
S21400C0C028463C600AAA09A926F0CBFF064658B9BE
S21400C0D00A9810F0FFFA3446B046039B1860D5F86D
S21400C0E09C300293029B1BB920461BB0BDE8F08F24
S21400C0F0029BD3F80890B9F1000F6FD02E4416F8C3
S21400C100013B202B11D000260C23734309EB030AB6
S21400C11059F803300193002B5BD0099B434558DB4D
S21400C1209AF808202AB1721C3EE03B6801333B6057
S21400C130E5E73968D5F894200793039B521A1A60EE
S21400C1401AAB03EB880151F8403C01991846059359
S21400C15010F0A2FD06900028E5D1019810F0BAFA7A
S21400C160DDE906230146DAF80400D7F800A090F8C7
S21400C1700CC0BCF1FE0F19D103F1FF3EC64515D029
S21400C180D0F800900598019210F0A4FA0AF1010A7E
S21400C1908244019AAA44AAEB05033B601AF8013BC5
S21400C1A0002BF8D008F101081646ADE7D5F8942024
S21400C1B00591A2EB0A028A4220DC584610F08AFA61
S21400C1C0059901447B290DD958461E4A009925F049
S21400C1D010FC2B46049A2A4493422AD1029B1B68E1
S21400C1E002937FE7DDE90012584625F002FC584628
S21400C1F0154A0099013425F0FCFB94E7BCF1FE0FCC
S21400C20091D1013B43458ED1D0F8009059F80C2BC4
S21400C21022B9049B3B60039B1A60DAE758460099F4
S21400C22025F0E7FB5846084A009925F0E2FB013462
S21400C230ECE713F8011B0029CED14FF0200103F8DC
S21400C240011CC9E7FBCB03003FDB03002DE9F047E9
S21400C250002486B0DDE90EA81C60064689468AF8EA
S21400C26000401168154888F8004017461D468DF8AE
S21400C2701740FBF7D1FC18B901242B6801332B605B
S21400C2800020D6F89C6036B914B1012388F8003037
S21400C29006B0BDE8F087B06868B14B460021CDE92E
S21400C2A002A8CDE900750DF1170226F00EFD9DF8E7
S21400C2B01730002BE8D13668E5E700BF00CC030056
S21400C2C02DE9F04F0446ADF5477D06AE80220021ED
S21400C2D0304605AF0DF1100810F080FB3B4680227B
S21400C2E031462046CDF80080FFF7DCFE012847D116
S21400C2F0304610F0EFF93B68D8F8002005461A449F
S21400C30022441146C01A013B334400EB020EAEEB4A
S21400C310010CBCF1000F1EDC002120EAE0739954EA
S21400C320D4F8903099463A68D8F800101144494538
S21400C33016DCD4F89410A81A014403441644C4F832
S21400C3409410C4F890303518AB1B002B13DC0DF599
S21400C350477DBDE8F08F13F801CF01F801CBD6E793
S21400C360E05C26F050FED4F8903009F10109013364
S21400C370C4F89030D7E716F8010B26F044FEE3E742
S21400C380E5DD26AD8022002128460DF58C7B10F0D9
S21400C39025FB00214FF40072584610F01FFBB246F2
S21400C3A031464FF00109002311F8012B002A3CD139
S21400C3B0304603924BF8293010F08CF92946039A40
S21400C3C01AF801CB0DF58C7E5EF8043B834235D11E
S21400C3D00132914501F801CBF2DAD4F890903B682F
S21400C3E04B4532DC23463146264A274826F017FEC0
S21400C3F0284610F06FF93A68D8F800301544134410
S21400C4002344801A1A466E1E1F18B91A002929DC02
S21400C410002120EAE072D1542C18631B002B96DD15
S21400C42015F8010B26F0EFFDF7E7202A03F10103CC
S21400C43004BF4BF8293009F10109B5E733449B5C8A
S21400C4406345C1D00023AB54C7E7D4F8903009F158
S21400C4500109E05C26F0D7FDD4F890300133C4F82B
S21400C4609030BCE716F8011F02F8011BD4F89010B4
S21400C4700131C4F89010D4F894100131C4F8941027
S21400C480C3E700BFE1CA030005CC03002DE9F8436B
S21400C490D0E9245604460F46002294F89830012B23
S21400C4A007D10A2F07D1002384F898300020BDE872
S21400C4B0F88300F29F801B2F01D10223F4E70D2F93
S21400C4C00DD1012384F898300D2026F09CFD0A201B
S21400C4D026F099FD00230120C4E92433E7E74FF056
S21400C4E00008082F84F8988034D1454530DDB542E1
S21400C4F00FD1384626F087FD202026F084FD013D2A
S21400C500384626F080FD013E04F80580C4E924562E
S21400C510CCE7FBDA05F1FF39384626F074FD04EB6C
S21400C5200903A6EB09026119184610F001F904F890
S21400C53006800146013E484826F071FD35464D45C9
S21400C54001DC4D46E2E7082026F05DFD013DF6E7FA
S21400C550ACD0DBE77F2F1CD1002EA7DDB542A5DAD5
S21400C5606319691C21441846721B10F0E1F804F8A0
S21400C57006800146394826F052FD0820013E26F086
S21400C58042FDB542F9D1D4F89430013BC4F894305A
S21400C5908CE70A2F98D0092F03D12046FFF790FE8C
S21400C5A084E7D4F88C30013BB3427FF77FAFB542C7
S21400C5B004EB050805F101090CDB384688F8007025
S21400C5C0D4F89430C4F890900133C4F8943026F030
S21400C5D01AFD6BE74146721B04EB090010F0A8F841
S21400C5E0404626F01CFD0820013E26F00CFDB54214
S21400C5F0F9DDE2E7022B06D15B2F01D1032353E7D7
S21400C60084F8982049E7032B7FF450AF413F84F825
S21400C6109820032F3FF64AAFDFE807F002070A1616
S21400C6200121204626F09CFC40E74FF0FF31F8E75A
S21400C630B542BFF63BAF605D26F0E5FCD4F890301F
S21400C6400133C4F8903031E7002D7FF72FAF013D5E
S21400C6500820C4F89050BAE70ECC0300C4D60300F6
S21400C66008B50248FDF7F2FF002008BD00B4C40478
S21400C67030B58BB06C46174D0FCD0FC40FCD0FC421
S21400C68095E8030084E80300134BD3F84C2112030B
S21400C6901CD5A3F5FE431C884FF6FF739C4208BFCB
S21400C6A08C248DF81940FEF7B9F8044484F3080486
S21400C6B00A488DF81840FBF747FB6846FEF716F861
S21400C6C03220FEF7B1F800200BB030BDD3F8504151
S21400C6D0E4B2E6E7286A04000080E00F00F04902B2
S21400C6E00028ACBF00F16040064B4FEA0111C9B20A
S21400C6F0ABBF00F5614000F00F0080F8001319543E
S21400C700704700BF14ED00E008B52FF021FB0B4B7F
S21400C7101A7872B901221A702FF015FB6FF0040216
S21400C72010460132052152B2FFF7DAFF3D2AF7D153
S21400C73008BDBDE808402FF006BB00BF5C5D0020CA
S21400C74000280CDB01220649430900F01F00824046
S21400C750203341F82320BFF34F8FBFF36F8F70470E
S21400C76000E100E0002807DB01234109034A00F04E
S21400C7701F00834042F82130704700BF00E100E010
S21400C780054B421153F8223000F01F0023FA00F048
S21400C790C04300F00100704700E100E0002808DB1D
S21400C7A001224309034900F01F008240603341F82C
S21400C7B02320704700E100E010B504462FF0BBFAD6
S21400C7C0024B1C602FF0B2FA002010BD9C3D0020EA
S21400C7D010B52FF0B0FA034B1C682FF0A7FA2046CE
S21400C7E010BD00BF9C3D002038B50C4615460146DE
S21400C7F010B9FFF7EDFF01462B46224603480EF020
S21400C800B5FE0028D4BF3720002038BDBF31030056
S21400C810302337B5007D0DF10701434303F1A043F4
S21400C82003F58023DD6E1C6F2DF0FCFB9DF80700E2
S21400C83040B9054B9D4203D1C4F3400484F0010087
S21400C84003B030BD0120FBE75D5D00203021037D95
S21400C85002464B4303F1A04303F58023D86E0749F5
S21400C8601B6F884208D113F0020006D0106A136DC1
S21400C8701B1A584258417047002070475D5D0020E3
S21400C88070B5044608B9012070BD057D2846FBF743
S21400C89071FD30236B4303F1A04303F58023284644
S21400C8A0DE6EFBF787FD0A4B9E421CBF042384F80E
S21400C8B0A13094F8953094F8A1002BB1022803D14A
S21400C8C0012384F8A130DFE70428DCD1F8E700BFB5
S21400C8D05D5D00202DE9F743D0E9043404F17C07C0
S21400C8E0D0F80C900646013B102200213846D4F8BA
S21400C8F074809DB210F072F80B4BC5F30A0543EA3C
S21400C9000513C4E91F39012394F8780084F88C30A5
S21400C910C4F884803A46054B009604F16401FBF7A0
S21400C92003FD03B0BDE8F08300001030353203008D
S21400C9302DE9F04F04464FF444764FF030093F4D52
S21400C94000F138071022002185B0384610F046F86E
S21400C9506687C4E90F55207DFBF70CFD10220021E9
S21400C960384610F03BF86687207D354EC4E90F55F3
S21400C97009FB0063DB6EAB4204D105B0BDE8F04FA7
S21400C980FBF718BD0DF10B012DF04CFB9DF80B507D
S21400C990002D4CD1204626F031FC804603A9207D90
S21400C9A02DF062FB039B2946013B1FFA83FB04F133
S21400C9B018031D4610221846D4F810A010F00EF8E2
S21400C9C0A169204ACBF30A031B010A4043F04073D7
S21400C9D01343C4E9063A237DC4F8208009FB0366A6
S21400C9E0336F94F824205B0863F3410284F8242014
S21400C9F0326F94F8243025F0030562F3000384F8C0
S21400CA002430336F626A9B0863F39F0245F0020589
S21400CA106262656400943A4621460B4B207DFBF724
S21400CA2083FC207DFBF7C6FC05B0BDE8F08F94F8CC
S21400CA30443023F0020384F84430EBE75D5D0020C9
S21400CA40000004500F80FFFCA33203002DE9F04FD6
S21400CA500026044698468DB0089106921E60069BF6
S21400CA60B3EB060900F0A080089B9E1900F09C809E
S21400CA70207DFBF77FFC2046FFF7E8FE0746207D7B
S21400CA80FBF798FC002F40F08F80204626F0B6FB80
S21400CA90216D94F89AB088429BBFD4E91253ED18E2
S21400CAA0451A6D1A4D4528BF4D46BBF1000F00F0E4
S21400CAB0A0802FF04DF9D4F8509007902046FFF74D
S21400CAC0A7FE4B46A946824658199842D4F89C20A1
S21400CAD073D1D4E912130B449A42079808BFC4F8DE
S21400CAE09C102FF030F9D346207DFBF743FC0DF168
S21400CAF02F01207D2DF096FA204626F07FFB236D31
S21400CB008246984240F28380A26CAEB2934276D1BF
S21400CB10099304F128072369102238460021079359
S21400CB200FF05CFF3022079B013EE362099BC6F3D1
S21400CB300A062363237D3601534327F0030703F1D8
S21400CB40A04346F0407647F0020703F58023A6622E
S21400CB501F67236DD4E912122B440A44934208BF80
S21400CB600B469A45236505D10123204684F85430A8
S21400CB70FFF7DEFE207DFBF71DFC94F89A303BB1F4
S21400CB80BBF1000F04D0236E112120465B68984746
S21400CB90D8F80060B9F1000F06D0069B4E449E42BE
S21400CBA0C8F80060FFF45BAFD8F80030002B14BF65
S21400CBB000201B200DB0BDE8F08F934203F1010169
S21400CBC008BFC4F89C101B7808BF5F4603F0FD0C36
S21400CBD0BCF1110F03D006F8013B0B4675E72FB1E9
S21400CBE0A3F111025342534184F8A03009F1FF39F2
S21400CBF0F3E72A46304610F08FF8A94674E7238DEF
S21400CC00C3F30A12164466F30E132385A1E79DF8B4
S21400CC102F30207D83B93023584300F1A04000F523
S21400CC208020426E436EC2F30A122A446FF30E133C
S21400CC3043EA021343668CE70C4B049403930023E9
S21400CC40CDE901530123009352462369216824F05D
S21400CC50F2FE3022237D534303F1A04303F58023E5
S21400CC605A6E22F480125A6673E700BFA33203009E
S21400CC70F0B50C4615460646A422002189B020468B
S21400CC800FF0ACFE2746AC46BCE80F000FC7DCF83A
S21400CC90003005F1140C3B6004F16407BCE80F009B
S21400CCA00FC7DCF80030EA6A3B60AB6AC4E91323BE
S21400CCB095F83020A36484F8992095F83320C4F8BA
S21400CCC09C30012384F89A2084F8A03084F85430ED
S21400CCD0AB6B236695F8313084F898303F4B346060
S21400CCE073603F4BB3603F4BF3603F4B73613F4B0A
S21400CCF0B3613F4B3361FBF7E3FA10B13D4B98420B
S21400CD000ED1002107A8FBF763FA014640B9079B3E
S21400CD1007A82375FBF75CFA28B1207DFBF7AAFA73
S21400CD20102009B0F0BD0127079B84F87830324BFD
S21400CD307362324B84F8A170F361314B95F8321070
S21400CD40336284F8960084F89570204626F078FBC7
S21400CD50AB6B93F91100FFF721FDAB6B93F9110054
S21400CD60FFF700FD207DFBF705FB0028D8D1254BFB
S21400CD700494CDE90203E36CCDE900732369A26C49
S21400CD802168207D24F057FE0028C9D13022237D5B
S21400CD904FF48011534342F2640203F1A04303F5BB
S21400CDA080239950AB6B93F91000FFF7F7FCAB6B41
S21400CDB093F91000FFF7D6FC04F1900024F0E3FD91
S21400CDC03046FFF7F9FC2046FFF7B2FD207DFBF763
S21400CDD0F1FA003818BF01200001A2E71333030060
S21400CDE05D3203004DCA0000EB310300F131030051
S21400CDF0B9340300038000F081C80000413403000A
S21400CE00F7310300A332030070B50568144E2C7D7D
S21400CE102046FBF7AFFA302303FB0463DA6E114BB0
S21400CE209A420FD12846FFF7F3FC80B12EF090FF10
S21400CE3001230D4AA3405365A2F5805293625363C3
S21400CE402EF081FF2046BDE87040FBF7B3BA2846B7
S21400CE50FFF7FCFC0028F5D10123A340B364F1E7FB
S21400CE60000004505D5D002000200450F8B5174611
S21400CE701C46554A8B6B069D1A60544A5A60544AA3
S21400CE809A60544ADA600A462946FFF7F1FE0646DB
S21400CE90002840F0928023680422C5F8A430237945
S21400CEA085F8A830A17985F8AA10607985F8A900D8
S21400CEB0237A85F8AC30E37985F8AB30A37A85F829
S21400CEC0AE30637A85F8AD30237B85F8B030E37AF0
S21400CED085F8AF300123FDF7D7FC01230222217A23
S21400CEE0E079FDF7D1FC3E7039462068FEF73CF944
S21400CEF01421A27B384B03EB4210C0F8AC1594F813
S21400CF0006C061792E3203EB421341EA0C415960A8
S21400CF10227AE37943EA0243C0F8BC3585F8B1606B
S21400CF207B7E032B4DD8DFE803F03A4A021D02232E
S21400CF3085F8B13000230422217BE07AFDF7A4FCBB
S21400CF4041F2AC520221A37B5B0103F1A04303F53F
S21400CF5070339950217BE27A42EA014241F2B8519D
S21400CF605A501CE0012785F8B13002220023A17A2E
S21400CF70607AFDF789FCA17A627AA37B42EA0142D5
S21400CF8041F2B4515B0103F1A04303F570335A50EC
S21400CF900422236803F58053DA65002FCAD163792B
S21400CFA00E4A85F8A930A379052185F8AA302068AD
S21400CFB000F500539A6425F008FB3046F8BD0027BC
S21400CFC0D1E72326F9E700BF7B35030003360300CD
S21400CFD0113603008F35030000C00350FFFF010029
S21400CFE008B500F0A1FD18B16A2102482DF070F8CE
S21400CFF0002008BD13CC030008B500F007FA0C4A61
S21400D000536A43F470235362EFF308834FF0CD3135
S21400D010084A043B934208D200F02EFCFFF7E0FFDC
S21400D020BDE808400448FEF7BBB943F80419F1E729
S21400D03000ED00E0080000208468040007B5042224
S21400D04000200DEB02012AF095F8042803D0D72122
S21400D05004482DF03DF8019800F09AFB03B05DF807
S21400D06004FB00BF13CC0300082310B50C0A414094
S21400D0700648C9B241F30002013B024013F0FF0329
S21400D08082EA5101F6D184EA010010BD2083B8ED92
S21400D090F8B50025104C114E114F237803B9F8BD92
S21400D0A02246002056F8043B0E4926F091F82278D6
S21400D0B023460134002AFAD15B7853B10A4905F0B9
S21400D0C00303032B08BF3946002026F081F80135FC
S21400D0D0E3E73946F8E700BF0C6C0400F86300206D
S21400D0E097C6030081CC0300BD1C040040F6052251
S21400D0F0684B2DE9F0411B8893420ED8B3F5206F9C
S21400D1000DD840F20252934218D040F20172934278
S21400D11020D040F2015293420AD0BDE8F081A3F637
S21400D12002235D4C032B1ED8DFE803F0376193AE75
S21400D1305A490020BDE8F04126F04AB80020584978
S21400D14026F046F8544B1A6C0020BDE8F0415549CD
S21400D15026F03EB8504A0020D2E92423BDE8F0412C
S21400D160514926F035B80020504926F031F894F899
S21400D17068309E0703D500204D4926F029F894F81C
S21400D1806B305D0603D500204A4926F021F894F955
S21400D1906B30002BC1DA4849CBE70020474926F020
S21400D1A017F894F86430980704D00020226C3D49A4
S21400D1B026F00EF894F96430002B04DA0020226F73
S21400D1C03F4926F005F8002501263E4F626E06FA16
S21400D1D005F3134207D057F8252013781BB100201B
S21400D1E0394925F0F5FF0135082DEFD195E7374988
S21400D1F0002025F0EDFF2B490020226C25F0E8FFEB
S21400D20094F86530590703D50020314925F0E0FF32
S21400D21094F96530002B04DA0020226F284925F0A7
S21400D220D7FF0825274E636EEB40DA0707D556F87A
S21400D230252013781BB10020234925F0C9FF0135AE
S21400D240102DF0D194F8640000287FF466AF2149D1
S21400D25070E72149002025F0BBFF0020226C114911
S21400D26025F0B6FF1025174E636EEB40DB0707D59B
S21400D27056F8252013781BB10020134925F0A8FF87
S21400D28001351A2DF0D148E70020144925F0A0FFFB
S21400D290226C59E746580020F86300208BCC030028
S21400D2A0C9CC0300FACC030015CD030031CD030032
S21400D2B04ACD030085CD0300B9CD0300F6CD0300AB
S21400D2C01CCE0300D86C04003ACE030043CE030005
S21400D2D05BCE0300A2CE0300D3CE0300EDCE030048
S21400D2E02DE9F04F3C4C85B0D4E90D32580748BFC5
S21400D2F00026D4E9121B48BFB046D4F83CA05FBF56
S21400D300D4F850808B469246344E54BFDFF8F490E3
S21400D310DFF8F49013F0080F314B324A18BF1A4664
S21400D320B6EB08071FBF64237D0803FB0B55B5FB50
S21400D330F7F50CBF3D46ADB24B462B490020CDE974
S21400D340016ACDF80080BFB225F042FF2B460020D0
S21400D350CDE9009725491FFA8BF225F039FFB24533
S21400D36001D8C24504D24A460020214925F030FFA4
S21400D370D4E9170318432DD000201E4925F028FFB6
S21400D38000250126E26D06FA05F3134204D02A466C
S21400D3900020194925F01CFF0135202DF2D100256B
S21400D3A00126226E06FA05F3134205D00020124924
S21400D3B005F1200225F00CFF0135202DF1D10020CB
S21400D3C00E4925F005FF00200C4905B0BDE8F04FDA
S21400D3D025F0FEBE0A49F4E7F86300200810002096
S21400D3E014CF03001BCF030023CF030055CF030049
S21400D3F08FCF0300AECF030065E5030098C6030099
S21400D400DECF03000FCF0300D312040038B5FDF7BC
S21400D410A7FD044625F0CBF8E30729D401221046E1
S21400D420114600FA01F3234002F1010222D01D4BFF
S21400D43033F811301C48062B028844881B491FD13C
S21400D4404FF20F039C4218D1B2F5406F28BF4FF43D
S21400D450C0624CF23C330A80438040F201739A4229
S21400D46001BF134B134AD2E90001C3E9000115E0DE
S21400D4700021DCE7102AD3D1DCE74FF4C062E8E7EE
S21400D48040F20725AB420AD14FF20F05AC4204D159
S21400D4909A4204BF4CF23C3242800B8038BD1A469A
S21400D4A00B80DAE7EC6B04009064002046580020FE
S21400D4B0A03D002088640020014B1888704700BFFC
S21400D4C046580020014B1888000A7047465800202E
S21400D4D0044B05481B881A0AB3F5406F38BF00EBAB
S21400D4E08200704746580020BC6B0400044B188826
S21400D4F0044B020A53F82230C0B203EB8000704798
S21400D500465800208C6B040010B504462EF017FC1D
S21400D5104FF20F02044B1C805A80BFF35F8FBDE8AA
S21400D520104025F013BE00BF906400206D4A2DE920
S21400D530F0416D4B55686D4C5D65516A99656C4957
S21400D540D1F80002D865D1F80412586B1966916AB2
S21400D55010F0040F5966D16A4FF000009966116BFF
S21400D560D966516B1967D26BD8645A67D3E90E1225
S21400D57018BF11465F4A91421A655DD301F120003B
S21400D580A04259D88869C5F308051864CE69062DE7
S21400D5905E6455D1584DA84252D3584DA8424FD23A
S21400D5A005884DF6426085424AD11868C3F8900057
S21400D5B05868C3F8940040F20170A242154604D29F
S21400D5C02E680432B6F1CD3FF7D00022C3E91E2202
S21400D5D0C3E92022C3E92222641BDFF81CC1434DA5
S21400D5E0DFF818E19C648D422DD8D3E91EC7D3E935
S21400D5F02065D3E922414FF0000E013AD2B2FF2A4D
S21400D6003CD1BEF1000F05D0C3E91EC7C3E92065B3
S21400D610C3E92241B3F85430C3F308030C2B3BD8BC
S21400D620022B54D9DA1E092A51D8DFE802F0315706
S21400D630404350505050504D0021C3E910112D4921
S21400D6404FF42060B9E755F8044D6445CBD37445D4
S21400D650C9D2E607C7D50026294F57F8048FA0453C
S21400D660C1D00136062EF8D132B1013AD2B202F15B
S21400D6701E0643F82640B6E70522F8E7E0464FF0D8
S21400D680010EBC4637462E4625460C464146B4E7B4
S21400D69040F60120BDE8F0813B2B18D1194B9B6961
S21400D6A013F0020F40F2025318BF1846F2E740F696
S21400D6B00320EFE740F6042240F20173B0F5206F36
S21400D6C00CBF10461846E5E740F60520E2E740F6B0
S21400D6D00722013B4B2B98BF1046DBE740F60220A3
S21400D6E0D8E700BF00ED00E0F86300200810002037
S21400D6F000E100E008000020D042000040C3030024
S21400D7006C6400200080015A00F00CB800F00AB8E3
S21400D71000F008B800F006B800F004B800F002B850
S21400D72000F000B872B61EF0080F09D01EF0040F05
S21400D7300DD0DFF850E0AEE8FF1F6FF002000CE0FF
S21400D740DFF840E0AEE8FF1F6FF00E0005E0DFF800
S21400D75034E0AEE8FF1F6FF006006946EFF309827B
S21400D7608EE8070086460848084C854501D3A5453F
S21400D77001D384F30888FFF7D9FE84F30888FFF7FF
S21400D780C3FE0000F86300204800002008100020B8
S21400D7904BF6EF6283B2002B08BF1346044A000C18
S21400D7A013804FF6CE2308BF1846024B18807047EA
S21400D7B0B26C0020B06C00200B4BB3F90020188828
S21400D7C0002AB8BF80F0620042001A80074AB2F909
S21400D7D0001013880029BCBF83F4805383F00B032A
S21400D7E05900118058407047B26C0020B06C002081
S21400D7F007B5684600F01AF8DDE900010022034B81
S21400D80003B05DF804EB26F0DBB900BFA83D0020AE
S21400D81007B5009313460A460146034825F086FFDF
S21400D82003B05DF804FB00BFA83D00200249034A90
S21400D8300160521A42607047786D00200000012097
S21400D84000487047A83D002038B5416004462EF0D9
S21400D85072FA05462146044824F098F82846BDE8A2
S21400D86038402EF063BA00BFD03D0020014824F0B7
S21400D8708AB800BFD03D00200222014B1A677047CD
S21400D8800040005070B52EF056FA174E0546174861
S21400D8902EF0FCFA3378CBB900F046F9044620B1F6
S21400D8A028462EF043FA204670BDFFF7DFFF2EF025
S21400D8B0ADFB0F4B1C602DF093F80E4B0E4A186014
S21400D8C0536F43F00103536726F096F900F028F8EB
S21400D8D026F0A9F9094B0024186001232846337066
S21400D8E02EF024FADFE700BF695D0020646A0400BA
S21400D8F0D43D0020FC3D002000400050D83D0020D4
S21400D900054B1B685843054B00F5742000F23F207A
S21400D910B0FBF3F0704700BFFC3D002040420F0014
S21400D920294B2A4AD3F8003170B503F0030313607D
S21400D9302CF0EAFD4FF4C870FFF7E2FF0022244BFC
S21400D94024491860244C0B680132D2B20A2A44F8E3
S21400D950040BF9D1034400EBC00003440B601F4BDB
S21400D9601F4D1B7813B3184BD3F8003103F0030395
S21400D970022B22D0032B23D0012B17D12CF0E2FA56
S21400D980024698B1174B184EDC6800231946C4F3BC
S21400D9900B04013404EB84040138E4FB06010EF0AA
S21400D9A00BFCFFF7ADFF2B6803442B601F20FFF72F
S21400D9B0A7FF2B6803442B6070BD2CF00DFBDFE740
S21400D9C02EF0CCF9DCE700BF008000503C3E002083
S21400D9D0003E0020043E0020083E00206D5D002032
S21400D9E0343E002000C0015040420F000122154B7B
S21400D9F010B55A67144B154C1B7813B302202EF043
S21400DA00F6FAF0B12DF070F8D8B1A36DD90302D5AF
S21400DA10E36D9A0715D40D4B9B6DDB0711D40122DD
S21400DA200B4B1A702EF0D7FABDE81040094B0A4A85
S21400DA301860136F23F0070343F0030313672CF0FB
S21400DA4067BA10BD00D000506E5D002000C00050C8
S21400DA506B5D0020303E0020008000500122014B0C
S21400DA601A7070476E5D002007B5FFF7C1FE01A86B
S21400DA70FDF7E4FA9DF80530012B25D1234B9A6D6E
S21400DA80D20311D45A6B6FF3162242F4BC1242F43E
S21400DA90A0625A631A6B22F4704242F440421A6340
S21400DAA01A6B42F4E0621A639DF8043063B94FF0D3
S21400DAB000531B68164B1B68164B1B68164B1B68DF
S21400DAC0164B1B68164B1B68164AD2F8803043F07C
S21400DAD00303C2F8803026F0AEF8FEF715FEFEF718
S21400DAE0BFFDFEF7C5FD0DF08BFDFFF7CBFE00F08A
S21400DAF01BF826F0A1F8FFF77FFA26F0ACF829F01D
S21400DB0067F903B05DF804EB26F097B800C0005044
S21400DB10004000200080002000C0002000000120FF
S21400DB20004001200080005070B52EF011F9144E10
S21400DB3005463478FCB9134B1C60134B1C60134B22
S21400DB401C6000F031F801202DF0BAF82DF0ACF88A
S21400DB500F4B0246186020B928462EF0F4F8232012
S21400DB6070BD234640F2E7310A480EF025FB0A4B0B
S21400DB7018600123337028462EF0E5F80020EFE702
S21400DB80715D00204C3E0020483E0020543E0020A0
S21400DB90503E002018FCFFFF443E0020014B186852
S21400DBA0704700BF443E002030B50024194B85B0B6
S21400DBB018689A880290D3F806009B7A0090164858
S21400DBC0ADF80C208DF804302EF060F902A88DF820
S21400DBD008408DF80C40FDF70DFA694601208DF8D7
S21400DBE00040FDF7CBF91F220C4B9A615A614FF0AB
S21400DBF0B042936A13F00803FBD113620120FDF7CD
S21400DC00D7F90A20FEF7CAFD0A20FEF7ABFD05B0DD
S21400DC1030BD00BF496D04005C6A04000020005857
S21400DC2010B52EF095F84FF0B04304465B691A071E
S21400DC30074A03F0010003F00D0348BF40F002005E
S21400DC4053612CF067FF2046BDE810402EF07BB8ED
S21400DC500020005821282DE9F341054604D82C461B
S21400DC60204602B0BDE8F08100240B4E0B4FDFF8D3
S21400DC7030800023CDF800801A461946386824F014
S21400DC80F7F98442EBD2222CE9D056F8043BAB429B
S21400DC90E6D00134EDE700BF68700400946700200A
S21400DCA0FFFF0F002DE9F04F644E654D89B026F05A
S21400DCB01EF831682868FBF7E3FB0446002827D0E7
S21400DCC033680024D3E900019A69126890473368E4
S21400DCD004A89B699B689847336802209B69DB68A9
S21400DCE09847326805985368E7B2B3FBF0F3BB4237
S21400DCF0916904F101044ED8CB6800209847336838
S21400DD009B695B68984731682868FBF7B9FB04464F
S21400DD100027DFF844A1DFF84481DFF84491F4B926
S21400DD20484BDB5D002B00F08480D8F80060286844
S21400DD30314602AB03AAFBF729FD2D2807D070B9A0
S21400DD40039B012B0BD031462868FBF775FFDAF8EA
S21400DD50003031461A682868FBF7EEFE04460137A5
S21400DD60222F0AF1040A08F1040809F10109D6D1A4
S21400DD70B4FA84F3344A5B0913702B681B7C33B106
S21400DD8025F081FF18B1DB2130482CF0A1F92046A0
S21400DD9009B0BDE8F08F12680B6907FB00209847B2
S21400DDA09FE7D8F8003003AA194402AB0191FBF7AD
S21400DDB0EDFC2D2801992BD018B30BF1010B5FFA5F
S21400DDC08BF18E422868ECD8214BDB5D002BC6D049
S21400DDD0F3B27E2B2868C2D8D8F8003003AA06EB28
S21400DDE0030B594602ABFBF7D1FC2D282B68B6D0A7
S21400DDF059461846FBF720FF013604460028E7D0B0
S21400DE00ADE7039B7BB999F80020029B9A42D4D0D9
S21400DE1099F80030DAF800202868FBF785FD00281E
S21400DE20CBD00446D0E728680191FBF705FF01999F
S21400DE30EEE7084BA346DE5DC1E700BF746700202F
S21400DE409467002044700400735D002088D30300AC
S21400DE5022700400DE6F0400546D04006870040035
S21400DE6000700400F8B51F46214B04461B780D468B
S21400DE70164623B100F47E23B3F50E2F2BD0204692
S21400DE80FFF7E8FE2128044614D81A4B53F8201052
S21400DE90194B1B78ABB1194B212C18681DD8184BA1
S21400DEA01B5DD3B13268FBF747FE044650B125F040
S21400DEB0E9FE07E0FF2807D93A46314680B225F04A
S21400DEC0F7FB00242046F8BD4FF4A9710D482CF04E
S21400DED0FFF80021DCE70146DAE77F2D08BF0025C2
S21400DEE03B46324651FA85F1FBF71EFDDDE700BFE3
S21400DEF0725D002068700400735D00209467002047
S21400DF004470040088D3030030B5134600F07E62E8
S21400DF10B2F17E6F8BB00DD10A46C0F30B01684696
S21400DF20FDF782FC20B140F2931109482CF0D0F89E
S21400DF300BB030BD5A0825F0A8FE0028F8D04FF4E4
S21400DF409C7103480BB0BDE830402CF0C1B800BF50
S21400DF5000D403002DE9F341C70705460E461446D4
S21400DF6004D540F2E31148482CF0B2F8E10704D596
S21400DF704FF4F27144482CF0ABF8444B93F8008011
S21400DF80B8F1000F20D043F260239D4208D122460C
S21400DF9031463F480EF0C0FE002002B0BDE8F081DA
S21400DFA0C5F30B0705F44055B5F5805F14BF4FF475
S21400DFB00F204FF40E20234632467F21384302B00E
S21400DFC0BDE8F041FFF74EBF05F47043B3F5805F40
S21400DFD03DD1C5F30B052F4A05F17E65631E2B4424
S21400DFE093422ED82F4607EB0408474542D1AA078E
S21400DFF00ED04FF6FF7336F8022BA81E43EA0243F4
S21400E00004220DEB02010193FFF77EFF0235023C6E
S21400E010A3070ED0023C24F00103F35A04226FEA51
S21400E02003436FEA13430DEB020128190193FFF730
S21400E0306BFF002CB0D0224631462846FFF764FF1F
S21400E040AAE740F2FD1110482CF042F8CAE705F4A2
S21400E0506043B3F5005F04D1C5F30B0505F53E2517
S21400E060C0E740F2052108482CF032F86FF00F07A1
S21400E0704546B8E717F8013BFF2BB6D04FF40471BE
S21400E08001482CF025F8B0E700D40300725D0020AC
S21400E090B46C0020FF03E00F10B500F077F825F011
S21400E0A040FE044618B100F079F8204610BD00F096
S21400E0B07BF804460028F6D10122014B1A70F2E7DD
S21400E0C0745D0020054B1B7833B1054BC0F313017C
S21400E0D000221868FBF774BD11207047745D00209D
S21400E0E094670020144B2DE9F0411B7805460E4638
S21400E0F01746FBB125F0FCFD012805D9841EE4B2C5
S21400E100012C09D9212412E03B4631462846BDE8B9
S21400E110F041002200F052B800F038F83B460022EA
S21400E1203146284600F076F8044600F037F82046D8
S21400E130BDE8F0811124FAE7745D0020124B70B53B
S21400E1401B7804460D461646E3B125F0D1FD01289E
S21400E15005D9831EDBB2012B08D9212410E03246F4
S21400E16029462046BDE8704000F040B800F00EF8A2
S21400E17020463246294625F0D6FD044600F00EF825
S21400E180204670BD1124FBE7745D002008B52DF015
S21400E190D2FD014B186008BD583E0020014B1868A0
S21400E1A02DF0C4BD583E0020024B1968024B18687B
S21400E1B0FBF766B9746700209467002037B50546FC
S21400E1C00C46C0F313010848ED02006805D5224648
S21400E1D003B0BDE83040FBF7A5BA009313462246CD
S21400E1E0FBF758FA03B030BD9467002030B40546FC
S21400E1F01346074A0C46C0F313011068EA0203D51B
S21400E200226830BCFBF798BC224630BCFBF78CBBC0
S21400E21094670020F7B505460F4614461E461BB900
S21400E2202125284603B0F0BD0029F9D025F060FD71
S21400E2304BF23462ABB2934220D14FF0FF3322460A
S21400E2406946CDE9003325483346FFF7E3FF082249
S21400E2500546234968460EF013FC38B93346224675
S21400E260694641F2F010FFF7D5FF0546002DD8D1DC
S21400E2703246694638460EF04FFDD2E741F2F012BC
S21400E28093420FD1174B311908299A6CDB6CC7D80B
S21400E290CDE9002369463246384621440EF03CFD5F
S21400E2A00025BEE702280AD1C5F30C433219934273
S21400E2B0B6D3C5F30B0104F17E643246ECE70328BF
S21400E2C009D1C5F30C4332199342A9D3C5F30B0108
S21400E2D004F53E24F1E70125A3E700BF021008C0BD
S21400E2E0F47004000080E00F10B527F03AFF28F025
S21400E2F0D3FFBDE81040034601210220014A02F088
S21400E30001BC00BF7ED4030013B5D0E9023253F837
S21400E31022301C78204627F036FF23460090012145
S21400E3200220024A02F0EEFB02B010BD92D40300B7
S21400E330014B187827F011BB755D0020FF232DE9EF
S21400E340F04F8FB01122002108A88DF813300EF080
S21400E35045FB08A826F0E4FC01210220AF4A08ABE2
S21400E36002F0D0FB41F24903AD4A0121022002F03F
S21400E370C9FB06A826F003FE08A90DF1130026F037
S21400E38009FE02200021A74A02F0BCFB002027F06D
S21400E39015FB10B106A809F0D7FD9DF92A3001211A
S21400E3A00220A14A00939DF82B3002F0ABFB27F029
S21400E3B0D4FE831EDBB2FC2B05462DD8012102209D
S21400E3C09A4A02F09FFB0124234600210220984A25
S21400E3D002F098FB05A9E0B227F0C1FE034650B153
S21400E3E0A0F11602012A40F2AA8001210220914AD9
S21400E3F002F088FB0CE09DF91430012101939DF892
S21400E4001630022000938C4A9DF8153002F07AFBF5
S21400E4100134E3B29D42D7D8BDF8284008F08AF907
S21400E42023460021854A0090022002F06BFB022062
S21400E4300021834A02F066FB002027F0BFFA10B1E5
S21400E44008A809F081FD01217E4A022002F05AFB4D
S21400E45027F0DFFD044627F0DAFD234601217A4A3D
S21400E4600090022002F04EFB08F036FE002102204B
S21400E470764A02F047FB9DF81330FF2B65D000214B
S21400E4800220734A02F03EFB01216E4A022002F08F
S21400E49039FB26F084FD012103466E4A022002F075
S21400E4A031FB08F01FF9002103466B4A022002F0F8
S21400E4B029FB26F07AFD044626F079FD2346012145
S21400E4C0664A0090022002F01DFB2DF036FD08F093
S21400E4D0ABFE01210346624A022002F013FB00272E
S21400E4E0DFF8BC9108F0A0FEFCB2A04233D82DF0B5
S21400E4F024FD01235B4A1946022002F003FB00209C
S21400E50027F02BFA584B594C009301210023022088
S21400E510574A02F0F7FA236863B1012102201B78FC
S21400E520544A02F0EFFA2368012102205B78524A2F
S21400E53002F0E8FA27F016FA0FB0BDE8F08F0121D6
S21400E54002204E4A02F0DEFA62E7002102204C4A20
S21400E55002F0D8FA98E709EB04152046D5F80880AB
S21400E56008F01CFF8246204608F064FE454E464BE7
S21400E570002818BF334620469B4608F00FFF0AF0D7
S21400E580CFFC414B0021002808BF1E463F4A534699
S21400E5900220CDE900B602F0B5FAAA792B7B0292EA
S21400E5A0AA88012101926A8802200092384A02F065
S21400E5B0A9FA0025DFF8ECA098F80430ECB2A342E4
S21400E5C003D82DF0BAFC01378CE714235C43D8F847
S21400E5D000600220325B06EB040B9BF90C300092C5
S21400E5E02C4A002132EA230228BF524613462A4A02
S21400E5F002F088FA002027F0E1F938B15846345B7B
S21400E60026F03AFD014620460AF0D8FC01210220F9
S21400E610224A02F077FA0135CEE700BFD3D40300D2
S21400E620E2D40300FED403002AD5030005D5030078
S21400E6301BD503004AD5030022D5030057D5030097
S21400E64077D50300C1D5030080D50300A2D503000B
S21400E650A0F50300ADD50300C3D50300D9D503004C
S21400E660EFD5030068D6030080D60300544300208D
S21400E67074D603008ED60300A2D603003FD503004F
S21400E680A3CB0300AAD40300B2D40300FAD5030038
S21400E6901AD60300C7D4030050D603008B1D04000F
S21400E6A088420020BBD403002DE9F7430025134F12
S21400E6B0134E08F0B9FDECB2A04202D803B0BDE894
S21400E6C0F0834FEA0418204617F8089008F0B2FDC9
S21400E6D00C4A4B46002808BF324600210220009212
S21400E6E0094A02F00FFA17F8080026F064FC012128
S21400E6F00220064A02F006FA0135DAE788420020D0
S21400E7002E24040024240400BDD603008B1D040020
S21400E71008B583685A681178C26853F82230A1F1A8
S21400E720650251425141187808F036FF30B9BDE80D
S21400E730084001210220024A02F0E4B908BD00BFE9
S21400E740C8D6030000210220014A02F0DBB900BF50
S21400E750E2D6030000210220014A02F0D3B900BF2E
S21400E76010D7030010B5044686B01822002168466C
S21400E7700EF034F9684627F070F8D4E9022052F813
S21400E780203002EB80021B788DF80B30516891F92F
S21400E79000108DF80A1091680988ADF808106168B5
S21400E7A0091A032907DDD26803F01F03127843EA2B
S21400E7B042138DF80B30684608F06AF800210346CD
S21400E7C0024A022002F09EF906B010BD2CD70300C4
S21400E7D007B5002027F085FC00210090034B02209F
S21400E7E0034A02F08FF903B05DF804FB39D7030043
S21400E7F03FD7030013B5D0E9023253F8221003EBDB
S21400E80082035B68087819680023094CA2229942A3
S21400E81008BF2146C01A18BF012027F056FC012168
S21400E8200090044B0420044A02F06CF902B010BDBC
S21400E83000F8FF074AD7030058D8030013B5D0E9FD
S21400E840023203EB820153F82230D1E90114187822
S21400E850FF22003818BF01202378096827F035FC0E
S21400E86001210090034B0420034A02F04BF902B04A
S21400E87010BD00BF51D7030058D8030008B50021CB
S21400E88001230C4A27F0A5FA0A4827F008F80020CA
S21400E890094909F0EDFB002027F090F810B1054873
S21400E8A009F052FBBDE8084001210420034A02F0AB
S21400E8B029B900BFA762002066D703008B1D04009D
S21400E8C010B526F076FB034630B1BDE810400121B6
S21400E8D00420054A02F016B90121BDE810400420C4
S21400E8E0024A02F00FB900BF74D7030085D70300B1
S21400E8F010B526F0D6FFBDE81040034601210220E1
S21400E900014A02F0FFB800BF90D7030010B526F00A
S21400E9109AFFBDE81040034601210220014A02F09A
S21400E920F1B800BFA6D7030037B5D0E902320124FC
S21400E93053F822304FF6FF701D78FE2204FA05F1D8
S21400E940002327F02EFC2B46009021460420024A86
S21400E95002F0D8F803B030BDBAD70300D0E90232CF
S21400E96053F822301B7823B101210220024A02F01C
S21400E970C9B8024A13707047D9D70300755D0020E6
S21400E98007B5684626F0FBFA07F0D4FE01210346D9
S21400E990084A022002F0B6F8684609F0D5FA08F0F0
S21400E9A03BF901210346044A022002F0ABF803B00B
S21400E9B05DF804FBEFD7030009D8030037B5D0E9AC
S21400E9C00245406854F82530401B0328D8BF002075
S21400E9D004EB8504C8BFE06819786368C8BF007890
S21400E9E01A78A36893F900300090012027F05DFBA9
S21400E9F038B901210220084A03B0BDE8304002F0D1
S21400EA0081B8064B0190009301210220044B054A71
S21400EA1002F078F803B030BD1AD8030022D80300FD
S21400EA207906040036D8030007B5012027F045FB19
S21400EA3048B9009001210220084B094A02F062F80A
S21400EA4003B05DF804FB054B019000930121022002
S21400EA50044B054A02F056F8F2E700BF22D803003E
S21400EA604DD80300AF31040036D8030008B5D0E90E
S21400EA70023253F82230187827F0D1FA30B9044A17
S21400EA800121BDE80840042002F03CB8014AF7E73F
S21400EA9062D803007ED8030008B5D0E9023253F8E6
S21400EAA02230188827F0B9FA30B9044A0121BDE8A7
S21400EAB00840042002F026B8014AF7E79DD8030074
S21400EAC0CDD8030073B50378044613F0050F08D1BC
S21400EAD001210420194B1A4A02B0BDE8704002F02A
S21400EAE011B84588062D10D1836801215B68154A48
S21400EAF01B780193838804200093104B02F002F8E1
S21400EB002378012BE4D102B070BD35B9838801218A
S21400EB1004200D4A01F0F6FFF2E7012DF0D18668D9
S21400EB200A49002009F0A4FA304609F00DFA2946F1
S21400EB300420074A01F0E6FFE2E700BFFAD8030028
S21400EB4003D9030015D9030032D903004FD90300B7
S21400EB508B1D04002DE9F04700268EB0354D09AC1C
S21400EB600FCD0FC42B6801210220334A236001F029
S21400EB70C9FF344626F017FAF5B2A8420BD826F09D
S21400EB8012FA23460090012102202C4A01F0BAFF17
S21400EB900EB0BDE8F087284605A927F02AFA0346F6
S21400EBA0002841D19DF81430032B39D904238DF861
S21400EBB014302B4600210220214A01F0A3FF9DF8C5
S21400EBC014300EAA02EB8303002153F8143C1D4AAE
S21400EBD0022001F097FF28469DF821709DF81580C9
S21400EBE09DF81890BDF816A027F005FA3B46CDE92B
S21400EBF002A000210220CDE90089134A01F082FF1D
S21400EC0001340020E4B226F0D9FE18B10DF1190047
S21400EC1009F09AF9002102200C4A01F073FF01E086
S21400EC20002BC6D10136A5E700210220084A01F0D4
S21400EC3069FFF7E7FC70040067D90300E0D903001A
S21400EC401DD5030035E4030094D9030098C60300DD
S21400EC50BBD90300C3688268013BDBB252F823309D
S21400EC6002201B78652B14BF00220121044B1BBF1A
S21400EC7001211A70034A044A08BF197001F042BF06
S21400EC801B6D0020F7D9030005DA0300D0E9023235
S21400EC9053F822301A88014B1A807047B66C002051
S21400ECA007B5D0E9023103EB810253F821305268F0
S21400ECB01988054B0548128800930088012309F03F
S21400ECC041FE03B05DF804FBC5EA0000B66C002008
S21400ECD0C3688268013BDBB252F823305B78A3F14D
S21400ECE0660253425341014A137070471E6D00205E
S21400ECF030B5D0E9023253F8223089B01D780123AE
S21400ED0002AA1946044627F064F80123009310234C
S21400ED1002210DEB0302204627F03CF8284604AA01
S21400ED2002A927F058FA0446002026F047FE18B13C
S21400ED302146044807F08EFD0020034909F07EF9BD
S21400ED4009B030BD14DA03008B1D0400002330B573
S21400ED508FB00221009309AA1223054627F01AF85D
S21400ED6005AA014609A807F053FB044698B12328D4
S21400ED7005D1134A0121042001F0C4FE09E0212830
S21400ED8001D1104AF6E70346012104200E4A01F09D
S21400ED90B9FE0FB030BD01232846194603AA27F056
S21400EDA018F805A903A827F018FA0546204626F005
S21400EDB005FE18B12946054807F04CFD044AD9E778
S21400EDC021DA030044DA03007FDA0300A0DA030046
S21400EDD08B1D0400F0B5D0E9023253F8221003EB85
S21400EDE082039B6805461F7887B038460E7826F063
S21400EDF0C5FD044608BBD5E9022101238DF808307D
S21400EE00194452F8210002EB810200888DF809703F
S21400EE109268ADF80A00127804218DF80C20284676
S21400EE200DF10D0226F0D5FF304602A98DF81540EB
S21400EE3027F0E3F8044626F095FD3346012104202A
S21400EE40024A009401F05EFE07B0F0BDB5DA03009A
S21400EE5030B501218FB00220244A01F053FE002075
S21400EE6005AB01AA09A927F0B0F90025044614B19C
S21400EE7028460FB030BD02202B4621461C4A01F022
S21400EE8041FE204626F09AFD10B10AA809F05CF86B
S21400EE90002102209DF83030164A01F033FE002192
S21400EEA00220079B144A01F02DFE00210220BDF827
S21400EEB02030124A01F026FEBDF814300021104A18
S21400EEC0022001F01FFE013501A826F072FDEDB20A
S21400EED0012102200B4A01F015FE284605AB01AAC7
S21400EEE009A927F072F90446C1E700BFE7DA030074
S21400EEF02DDB030035DB030041DB0300BFF5030019
S21400EF004ADB03008B1D0400F0B5064699B088B9AD
S21400EF1026F047F8074600250EA827F060F90121DD
S21400EF200220364A01F0EEFD2C46BC4204D32846A9
S21400EF3019B0F0BD0127EEE713A827F050F9002E10
S21400EF404AD0022306A913A88DF84C3027F039F9C9
S21400EF500028ECD1FE2402A913A827F038F99DF862
S21400EF60593043F001038DF85930002E3FD1234627
S21400EF7031460220224A01F0C5FD9DF859300AA903
S21400EF8043F0010313A88DF8593027F020F900202C
S21400EF9026F014FD10B114A808F0D6FF0C9B002133
S21400EFA00220184A01F0AEFDBDF82820002112F418
S21400EFB0007F0CBF4C23412312F0100F0CBF6E22B3
S21400EFC0792202200092104A01F09CFD013506A825
S21400EFD026F0EFFCEDB207E020460AAB06AA13A91E
S21400EFE027F0F1F80028B6D00134E4B29DE70021FE
S21400EFF00220064A01F086FDBFE700BF54DB03008F
S21400F0002DDB030041DB030090DB030089DB0300FC
S21400F01030B5012499B00EA827F0E1F813A88DF8B2
S21400F020384027F07AF8C0B9BDF84C1011EA04054C
S21400F03013D121460220424A01F064FD29460220EF
S21400F040404A01F05FFD214602203D4A01F05AFD8C
S21400F050214602203A4A01F055FD06A90EA827F0DF
S21400F060B0F820B11022FF2106A80DF0B7FC04A8C6
S21400F07027F0AFF8059B01210220334A0093334B5B
S21400F08001F040FD9DF8123001210220304A009325
S21400F0902E4B01F037FD00212C4B2E4A022001F0AA
S21400F0A031FD06A826F085FC13A827F098F8022361
S21400F0B00AA913A88DF84C3027F089F800283CD10F
S21400F0C00B9B009301210220234B244A01F01AFDDA
S21400F0D00121214B224A022001F014FD0120FFF7F6
S21400F0E013FF01211C4B1F4A022001F00BFD0020DC
S21400F0F0FFF70AFF044625F054FF2346009001213F
S21400F1000220194A01F0FEFC0121164A174B022084
S21400F11001F0F8FCFFF79CFE012887BF144A15494A
S21400F120154A07490346CDE9010100920121022054
S21400F130124A01F0E7FC19B030BD4FF0FF33C0E7CC
S21400F1408B1D0400A3DB0300E1DB0300D9DB030017
S21400F150F1DB030003050400E512040004DC0300F1
S21400F16014DC03001BDC030024DC030038DC030093
S21400F1709FDB03006DFA0300BFFA030046DC0300C2
S21400F18010B5D0E9023253F822301C78201E18BF82
S21400F190012026F0AEFF054A054B0020002C08BFD4
S21400F1A01A46BDE81040034908F048BF6EDC03006D
S21400F1B073DC03007CDC0300D0E9023210B553F8A0
S21400F1C022301C88204626F096FF2246BDE81040D6
S21400F1D00020014908F032BFBDDC030037B5044605
S21400F1E007F080FA014638B100200D4A0D4903B0F9
S21400F1F0BDE8304008F022BFE368A268013BDBB2FE
S21400F20052F82330084D18780123084A00936C28DA
S21400F21018BF2A461023204626F0BCFD03B030BD9A
S21400F2200BDD030013DD0300F46C0020046D0020EA
S21400F23013B583689A681278672A22D101A826F047
S21400F2406CFF0446A8B9BDF80420174908F0F6FE7E
S21400F250BDF80430DA070AD413F0020F134B144A31
S21400F26018BF1A461349002008F0E8FE19E0124AB3
S21400F270F8E702461149002008F0E0FE2246104951
S21400F280F1E7C26801A953F8220003EB82035B682A
S21400F29000681B68ADF8043026F045FF04460028D9
S21400F2A0ECD102B010BD00BF46DD030039DD03001F
S21400F2B06006040067DD030029DD030079DD030036
S21400F2C0A5DD0300034A04491388C854013313809C
S21400F2D0704700BF565800207B5D002073B5154D63
S21400F2E001242B78144E13F0040F0CBF02230423C2
S21400F2F0124A21461470328802200192EB5C104AB2
S21400F3000093104B5B8801F0FDFB002102200E4AA3
S21400F31001F0F8FB0D4B2946009332882346022065
S21400F32001F036FC21460220094A02B0BDE87040D2
S21400F33001F0E8BB7B5D0020565800207A5D002077
S21400F340B4DD030048580020D9DD0300FBDD0300D0
S21400F3508B1D040070B516464FF48A52114B124DA1
S21400F360DA805980114B1B881A1E18BF012240EA0A
S21400F37082000F4A1278003A18BF012240EA0210B3
S21400F380287063B103246B701B0AAB7009F036FE5D
S21400F390631C2855EE54074B02341C8070BD0124B4
S21400F3A0F4E700BF485800207B5D0020545800203A
S21400F3B0795D00205658002038B5D1E902320C4657
S21400F3C0054653F82230024619880C4B1878FFF78A
S21400F3D0C1FFE368A268013352F82330188824F08E
S21400F3E0E4FC4DB1E368A268023352F82330187883
S21400F3F0BDE83840FFF766BF38BD00BF765D002029
S21400F400F0B50546EB68AA68023352F82330084682
S21400F4101C78294685B0FFF7CFFF204625F01AFE58
S21400F420204E214F78B3204625F020FE0321441CB1
S21400F43003AA284623F0DDFA3288E4B2C2F1FF01BF
S21400F440039B091B89B299424FF0010122443CBF3D
S21400F450C2F1FF0303930091DBB203213A4428462E
S21400F46026F098FC039A022C338804BF0F48110A32
S21400F470FA5408BFC15413441C44348005B0BDE898
S21400F480F040FFF72BBF204607F02EFE0123328800
S21400F49004460093032103463A44284626F07AFCA5
S21400F4A03388E9E7565800207B5D00207C5D00200D
S21400F4B0052307B5012100930220044B044A01F0FE
S21400F4C021FB03B05DF804EBFFF7A2BDE2DD03000D
S21400F4D0E9DD030013B5044626F01BFE38B1CDE97E
S21400F4E0004001210220034B034A01F00BFB02B04F
S21400F4F010BD00BF0BDD030000DE0300194B37B55F
S21400F5001B783BB901210220174A03B0BDE8304002
S21400F51001F0F8BAD0E90232144C53F82230012137
S21400F5201D78638802200093114A2B4601F0EAFA00
S21400F530104B25711B78104D63B1012102200F4A34
S21400F54001F0E0FA20460E4A298803B0BDE83040B4
S21400F55025F021BB20460A4A298803B0BDE8304082
S21400F56025F0DBBB7A5D002017DE0300485800203C
S21400F57025DE0300775D0020565800203CDE0300A1
S21400F5807B5D00202DE9F041D0E9023253F82210CD
S21400F59003EB82035A680C7817889A68DB68B2F81F
S21400F5A00080C6B01D780021304B0220304A0094FF
S21400F5B0CDE9017801F0A6FA002D0CBF6E23792361
S21400F5C0012102202B4A01F09DFAFF23002D0DF1A8
S21400F5D0170606AD019320460CBF80234023424603
S21400F5E039460296009526F056F80446002835D18E
S21400F5F0307825F035FD0746B0B1284626F09DF94F
S21400F6001D4BFD28A8BFFD200093234682B20DF1B6
S21400F6101901022001F0BCFA01210220174A01F06C
S21400F62071FA46B0BDE8F081307825F01FFD60B174
S21400F630284626F087F9FD28A8BFFD200E4B82B28B
S21400F64000930DF11A013B46E3E7307807F04CFDD6
S21400F6500B4B0246009329460123DAE7009001216E
S21400F6600220084B084A01F04DFADAE7811304003D
S21400F67056DE03007BDE0300EE2604008B1D04002E
S21400F680FBDD0300B8E6030085DE0300D0E90232A6
S21400F69053F8221003EB82032DE9F04F5A680F78D7
S21400F6A0B2F800809A68C7B0B2F80090DA681B69B2
S21400F6B092F800A01E7800212F4B304A0446CDE970
S21400F6C001890220009701F01DFABAF1000F0CBF65
S21400F6D06E23792301210220294A009606AD01F007
S21400F6E011FAFF22002128460DF078F9304625F061
S21400F6F0B7FC834608B30023052100932046FD236C
S21400F7000DF1190226F046FB2870BAF1000F0CBF67
S21400F710802340234A4641463846CDE9005625F028
S21400F72085FF0146144807F095F801210220154A86
S21400F73001F0E8F947B0BDE8F08F304625F096FCBA
S21400F74060B1FD2305212046CDF800B00DF11A0268
S21400F75026F020FB85F801B02870D6E705903046E5
S21400F76007F0C2FC059A0346009205212A46204669
S21400F77026F010FBC9E700BF7413040056DE030032
S21400F78096DE03008B1D04002DE9FF471C465B68D0
S21400F790E5685B1B00255FFA83F803952F46FFF7A5
S21400F7A0D9FDEBB2984509D90C9BDB5D282B37D8E1
S21400F7B0202B5DD80137FFB2002B5BD1FFF78EFD03
S21400F7C004B0BDE8F087132A2FD801A151F822F023
S21400F7D039F900004BF900005DF9000091F90000CE
S21400F7E0BDF70000BDF70000BDF70000BDF7000044
S21400F7F02BF800002BF800002BF800002BF8000078
S21400F8002BF800002BF800002BF800002BF8000067
S21400F8102BF800002BF800003DF80000B7F90000B8
S21400F820A3F13102D1B21329CDD90137FFB2A3F12A
S21400F8304102032AC2D8422B00F0BD806B4E002145
S21400F8403288DFF8B0A1C2F1FE039BB2FF2B28BFBF
S21400F850FF2301320091DBB22046524469B226F003
S21400F86078FA33880AF8030001331844308061E0E0
S21400F870242BDCD8013B232BA0D801A252F823F07E
S21400F88039F900004BF900005DF9000011F900009D
S21400F890BDF70000BDF70000BDF70000BDF7000093
S21400F8A0BDF70000BDF70000BDF70000BDF7000083
S21400F8B0BDF70000BDF70000BDF70000BDF7000073
S21400F8C039F900004BF900005DF9000091F90000DD
S21400F8D0BDF70000BDF70000BDF70000BDF7000053
S21400F8E0BDF70000BDF70000BDF70000BDF7000043
S21400F8F0BDF70000BDF70000BDF70000BDF7000033
S21400F90039F900004BF900005DF9000011F900001C
S21400F9104FF00409E368A2682B4452F823301E68AF
S21400F920F0B209F1FF39FFF7CDFC19F0FF094FEAF5
S21400F9301626F5D1013534E7E368A2682B4452F861
S21400F94023301878FFF7BEFCF4E7E368A2682B4480
S21400F95052F82330188824F028FAEBE7E368A26808
S21400F9602B4452F823301E68B6F1807F09D2F0B2DD
S21400F970FFF7A8FCC6F30720FFF7A4FCC6F3074072
S21400F980E0E72B4601210820194A01F0BBF815E7ED
S21400F9904FF00409E368A2682B4452F823301E682F
S21400F9A0F0B209F1FF39FFF78DFC19F0FF094FEAB5
S21400F9B01626F5D1BEE7294603AA204623F019F8F5
S21400F9C000210A4E0B4A3388DDF80C9002EB030C3C
S21400F9D0CAB2914501F1010102D84B443380A9E730
S21400F9E010F802A00CF802A0F2E700BF565800205C
S21400F9F0AFDE03007B5D0020094B1B7823B101219D
S21400FA000820084A01F07EB8D0E9023253F82230C6
S21400FA10054A1B88012113800820044A01F072B8A9
S21400FA207A5D0020D5DE03005458002017DF03005F
S21400FA30D0E9023253F82230054A1B780121003BF8
S21400FA4018BF012308201370024A01F05BB800BFFC
S21400FA50785D00203DDF0300D0E9023253F8223003
S21400FA60034A1B78012113700820024A01F04AB8A5
S21400FA70795D00206CDF030010B5D0E90232044641
S21400FA8053F82230132219880B4B1878FFF762FCC4
S21400FA90E368A268013352F823301878FFF712FCA7
S21400FAA0E368A268023352F823301878FFF70AFC9E
S21400FAB0BDE81040FFF712BC765D002010B5D0E917
S21400FAC00232044653F82230112219880B4B18785C
S21400FAD0FFF740FCE368A268013352F82330187839
S21400FAE0FFF7F0FBE368A268023352F82330187879
S21400FAF0FFF7E8FBBDE81040FFF7F0BB765D00209F
S21400FB00D0E9023253F82230034A1B78003B18BF74
S21400FB100123DB0013707047765D002010B5D0E936
S21400FB20023253F82230044619880E4B0622187803
S21400FB30FFF710FC0120FFF7C5FBE368A26803444B
S21400FB4052F82330188824F030F9E368A2680233AC
S21400FB5052F82330188824F028F9BDE81040FFF743
S21400FB60BDBB00BF765D00202DE9F043D0E9023230
S21400FB704FF0FD09013253F8221003EB82035A6856
S21400FB80C7B017889A68B1F80080147853F8043C18
S21400FB90002C0DF1170506AE18783A4614BF402320
S21400FBA0802341460295CDF80490009625F073FD1B
S21400FBB0034638B1184A0121082000F0A3FF47B0D9
S21400FBC0BDE8F083201E18BF01200A224146C0006F
S21400FBD0FFF7C0FB384624F0E8F82878FFF772FBFA
S21400FBE04A463146287825F0E9F9044628B10B4FF5
S21400FBF03D88C5F1FF03834202DA2346084ADAE766
S21400FC00024608483146284425440DF085F83D80D4
S21400FC10FFF764FBD3E700BFA2DF030056580020BF
S21400FC20BEDF03007B5D002010B5D0E9023204463B
S21400FC3053F82230082219880B4B1878FFF78AFBF6
S21400FC40E368A268023352F823301878FFF73AFBCD
S21400FC50E368A268013352F82330188824F0A5F828
S21400FC60BDE81040FFF73ABB765D002073B5D0E9DB
S21400FC7002320546023253F8221003EB820353F891
S21400FC80042C53F8083C0C781988234B16881878EF
S21400FC900622FFF75FFB0020FFF714FB304624F038
S21400FCA084F82046FFF70EFBEB68AA68033352F889
S21400FCB02330188824F079F8EB68AA68043352F8E1
S21400FCC02330188824F071F8204609F093FBE8B931
S21400FCD0204607F009FA05210446019001AA2846A5
S21400FCE022F087FE019B01469C4206D02246314602
S21400FCF00A480BF019FC02B070BD094D09482E8861
S21400FD002246304434440CF013FD2C8002B0BDE88B
S21400FD107040FFF7E3BA00BF765D0020EADF03001D
S21400FD20565800207B5D002073B5D0E902324FF4B0
S21400FD308A5153F82230104D1A88104BD9805A80B9
S21400FD4000232A4600930121FF2326F023F82B7870
S21400FD50044613F0040F0A4B08BF01261B7818BF91
S21400FD60032613B109F04AF9A855064B1C8002B0C9
S21400FD70BDE87040FFF7B2BA7B5D0020485800200F
S21400FD80785D002056580020D0E9023253F8223021
S21400FD90034A1B78003B18BF01231370704700BF4F
S21400FDA0775D002010B50C4608B908F0A9F8024B9C
S21400FDB018715C7110BD00BF485800202DE9F34152
S21400FDC0D0E902324168304D891A0229C4BF911C1D
S21400FDD053F821102878D4BFFF21097838B90121BB
S21400FDE002202A4A02B0BDE8F04100F08BBE53F86C
S21400FDF02200DFF8B0800488501EC0B253F820609E
S21400FE0003EB82035B68224F1878FFF7CBFF06F000
S21400FE1091FCB8F800300146224600931D483B4648
S21400FE2025F028FD0246C8B93179B8F800305F29B8
S21400FE3017D1CDE900374FF6FF712046154B24F059
S21400FE409EFE28B1034601210220134A00F05AFE06
S21400FE500023124A2B701380114A137002B0BDE8BB
S21400FE60F0814FF6FB718C4208D9CDE90037214668
S21400FE70084B4FF6FF7024F0E0FEE2E72146054A05
S21400FE80009724F00CFFDCE77A5D002035E00300E5
S21400FE907B5D0020485800203CE0030054580020BA
S21400FEA0795D002056580020002210B50A2104462D
S21400FEB01046FFF74FFA002023F077FF0122044B8D
S21400FEC01A70FFF70BFA2046BDE81040FFF776BF22
S21400FED0A462002038B51C4615460123224625F0AC
S21400FEE078FF60B92146284626F03DF9044620B141
S21400FEF001210420034A00F005FE204638BD0024F8
S21400FF00FBE700BF63E003002DE9F0430C4615460F
S21400FF101F46D0E9022352F8231002EB83029368AF
S21400FF200E8893F80080D3688BB0B3F80090324602
S21400FF30012106ABFFF7CEFFF0B90DF1200CF4B1AE
S21400FF4001232A884021CDE902C2CDE90471CDE91A
S21400FF5000932221434606AA304625F071FF0B4B3C
S21400FF600B4A00930B4B0190002C08BF134601214F
S21400FF700420094A00F0C6FD0BB0BDE8F0836246D7
S21400FF8028686968032303C22246DBE7C2E0030051
S21400FF90A7E00300A1E00300AFE0030007B50123DC
S21400FFA06A46002125F015FF6846034908F076FDED
S21400FFB003B05DF804FB00BFC5EA0000D0E90232DA
S21400FFC053F822300149188808F03ABDC5EA000007
S21400FFD010B5D0E9023203EB8201496853F82230AB
S21400FFE009784FF48A52188825F01AFFBDE81040A9
S21400FFF0034601210420014A00F084BDCCE0030042
S214010000D0E9023253F8223002214FF48A5210B559
S214010010188825F0F7FEBDE81040034601210420AC
S214010020014A00F06FBD00BFE5E003001FB5D0E94F
S214010030023203EB820153F82230496818884FF4E4
S2140100408A5309880293094B094A0193094B1B7885
S21401005000931278084B25F04BFF0121034604203C
S214010060064A05B05DF804EB00F04CBD5858002078
S2140100707B5E00207A5E002062580020FCE00300D0
S2140100802DE9F043D0E9023253F8221003EB820344
S2140100905A680E8817789A68DB688BB092F80090D9
S2140100A0B3F800803246042106AB0446FFF712FF80
S2140100B028BB08AD01232A460521204625F089FEE6
S2140100C038B9042001210F4A00F01CFD284624F00F
S2140100D056FF4FF48A53CDE904930023CDE902532A
S2140100E003232121CDE9008306AA3B46304625F0AD
S2140100F0A7FE01210346044A042000F003FD0BB0CD
S214010100BDE8F08314E1030043E1030038B5D0E90C
S214010110024303F18043023B0222104954F82300B4
S2140101209D000CF0ADFC68B90D4B0E491A78042AF7
S2140101300CD82C44A0681A78008821F812000132E5
S2140101401A7038BD084B09491A78F0E70121BDE855
S21401015038400420064A00F0D5BC00BF11CF03008A
S2140101607B5E0020625800207A5E002058580020EE
S21401017055E1030008B5C368806803F18043023B7C
S2140101800222064950F823000CF07AFC10B9044B01
S214010190187008BD0022034B1A70FAE711CF03004E
S2140101A07B5E00207A5E002037B5D0E9023153F835
S2140101B021208C0015784268521A012AC5BF1B19E6
S2140101C05B686C091C78DCBF44F0180405F01F0559
S2140101D02946204625F053FD034640B1234601211A
S2140101E004200E4A009500F08DFC03B030BD0121BD
S2140101F0A94074B92346FE224FF6FF7025F0D1FFC1
S214010200012103460420064A03B0BDE8304000F051
S21401021079BCFE2241EAC461EEE700BF6BE1030050
S2140102208BE1030038B5D0E902456B1C990054F800
S21401023023301A78052A05D80C4463681B88591E92
S21401024007290BD9012104200E4A00F05BFCBDE80A
S2140102503840012104200C4A00F054BC416854F88F
S214010260040C491B0329CABFA1680849096800880C
S21401027025F097FFBDE8384002460549002007F003
S214010280F7BE00BFA9E10300C9E1030000F8FF07BC
S214010290E6E1030008B5D0E9023253F8220003EB89
S2140102A082035968FF22038809684FF6FF7025F01C
S2140102B078FFBDE8084002460149002007F0D8BE95
S2140102C0F9E1030008B5D0E9023253F822300521DE
S2140102D04022188825F096FDBDE8084002460249EE
S2140102E0002007F0C5BE00BF1AE2030008B5D0E93A
S2140102F0023203EB8201486853F822100278402349
S2140103000988312025F0D1FDBDE8084002460249A2
S214010310002007F0ADBE00BF3BE2030008B5D0E900
S214010320023203EB8201486853F822100278402318
S2140103300988332025F0B9FDBDE808400246024988
S214010340002007F095BE00BF55E203001FB5D0E9B7
S214010350023253F8221003EB82039B6808881A784E
S2140103600023D21A18BF0122CDE9023302A9402385
S214010370D20125F0A9FD01210090044B0420044A76
S21401038000F0C0FB05B05DF804FB00BFC2E003004F
S21401039073E2030007B5D0E9023253F82230032195
S2140103A04022188825F02EFD01210090034B0420E1
S2140103B0034A00F0A7FB03B05DF804FBC2E00300AC
S2140103C082E2030037B5C3688268053352F82330EA
S2140103D004211D786A460123044625F0FAFC38B943
S2140103E004200121064A00F08DFB684624F0C7FD73
S2140103F02B466A4600212046FFF786FD03B030BD36
S2140104009CE2030007B5D0E9023203EB820148689B
S21401041053F82210027840230988322025F045FD42
S21401042001210090034B0420034A00F06BFB03B04C
S2140104305DF804FBC2E00300CDE2030070B504469C
S214010440806910F0010600F0020505D175B1C0F310
S214010450072025F093FA09E01DB1B2210E4829F0D4
S21401046037FEA069C0F3810025F077FAE3691BB96E
S214010470BA21094829F02CFE204614F061FCE369F4
S2140104802DB1607E9847BDE8704025F06BBA2046D6
S2140104909847002EF7D170BDE2E2030008B514F0CC
S2140104A043FF28B1BDE808404721024829F010BEA5
S2140104B008BD00BFE2E203002DE9F041FF2B044630
S2140104C00F4690461D469DF8186005D0FF2E03D0B6
S2140104D0D521114829F0FCFD0023FF2D18BFAD00E2
S2140104E00E4A1CBF45F00105EDB222600C4AC4E974
S2140104F0063818BFA561FF2EC4E901232361E76012
S21401050007D0A36943F0020323F47F4343EA06239B
S214010510A361BDE8F08100BFE2E203005C3E00207B
S2140105203D040100002310B5054C03610460054C31
S214010530C261C0E901430123C160836110BD00BFF0
S2140105405C3E00203D040100826938B502F00203DA
S214010550D20704460D4610D533B3FC21144829F0C2
S214010560B7FDFF2D11D1A36913F00C0F1AD040F27D
S2140105700B110F4829F0ACFD14E0FF2912D023B966
S21401058040F201110A4829F0A3FD284624F092FE04
S214010590FF28054604D14FF48271054829F098FDDD
S2140105A004EB4514204638BDFF29DCD0E8E700BF40
S2140105B0E2E203000023054AC0E906310361026056
S2140105C0C360034A034B4260836070475C3E002071
S2140105D03D0401000D4D0200014827F0A8BC00BFF4
S2140105E05C3E0020014827F0AEBC00BF5C3E002008
S2140105F013B5164827F075FC23F05AFC26F03EFC8E
S21401060026F060FC26F06AFCFCF756FF0446FCF771
S2140106106DFF23460E4A01210090042000F072FA75
S214010620FCF750FF012340F2A172834013420BD026
S2140106300020FCF755FE0020FCF758FD002002B014
S214010640BDE81040FCF724BD02B010BD5C3E0020A2
S2140106505CE30300022808B503D12BF067FC014BCD
S214010660186008BD8C3E002008B50DF09DF90122EA
S214010670044B1A702BF0D9FCBDE808400249034828
S214010680FDF7E2B87D5E0020A0670020903E0020C6
S214010690014B1870704700BF7C5E0020024B187833
S2140106A008B106F02BB87047146D002008B5074B4B
S2140106B01B780BB1002008BDFFF7F0FF0028F9D129
S2140106C006F0F0FB023818BF0120F4E77C5E00203C
S2140106D070B5FFF7EBFF174D20B1FFF77DFF04283C
S2140106E0044613D82B781BB92BF09FFC01232B70E3
S2140106F023F0ECFB0446D8B12B781BB9F7210E4842
S21401070029F0E6FCBDE87040FFF766BF23F0E0FB8A
S2140107100028E7D02B785BB12BF00DFB06460021B5
S214010720012029F075FD30462BF000FB00232B70CD
S214010730204670BD7D5E00207DE303001FB5FFF7F8
S214010740C7FF0446FDF72AFAA04228BF204688B113
S21401075003A92AF04BF9034638B9CDE90000064A49
S214010760039906482BF0F1FB18B18E21044829F0B5
S214010770AFFC012004B010BDCB3E03006C3E002050
S2140107807DE303000D4B10B51B780D4C0D4A01217E
S214010790002B18BF2246022013460B4A00F0B2F97E
S2140107A00A4B084A1B780121002B18BF2246BDE8D8
S2140107B0104013460220064A00F0A4B9146D00202A
S2140107C0000C0400E10B0400FAE303007C5E002049
S2140107D019E4030010B5D0E9023253F822300220A2
S2140107E01B780121002B15BF01240024044A054A69
S2140107F000F088F92046BDE81040FFF749BF00BF6A
S21401080038E4030055E40300D0E9023253F82230FD
S214010810034A1B78003B18BF01231370704700BFC3
S214010820146D002038B50125084B1D702BF083FA96
S21401083004462946284629F0EBFC20462BF076FA9A
S214010840BDE8384002490348FCF7FEBF7E5E002043
S214010850A8670020B83E002070B514F0EBFD10F03C
S214010860070F1D4D11D02B785BB901262E702BF08A
S21401087062FA04463146304629F0CAFC20462BF07F
S21401088055FABDE8704014F0A5BB25F06EFC0228B1
S21401089003D1124B1B78032BE5D914F0CBFD18B905
S2140108A00E4B1B78032B14D814F094FB0446002837
S2140108B0D9D02B785BB100262E702BF03CFA05467A
S2140108C03146012029F0A4FC28462BF02FFA2046B9
S2140108D070BD4FF0FF34ECE77E5E0020056300201C
S2140108E01FB5FFF7B9FF0446FDF758F9A04228BF28
S2140108F0204688B103A92AF079F8034638B9CDE92C
S2140109000000064A039906482BF01FFB18B18C21FC
S214010910044829F0DDFB012004B010BDA543030007
S214010920983E002074E4030010B5094C09490020E4
S21401093007F084FB23681B68587924F0F1FC2368D0
S2140109401B68587923F037FD05F004F9002010BD27
S21401095018440020E9E4030008B525F0F6FB02463A
S21401096028B1BDE808400020014907F067BB08BD73
S2140109700CE5030008B525F0FEFB024628B1BDE8EC
S21401098008400020044907F059BB5422BDE808403E
S214010990FF2102480CF022B824E503006C58002021
S2140109A038B504460D4625F0EAFB024628B1BDE8F7
S2140109B038400020034907F041BB034B23F814508D
S2140109C038BD00BF42E503006C580020F7B500248F
S2140109D0094E0A4D0A4F56F8043B03B93B6835F8F1
S2140109E0022B0020009207492246013407F026FB1D
S2140109F02A2CF0D103B0F0BDB4670020C058002007
S214010A00B06700205EE5030008B52A21034825F0FB
S214010A10AEFBBDE80840FFF7D9BF00BFC0580020B5
S214010A2007B5D0E9023253F822301A78292A0DD8B0
S214010A30084B53F822300BB9074B1B6807490020B7
S214010A4031F812100091064907F0F8FA03B05DF884
S214010A5004FB00BFB4670020B0670020C058002028
S214010A605EE5030008B52A21034825F082FBBDE8B0
S214010A700840FFF7ABBF00BFC058002038B5D0E92B
S214010A80023253F8221003EB82035B680C781D8850
S214010A900020044907F0D2FA29462046BDE838402E
S214010AA0FFF77EBF69E50300F7B50024094E0A4D3E
S214010AB00A4F56F8043B03B93B6835F8022B002071
S214010AC0009207492246013407F0B8FA2A2CF0D1E1
S214010AD003B0F0BDB46700206C580020B06700205A
S214010AE05EE5030010B5024623F07EFC20B9044CF7
S214010AF0236811B11343236010BD23EA0203FAE70A
S214010B00606800200CB413B502460C4623F06CFC5A
S214010B1060B9094B1B681A4208D005A904980191CF
S214010B200AF016FD14B1054826F032F902B0BDE808
S214010B30104002B0704700BF6068002068E80300FC
S214010B40034610B5D3E9023253F8223008461C7822
S214010B50211E18BF0121FFF7C5FF014648B9084A03
S214010B60084B0220002C08BF1346074AFFF7CAFFAE
S214010B7010BD00210220054AFFF7C4FFF8E700BFB9
S214010B80B2D40300AAD403006AE8030080E8030095
S214010B90F8B505461F460C468E18B44200D1F8BD7E
S214010BA00021284614F8013B069AFFF7ABFF002FF9
S214010BB0F3D000212846024AFFF7A4FFEDE700BF65
S214010BC03FDB03000021024A0248FFF7ABBC00BF2F
S214010BD0590C0100C03E0020FF21014823F05AB9FC
S214010BE0C03E00200022034BFF2103481A7023F069
S214010BF04AB900BF7F5E0020C03E002013B5114CED
S214010C002378032B13D8009300230F4A18460F4965
S214010C1007F014FA237842F21072002B08BF002264
S214010C20FF210B4802B0BDE8104023F01BB900229B
S214010C300849104607F002FA02B0BDE81040FFF777
S214010C40D1BF00BF7F5E002091E80300A3E8030048
S214010C50C03E0020ADE80300F0B52A4D8FB02B78DA
S214010C6013B309A825F0BBFA022309A88DF824308E
S214010C7025F0A3FA0646244B01AA03F110071446F1
S214010C8018685968083303C4BB422246F7D11F4B84
S214010C9005AA03F11007144618685968083303C4F7
S214010CA0BB422246F7D1E6B1012409A825F033FA62
S214010CB028B99DF82430C3F340031C43E4B22B78D3
S214010CC01349002B4FF000034FF0A00208BF19464E
S214010CD0204625F0FAF990B92B7801332B700FB026
S214010CE0F0BD01A909A825F06AFA0028DCD105A9FA
S214010CF009A825F064FA04460028D6D0D4E7FFF701
S214010D007DFFECE77F5E0020107104002071040077
S214010D1000F8FF0710B50020334907F08FF90822C5
S214010D200020324907F08AF9314B32491A78324BA2
S214010D300020002A18BF1946304C0A46304907F0F1
S214010D407DF9002024F009FE2368002B47D01B788C
S214010D50022B44D900222B4B10462B4907F06EF983
S214010D6023F089FB29490246002007F067F900F0C5
S214010D70D1F827490246002007F060F923681B785E
S214010D80032B2CD900F0D6F822490246002007F0A2
S214010D9055F900F0DFF820490246002007F04EF929
S214010DA000F0E0F81D490246002007F047F900F080
S214010DB0A5F81B490246002007F040F900F0D8F8D4
S214010DC0184C194954F82020002007F037F900F094
S214010DD025F9164954F82020002007F02FF9BDE820
S214010DE0104024F0BFBD00BFCFE80300EBE80300CE
S214010DF0805E0020E10B0400000C04005443002038
S214010E000EE9030080D6030074D603002AE9030026
S214010E104EE9030072E9030096E90300BAE903000C
S214010E20E1E903006468002008EA03002BEA0300F6
S214010E3008B5D0E9023253F82230187840B10020C4
S214010E40074907F0FBF8BDE80840802000F034B8F9
S214010E50044907F0F3F8BDE80840802000F046B8E2
S214010E604EEA03006BEA0300D0E9023253F822305F
S214010E70034A1B78003B18BF01231370704700BF5D
S214010E80805E002018220021094BC3E900121A7B5C
S214010E900AB9084A9A601A7C12B94FF47A72DA8152
S214010EA040F6B8325A8200229A829A75704700BF7D
S214010EB0E03E0020E09304000A4B10B51B687BB1AE
S214010EC01B78032B02D8B0F5007F09D1064C2368A6
S214010ED0034323606368184202D02BF022F8A082F5
S214010EE010BD00BF54430020E03E0020024A1368B4
S214010EF023EA000313607047E03E0020014B1868A8
S214010F00704700BFE03E0020014B9868704700BF65
S214010F10E03E0020024B9868FA23B0FBF3F07047DE
S214010F20E03E00200122024B98601A73704700BF12
S214010F30E03E0020024BD889FA23B0FBF3F070475D
S214010F40E03E00200122024BD8811A74704700BF90
S214010F50E03E0020024B588AFA23B0FBF3F07047BC
S214010F60E03E0020014B5868704700BFE03E00207D
S214010F702DE9F84300244FF00C08104B104F9D7DCF
S214010F80104E3988E3B28B4202D32846BDE8F88377
S214010F9008FB03F3F05C06EB030924F0E5FC50B90B
S214010FA0FF21D9F8080022F075FF20B199F8053025
S214010FB09D4238BF1D460134E3E700BFE03E0020F6
S214010FC0BA6C0020E8680020124B10B51B68124C62
S214010FD0EBB11B78032B02D823689B0517D52AF0A3
S214010FE0A0FFA38AC01A638A80B283423EBFD4E9B7
S214010FF000329343236025F032F808B1E08910BD32
S2140110002368002BFAD1FFF7B3FF0128F6D0A068BA
S214011010F5E700BF54430020E03E0020014B987DD9
S214011020704700BFE03E002038B504460D462BF061
S2140110301FF8244B1B7813B1204623F017FA402CD7
S21401104027D006D884B13F2C18D0BDE8384024F00C
S21401105089BC4C3C0C2CF8D81B4B2341DB07F4D441
S2140110600220FFF743FFF0E74FF40070FFF73EFF63
S2140110700220FFF721FF154B1C71E6E74FF40070C5
S214011080FFF734FF0220FFF731FF00220F4B1A71E2
S214011090DBE724F0EAFB0028D7D10C4C02202379A9
S2140110A001332371FFF722FF4FF40070FFF704FFAF
S2140110B02379AB42C9D323F0DAF90028C5D123F04E
S2140110C0AFF9C2E7805E0020FEEEFFFFF83E00208B
S2140110D010B505F007FB02280AD124F09CFF034651
S2140110E030B1BDE8104000220249104606F0A6BF06
S2140110F010BD00BFB7EA03000021024A0248FFF70D
S21401110011BA00BFD1100100003F002038B5002001
S21401111024F023FC124B1B6893B11B78022B0FD9CA
S21401112005F0E0FA022816D10E4C2568FFF74CFFB1
S214011130A842206008D0FF2122680B4822F092FEC8
S214011140BDE8384024F00EBCFF21074822F0A2FE7D
S2140111500028F5D1EFE7FF21034822F094FEEFE7E0
S21401116054430020F83E0020003F0020024602497A
S214011170002006F063BF00BFCBEA030010B5244C85
S2140111802448FF2122F07FFE2078022814D003286D
S21401119030D0012804D02120BDE81040FFF7E6BF7B
S2140111A01D4B19780029F7D002231C4A23701378A7
S2140111B0052B08D100231370184B1B78052B0ED175
S2140111C003232370E7E70133DBB2994203D10523FA
S2140111D013700020E0E7052B1370EDD1F9E7104AF4
S2140111E0104932F8230007F02BFC03232370002854
S2140111F0D2D110BD094B0C4A1878094B03EB80017C
S214011200897833F8200007F0EBFB0123EEE700BFF7
S214011210815E0020203F00208A5E0020166D00209F
S2140112201459002009140100B51301002DE9F04FEF
S2140112300D46144695B00490112200210FA8994638
S214011240DFF86C810BF0CAFB04EB45030393D9F876
S21401125000301C2B02D0039B9C4202D115B0BDE886
S214011260F08F0123DFF844A18DF81C3023884C4A07
S214011270ADF81E309AF800304A4D08EB83039B7890
S21401128028788DF8203013688DF81D00CDF82130B0
S2140112905368CDF8253024F067FB049B8DF82900B0
S2140112A034F8021B2878002B49D124F02AF80028AC
S2140112B0CDD09AF800300FAA38F8230007A923F0FA
S2140112C0E4F80028C3D023F06EFE4FF0000B07466B
S2140112D006461C255FFA8BF2BA4233D3B7422BD9A6
S2140112E09DF81C30032B1AD10FAB0193BDF82130AA
S2140112F000220421009301202B4B06F029FD9AF8C9
S214011300003008EB83039978264B187806F09CFD8D
S2140113109AF80030002038F8231024F07AFA5DB1EC
S21401132007A9304624F069FE204B05461B78304657
S21401133038F8231024F063FEC9F8005087E723F03D
S214011340D7FFB4E710460BA9059224F052FE30B938
S2140113509DF82C1031B9059AB74208BF16460BF115
S214011360010BB7E7BDF82E00BDF81E209042F6D15E
S2140113709DF830009DF820209042F0D19DF81C2069
S2140113808A42ECD1032A14BF082202220DF1210160
S2140113900DF131000BF074FB002808BF0025DEE7D5
S2140113A0825E0020156D00202FED0300166D0020D3
S2140113B01459002013B503460020114A01901278F3
S2140113C0052A04D01A78032A01D19C682CB9012079
S2140113D002B0BDE81040FFF7C9BE6268217801ABD4
S2140113E0FFF724FF217A0120E26801ABFFF71EFF19
S2140113F0FF21044802B0BDE8104022F03CBD00BF0A
S214011400166D0020203F0020094B1B78052B02D0CB
S2140114100378032B02D00120FFF7A8BE8168054A96
S2140114200B68054813604B68FF21536022F023BD0B
S214011430166D0020825E0020203F002038B5002473
S214011440114B124D1870124BFF211C702C7006F0B8
S214011450FBFC0122032110460E4B06F079FC4FF6E9
S214011460FF712246084624F0D7F9044648B940F6EB
S214011470B832FF21084822F0F5FC01232B702046E4
S21401148038BDFFF773FEFAE7156D0020815E002078
S2140114908A5E00208B1D0400203F0020144BF0B50F
S2140114A01A68144913680978587988420BD1124989
S2140114B0D78808460022114D1E792B78D4B2A34254
S2140114C003D8052C0AD10020F0BD0C88BC4202D1FD
S2140114D08C78B442F7D001320431EFE7A342F2D15F
S2140114E020F82270013300EB820086702B70EAE749
S2140114F018440020156D0020145900208A5E002033
S214011500FF2307B50021044A04480093FEF7D4FFE1
S21401151003B05DF804FB00BF7D110100203F0020F1
S2140115201FB5B42303210446ADF80E3023F0E0FEC8
S21401153098B1212320460093002203210DF10E03CA
S21401154024F085F804460020054B064A0649009417
S21401155006F074FD204604B010BD8624F3E700BFF4
S214011560F5EA030002EB030017EB0300D0E90232B1
S21401157053F82230034A1B78012113700220024AD5
S214011580FFF7C0BA2E6D002026EB03000122014BA7
S2140115901A7070472E6D00200A4B90F805111B78C3
S2140115A090F8082119448A42BCBFB2FBF3F103FB51
S2140115B011234FF0FF32B8BFDBB202FA03F380F813
S2140115C00A3170472E6D00202DE9FF410446057F44
S2140115D0867EDFF870806E43237F98F800201344E0
S2140115E09D4212DB607F60B9238B0293636901938E
S2140115F0237C00936288A31D217805F035FDFF2327
S2140116002370002004B0BDE8F081E37EAB42E9D947
S214011610A77E228BF1199142A4BF921BD7B205EB8C
S2140116200323E3813A4633462946204622F04AFF01
S2140116300028E7D1637F3744013301356377BEB2B3
S214011640EDB2C9E72E6D002037B5054624F003FD3F
S2140116500D4B04461B6869461B78032B82BF0B4B58
S2140116601B881B18284688BF9CB224F07CFD38B91D
S214011670684624F0F2FC18B9044B1B8823449CB23C
S214011680204603B030BD00BF54430020BE6C00208E
S214011690074B084A1B7812781340FF2B07D1064BDD
S2140116A01B78022B03D04FF48070FFF71FBC7047E6
S2140116B06C68002070400020403F002010B50446B2
S2140116C0FF2122F0E0FB054B9C4202BF0023A4F55C
S2140116D088742370BDE81040FFF7DABF5040002041
S2140116E02DE9F0479A46294B81461B7888461646CF
S2140116F0BDF82050002B44D0FF2D03D938252846AD
S214011700BDE8F087224C2778FF2F3CD1214B0C22D5
S21401171020706180A01D314663610BF009F8A28933
S214011720414642F4004242F040022046A28122F0A5
S214011730DBFE2A46514660690AF0FAFF41464846F2
S214011740A21D258324F0DDF9A0760028D6D0054415
S214011750013DB5FBF0F0FF28D0DC0023E076204603
S214011760A383FFF731FF054648B923794FF480700C
S214011770B372FFF7A1FB227C099B1A80BFE7277093
S214011780F9E70225BBE740F60345B8E72E6D0020D2
S214011790704000208C5E0020B0F9063010B5002B9A
S2140117A025DA144C2278237CFF2A02D0827A9A42C8
S2140117B007D0114C2378FF2B17D0827A237C9A42CC
S2140117C013D169B9637F013BDBB263775BB90B4A1F
S2140117D0237F1278204613442377FFF7F5FE014650
S2140117E0204622F090FEFFF753FF012010BD002097
S2140117F0FCE700BF704000206C6800202E6D0020C2
S2140118002DE9F04F9B46B1F9063091B0002B0E46FC
S2140118109046DDF86890049080F22581B9F8003092
S214011820FF2B04D94FF4B871A44828F051FCA44DFD
S21401183000242B7895F80411B5F80221002B40F00E
S214011840A180377A9F4B1B78BB4240F2AB800223C4
S214011850A5F802812B70B37AFF2485F804310023A2
S214011860A5F8084185F80531A5F80631B9F8003024
S214011870934885F80C31FFF78FFE4046FFF7E4FEEC
S214011880214600EB4002904822F0ECFA4FF48070BB
S214011890FFF712FB8A4C94F80AA1BAF1FF0F20D188
S2140118A0884A94F8053112781344BB4219DC94F83F
S2140118B00C1184F80531B4F80631204601FB0233D9
S2140118C0A4F80631FFF768FE0122804B40461A70E5
S2140118D0FFF7BAFE514600EB400204F5887022F08D
S2140118E0C1FA94F80511B9425CD8764B93F800C05A
S2140118F00CEB01039F4255DA744A94F808311078CC
S214011900013B002850D09F4205DAB9F8003084F830
S2140119100C3100231370B7FBFCFA01230CFB1A7A77
S21401192094F80A015FFA8AFA03FA0AF3DAB2034074
S21401193077B93089000A844584F8080108D9204619
S214011940CDE906320591FFF727FEDDE90632059956
S21401195094F80A01024384F80A216BB994F8093114
S214011960013384F80931B9F80020B4F80631981823
S214011970FF2826DD0323237094F80831013B9F429C
S21401198032D13AE0B07A884202D1904500D12C4655
S214011990377A002C7FF47FAF002B3FF453AF012B37
S2140119A03FF450AF01205FE09F42B4DA94F80C2177
S2140119B099F800309A42AED004F58870FFF77EFEA3
S2140119C0F0E794F80CC1791A0CFB0133A01C10FA4D
S2140119D083F0DBF8001005920AF0AAFE94F80831AD
S2140119E0059A013B9F4242D0012394F80A2103FA4B
S2140119F00AF3013B1343FF2B04D1224631464046EE
S214011A0022F073FD94F8083194F809219A42C9D15D
S214011A102C4B1B78B2FBF3F103FB112212F0FF02F1
S214011A2018BF13462278022A24D129786A78012918
S214011A3004BF01326A7001222280F288B4F80611CE
S214011A4022F04002F28094F80B2102340A44591E17
S214011A5094F80A3113FB01F31344A9F80030CBF8CC
S214011A600040FFF715FE002011B0BDE8F08F84F8A6
S214011A700B21C2E77179002994D0032A92D1B4F8D8
S214011A80062194F80B1108AD11445A1E94F80C3136
S214011A90304613FB02F30B4400219BB2A21CA9F8AB
S214011AA00030CBF80020CDE900810295049907F0BB
S214011AB0AFFC8921284624F021F87DE74DEB030091
S214011AC0403F00202E6D0020504000208B5E0020FD
S214011AD013B5044618B101280BD002B010BDFF2380
S214011AE001460093064A0748FEF7E6FC064B1C70C3
S214011AF0F3E7FFF74BFDFF22044B1A70EDE700BF3B
S214011B00BD16010050400020403F002070400020DC
S214011B1013B501A909F07CFE044648B9BDF80630A4
S214011B209DF80420034906F089FA204602B010BD4C
S214011B308120FBE7CBEB030013B5694609F074FE81
S214011B40044688B9BDF802309DF80020074906F022
S214011B508FFA2046019906F0E7F92046044906F077
S214011B606DFA204602B010BD8120FBE7EFEB0300C3
S214011B7015EC030013B5694609F07AFE044610BB5E
S214011B809DF801309DF80020104906F071FA9DF885
S214011B900120E3B29A4206D800200D4906F04EFA1B
S214011BA0002002B010BD0198630003F4FF73022207
S214011BB00021184423F0BBFE06490246002006F029
S214011BC057FA0134E3E78120EBE700BF17EC030087
S214011BD08B1D040046EC030013B501A909F01EFE97
S214011BE0044648B9BDF806309DF80420034906F0BE
S214011BF025FA204602B010BD8120FBE750EC030019
S214011C001FB500246946E0B224F0F3F950B99DF8F7
S214011C100030032B06D1BDF805309DF8012004499C
S214011C2006F00CFA0134202CECD104B010BD00BF34
S214011C3077EC030008B50020034906F0FFF9BDE87C
S214011C400840FF2000F0DABA89EC03002DE9FF47CF
S214011C5006460D46174622F096FC044640B130462D
S214011C603A46294622F079FC002004B0BDE8F08708
S214011C704FF003095FFA84FA6946504624F0B9F931
S214011C80C0B99DF80080B8F1000F13D12B0A694640
S214011C9050468DF800908DF805508DF806308DF879
S214011CA0016024F0AAF902460028D8D04046064929
S214011CB006F0C4F90134202CDCD10020034906F0DB
S214011CC0BDF98920D1E700BF9EEC0300C5EC0300F7
S214011CD01FB5002304468DF80F3022F03FFC28B1D3
S214011CE09DF80F3063F07F038DF80F3018230193B2
S214011CF00DF10F030022009304214023204623F018
S214011D0095FC024618B10020024906F097F904B086
S214011D1010BD00BFE0EC03001FB502A909F096FD57
S214011D20044688BBBDF80820184906F0A1F92046EC
S214011D30039906F0F9F82046154906F07FF94FF6A3
S214011D40F672BDF80810134C4B1E9BB2934219D87D
S214011D502368039A1B685879FFF778FF23681B7975
S214011D60012B0BD8BDF808300022CDE90003042171
S214011D70094B092005F0ECFF23F0BAFE6FF0FF00D7
S214011D8004B010BD8720E9E78120F9E7FFEC0300E6
S214011D9015EC03001844002016ED030070B5044648
S214011DA08AB005AD1122002128460AF017FE20460A
S214011DB004A909F03FFD044600283AD11E4EBDF89D
S214011DC010201E4906F03AF932681379012B28D8FB
S214011DD04FF6F670BDF810104B1E9BB2834224D806
S214011DE01368587922F0CFFB08B333682A461B687C
S214011DF0BDF81010587922F0AFFBBDF81030012263
S214011E000421CDE9004309200D4B029505F0A0FF02
S214011E1023F06EFE034620B100200A4A0A4906F066
S214011E200DF96FF0FF000AB070BD8724E5E78B243B
S214011E30E3E78120F7E700BF1844002019ED03000F
S214011E402EED030032ED03003DED03002DE9F047D2
S214011E509AB004A909F006FD0446002840F0B480B3
S214011E609DF810205A4906F003F925469DF81020E2
S214011E70EBB29A4254D80020564906F0DFF89DF896
S214011E801050002D40F099802C462E46524F06A940
S214011E90F0B224F0AEF8C8B99DF81830032B15D16E
S214011EA03B689DF819201B685B799A420ED19DF814
S214011EB01D2005F168036B4403F8402C9DF81E2095
S214011EC00235013403F83F2CEDB2E4B20136202E80
S214011ED0DDD19DF810300BB1002C77D00AABCDE9DF
S214011EE00143FF2302220421009309203B4B039563
S214011EF005F02EFF23F0FCFD034660B19DF810208F
S214011F00002A5FD0364A3749002C08BF0A4600200F
S214011F10354906F093F86FF0FF001AB0BDE8F08778
S214011F2005986B0003F4FF7302220021184423F086
S214011F30FEFC2E490246002006F09AF8013595E788
S214011F400598730003F4FF7302220021184423F05E
S214011F50EEFC002780465FFA80FA06A9F8B224F064
S214011F6048F800BB9DF81830032B1CD1D9F8003077
S214011F709DF819201B685B799A4214D19DF81D3093
S214011F80534510D19DF81E30C8F307229A420AD154
S214011F9005F168036B440235013403F840AC03F8DD
S214011FA03F2CEDB2E4B20137202FD6D101369DF891
S214011FB01020F3B29A42C3D88BE70025DFF81890B9
S214011FC02E46F4E7064AA2E78120A6E78B20A4E77F
S214011FD097ED03008B1D040018440020B6ED0300A6
S214011FE068ED030086ED0300BAED030046EC03003E
S214011FF02DE9F04389B002A909F022FC0446002825
S21401200067D1BDF80820344906F018F84FF6F67285
S214012010BDF80850DFF8D4906B1E9BB2934254D89B
S214012020D9F8003029461B685F79384622F0ABFAAA
S21401203000284CD026465FFA86F8404603A923F0CE
S214012040D8FF28B92946384603AA22F089FA20B9CA
S2140120500136202EEFD14FF0FF08404623F0C7FF90
S214012060014658BB112203A80AF0B8FC2946384697
S21401207003AA22F072FAD9F800301A79012A18D880
S2140120801B68BDF80810587923F012FCBDF808301B
S21401209003220421CDE900430920104B05F058FE28
S2140120A023F026FD034620B100200D4A0D4905F018
S2140120B0C5FF6FF0FF0009B0BDE8F08302460A498C
S2140120C0002005F0BBFF0124D5E78724D3E78B2446
S2140120D0D1E78120EFE700BFDCED030016ED03003A
S2140120E01AEE03003DED0300F3ED03001844002053
S2140120F02DE9F043DFF894800020D8F8003021491C
S2140121001B688BB05E79002505F098FF01275FFA02
S21401211085F9484601A923F06CFF044690B99DF85D
S2140121200430032B0ED19DF80530B3420AD1484640
S21401213023F05DFF0146A0B102461349204605F093
S2140121407DFF27460135202DE1D1D8F8003000214A
S2140121501B68587923F0ACFB87F001000BB0BDE893
S214012160F083112205A80AF039FCBDF80940304673
S214012170214605AA22F0F1F92146304623F098FBC4
S214012180E0E700BF27EE0300F3ED0300184400204C
S21401219037B5694609F060FB044638BBBDF8002038
S2140121A0134905F065FF134D2046019905F0BCFE65
S2140121B02046114905F042FF2B681B68587923F029
S2140121C086FC70B14FF6F672BDF800104B1E9BB23E
S2140121D0934209D82B68019A1B685879FFF736FD98
S2140121E00446204603B030BD8724FAE78120F9E78C
S2140121F03BEE03001844002015EC03007FB50546AE
S2140122000024E6B26946304623F0F3FEA8B99DF8ED
S2140122100030032B11D19DF80130AB4204D0FF2DC5
S2140122200BD19DF80D3043B9304623F0E0FE02464F
S21401223018B10020034905F001FF0134202CE0D13C
S21401224004B070BDF3ED0300034B1B68187801283A
S21401225008BF0220704700BF54430020D0E9023275
S21401226053F822301A78024B1A7000F0E5BA00BF14
S2140122708B5F002070B5D0E902435A1C960054F8D3
S21401228022201578A5F10B020F2A06D92A461A49EB
S2140122900020BDE8704005F0D1BE013BDBB254F82A
S2140122A023000322154934440AF0EAFB54F8043C9F
S2140122B01A78012A0FD11249AA400B6840B9134374
S2140122C0104A0B600020BDE870400F4905F0B6BE0D
S2140122D023EA0203F4E7022A0BD101220B49AA40A2
S2140122E00B6818B913430A4A0B60EBE723EA0203AB
S2140122F0F9E70849CCE700BF5FEE030075EE03007F
S2140123009068002079EE030081EE03008C680020BF
S21401231094EE03009EEE030007B5D0E9023103EB0D
S214012320810253F8213052681B781268012B0CBFCA
S214012330084909494FF000000A6008BF074B0092A0
S21401234018BF074B074A084905F078FE03B05DF849
S21401235004FB00BF906800208C680020B1EE0300EB
S214012360B9EE030040710400C3EE030010B5244B20
S214012370244A254C0020254905F060FE002024490A
S21401238005F05CFE22682349002005F071FE2068F6
S214012390214C05F031FE0020204905F04FFE226851
S2140123A01F49002005F064FE206805F025FE002088
S2140123B01A4905F043FE1B4B1B491A781B4B00209C
S2140123C053F8223005F03AFE00F00CF9184902469F
S2140123D0002005F033FE174B00201A78164905F049
S2140123E02DFE164B16491A78002005F027FE04F03C
S2140123F079F9BDE8104002461249002005F01EBEDC
S214012400DDEE03004071040090680020E4EE030056
S214012410ECEE0300FAEE03008C680020C1D5030041
S2140124200BEF0300B95F00201CEF03009468002047
S2140124302FEF03009E5F002043EF03009D5F002007
S21401244055EF030067EF030007B500F071F8054B81
S2140124500090054A0020054905F0F0FD03B05DF83F
S21401246004FB00BF7DEF03004071040017EB03007F
S214012470F8B504460B4F0C4E0C4D00200C4A0D4986
S21401248005F0DCFD20463B7829783278F3F750FEDC
S21401249000233B7033702B70FF21BDE8F8400648DF
S2140124A021F0F1BCB95F00209D5F00209E5F0020F7
S2140124B04071040082EF03009040002037B51248B7
S2140124C0FF2121F0E0FC114B187810F0100505D023
S2140124D0002003B0BDE8304003F0D0BE0121B42097
S2140124E004F078FA04460A4B0A4A0B49009028463B
S2140124F005F0A4FD2046FFF7BBFF4FF4806003B054
S214012500BDE83040FEF7F2BC90400020B95F0020E5
S21401251099EF03004071040017EB03000021024A03
S2140125200248FDF7FFBF00BFBD2401009040002018
S21401253008B5054B1B7823B11720FFF799FF00203C
S21401254008BD0220FCE700BFB95F002010B550B1FE
S214012550054B00F1100250F8044B904243F8044B2F
S214012560F9D1024B197010BD9F5F0020AF5F0020AC
S21401257037B5174D04462B78DB0626D50090154B4C
S2140125800020154A154905F059FD1E2C0BD0652C67
S21401259009D0032C19D0002023F0A3FD40F61C40DF
S2140125A0FFF766FF0DE023F0C4FD4FF4FA63B0FBBE
S2140125B0F3F202FB1300C218FF21094892B221F080
S2140125C051FC2B7823F010032B7003B030BD00BFF5
S2140125D0B95F0020B2EF03004071040017EB03005F
S2140125E090400020014B1879704700BF2859002001
S2140125F070B54C4E8EB0337803F0FB02A3F109059B
S214012600022AEDB258D0042B41F6041257D0A3F19A
S21401261008014B424B415B0013434348ADF80C3075
S21401262021F0E1FF48B9414B3F4A03F1100153F84D
S214012630040B8B4242F8040BF9D13D4B1B78002B5F
S2140126403FD03C4B0DF10E0203F1100153F8040B81
S2140126508B4242F8040BF9D103A823F062FD23282C
S214012660044610D1012D49D80020334A334905F0DC
S214012670E5FCBDF80C3003A823F40053ADF80C308C
S21401268023F04FFD0446002C41D14FF40C7023F08B
S21401269046FD044600283AD103F0AEFE012D36D899
S2140126A0274A01AB1068516803C3264901A823F0E5
S2140126B094FD78B319242AE043F60412A7E702230F
S2140126C0AAE73378042B0DD0082B0BD01E4B0DF147
S2140126D00E0203F1100153F8040B8B4242F8040B6F
S2140126E0F9D1B9E7104A0DF10E0302F1100152F8C3
S2140126F0040B8A4243F8040BF9D1ADE7337803F0B3
S214012700FB03022B03D10020104905F097FC20465D
S2140127100EB070BD044901A823F05FFD04460028F1
S214012720C8D1F4E7B95F00208D5F00207FF0030079
S214012730AF5F00209F5F002040710400D6EF0300CA
S21401274090F003003071040099F0030031F00300AB
S21401275070B5002686B00446252023F0C8FC162254
S214012760002116480AF03AF9154B1E60154B1878E9
S214012770FFF76AFD022814BF0123042303208DF806
S214012780083023F002FD04238DF810300E4B02A80A
S2140127900593039403F0E4FC05460C4B0C491A68B8
S2140127A00C4B3046A24218BF0B4600940A4A0B490E
S2140127B005F044FC284606B070BD00BF285900202D
S2140127C0B0400020B95F00208D2A010090680020EB
S2140127D0B9EE0300B1EE030040710400AAF0030055
S2140127E008B5124A1378042B09BF114B01331B7825
S2140127F0C3F10603DBB2137003F0FD02092A04D10C
S2140128001720FFF735FE172008BD094A1278C2F1D6
S2140128100602D2B29A4207D1064B18680028EFD0BA
S214012820FFF796FF4D20EFE70020EDE7B95F0020A8
S214012830AF5F00208C68002073B51E4C1E4E2368C7
S2140128403268134334D01D4B1B6853B31C4D2B7891
S2140128503BBB03F047FFF8B94FF48060FEF72CFB53
S214012860184B24681B7894B1C3F102032B7003F054
S214012870FDFC2046FFF76CFF04460020124B134A6E
S2140128801349009405F0DAFB204602B070BDC3F18F
S214012890060334682B70EAE70121B42004F09AF8A5
S2140128A0EAE70020094A0B4905F0C8FB0224E4E7E1
S2140128B00224E9E7906800208C6800205443002039
S2140128C0B95F0020AF5F0020F2F003004071040002
S2140128D017EB0300D8F003002DE9F341364D374ED0
S2140128E000202A792B88364905F0A8FB326828791A
S2140128F022FA00F010F0010002D1324905F09EFBE9
S214012900314F3C783CB10822304931480AF0B8F8DA
S214012910041E18BF0124DFF8D48014E098F80000E4
S21401292025490130C0B288F8000023F0D2FB002808
S21401293035D13C783CB10822244925480AF0A0F854
S214012940041E18BF01242A793368D340DB07E5D576
S214012950002CE3D100922B881E4A1F49204605F021
S2140129606DFB1E4B1878FFF76FFC012303221249FB
S21401297023F0B5FB1A4A054613780133137010B9D4
S21401298002B0BDE8F08120462B46124A154905F0F3
S21401299055FB284602B0BDE8F041FFF769BD0020AF
S2140129A0114905F04BFBFFF71BFF0028E8D102B0E9
S2140129B0BDE8F04100F01CB828590020B0400020C6
S2140129C0F8F0030029F10300B85F0020B05F002093
S2140129D03659002040710400F8F10300B95F002069
S2140129E09D5F002099F10300C2F103008C5F002077
S2140129F0002038B51B4C1C4D23781C4A55F8233053
S214012A001B4905F01BFBFFF7F3FD034628B92378A6
S214012A10042B10D88BB9174B10E00020134A164927
S214012A2005F00CFBFFF7DCFED8B923780F4A55F802
S214012A3023300F49E5E7092BEDD1104B00201B6829
S214012A400F4A10491360104B187023F042FB20B157
S214012A50BDE838400120FFF70BBDBDE83840FFF761
S214012A603BBF38BDB95F0020946800204071040068
S214012A7018F203008C68002025F2030090680020FD
S214012A80B0400020285900208C5F002070B51C4CF7
S214012A9023789BB3838913F4407F2FD0056835B123
S214012AA02A46BDE870400020164905F0C7BA23F053
S214012AB00EFB154E03463070144A2846144905F09D
S214012AC0BDFA33781BB1BDE87040FFF791BF23789C
S214012AD0082B0CD8042B0CD80E4B1B78C3F106031D
S214012AE023700D4BBDE870401868FFF731BE0A2B06
S214012AF0F2D1BDE870401820FFF7BABC70BD00BF28
S214012B00B95F002050F203009E5F00204071040070
S214012B107DF20300AF5F00208C68002030B5464D83
S214012B2003460446454A0020454987B005F086FA23
S214012B302B782BBB01A823F052FB022301A88DF8AA
S214012B40043023F03AFBB0B93E4901A823F037FB25
S214012B5088B1152C0FD123F0ECFA47F23153B0FBB4
S214012B60F3F202FB130000F51C50103080B203F0A4
S214012B7085FB07B030BD162CFBD103F0B9FBF8E797
S214012B80152C2AD100202D4A2F4905F057FA2B780B
S214012B90042B11D0082B0FD02C4B1B78DA070BD443
S214012BA001A823F0B8FA18B9BDF804309B0703D47E
S214012BB02B7843F010032B7023F0BBFA4FF4FA6323
S214012BC0B0FBF3F2FF2102FB1300C218204892B2B9
S214012BD007B0BDE8304021F045B923F0DCFA0446E1
S214012BE00028C6D12B78013B092B1ED8134A194958
S214012BF005F024FA184A194913780133D8B210702F
S214012C0023F067FA60B12046154905F017FAFFF779
S214012C10E7FD0028ADD107B0BDE83040FFF7E8BEBC
S214012C2007B0BDE83040FFF757BE40F61C4007B07E
S214012C30BDE83040FFF71CBCB95F002040710400BE
S214012C40A1F2030030710400B8F203008B5F00208C
S214012C5090400020CBF203008C5F00202859002012
S214012C60C2F103002DE9F0410B4686B004460E463C
S214012C7017463A490246002005F0E0F94FF00008F1
S214012C800123CDE901380DF1160300934246402396
S214012C900621204622F0FFFC054640B10246304997
S214012CA0404605F0CBF9284606B0BDE8F0819DF810
S214012CB016202AB936B900202A4905F0BFF9F2E7ED
S214012CC0012EF8D082F00103002027498DF8173035
S214012CD005F0B4F99DF817300DF1170633B310233C
S214012CE00022CDE9006306214023204622F09EFC07
S214012CF0064630B1324600201C4905F09FF935469C
S214012D00D1E74FB90821204622F0F2FA20B1204639
S214012D109DF8171022F0CDFD0521204622F0E8FA95
S214012D200028C0D0204622F0C1FDBCE74FB90821DB
S214012D30204622F0DDFA20B120469DF8171022F039
S214012D40B8FD10230022CDE900630621402320466A
S214012D5022F06CFC06460028DED0CBE7FAF403002E
S214012D6016F503002FF503004FF503006FF503007A
S214012D70002208B5034B11461B681B685879FFF7FC
S214012D8071FF08BD1844002008B5044B00221B68DB
S214012D9001211B685879FFF765FF08BD184400201C
S214012DA008B5044B00221B6802211B685879FFF7FF
S214012DB059FF08BD1844002010B50123002488B02F
S214012DC001A88DF80430CDE90244F4F791FB2046C2
S214012DD09DF80420124905F031F92046039A11495D
S214012DE005F02CF92046029A0F4905F027F9102222
S214012DF00E4B0DEB0201188840F0604040F4801045
S214012E00FBF770F920460A4905F032F904A822F0CA
S214012E10D0FD2046074905F011F908B010BD00BFE6
S214012E2088F50300A7F50300C6F50300F07004005B
S214012E30E5F503008B1D040008B521F005FC002014
S214012E40024905F0FBF8012008BD00BF02F60300A9
S214012E500023054A8360C360044BC0E9002311B117
S214012E604FF6FF730B807047491043B200300211D2
S214012E7010B5044660B10020064905F0DFF8052CC0
S214012E8006D002F0A5F904490246002005F0D6F85E
S214012E90012010BD16F6030027F6030037B5002102
S214012EA06A4601AB054621F093FC044668B1002250
S214012EB00F49104605F0C2F802F08AF90D4902469C
S214012EC0002005F0BBF803B030BD0B4905F0B6F89D
S214012ED0012020F0CBFB01F065FF431C02D007F078
S214012EE04DFFF0E721462846FFF7A6FFEBE700BFB8
S214012EF050F6030027F6030098F6030038B505469A
S214012F0001F050FF044622F09DFC4DB100200E4911
S214012F1005F094F8631C14BF2046002007F0F0FE6D
S214012F2021F0A0FB0228044605D0012805D1002087
S214012F30064905F083F8204638BD0020044905F00F
S214012F407DF80024F7E700BFB5F60300CFF60300CF
S214012F50E8F6030008B50020034A044905F06EF8B8
S214012F60BDE8084000F03EBD7906040001F7030005
S214012F7008B50020034A044905F060F8BDE808409A
S214012F8001F0B0B920F7030001F703001FB5D0E93F
S214012F90023253F8223068461C78214601F0A6FB1F
S214012FA0684601F049FC28B92246044905F046F86E
S214012FB004B010BD6846FFF771FFF9E726F7030076
S214012FC00020014905F03AB842F703007FB50DF13C
S214012FD0060102A8FFF73CFF0020264905F02EF85F
S214012FE00020BDF80820244905F028F80020BDF887
S214012FF00A20224905F022F8039A0020204905F00C
S2140130001DF800201F4905F033F84FF6FF73BDF891
S21401301006209A4229D000201B4905F00FF800200F
S2140130201A4A1B4905F00AF800201A4A1A4905F0FF
S21401303005F800221949104605F000F80020154A47
S214013040174904F0FBFF0A220020164904F0F6FF98
S2140130500A220020144904F0F1FF0A220020134935
S21401306004F0ECFF07B05DF804FB0020104904F003
S214013070E5FFD4E751F7030069F7030082F7030081
S2140130809BF70300B4F70300BFF50300E0930400C9
S214013090CAF70300C0270900E9F7030008F8030090
S2140130A027F8030046F8030065F8030083F80300D9
S2140130B0C7F7030008B50020034904F0BFFFBDE8C9
S2140130C00840012001F0E2B9A1F8030008B500208C
S2140130D0034904F0B3FFBDE80840002001F0D6B96B
S2140130E0BAF8030030B5104B104D1B5C85B08DF857
S2140130F00F302B780446834206D00D4B0D4953F80A
S2140131002020002004F09AFF30232C700A480193F7
S2140131100DF10F030093062280231921007822F077
S21401312085FA05B030BD00BF57710400C15F0020AD
S21401313064710400D2F80300186D00201FB5232324
S21401314003900193064803AB0093012280231921C3
S214013150007822F06BFA039805B05DF804FB00BF17
S214013160186D002073B5164D04462B78154ECBB15D
S21401317021F099FA012815D0346040F6B244124B7A
S2140131801B78072B17D02D78C5B921F08CFA031EB2
S21401319018BF01230D48009522461921007821F019
S2140131A0EEFD03E000233360002CE8D1201E18BF9B
S2140131B0012002B070BD02250123EBE70025FBE7E5
S2140131C0BE5F0020B4400020C15F0020186D0020C3
S2140131D008B50448FFF7C6FFBDE808400220FFF720
S2140131E081BF00BFC027090010B5064C208822F019
S2140131F061FB608822F05EFB6068BDE8104022F04B
S21401320068BB00BFB84000207FB523238DF813307C
S2140132100DF11303029304230648019305AB0093B3
S214013220012280231921007822F035FA059807B08B
S2140132305DF804FB186D00202DE9F843DFF82C91AA
S214013240044699F8000090460F4622F033F80B2802
S21401325099F8002005D9BDE8F8430020384904F064
S214013260EDBE0026374B384D1E80384B03EB00135E
S2140132705B8801202B802A7104F00CFE05F0BEFE4F
S21401328004F008FE204604F005FE0122304B042C13
S2140132901A7047D8022C2CD84FF6FF762D4F388857
S2140132A0801B18BF012004F0F5FDFFF79DFF38884D
S2140132B0B04201D022F0FEFA19236B8099F8003053
S2140132C000202B71244B1B786B71EB8843F0400375
S2140132D0EB80224B198822F09CFA034620B1224645
S2140132E000201F4904F0AAFE4046BDE8F843FFF758
S2140132F039BF304604F0CEFDFFF776FFFFF784FFB7
S21401330022F0E7FA174B1B78002B0CBF3F2020203A
S21401331004F0C0FD042CCFD14FF4806022F0CAFA2D
S2140133203220C7E73046104904F088FE384604F0DC
S214013330B1FDFFF759FF002FBED0054B1E70BBE74E
S214013340E5F803004C59002050590020884200201F
S214013350BE5F002040590020176D0020B86C002089
S21401336031F90300BD5F002014F90300186D002039
S21401337038B5044605200D46FFF7B4FE184B1A88EB
S2140133804FF6FD739A4207D10020164904F056FE07
S214013390BDE83840FFF71CBF65B1134A1378013307
S2140133A0DBB2092B137014D90A2200200F4904F04E
S2140133B045FEEDE7012C0ED10B4B1D700C490D4857
S2140133C0FFF746FDBDE83840002101200A4AFFF715
S2140133D033BF012CF2D0BDE838400748FFF7C2BE24
S2140133E0B86C00206BF90300C05F002096F903005B
S2140133F040590020B8400020E093040008B5064973
S214013400002004F01BFE0548FFF748FDBDE8084014
S21401341000210846FFF7ACBFDAF90300B8400020E8
S214013420814237B50346154608D2002000910F4A5F
S2140134300F4904F003FE002003B030BD0C1A2246EB
S21401344000200C4904F0FAFD40F6BB53224600204A
S214013450094904F0F3FD4FF47A735C43074B0120EE
S2140134609C4294BF2C602B60E6E700BFB8E60300E1
S214013470EBF9030028FA030043FA030080EE360056
S21401348010B504460820FFF72DFE0D4B3CB91C7005
S2140134900021BDE8104006200A4AFFF7CDBE1B7882
S2140134A0092BF5D90A220020074904F0C7FD0020A0
S2140134B0064904F0C3FDBDE81040FFF79FBF00BFFB
S2140134C0C05F0020C02709006FFA0300B0FA0300AE
S2140134D073B51F4D2C7834B100201E4902B0BDE8EB
S2140134E0704004F0ABBD0220FFF7FCFDFF221A4E30
S2140134F01A4B30781A7021F0DDFE0B2807D92046CA
S2140135003278174902B0BDE8704004F097BD154BFC
S214013510192203EB00135988134B4FF6FD700093E5
S214013520012305F00FFA70B12046104904F086FD1C
S21401353000220F4B0F481C700F4B1A7002B0BDE8EB
S2140135407040FFF70FBE01240C492C70EEE700BF58
S214013550BF5F0020C1FA0300186D0020176D002020
S214013560E5F80300884200206138010002FB0300F1
S214013570BE5F0020C0270900C05F002028FB0300B3
S21401358038B5144D04462B78052B21D91249FFF77F
S2140135906FFC24B918B9114904F050FD0424104BEE
S2140135A0195D21B9BDE838400846FFF769BF032C0D
S2140135B006D02B78052B03D006200A4AFFF73CFEDF
S2140135C00021094B08461970BDE83840FFF7D0BE08
S2140135D038BD00BFC15F0020B84000204AFB030091
S2140135E04D710400C0270900BE5F002030B50446B7
S2140135F089B00720FFF776FD052C0AD100222A4B59
S21401360003A91A7002A804AA01F0EAFD30B102204B
S21401361045E09CB90122244B1A700224224D2878D9
S21401362078B1421E504221495041FFF767FC022300
S21401363004462B70022C0ED10A200FE0022CE6D194
S214013640EBE7631F5A424FF0050018495A4121F033
S21401365031F80446EEE7032C04D10020FFF782FD83
S21401366009B030BD062C06D10020114904F0E6FC55
S21401367001232B70E0E70F4A0F4B2978002C18BF67
S21401368013460E480E4A0094002918BF0246002031
S2140136900C4904F0D3FC201E18BF0120400009B0DD
S2140136A0BDE83040FFF76CBFBC5F0020B84000208B
S2140136B085FB03007EFB030077FB030070FB030022
S2140136C066FB0300C0FB030013B51F4C0620FFF783
S2140136D009FD2278092A09D900201C4904F0AEFC0C
S2140136E0042002B0BDE81040FFF74ABF184B1B7814
S2140136F02BB300201FF0DEFF20F0D5FF68B9FFF7DF
S21401370083FD144B196820F0C5FF024604200021F2
S21401371002B0BDE81040FFF78FBD01A820F0C1FF41
S214013720FF2809D14FF4FA6023780133237002B0E1
S214013730BDE81040FFF716BD0198FFF7FFFC4FF4F8
S214013740FA620320E3E700BFC05F0020DBFB030053
S214013750BD5F0020C8400020F023F0B589B0CDE958
S214013760000334488023002219210078324E334F5B
S21401377021F05CFF0020324904F060FC32463946F5
S21401378003A801F02DFD032804462E4D1CD1062664
S214013790039A2D49002004F051FC0398FFF7CEFC54
S2140137A00020396800F0A0FE2E7001F07FF900229B
S2140137B00446264B30461A70FFF794FC84BB09B0CA
S2140137C0BDE8F040FFF780BF28BB7268204904F0CF
S2140137D035FC214604A8FFF73BFB059B7268934224
S2140137E00BD020461B4904F029FC072305202B702B
S2140137F009B0BDE8F040FFF7F9BE1A462046164963
S21401380004F01CFC0523002101202B7009B0BDE843
S214013810F040FFF7ADBD0020104904F00FFCF1E7C2
S214013820042C05D0042009B0BDE8F040FFF7A8BE7F
S21401383009B0F0BD186D0020B8400020C840002037
S21401384013FC0300C15F002044FC0300C05F00209E
S2140138507FFC0300B8FC03000CFD030048FD0300D9
S214013860F7B50446876800202378364D012B28706B
S21401387004D0354B3549187004F0E0FB26785EBB62
S214013880334B1B78FF2B04D103B0BDE8F040FFF7A4
S2140138909FBC304B1B78032B11D82F4C0320FFF70E
S2140138A021FC6946208822F05EFC002843D02B4983
S2140138B0208805F0C5F820B12E70FFF789FC03B00B
S2140138C0F0BD0124204B26491C7004F0B7FB0320F1
S2140138D0FFF708FC2C70F2E7012E25D13B78002B70
S2140138E0EDD01B4D2B78FF2BE9D1A68802F022FFE5
S2140138F0864206D100201B4903B0BDE8F04004F023
S2140139009DBB194BA2881B783BB132B117490020E9
S21401391003B0BDE8F04004F091BB7B6814491B7806
S2140139202B700D4B1A80F2E7032E08D10822684649
S214013930A16808F0FDFE6846FFF70EFFBFE700230B
S2140139402B70A1E7BE5F0020BF5F002063FD030070
S214013950176D0020C15F0020B86C0020613801009F
S21401396028FB030083FD0300BB5F0020A9FD0300C5
S214013970D4FD03007FB5094B1A78FF2A0AD11870C7
S21401398001F072FB0022064B0DF1060102A81A8017
S214013990FFF75EFA07B05DF804FB00BF186D002064
S2140139A03E590020152838B517D10C4B1D78A5B9FE
S2140139B022F0BFFBC4B2012C38BF01240120FFF75F
S2140139C091FB28462246064904F038FB4FF47A70EC
S2140139D06043BDE83840FFF7C5BB38BDC15F002076
S2140139E0F1FD0300034B1B78022B01D8FFF770BDD6
S2140139F0704700BFC15F002070B5284C20F04EFE16
S214013A002578274EBDB10020264904F017FB264A2B
S214013A10137801331370002323703378062B0AD1F1
S214013A20BDE87040214B1868B0F5FA6F38BF4FF407
S214013A30FA60FFF797BB3378013B082B2CD8DFE8F9
S214013A4003F005090D2B13191D222700BDE8704050
S214013A50FFF7C8BFBDE87040FFF73ABD00232370EB
S214013A60BDE87040FFF7B4BB2946BDE870400120B1
S214013A70FFF77EBCBDE87040FFF726BE0220BDE81A
S214013A807040FFF7B3BD0120BDE87040FFF7F8BCFA
S214013A90BDE87040FFF7B2BC70BD00BFBE5F00203E
S214013AA0C15F002020FE0300C05F0020B44000205C
S214013AB010B90520FFF764BD034B1B78062B01D117
S214013AC0FFF79ABF704700BFC15F00202DE9F0479E
S214013AD08E68054633189A780C46092A8EB008D99E
S214013AE00020A14904F0AAFA852420460EB0BDE8BC
S214013AF0F08750B98B899D49895C8B4205D200912C
S214013B009B4904F09BFA8024EFE79A4BE7881B88D1
S214013B109F422ED09849097801292AD932B13A46CE
S214013B200020964904F08AFA7E24DEE7944B1A7048
S214013B30914B25791B78052B03D0012B32D8FFF743
S214013B4051FF002D58D12946204621F0D7FF0346C4
S214013B50002848D028468B4A8B4904F06FFA00208B
S214013B608A4A8B4904F06AFA00210120FFF700FC1B
S214013B7053E00021824B1970072A00F28B8301A3C0
S214013B8053F822F0313B0100D73C0100D73C01003D
S214013B90E73E0100E73E0100E73E01007B410100F0
S214013BA07B410100022B17D102F0C4FD8742BBD036
S214013BB00020784A784904F041FAFFF789FC65BB92
S214013BC02946204621F09AFF034630B36D4A6E49D6
S214013BD0002004F033FA20E0704A0020704904F017
S214013BE02DFA012481E7A3681B78DA06B7D42A46A2
S214013BF06C4904F023FAB2E7A7680021FE780AA808
S214013C00A4893D79FFF724F9032E08D95F4B664A4C
S214013C1066490096002004F011FA002465E76B1E41
S214013C20632B04D9594B604A61490095F2E7614B11
S214013C30E4B29B5D9C4209D0CDE901430020534B81
S214013C40594A5D49009604F0F9F9E6E756B3A4B27D
S214013C5022460521384621F06AFEBDF82830834207
S214013C6003D04A4B554A5649B2E7012E1AD022468E
S214013C700721384621F05BFEBDF82A30834203D087
S214013C80424B4E4A4F49A3E7032E0BD12246092148
S214013C90384621F049FE0B9B984203D13B4B474ADD
S214013CA0494995E7642D3FF45FAF22F042FA642359
S214013CB0C0B2B0FBF3F203FB12030133DBB29D4249
S214013CC0BFF452AFCDE900530020304B3B4A3F4989
S214013CD004F0B4F9A1E7284B1B78052B01D03C4A28
S214013CE07BE7EB1CDBB2277BF45C44B12346002068
S214013CF0374A384904F0A2F900210C460BE00F2F91
S214013D000DD81023204634490093314A3B4604F02F
S214013D1095F9802401210020FFF72AFBE5E604350A
S214013D20EDB220462A4A2D4904F088F97A1B71190A
S214013D30D2B206A820F0C9FC05443A46E9B230469C
S214013D4021F0F2FD264D069A2B68264F9A423860DE
S214013D5001D100284AD1244900201D4A04F06EF9F9
S214013D6085240121D7E700BF3DFE030090710400C2
S214013D7055FE0300B86C0020C15F002084FE0300DE
S214013D80BE5F0020FAFE030002FF03008AFF030065
S214013D909FFF0300C8FE0300D5FE03002AFF0300B1
S214013DA037FF030054FF0300B4FF0300BCFF03000A
S214013DB0D6FF030053710400F4FF03004904040016
S214013DC02E0004005800040080000400A700040030
S214013DD0DB000400F5000400240104003B0104009C
S214013DE0B8400020C84000206401040000F070FFC5
S214013DF03E68B0420AD200F06BFF9C490346324649
S214013E00204604F01BF98924012184E7079A6B6890
S214013E109A4205D12046964A964904F00FF96BE777
S214013E209549097859B19A4209D22046934904F036
S214013E3005F996210620924AFFF7FEF95CE7914ABA
S214013E40914905A801F0CCF9079E48B96A68B242C3
S214013E5006D38E4904F0F2F80520FFF7C7FB44E6C7
S214013E60324600208A4904F0E9F839680027002024
S214013E7000F03AFB00206E60FFF760F9854B0620E4
S214013E801F80FFF72FF9844B1F7001F0A1F906463A
S214013E90F0B94FF6FF71814B0AA81A888A4208BF0B
S214013EA03B466A88298801F003F90AA800F0C4FC99
S214013EB058B10AA801F0CEF938B13046784904F075
S214013EC0BDF80420FFF75CFB0FE6FFF7FDFB0CE6F1
S214013ED0042805D1734B1921187820F067FF04E6F2
S214013EE038467149EBE7714B1B78062B01D0704AB7
S214013EF073E6DFF8A0A1EB1C94F80C90BAF80080EA
S214013F00DBB22EB930466B4904F098F88724ECE50D
S214013F10F75C2C1D972FE4B22FD025D8812F71D0B6
S214013F20952F67D017BBB9F1100F7FF6ECAD31199D
S214013F304A460AA820F0C9FB0444E4B221464A4690
S214013F40304621F0F1FC231DDBB2053416F803A040
S214013F50E4B2A9EB04035345054666DA00933846F6
S214013F605346534A5449CCE5982F43D03B4600204C
S214013F704F4A524904F062F8C8E7B9F10A0F7FF6D2
S214013F80C2AD1FFA89F721463A46304621F0CCFCED
S214013F9005F1080104463A46C9B2304621F0C4FC90
S214013FA00AAA01462046FFF73BFA08B9444B0A9392
S214013FB0B9F10C0F12D905F10C013A46C9B23046D7
S214013FC0DDF8288021F0B3FC044602463D49002076
S214013FD004F034F8AAF8004044440A940A9C3A498A
S214013FE02246002004F02AF82046FFF7BBF820F00E
S214013FF060FB12E63549002004F020F80320FFF7A5
S214014000BFFA0AE6324C23786BB120F045FB50B17B
S2140140100020304904F012F80023237020F049FBF9
S214014020FFF752FBF9E52C49E5E7DFF8A49099F88C
S214014030003043B9FFF7E8F88542034607D01C4A2B
S21401404026490095E6E520F02EFB0128F2D1102244
S2140140500C480AA908F014FD10B9BAF13F0F41D96E
S214014060134A1F49002003F0E9FF4FE783010400CC
S214014070DB000400BB010400BA5F0020F00104006D
S214014080C0270900B8400020C84000207FFC03007C
S214014090310204003E590020C05F00204059002034
S2140140A053020400186D002072020400C15F002054
S2140140B098020400AD020400DA030400BC03040005
S2140140C0E0930400E8020400130304003203040032
S2140140D0BD5F00204E0304008D0304001604040097
S2140140E0520404006C4B187099F800304BB120F064
S2140140F0D3FA30B1284620F0D2FA042807463FF416
S2140141008CAD51462846321920F007FC28B1002014
S214014110624903F093FF042071E799F80030554493
S21401412063B120F0B9FA48B1FF2FF4D0012F3FF464
S21401413074AD032F16D120F0BAFA05462846FEF7CD
S214014140FDFF044602460521554820F0E5FA554B89
S2140141501B689C420AD3204620F0DAFB0520FFF7B5
S21401416045FA5AE520F0A1FA8046E7E74046FEF711
S214014170F9FF00287FF451AD52E74B4B1B7803F053
S214014180FD03082B01D0494A27E535B1F27822B163
S2140141900020474903F052FF30E7257BF11C2A46F1
S2140141A00AA820F092FA434BBDF828201988044645
S2140141B091420DD04FF6FF718A4209D03B4A00204A
S2140141C03D4B3E4903F054FFBDF828203C4949E7E2
S2140141D0BDF82A20598891420CD04FF6FF718A42C9
S2140141E008D0324A0020374B344903F041FFBDF86E
S2140141F02A20EBE70B9A5B689A420AD0013208D074
S2140142002A4A2E490020304B03F032FF0B9A2F49E1
S21401421028E7ADB2E11C2A46C9B2304621F084FB3C
S214014220E11DC9B207462A46304621F07DFB431CF4
S214014230014606D10820FEF755FF2548FEF792FFF6
S214014240EBE4384606AAFFF7EBF8A8B9204B06932D
S214014250204B00221978204B187820F00EFA069C85
S2140142602046FEF77FFF224600201C4903F0E6FEAB
S2140142700920FEF737FFD0E440F6B733069A9A4294
S214014280E6D840F6B8320020154903F0D7FE40F6CE
S214014290B833DCE7812428E4C05F002085040400ED
S2140142A0A8040400C8400020C15F0020B104040037
S2140142B0C6040400B840002048000400ED040400D1
S2140142C0BFF503007200040008050400D30C0400C7
S2140142D080EE3600176D0020186D002040050400A2
S2140142E01505040008B50420FFF74AF90020FEF77B
S2140142F0F9FE0023054A19211370054A1370054B70
S2140143001878BDE8084020F051BD00BFBE5F002010
S214014310BF5F0020186D002010B5174B174C1A7898
S214014320174B002053F82220164903F087FE227807
S214014330154B16490020002A18BF19460A4614498B
S21401434003F07CFE23782BB1124B00201A68124929
S21401435003F074FEFEF758FF0446FEF755FF0F4BB9
S214014360196820F0CCF92246BDE8104003460C49F6
S214014370002003F063BE00BFC15F0020BE5F0020C7
S214014380647104005C050400000C0400E10B0400E9
S21401439069050400B440002083050400C8400020DD
S2140143A09C05040038B5014604460020FFF78EFB45
S2140143B0054698B1E37C00200A4A0B4903F03EFE0D
S2140143C02379042B0AD02946204621F097FB034681
S2140143D020B10020054A064903F030FE6FF0FF00C9
S2140143E038BD00BFB8E60300C4050400FAFE0300AA
S2140143F002FF030010B51346094A127882420DD116
S21401440063B1084A002014680A46074903F016FEFD
S2140144102146BDE810400120FFF758BB10BD00BF84
S214014420186D002018440020E605040010B50D4B59
S2140144301C782CB1BDE8104000200B4903F0FEBDEE
S2140144406420FEF77BFE4FF6F0716FF00F02074B0C
S2140144500320C3E9001222462146BDE81040FEF7BC
S214014460EBBE00BFC15F00201F060400B84000205D
S214014470014B1870704700BFBD5F00200021062069
S214014480014AFEF7D9BE00BFC0270900014B1870CC
S214014490704700BFBA5F0020F8B50E4B05460C46C4
S2140144A018680D49101A096820F029F90B4E0C4FAF
S2140144B033783870FF2B04D0A0420AD323449842A5
S2140144C007DB03462A460020064903F0B7FD387885
S2140144D03070F8BDD0400020CC400020196D00207F
S2140144E0C25F00204D07040050EA010208D0FF22F7
S2140144F0054B091A1A70054B1860054B1960704771
S21401450011461046FFF7C8BF196D0020D0400020A5
S214014510CC400020F0B5AFB006AD284600F0F6FD61
S2140145200027284600F088F9044640B900F0BAFD95
S21401453059490246204603F081FD2FB0F0BD002008
S2140145405649FAB203F07AFD284616A900F0FCFD9A
S214014550044620B15249002003F070FD88E0BDF802
S2140145605820504903F06AFD2046BDF85A204E49AE
S21401457003F064FD2046BDF85C204C4903F05EFD67
S2140145802046BDF85E204A4903F058FD2046BDF896
S2140145906020484903F052FD2046199A464903F027
S2140145A04DFD2046BDF86820444903F047FD2046EE
S2140145B043490DF16A0203F041FD42492046239A20
S2140145C003F03CFDBDF85C30D90705D520469DF8C3
S2140145D090203D4903F032FDBDF85C309A0714D5B2
S2140145E000203A4903F044FDBDF85830B3F5807F0A
S2140145F047D1002021F0E2F918B10DF1910003F046
S214014600A3FC0020324903F019FDBDF85C305B07BE
S2140146100BD50020BDF8B2202E4903F00FFD002077
S214014620BDF8B4202C4903F009FD062228460DF1F9
S21401463016030AA920F092F8044650BBBDF81620CE
S214014640264903F0FBFC0AAEBDF81620A3B29A4237
S2140146500ED932880020224903F0F0FC013472683A
S2140146600020204903F0EAFC062C06F10806EBD1EF
S214014670684600F05FFD9DE80F00013785E80F00F2
S2140146804FE70123202200200DF1910103F03EFCAB
S214014690B7E715495FE700BF2C0904005F07040070
S2140146A0680704008C070400A5070400C00704007F
S2140146B0D9070400F20704000B08040024080400CC
S2140146C03D080400520804006E0804008708040030
S2140146D08B1D04009A080400B3080400CC080400EB
S2140146E0DD080400ED080400FF0804002DE9F04190
S2140146F088B004AD044628468846002700F006FD2B
S2140147006E46474507D195E80F0084E80F0020461E
S21401471008B0BDE8F081304600F00CFD96E80F00C9
S21401472085E80F00284600F087F801370028E8D111
S214014730014B0FCBE9E700BFE47304001FB5D0E9D6
S214014740023253F8223068461978FFF7CFFF6846E1
S21401475000F080FD48B1042809D1074A0020074926
S21401476003F06CFC05B05DF804FB054AF6E7002093
S214014770044903F063FCF5E78312040047090400CB
S2140147804C0C04005302040030B5D0E9023203EBAE
S2140147908201496853F8223099B00D6804A8197847
S2140147A0FFF7A4FF08AC03AB40220093294623463B
S2140147B004A800F0E5FC024628B100200D4903F0EC
S2140147C03DFC19B030BD0398214600F007050122D3
S2140147D0C0F3C70003F0E0FB03990748491B012318
S2140147E02A460088214403F091FB044803F0CAFBE3
S2140147F0E7E700BF570904005C5900208B1D040041
S214014800F0B504460D460B4BEF880FCB84E80F003E
S214014810AB882E899B0741BFD5F83900D5F83D10E6
S21401482004F1080303C3EA682046278066806260B5
S214014830F0BD00BF9C710400102208B5034908F0C2
S2140148401FF9003818BF012008BD00BFE47304003B
S21401485008B522F0CCF8C288FF219208012A38BF99
S214014860012202481FF0FEFA012008BDE0400020A8
S214014870134670B590B10120254A1070254A0020D4
S2140148801160254A13600A46244903F0D7FB02F05B
S2140148902DFB234B1870022002F02EFB22F0C2F8EB
S2140148A00446D0B91A4E1B4D33782BB922F09FF827
S2140148B02A68C36813442B60174B2D681B689D42FA
S2140148C024D222F094F8C168284606F007F802467A
S2140148D0002030702AB922F0A5F8BDE87040FFF735
S2140148E0B7BF104903F0AAFB0D4B187802F004FB82
S2140148F000200D4903F0A2FB00F08CF908B900F086
S214014900A9F92046BDE87040FFF7D2B80124EBE7CD
S214014910C45F0020D8400020D44000207E09040057
S214014920C35F0020AA090400CA09040038B500F0D4
S21401493045FA044600F03CFA241A22F058F80546D7
S21401494018B9B1211B4825F0C3FBAB8803F003035C
S214014950032B03D0B221174825F0BAFB00F028FA42
S21401496005461FF065FF01238340013B2B4203D020
S214014970B421104825F0ACFB1FF05AFF01238340F9
S214014980013B234203D0B5210A4825F0A1FB05F0DF
S21401499079FD05461FF04CFF4FF48063B3FBF5F33A
S2140149A0C440A34205D2BDE83840BA21014825F0EB
S2140149B08FBB38BDE0090400FF2108B504481FF08D
S2140149C062FABDE80840002211461046FFF750BFC4
S2140149D0E0400020F7B504460E4600F083F8054691
S2140149E022F005F8C3682B449C4220D31FF020FF19
S2140149F02C44C440013C114F3B68DEB1A34219D19F
S214014A0001340023ADF8043000F0DEF9054605F068
S214014A1039FD103504FB005405F034FD01A90246AA
S214014A20204605F081FD1FF013FF386004E04FF0CB
S214014A30FF34E0E7A342E4DB03B0F0BDC06800202A
S214014A404FF0FF32084B10B51A600022074B1A7060
S214014A5000F0AEF9044600F0B1F921460246012005
S214014A60FFF706FF042010BDC0680020C55F0020C8
S214014A7038B500F0CFF808B9002038BD094D0A4C0A
S214014A802B7823B91FF0E4FE012320602B702468E5
S214014A901FF0CEFE01348440EED000F023F820440F
S214014AA0EBE700BFC55F0020C068002070B50C4C66
S214014AB02368002B12DB00F07BF9054621F097FFF7
S214014AC02468C6681FF0B4FE013404FA00F12944D4
S214014AD001208A19FFF7CCFE042070BD0120FCE7F7
S214014AE0C0680020024B18680C301FF0E1BE00BF02
S214014AF0C4680020FF2307B50021044A0448009338
S214014B00FBF7DAFC03B05DF804FB00BFB94901000E
S214014B10E04000200E4B70B51C680546036804F59E
S214014B2082641C440E46FFF7DDFF2B68834208D2E1
S214014B3032681A44824208D9C31A012033602C60B5
S214014B4070BD044A126813441C1A0020F7E700BF20
S214014B50C4680020DC4000202DE9F04FB3F5803F0B
S214014B6082460E461F4685B003D3002005B0BDE839
S214014B70F08F01A902A8CDE90132FFF7CBFF4FF074
S214014B8000098046DFF888B0DDE90145A2B2BAF136
S214014B90000F0AD028460E9921F030FF0028E4D1F4
S214014BA0B8F1000F20D10120E0E73146284605F094
S214014BB0BBFC0028D9D1B8F1000FF4D0B9F1000F31
S214014BC012D105F05FFC2544B5FBF0F303FB105052
S214014BD050B105F057FC03A902462846CDF80C90C3
S214014BE005F0A2FC0028C0D1DBF800300293BAF130
S214014BF0000F01D1264402E00E9B23440E9309F1D7
S214014C0001033C1B022B4FF001090194BCD1CAE7FA
S214014C10DC4000207FB56B460C4A1068516803C320
S214014C2090680C2218600A4B0DEB0201186821F0FF
S214014C30E5FE0C2268460DEB020107F021FFB0FAF3
S214014C4080F0400907B05DF804FB00BFAC710400BA
S214014C50C46800201FB5084A01AB1068516803C339
S214014C60906801A91860054B0C22186805F05CFCD9
S214014C7005B05DF804FB00BFAC710400C4680020F9
S214014C80F7B5044615460E4681B9072A03D800240F
S214014C90204603B0F0BD0D4B80791968E3790630E4
S214014CA000EB03200C3180B21FF00CFE00272146DA
S214014CB02B46324638460097FFF74EFF044600283B
S214014CC0E5D039467019FFF785FEE1E7C468002094
S214014CD0024B1868A0F50060704700BFD06800203E
S214014CE010B58AB0684605F0F9FF10F0FF0027D12D
S214014CF0009BFBB1174C01A9206005F067FF10F07F
S214014D00FF001DD12368009A9A4204D84FF4DD7142
S214014D10114825F0DDF9019B104A11491360029AEA
S214014D2013440B600F49A3F500630A600E4A136033
S214014D30009B63B940F2CF11074825F0C9F906E098
S214014D40044A034612680020084903F077F90AB0BE
S214014D5010BD00BFC86800207A0A0400DC400020AD
S214014D60CC680020D0680020C4680020090B04002D
S214014D7008B5FFF7B5FF21F03AFE50B121F037FE36
S214014D80064B02691B689A4203D2B321044825F0F8
S214014D909FF9FFF7CBFD012008BD00BFD0680020BA
S214014DA07A0A0400014B1868704700BFC8680020E3
S214014DB0014B1868704700BFDC400020014B1868A3
S214014DC0704700BFCC680020014B1868704700BFD1
S214014DD0C468002010B5FFF74BFE044628490020A2
S214014DE003F02CF90020274903F028F90020264972
S214014DF003F024F90020254903F020F9244B002074
S214014E001A68244903F01AF922462349002003F0C0
S214014E1015F9FFF767FE21490246002003F00EF957
S214014E201F4B00201A681F4903F008F91E4B1F4C40
S214014E301A6800201E4903F001F9226800201D4966
S214014E4003F0FCF84FF4806200201B4903F0F6F8EB
S214014E50226800201949103203F0F0F82268002079
S214014E6017490C3203F0EAF822680020154902F5CA
S214014E70826203F0E3F8BDE8104005F037BA00BFE0
S214014E80880B0400C50B0400E40B0400040C0400AA
S214014E90C86800202F0C04004E0C0400710C04009E
S214014EA0DC400020940C0400CC680020C46800207C
S214014EB0B70C0400DA0C0400FD0C0400200D0400FD
S214014EC0430D0400660D04002DE9F04395B002AFD2
S214014ED004460D463A46482100201FF004FD18B945
S214014EE0584903F0ABF819E060220021204607F08C
S214014EF075FD04223846544907F0C2FD90B16DB1E4
S214014F009DF80B30002001939DF80A309DF808208B
S214014F1000934E499DF8093003F090F8012015B032
S214014F20BDE8F083BDF80C20B2F5807F228003D067
S214014F30474903F083F8F1E7BDF81420BDF80E10D9
S214014F402281DDF816206180E2600499BDF81A20FE
S214014F506160228284F8320007AD04F112020FAEBE
S214014F602B4603CBB342106051601D4602F1080286
S214014F70F6D10F9B374A636313600021102236482F
S214014F8007F02CFDE388344A138023895380E368B5
S214014F905360A3880BB90020C1E74FF000094D46C6
S214014FA0A388D9070BD5B9F1000F06D005F1500239
S214014FB06A4412F8482C84F838200135EDB29A0775
S214014FC015D520881FF0AEFB0646B9F1000F0CD0B0
S214014FD007EB05080246414604F1390007F09CFE3E
S214014FE0324641461D4807F097FE2E44F5B2A38887
S214014FF05B0716D5B9F1000F06D10435EDB2482D81
S21401500013D9002016496CE705F150030DEB030593
S21401501035F8483CA4F85A3035F8463CA4F85C30DC
S214015020B9E7B9F1000FEAD0B5E729463A46382084
S2140150301FF059FC38254FF001090028B0D1094965
S2140150404FE700BF890D0400B8710400BB0D0400D2
S214015050F10D040000410020044100200C41002015
S2140150600C0E04005C0E040030B50C4C99B025788B
S21401507075B9FFF77DFE70B129466846FFF724FF34
S214015080074B80F0010000F0010018700123237027
S214015090002019B030BD0120FBE700BFC65F00202D
S2140150A0C75F0020014B1878704700BFC75F00201C
S2140150B070B51E46134B044618881D46884298B0A4
S2140150C002D15B88934206D00F4B0FCB84E80F00CA
S2140150D0204618B070BD96B100216846FFF7F4FE71
S2140150E00028F1D1BDF804305B0708D53388BDF838
S2140150F05A209A42E8D8BDF85C209A42E4D395E853
S2140151000F00E3E704410020E4730400064B10B5EA
S2140151101B7804462BB9054B0FCB84E80F002046BD
S21401512010BD034BF8E700BFC75F0020E47304001F
S2140151300441002010B50446024B0FCB84E80F0053
S214015140204610BDE47304000B4B10B51B780446D3
S21401515008467BB10021FFF7B7FE48B91022214669
S214015160064807F08DFC003818BF0120C0B210BDFC
S2140151700120FBE70120FAE7C75F00200441002079
S2140151802DE9F0410E4690460E4910221F4607F0C3
S21401519077FC044670B90C4B3A461D683046AD1B89
S2140151A0454528BF454629461FF09DFB28B90749B6
S2140151B002F044FF0120BDE8F081069B20461D60F9
S2140151C0F9E700BF04410020004100205C0E040006
S2140151D00022024B1A70FFF733BC00BFC75F0020E6
S2140151E02DE9F0419CB00F4616468046FFF740FC7D
S2140151F0054602461549002002F020FF382D1FD92A
S214015200012104A8FFF760FE0446C8B9119B684651
S2140152103B6004A9FFF7F4FA9DE80F0086E80F004B
S214015220119BAB4297BF01210324094AC8F80030FD
S21401523094BF1170C8F8005020461CB0BDE8F0813C
S2140152400022034B01241A70F6E700BF8E0E0400FD
S214015250C75F002070B5084D00262B7853B1FFF7C5
S214015260EFFB04461022002104482E7007F0B6FB1F
S214015270204670BD3446F5E7C75F00200441002094
S21401528008B50020064902F0D9FE064B00201A7820
S214015290054902F0D3FEBDE80840FFF79BBD00BFFD
S2140152A0AD0E0400C75F0020D70E040003460120A0
S2140152B0024AC3E9032000221A7070470100FEFF6C
S2140152C030B5002489B000F0D3F9A5B2854201D3E8
S2140152D009B030BD284603A91FF03BFBA2B200204F
S2140152E01C4902F0C5FE9DF80D2012B39DF8121060
S2140152F0BDF81030402914BF6E2179210020CDE978
S2140153000031BDF80E30144902F0B2FEBDF814208B
S2140153101AB10020114902F0ABFE9DF80C00BDF851
S214015320182070B9079B0E490093BDF81A3002F099
S2140153309FFE00200B4902F081FE013426F0FDFDA0
S214015340C1E7BDF81C300020009307499DF81A30CC
S214015350EDE700BFF00E0400F60E0400190F04007E
S214015360230F04008B1D04004A0F040010B500F043
S214015370A9FABDE810400346024A0020024902F09D
S2140153805DBE00BF720F040058D80300D0E9023298
S21401539053F8223010B5188800F084FABDE81040A2
S2140153A00346024A0020024902F048BE780F040074
S2140153B058D8030010B5D0E90232002486B08DF823
S2140153C0044053F8221003EB8203097801A88DF8F4
S2140153D005105A681288ADF806209A681288ADF84A
S2140153E00820DA681278ADF80C40A24214BF4022B9
S2140153F080228DF80A201A691288ADF810205A69A1
S2140154009B691288ADF812201B68059300F0C8FB53
S214015410034A03460349204602F010FE06B010BDBB
S21401542075EE030058D8030038B50024064D26F063
S2140154307DFD45F824000634C02CF8D10020BDE8D7
S2140154403840024902F0FABD801000207F0F0400A8
S21401545030B5002087B0204902F0F0FD00201F493A
S21401546002F0ECFD00201E4902F0E8FD26F05EFD8C
S21401547000240546A0B201A901341FF06AFA202CC7
S214015480F8D126F053FD1749421B002002F0D6FD45
S2140154901549002002F0D2FD26F048FD0446012001
S2140154A000F09EF826F042FD0E49021B002002F095
S2140154B0C5FD0E49002002F0C1FD26F037FD044669
S2140154C01FF038FA26F032FD021B0020054907B00E
S2140154D0BDE8304002F0B2BDAB0F0400DA0F0400A5
S2140154E00A100400271004003610040050100400AF
S2140154F010B50C4603F014FD08B9032C12D101F0C7
S214015500F1F804280ED001F0EDF805280AD0064877
S21401551002F048FC1C2801D120F078F9BDE81040C3
S21401552002F050BC10BD00BF3F4903002DE9F04F0B
S21401553000274FF0FF36DFF8A4B0264C87B0BBF843
S2140155400030B8B2834209D8731C3BD03246FF21E3
S214015550214807B0BDE8F04F1EF084BC01A91FF03A
S214015560F8F99DF8050001F0EDFEF8B19DF804800C
S214015570B8F1000F1AD1BDF810A0BDF8129026F0B0
S214015580D5FC18210246BBB24B43E018E158007C1B
S2140155904FF47A73A2EB010C50B103FB0AF3634597
S2140155A00ED30B44981A864228BF06460137C6E733
S2140155B04D466B43FAD06345F5D31944881AF2E792
S2140155C04046F0E7FF21044807B0BDE8F04F1EF063
S2140155D05ABC00BF80100020144100204259002010
S2140155E02DE9F041014688B058B1022810D01FF0CD
S2140155F0CAF978B3D221194808B0BDE8F04124F0C1
S21401560067BDFF23164A17480093FAF755FFEEE7E2
S21401561000244FF001082746134EA5B2284603A9D9
S2140156208DF80D701FF095F99DF80D0068B101F029
S21401563089FE20B19DF80C300BB986F81080013434
S214015640202C06F11806E8D12546084B1D80FFF7E9
S2140156506DFFCCE708B0BDE8F08100BF7010040014
S2140156609159010014410020801000204259002069
S214015670014B1888704700BF425900202DE9F04FB2
S214015680624A077D89B004466149002002F0F0FCB9
S214015690002020F093F920B12368218A588803F06E
S2140156A08DFC00205B4902F0C9FC637DEBB94FF02D
S2140156B0400808202368DFF868915988554B009305
S2140156C0228A092302F01EFBA289BB1C934210DB2F
S2140156D020F00EFA034620B100204F4A4F4902F04F
S2140156E0ADFC012009B0BDE8F08F4FF08008002026
S2140156F0E0E7A068791C89B2C55D20F018F9033788
S214015700012D0646BFB213D8236832465988587908
S214015710238A009343461FF064FD824600283ED14B
S214015720862002F0B7FB284602F0B4FB304669E05B
S2140157308520F6E703A91FF00CF99DF80C30AB4263
S21401574023D123689DF80D105A7991421DD1BDF8D9
S2140157500E105A88914218D1BDF81020B24214D1C9
S2140157609DF81220424510D1BDF81410228A9142AC
S2140157700BD1002D39D0BDF81810E288914204D122
S2140157809DF81A201B799A422FD00BF1010BB9F81C
S21401579000305FFA8BF08342CCD88B20C1E74FF004
S2140157A0000BF4E79AF8020002F074FBBDF818004B
S2140157B020F080F8BDF81A0020F07CF89AF8020074
S2140157C003F018FE00287FF47FAF9AF8020001F07C
S2140157D08BFC0546079E002D3FF476AFF0B2013DE7
S2140157E002F058FB360AEDB2F5E7002002F052FB54
S2140157F0284602F04FFB304620F05CF8012DD1D14F
S214015800BDF81C0020F056F85EE700BFE610040065
S214015810030504008B1D0400F3100400101104009E
S214015820425900202DE9F04391B0694680461FF0A9
S21401583090F80023194F8DF801303888431E98B22E
S2140158408045388009D1694640461FF08AF8684687
S2140158501FF06EF811B0BDE8F0834FF0180905A9E6
S2140158601FF077F80E4C3E880AAD09FB06460FCEB0
S2140158700FC596E8030009FB084485E803000AAE55
S214015880404605A91FF06DF80FCE0FC495E803003A
S21401589084E8030069463888D7E700BF42590020EC
S2140158A08010002008B5064B1B88834205D9FFF7F8
S2140158B0B9FFFFF73BFE002008BD2720FCE700BF2D
S2140158C04259002038B5074D2C882CB9FF210648CF
S2140158D01EF0D9FA204638BD601E80B2FFF7A2FF3F
S2140158E0F2E700BF42590020144100202DE9F3479A
S2140158F09A4618239DF82890244FCDE9001203FB01
S21401590009731446D3E9022320F0D1F9064620464E
S2140159100D4603F06FFD04F0FD03382B80460FD1D2
S214015920009432462B460021DAF810001FF03BF8AF
S214015930B8F1010F1BD135431ED102B0BDE8F08787
S214015940392CDAF810300BD107EE906A07EE103AD0
S214015950F4EEC77AF1EE10FAACBF01200020E7E7BB
S2140159609E4275F100032CBF01200020E0E7B8F14C
S214015970000FE2D10028E0D0182303FB09770123AA
S2140159803B7402B0BDE8F047FFF7D0BD80100020A1
S2140159902DE9F04F00263746B2463546D3B0DFF83C
S2140159A0B0910696664BB0B21B88834209D81DB1EA
S2140159B069882879FFF79CFDFFF7B8FD53B0BDE86D
S2140159C0F08F0DAC21461EF0C4FF26F0AFFAB3B23D
S2140159D007931823B2B2534309EB030859F803306F
S2140159E083466078059301F0ADFC002800F0A580A1
S2140159F02278002A40F0A1804FF47A72059BABEB27
S214015A000300A3895343834200F2978098F810302D
S214015A103BB9E389002B00F090805343834200F2A8
S214015A208C80FD2300220DF12208CDE9013212AB54
S214015A300093204643460DF12102F1B2EEF748FCF1
S214015A4000286FD1BDF82230DA1C0593D2B2FDB121
S214015A503C4B61781B8813442A79914212D16188A4
S214015A606A8891420ED1A2790699B1EBD21F09D16B
S214015A702289524506D1BB4249DD0020324902F057
S214015A80DDFA01E0BB42F8DC69882879FFF730FDD2
S214015A9002F0D4F9054694F90600A379C043DB0960
S214015AA006932A4BC00F009322890A236188C000FF
S214015AB002F028F963784FF0000B2B714FF48A53EC
S214015AC0FF27B4F808A0EB800DF1240841465FFAE1
S214015AD08BF020F08EFAC0B2A0B998F80110627867
S214015AE091420FD1B8F80210628891420AD12A4633
S214015AF098F80D1098F8000020F003F8B84228BF77
S214015B003846C7B20BF1010BBBF1200FDED1A088DE
S214015B101FF0D0FE9DF8210002F0BCF9059912A8ED
S214015B2002F0CCF918230022079C5C4309EB04031E
S214015B301A7426F0FBF949F80400013632E700BF73
S214015B40425900204C590020CF1104008B1D04003F
S214015B508010002070B500240126104D8AB02B88D5
S214015B60A0B2834204D80AB0BDE87040FFF7DEBC9D
S214015B7005A91EF0EEFE9DF8150001F0E3FB50B1FD
S214015B809DF814303BB91A46CDE901360093E1B2CF
S214015B9005A8EEF79DFB0134E1E700BF425900205E
S214015BA02DE9F0430389DFF858818BB0B8F80090EF
S214015BB00093044683798288418840781FF011FB60
S214015BC0002800F09580E78927B1A389BB4200F23F
S214015BD091800027B8F80030BDB2AB4214D84D46CC
S214015BE001264FF6FF73E2899A4226D146B9B8F8E4
S214015BF00030AB4202D92846FFF714FEFFF796FCA9
S214015C0000200BB0BDE8F083284605A91EF0A1FED2
S214015C109DF814307BB92268059B5340FF2B0AD8A8
S214015C206368069E5E4036F07F4604D1BDF81C20B0
S214015C3023899A42D5D00137CCE7E2689A422BD025
S214015C40002E53D1D4E90323CDE9082305A81EF07D
S214015C506FFE0028D5D1B8F80030AB4204BF6B1CEC
S214015C60A8F8003026F062F918236B43234AE9B2FC
S214015C70D050D418002305A81A46CDE90133009365
S214015C80EEF726FB18B100220023C4E902232846BA
S214015C9005A91EF066FEB1E7234605AA04F1100C1D
S214015CA0174618685968083303C763453A46F7D15B
S214015CB01868386005A81EF03EFE0028C0D01F2DCB
S214015CC01AD800238DF8143063788DF81530638860
S214015CD0ADF81630A388ADF81830A3798DF81A30D0
S214015CE02389ADF81C300028B0D1ABE70020E6E7E9
S214015CF0862086E7872084E7892082E780100020B7
S214015D00425900202DE9F04FAD4A067D8DB004467C
S214015D10AC49002002F0ACF900201FF04FFE20B184
S214015D202368218A588803F049F90020A64902F021
S214015D3085F9637D23BB4FF0400A08202368DFF80E
S214015D40A4B25988A04B0093228A072301F0DAFFF8
S214015D5000230293A289F51C954215DB029B13B919
S214015D60184602F097F81FF0C3FE034620B1002044
S214015D70964A974902F062F901200DB0BDE8F08F0E
S214015D804FF0800A0020D9E7A068711C89B2875DB0
S214015D901FF0CDFD3A46814603468E490020ADB23E
S214015DA002F04CF99FB1012F00F08B804FF085086F
S214015DB0404602F06FF8384602F06CF848461FF08D
S214015DC079FDB8F1850FCED00123029375E0A06866
S214015DD0311DA28989B210F805801FF0A8FDB11DFA
S214015DE0A289049089B2A0681FF0A1FD42460590E1
S214015DF00090049B3846784902F020F90836404660
S214015E00B5B203F0F7FA002859D1404601F06CF913
S214015E10294603460646A289A0681FF079FD6F4908
S214015E200390384602F024F9A168324629443B46DD
S214015E30384602F06BF83846634902F0FFF82E4404
S214015E40B5B223684A4659885879238A009353463F
S214015E501FF0C7F918B18378434540F0AA80A8F12E
S214015E6048085FFA88F8B8F1090F06D840F21133EE
S214015E7023FA08F3DB0700F19F8000238DF81C301E
S214015E80236807A85A798DF81D205B88ADF8209005
S214015E90ADF81E30238A8DF822A0ADF82430049B7D
S214015EA0ADF82830059BADF82A30039B0B93FFF71E
S214015EB077FE804600287FF47BAF2E464AE703979D
S214015EC0BFE72946A289A0681FF031FD4449024672
S214015ED08046002002F0B2F800230536BBF8002009
S214015EE0B5B2BBF800109EB2B14204D81F2A32D90F
S214015EF04FF089085CE707A93046CDE903231EF079
S214015F0028FDDDE903239DF81C10012921D1216814
S214015F109DF81DC0487984451BD1BDF81EC0488830
S214015F20844516D1BDF82000484512D19DF82200BF
S214015F3050450ED1BDF824C0208A844509D1BDF84C
S214015F4028C0E088844504D19DF82A000979884252
S214015F5019D00133C5E7012316468DF81C30236896
S214015F6059798DF81D105988ADF82090ADF81E109E
S214015F70218A8DF822A0ADF82410E188ADF828100A
S214015F801B798DF82A3007A8ADF82C801EF0D0FCBE
S214015F90804600287FF40CAFBBF8003030469E42A6
S214015FA008BF731C07A908BFABF800301EF0D9FC68
S214015FB083E74FF08D08FBE64FF08C08F8E600BF4C
S214015FC0FA110400030504008B1D04005B12040093
S214015FD010110400021204001F12040040120400F3
S214015FE04B120400425900202DE9F04F074688461F
S214015FF09146002589B09A46BDF848B09DF84C6098
S214016000149C224B1A88A8B2824235D903A91EF0E5
S214016010A0FC9DF80C201D4BB2BB9DF80D10B9429B
S21401602032D1BDF80E1041452ED1BDF810104945AC
S2140160302AD19DF81210514526D1BDF814105945A4
S21401604022D13046029201F04FF8A6F14103012B0E
S21401605001460AD820461FF070FC0D4B0D4A20441D
S21401606084420CD10421029302ACEDB232462046A2
S214016070009503ABFFF73AFC09B0BDE8F08F14F8C2
S214016080011F4B405343EBE70135BBE74259002064
S214016090C59D1C81930100011FB50F4C2478C4B126
S2140160A042EA03229DF818308DF8051042EA432291
S2140160B00A4BADF80C201A78094B8DF80610079993
S2140160C003EB021300908DF80400DB68684602912A
S2140160D0984704B010BD00BFC85F0020CA5F00200B
S2140160E03441002073B51A4DFF211A481DF0CBFE2E
S2140160F02B7853B3184C194E2378180106EB03136B
S2140161001A7A5968305C1FF0F8FF4D281DD0E0B1AF
S214016110237800211B01F25C0123C0B2CDE90031D6
S214016120FFF7BAFF0A2223780A480133DBB2B3FB32
S214016130F2F102FB1133FF2123702B78013B2B7008
S21401614002B0BDE870401DF096BE02B070BD00BF43
S214016150C85F0020D4410020CA5F002034410020DF
S214016160F8B5104F3E780A2E1AD00FC8DFF840C097
S2140161700D4D9CF80040013605EB041585E80F002F
S2140161800A230134E4B2B4FBF3F203FB12440748DA
S214016190FF218CF800403E701DF06DFE0020F8BD1A
S2140161A00120FCE7C85F002034410020D4410020D4
S2140161B0C95F00200021024A0248FAF7B3B900BFBE
S2140161C0E5600100D441002037B5134D134A2B7802
S2140161D00C461B01D25C00230146CDE90033E0B238
S2140161E00123FFF759FFA4B90D490A788AB10A209D
S2140161F02B78013A0133DBB2B3FBF0F40A70FF21CE
S21401620000FB143307482B7003B0BDE830401DF087
S21401621032BE03B030BD00BFCA5F0020344100204B
S214016220C85F0020D441002008B500F0BDF850B189
S214016230054B064A0649052818BF1A46BDE8084018
S214016240002001F0FBBE08BD8B1D04006F12040088
S2140162509012040008B503201FF069FF10B901224F
S214016260014B1A7008BD00BFCB5F00200022024B15
S21401627018781A70704700BFCB5F00200246FF21D6
S21401628001481DF0EFBD00BFF4410020114B37B5AA
S2140162901D78C5B9FF2110481DF0F5FDFFF7DAFF9F
S2140162A0044600900D4B28460D4A0E4901F0C6FEE5
S2140162B04CB10D4B1B78DB0605D528461FF011FFA8
S2140162C020461EF0ABF9094B186803B0BDE8304014
S2140162D0FFF7D4BFCB5F0020F4410020AD120400CD
S2140162E0DB12040017EB0300B95F0020D46800201E
S2140162F0FF2101481DF0C7BDF441002070B51A4EBC
S214016300054633780C466BB30020184A184901F04D
S214016310AFFE032C01D0652C20D11649002001F0D8
S214016320A7FE22460020144901F088FE00201349EA
S21401633001F09EFE012329460822002001F0E6FD19
S21401634000200F4901F07AFE032C88BF0023204667
S21401635088BF3370BDE87040FCF70AB9012CE0D065
S2140163600849DBE770BD00BFCB5F0020DB120400ED
S214016370E8EE0300EE1204009FF503000C13040080
S2140163808B1D040004130400014B1860704700BF06
S214016390D46800200021024A0248FAF7C3B800BFB9
S2140163A08D620100F4410020054B10B51C782CB914
S2140163B00448FF211DF05FFD204610BD0520FCE7C7
S2140163C0CB5F0020F441002070B50024074B084E37
S2140163D01D68E3B29D4204F1010400D870BD054971
S2140163E056F823001CF0C5FCF3E700BFBC8F040081
S2140163F0C08F0400C069002010B5044C23780BB18F
S2140164001FF085FE0123237010BD00BF1A6D00200A
S2140164102DE9F743254B0D4616460446019350B128
S2140164204AB1042301AA12F8011BA94235D0013B47
S21401643013F0FF03F7D1212003B0BDE8F08317F86E
S214016440010F90FAA0F0000E1DF012F9014608EBBC
S21401645007039945F3DCCAB2C1F30F2392FAA2F2FD
S21401646093FAA3F3120E1B0E03EB0223DB4362190E
S21401647012F8020C99B2DBB298420CD112F8013C28
S214016480B3EB112F07D132462146284603B0BDE8AB
S214016490F0431FF0A4BD2320CEE74FF6FF71671E21
S2140164A0A5F10209C4F10108D1E700BF080A0E12DE
S2140164B0014B1870704700BFCC5F0020024B1A6872
S2140164C018608260704700BFD8680020024B1868C9
S2140164D000B14068704700BFD868002070B5044618
S2140164E000250A4B1B687BB100211E8807E05A680D
S2140164F002EB0110013145B9021B554255418AB2E2
S2140165009642F4D89B68EEE7184670BDD86800201E
S2140165102DE9F04F1E46002393B0022E074688460B
S2140165201446DDF870909DF874A0ADF81A3040F26C
S214016530C08099F800305A0729D5042E40F2B98058
S21401654099F804B000255F4B33F83520002A00F097
S214016550B68001350A2DF7D1209B002B40F0AD8087
S214016560FF250023207908AA0DF119018DF81930AD
S2140165701FF071F970B1BDF82C309DF81900238019
S2140165801FF0EBF90790C0B113B0BDE8F08F99F892
S21401659002B0D7E720791EF08DFE0B28059000F299
S2140165A08A8020791FF0EAF907900028ECD1464A44
S2140165B0059B02EB03135B8823804FF6FF73002FC6
S2140165C008BF434662880021CDE90023584652465B
S2140165D0238802F0FDFD18B1E38843F02003E38031
S2140165E0209B07A90DA8CDE90D34CDF83C90ADF858
S2140165F04080ADF842608DF844708DF845A01FF0DC
S2140166003DF908B10798BFE7484602F025FDA01DF1
S21401661002F010FD2246414638461FF072FAB0429B
S21401662027D3E3882246C3F30E03E3809DF87C302C
S21401663041460393BDF87830384602930DF11A03AC
S214016640CDE90093F3B21EF0CDFB209B079003B378
S214016650F8B9BDF81A2042B1092D06D81B4B03EB39
S214016660C5018A80209A43F835201120FAF724FCC8
S2140166701CE0BAF1000F0AD10DF11A03CDE900634F
S21401668022464B4641463846FBF72AF8DDE73820D6
S214016690DBE7052807D1E388DB0607D500230120C1
S2140166A00793FFF705FF079B002BDED01FF05AF973
S2140166B0A8E7012068E7212066E71C2064E7EDB221
S2140166C04FE700BF1C4200208842002018420020ED
S2140166D04FF6FF72024B1A805A809A80704700BFAD
S2140166E04459002010B5044C2079FF2802D11FF030
S2140166F03CFD207110BD00BF4459002010B50C4C64
S2140167002379FF2B08D100201FF027F920B91FF0AD
S2140167102CFD20711FF026F92079022805D00438B7
S214016720012894BF0020012010BD0020FCE700BF17
S214016730445900204FF6FF7310B5044C2088984248
S21401674002D11FF008FD208010BD00BF4459002073
S21401675010B5FFF7BDFF40F61D439842044607D823
S214016760B0F5416F05D2182826D8152848D829D063
S21401677010BDA0F541630D2BFAD801A252F823F003
S214016780C5670100C56701007167010071670100F7
S214016790716701007167010071670100716701008F
S2140167A01568010027680100C1670100C167010083
S2140167B0C1670100C167010040F606439842D7D180
S2140167C01C4920E0FFF7B6FF1B490246002001F0F6
S2140167D035FC152C05D11FF0A8FCBDE810401FF0B4
S2140167E056B8164B164A1749B4F5416F18BF1A46E4
S2140167F0002001F023FC1FF049F81FF048F8ECE7F1
S2140168001628DDD11049002001F018FCBDE8104023
S2140168101FF05FB91EF0CDFBBDE8104002460B49E4
S214016820002001F00BBC0020BDE81040084901F033
S21401683005BC00BF6B1A0400181A0400131A0400E2
S2140168408B1D0400341A0400541A0400801A040034
S214016850A81A040007B5094A0346108831B9084A40
S214016860084903B05DF804EB01F002BC0091064A4A
S214016870064901F0FDFB03B05DF804FB5C590020FE
S21401688014E60300C81A0400B8E6030017EB030079
S2140168900D4B37B51B68044693B11D780389012D4E
S2140168A008BF02250093C37A084A0020084901F070
S2140168B0C5FB2146284603B0BDE830401FF00DBC9D
S2140168C0022003B030BD00BF544300203D1B04002E
S2140168D0EC1A0400002010B51FF03FF80D4B1B68A2
S2140168E063B15A78052A03D862B1052402220AE068
S2140168F0FF2AFAD00020084901F0A0FBBDE81040AD
S2140169001FF030B8144610461FF043FC20461FF017
S2140169103EFCF3E754430020421B040013B5134C1E
S21401692000201FF01AF8FFF7D3FE23689BB101A8D9
S2140169301EF032FB78B923681A789DF804309A4223
S21401694009D0D91E032906D9D11E012903D9012A46
S21401695007D1022B05D1032301A8ADF804301FF09F
S214016960C2FB02B0BDE810401EF0FCBF544300203D
S21401697000231946034A01330A2B918042F8081B6B
S214016980F9D17047184200207FB50E4605461FF024
S214016990ACFB2A46044603460C49002001F04EFB98
S2140169A08EB10B4A03AB11889278ADF80C109A7031
S2140169B00322362100924FF6FC7000228DF80D500E
S2140169C01FF0E7FA0446204604B070BD631B0400BE
S2140169D0F4730400FF2810B50C4604D100200449C6
S2140169E001F02CFBFE202146BDE81040FFF7CCBF8E
S2140169F07C1B0400F8B51E460B8807460C46154658
S214016A00002B64D14A88B1F9021000200029B8BFD2
S214016A106B78304901F012FB6288132A1DD002F50B
S214016A20FF437F339BB2052B23D8A2F50042013AE0
S214016A30052A1ED8DFE802F0193F1D033C09264A45
S214016A402649002001F0FAFA13E0254A23490020DE
S214016A5001F00EFB2A792349F3E7022E94BF4FF685
S214016A60FF72B5F801202049EBE700201F4901F02D
S214016A70E5FA33462A462146384620F082FA70B9AE
S214016A8033462A462146384620F07DFA48F221034D
S214016A9062889A4203D1384669781EF0E5FE63881B
S214016AA0B3F5004F02D90820FAF720FA0120F8BD05
S214016AB02A790F49C5E70F4A0849002001F0D8FA9C
S214016AC0032E94BF4FF6FF726A880B49B9E7002080
S214016AD0EDE700BFB71B0400DF1B0400E61B040044
S214016AE0F71B0400FD1B04000B1C0400231C040000
S214016AF03D1C04005F1C0400641C04002DE9F041E9
S214016B0016888AB0DFF88C80ADF80E300DF10E03D2
S214016B10C8F8002015460093324610AB07460C46CF
S214016B20FAF76EFE90BB109B8DF824000693BDF815
S214016B300E3004A8ADF81C30AB898DF81070ADF896
S214016B4020306B890594ADF81E60ADF822301EF03A
S214016B5093FED8B921463046BDF80E30109A01F0A2
S214016B60CBFF98B921463046BDF80E30109AFFF794
S214016B7041FF58B9CDE9006039462046BDF80E30D0
S214016B80109A02F04BFB08B9C8F800000AB0BDE83D
S214016B90F08100BF14420020F0B585B004AB03E9D4
S214016BA0030000231C469DF80D609DF80E70154AE3
S214016BB0D9B202EBC1004568EDB99DF80C30284604
S214016BC000939DF80A209DF80B300F4901F050FA0A
S214016BD026B1324628460D4901F04AFA0C4A0020F1
S214016BE0002C18BF2246BDF808300A4905B0BDE89A
S214016BF0F04001F023BA12F831100133B94208BF50
S214016C002C46D5E79C730400761C0400871C040000
S214016C1083E503008B1C04004FF6FF7310B5074C89
S214016C2088B06088984207D102A90DF107001EF0CE
S214016C30B1F9BDF81000608008B010BD44590020BD
S214016C402DE9F04F85B0894692461C460746BDF8A9
S214016C503850BDF83C80109E002833D00346464A83
S214016C600020464901F004FA2388002B76D040F232
S214016C700912934274D0424A4249B3F5827F08BF53
S214016C800A46CDF804806188002000913E4901F053
S214016C90EFF9238893B1B8F1020F0FD933783B4946
S214016CA013F0010F3A4A18BF0A4659074FF0000081
S214016CB04CBF3379B378374901F0DAF90020364909
S214016CC001F0BCF90023354931F83320AA4249D1F5
S214016CD0334A52F833B0002331F83300DA00A842C1
S214016CE046D100202E490A44908041F8330047B926
S214016CF0238833B9B4F90230002B02DB0820FAF7F7
S214016D00DBF80120FAF7F2F89EB13578EB0710D5DB
S214016D1015F0040004D04246012130461EF007FE5D
S214016D20CDE90170434622465146484600961EF07C
S214016D301EFBBBF1000F06D043462246514648468D
S214016D40CDE90067D8474346224651464846CDE935
S214016D5000671DF0F7FF05B0BDE8F08F114A90E718
S214016D60114A8EE701330A2BAED14FF0000BB2E782
S214016D7001330A2BB0D1BAE70BDD0300B21C0400C5
S214016D8084E50300A01C0400C01C0400A31C04002E
S214016D90AB1C0400F11C04008B1D04001C420020E7
S214016DA018420020991C04009D1C04000D4BF0B5F0
S214016DB04FF00C0C1F88054600230B4EDCB2BC427C
S214016DC001D30020F0BD0CFB04F43019345DAC4255
S214016DD005D144888C4202D104799442F2D0013321
S214016DE0ECE700BFBA6C0020E868002013B5012468
S214016DF0FF230021294A2A480094F9F75DFBFF2367
S214016E000021264A26480094F9F756FBFF23002165
S214016E10224A23480094F9F74FFBFF2300211F4A1B
S214016E201F480094F9F748FBFF2300211B4A1C4822
S214016E300094F9F741FBFF230021184A18480094F3
S214016E40F9F73AFBFF230021144A15480094F9F795
S214016E5033FBFF230021114A11480094F9F72CFB5C
S214016E60FF2300210D4A0E480094F9F725FBFF2366
S214016E7000210A4A0A480094F9F71EFBFF23002165
S214016E80064A07480094F9F717FBFF230021034A37
S214016E9003480094F9F710FB02B010BDB946030091
S214016EA0684200202DE9F84300244FF00C090C4BF2
S214016EB00C4F1E78DFF830803A88E5B2954202D34F
S214016EC03046BDE8F88309FB0585FF21A8681CF05C
S214016ED0E8FF18B9AB799E4238BF1E460134EBE78E
S214016EE0CD5F0020BA6C0020E8680020014B1878BE
S214016EF0704700BFCD5F0020014B1870704700BF80
S214016F00CD5F0020F8B506460C461EF0A2FC0546ED
S214016F10C8B930461EF0CEF90B2815D80B4B03EB3B
S214016F2000131F7B87B95A88012122809A88304630
S214016F3062809B79237100F037FA394660713046DA
S214016F4000F032FAA07101252846F8BD88420020DB
S214016F5070B504460E4615461EF0ACF90B2802D94C
S214016F604FF6FF7070BD094B03EB00131A7B002A26
S214016F70F6D146B901222946204600F03DFA0028FE
S214016F80EED00088EEE7012EEAD1F4E78842002031
S214016F90FF2313B50DF1070104468DF807301EF0E7
S214016FA056FC18B19DF8070002B010BD074B03EB65
S214016FB004131B7B0BB1FF20F6E7204600F03AF9DD
S214016FC00028F8D0204600F0E9F9EDE788420020D5
S214016FD013B5F6F777FA0446F6F77AFA2246034629
S214016FE01249002001F02AF800F080FFFFF7C0FCEC
S214016FF000F0A6F80221084602F042FDFFF76AFCFF
S21401700041F249001FF0D7F84FF0FF130093FF231A
S21401701068468DF804301FF0B4F84FF400401FF0B6
S21401702092F800201FF0AFF802B010BD401D04001A
S21401703038B505461EF02DFC90B928461EF0D7FF40
S214017040044628B140F60443984214BF88248D2490
S21401705023462A460020034900F0F0FF204638BDAB
S2140170608D24FBE7581D04002DE9FF4705460E4613
S21401707017469846BDF83090DDF834A0BDF8384084
S214017080CDF80090CDE9014AE4B2FFF7D9FD4346B9
S2140170903A4631462846CDE90094CDF808A01FF0BF
S2140170A039FFFF21034B044A044804B0BDE8F0470A
S2140170B000F016BE505900204C590020A561002052
S2140170C0044B01461888102240F0404040F48010DE
S2140170D0F7F708B8F2700400024B18685968FFF712
S2140170E05BBD00BFBEB404000123064AD15C8142E9
S2140170F002D1054AD05C704702335F2BF6D10020DF
S214017100704700BFF6730400F773040070B50022E1
S2140171100446094B1D78094BD0B2854201D8FF20A1
S21401712070BD1E78A64204D10029F9D05E7BF60711
S214017130F6D401321033EFE7CE5F002088420020FC
S2140171402DE9F04198B06B46304A1068516803C388
S21401715090680CAA18602E4B14469C4603F118063C
S214017160154618685968083303C5B3422A46F7D14D
S21401717012AA1746274B03F11806154618685968D0
S214017180083303C5B3422A46F7D1234A03AB106836
S21401719051684FF0010E03C3906871681860DCF8FF
S2140171A03000002206AB03C30C21EC46B068CDE9E3
S2140171B009221860194BDFF86C801970184B0DEB1B
S2140171C001060B9206AD09A91CF8010B01321870D5
S2140171D034F8020B0C2A588037F8020B83F80DE0BE
S2140171E0988016F8010B03F1100303F80A0C15F842
S2140171F0010B08EBC00043F8080C11F8010B03F86B
S214017200040CE1D118B0BDE8F08100BF721D040086
S214017210667704007E7704007F1D0400CE5F0020A1
S2140172208842002060740400014B1878704700BF44
S214017230CE5F0020034B03EB0013587B00F00100E8
S214017240704700BF88420020F0B504460846D9B111
S21401725000220E4B11461F780D4B1D46D6B2B74283
S21401726001D8002010E01E78A64206D09E68F68857
S214017270314489B201321033F0E75E7BF607F9D567
S21401728005EB02150180A868F0BD00BFCE5F0020A7
S214017290884200202DE9F347894690461D46074659
S2140172A018B9002002B0BDE8F0870029F9D0002AFD
S2140172B0F7D0002BF5D0002400780DF10601ADF8CB
S2140172C00640FFF7C1FF0028EBD039460DF1060254
S2140172D0BDF806601DF0F9FE07460028E1D00DF165
S2140172E00602BDF806A01DF017FF0028D9D0C9F880
S2140172F00070C8F80000037913F0200219D1DB06EC
S21401730014D4BDF806300C4A564413FA86F612FA1F
S21401731086F20BE01A790C33920642BF13F8092C59
S214017320891889B29842F5D8044A0A4401202A608D
S214017330B8E72146024BF5E7F1600020CF5F002059
S214017340A076040008B50021FFF7E0FEFF2817BF6E
S214017350044B084603EB0013587B18BF00F00100EE
S21401736008BD00BF884200202DE9F0410D461646B3
S2140173701F461DF09FFF0B280AD8074C3B4604EB1F
S214017380001032462946BDE8F04180681DF06CBF0A
S2140173900020BDE8F08100BF88420020014B0001BB
S2140173A0185C70478842002070B50C461DF082FFBD
S2140173B00B281BD80F4B03EB00139A68C2B10023AE
S2140173C0142618461579D9B28D4200D870BD1168B9
S2140173D006FB0311097B34B111F0400F1CBF0130CD
S2140173E0C0B20133EFE711F0800FF7E70020EDE7B9
S2140173F01046EBE788420020F8B50D4616461DF00C
S21401740059FF0B280BD80F4B4FF0140C03EB00134E
S2140174109A6800231C461779D9B28F4201D80020FA
S214017420F8BD10680CFB0300017B46B111F0400F5C
S21401743003D0AC42F4D00134E4B20133ECE711F0EE
S214017440800FF5E7884200202DE9F04F064600241C
S214017450384B87B01B78DFF8E0800093009B9C4296
S21401746007D2FF2E08D030461DF024FF0B28044615
S21401747006D907B0BDE8F08F08EB04131B7B1BBBD6
S21401748023014FF00009019308EB041A12E01422BD
S2140174901B6802FB05352B89B3F5967F01D924F0CD
S2140174A04CFD00274FF00C0B2989BAB291420ED839
S2140174B009F10109019B5FFA89F543449B681A7932
S2140174C0AA42E4D8FF2ED4D10134E4B2C6E7BAB258
S2140174D00BFB02F26B689918087910F0100F22D195
S2140174E09AF800E09A5A8DF80CE0B5F800E010F032
S2140174F0400F4FF00003ADF80EE00CBF4FF0400E0A
S2140175004FF0800EADF814304307ADF812208DF819
S21401751010E0CA7809D5022A896800D909680022CC
S21401752003A81DF076FE0137BEE7022A8CBF8968E4
S2140175300831F4E7CE5F002088420020052370B5AD
S214017540094A06881488B44208D19578047B2C40F1
S2140175503F2C03D90D4201D0506870BD013B02F1AA
S2140175600802EFD11846F8E71077040070B500243A
S214017570074D084E2B78E0B2834200D870BD06EB6B
S2140175800010437BDB0701D51DF073FF0134F1E7E3
S214017590CE5F002088420020F8B50C460021064642
S2140175A0FFF7B4FDFF2828D0154D010105EB0013A8
S2140175B05B7B03F001025CB143F001030D44A24280
S2140175C06B7303D0BCB128461DF053FF0120F8BDF4
S2140175D02346F3E77B4311683046CA1892F90C201C
S2140175E0C95AD20F1DF0D6FB0134AA68E3B211794D
S2140175F09942EFD8EAE71427F7E70846E7E700BF1E
S21401760088420020F0B59446497D20B339B301295C
S21401761018BF042100254FF6FF702F462A46144E48
S2140176203488644511D196F803E01EEA010F0CD0A8
S214017630B4789C4209D30AB1BC4206D81EF0100F9A
S21401764003D08AB1BC420CD370B90135072D06F1BF
S2140176500406E5D1F0BD002908BF0821D8E70221BC
S214017660D8E727460020F0E727460122FAE700BFC1
S214017670F47604002DE9F04F0A9FBDF824E09DF84A
S2140176802C809DF830904C7D78B394B3012C18BFB4
S21401769004240025194800F11C0C068896421ED1C8
S2140176A090F803B01BEA040F19D08678464516D326
S2140176B01BF0100F91F80FA004D0BAF1000F0ED0F6
S2140176C0B1F810A0BAF1000F09D1A94513D0AE4503
S2140176D011D95E553E88013501363E80ADB2043083
S2140176E06045DAD10120BDE8F08F002C08BF0824E0
S2140176F0CDE70224CDE70020F5E700BFF4760400CD
S2140177002DE9F04F0024B1F57C4F0E4638BF4FF0FF
S214017710010BA246A1464FF6FF781F4628BF274B0E
S21401772085B028BFB3F800B0009001925C4503D342
S214017730404605B0BDE8F08FB6F57C4F0CD3204B24
S2140177403A4603EB840331465B880098FFF70CFE4C
S214017750054680B300232AE03A46314600981DF0DC
S214017760D9FDF5E70C229CB254436A680199105B77
S21401777002EB040C884219D3B9F1000F01D0504531
S21401778014D861462846CDE902321DF077FC029BEB
S21401779060B1039A125BB9F1000F03D0524501D3D1
S2140177A0804503D9924680464FF0010901332A8964
S2140177B09CB2A242D6D80134A4B2B7E756740400EC
S2140177C0587404002DE9F04F91461A4600238BB0F9
S2140177D08DF82020BDF850208DF81C00ADF81E1045
S2140177E0ADF8242005460F461A4604A907A8159C9D
S2140177F09DF858609DF85CA09DF860B09DF8648087
S2140178000493ADF822901DF0B8FC049850B92B46AD
S214017810CDE90079644A654900F010FC86200BB07A
S214017820BDE8F08FBAF1000F14D18378B34206D0C9
S21401783050465D4A5E4900F001FC8D20EFE7037972
S21401784013F0010306D11846574A5A4900F0F6FBD1
S2140178508820E4E703795B072CD583685A689B6820
S2140178600592069380781EF004FA049B0546DF789D
S2140178702146022F03463A4610D805A81EF0B5F950
S21401788081462B463A46214606A81EF0AEF9B9F1C6
S214017890010F01D001300DD18720C0E705981EF0F9
S2140178A0A4F90128F8D02B463A46214606981EF040
S2140178B09CF9EFE7BBF1000F6FD1049F4FF6FF7203
S2140178C02146B8781DF07AFB00286BD0BDF824302D
S2140178D0C5B20093CDE902549DF82030BDF82220B0
S2140178E0BDF81E109DF81C0001961DF0C1FF002872
S2140178F095D1BDF82430CDE902540093BDF822207D
S2140179009DF82030BDF81E109DF81C0001961DF054
S2140179108AFD002883D121469DF8682007A81DF01E
S21401792078FC00287FF47BAFB8F1000F07D03B4608
S2140179302046BDF81E209DF81C101DF0FBFCBDF86E
S2140179402430BDF82220BDF81E109DF81C000093BF
S214017950CDE901649DF82030FEF746FBBDF82430E2
S214017960BDF82220BDF81E109DF81C000093CDE93D
S21401797002549DF8203001961DF079FFBDF82430A1
S214017980BDF822200093BDF81E109DF820309DF80A
S2140179901C001DF020FD002041E70020064900F0F4
S2140179A04DFBF8E701203AE78C1D0400981D040002
S2140179B0C41D0400D81D0400EC1D04007FB500257D
S2140179C08DF80830BDF820308DF80400ADF80610AB
S2140179D0ADF80A20ADF80C306946BDF82830099A92
S2140179E001A80B9E00951DF0C8FB044630B916B1E0
S2140179F0009B9B783370204604B070BD8928FAD16D
S214017A002846024900F01AFBF5E700BF091E0400EC
S214017A102DE9F04F4FF0000AC7B0FFF705FC5FFAFB
S214017A208AF6B04202D847B0BDE8F08F5B4B36010C
S214017A309A5D00205A4900F001FB0020594900F0E8
S214017A40FDFA00230593554B9DF8144033449B687B
S214017A501A79A24202D80AF1010ADEE714224FF08F
S214017A6000091B6802FB043422891FFA89F39A4233
S214017A7002D8059B0133E5E70C231FFA89F803FBBF
S214017A8008F8D4F804B024F058FA0BEB08052B7963
S214017A90454913F0400F3BF8083022884FF00000AC
S214017AA00093424B18BF0B46414900F0E1FA2946C4
S214017AB020461DF0E3FA074600283CD13D4900F078
S214017AC0D7FA2979DFF814C111F0010F3A4808BF37
S214017AD0604611F0020FAA78EB7832D1DFF800C1C8
S214017AE011F0100F354918BF6146CDE9000100209D
S214017AF0334900F0BDFA294B3BF80820985D2B79F5
S214017B004FF0000B13F0400F4FF0FD030DF1180876
S214017B102188CDE9023BCDE900780CBF40238023C4
S214017B20FFF74CFF86280ED12649002000F086FA82
S214017B3009F1010998E702462349002000F098FA66
S214017B40BFE72249D1E7A8781DF08AFAD8B14046A6
S214017B501DF0F3FE421C92B201234146002000F0C4
S214017B60D5F93946208801F00BFA4FF6FF73984293
S214017B7007D0174B174903EBC0035A68002000F0E3
S214017B805DFA1549D1E7A8781DF070FA20B1404694
S214017B901DF0D8FE821CDEE7EA78DDE78842002089
S214017BA05B1E0400691E0400331E0400381E040018
S214017BB0A91E0400051004003D1E0400431E040017
S214017BC0BD1E0400D91E04007A2304004B1E0400C7
S214017BD0E07704002AEF03008B1D0400401E04001A
S214017BE0531E04002DE9F04FC7B0BDF844A1064668
S214017BF0BAF1040F0D4614461F46BDF840B163D9CD
S214017C00CDE9013B00920B4602463049002000F0C8
S214017C1015FAFD230DF117090DF1180830460293E8
S214017C2022463B462946CDE900B8CDF80C90FFF731
S214017C30C5FE0646B8B9FD22414699F800001DF07A
S214017C40BDF90746C0B1AAF10403834238BF8926AD
S214017C5020461DF02FFE8EB1304600F01BF930464F
S214017C6047B0BDE8F08F009023462A460020184909
S214017C7000F0E4F90027EBE78926E9E7DFF85CA0E6
S214017C80BA1CBAF80030C3F1FF039A4219DA30463B
S214017C9000F000F999F8000000F0FCF8BAF800903E
S214017CA00C483A4641464844B94405F035F8AAF826
S214017CB0009023462A4630460749009700F0BEF951
S214017CC0CDE7892000F0E6F88926C8E7E51E04001E
S214017CD0201F0400A5610020471F04004C59002006
S214017CE010B5044C20600448018004490A60044A27
S214017CF0136010BD504300204A5900204C43002019
S214017D004843002030B587B00AAC0D4654F8041B32
S214017D100093CDE90114134609490246094809882A
S214017D20006805941DF0C6FC4FF48A52064B1B688A
S214017D301880064B1B685D80DA8007B030BD00BF37
S214017D404A590020504300204C430020484300205D
S214017D5008B410B587B009AB0C4653F8041B009263
S214017D60CDE9011302460B490B4805930988002308
S214017D7000681DF09FFC4FF48A52084B1B68188060
S214017D80074B1B685C80DA8007B0BDE8104001B085
S214017D90704700BF4A590020504300204C43002042
S214017DA048430020044A034611680448044A0988E7
S214017DB0126800681CF07CBF4C430020484300203A
S214017DC050430020044B054A1B6812681988044B6F
S214017DD018681CF0E0BE00BF4C4300205043002052
S214017DE04843002007B5074B1B681B880192064ACB
S214017DF012680092054A12681CF02EFF03B05DF867
S214017E0004FB00BF4C4300205043002048430020A1
S214017E101FB51446064A12681288CDE9014300913F
S214017E20044B05491B6809681CF0F2FE04B010BD3E
S214017E304C4300205043002048430020014B186863
S214017E40704700BF48430020024B1B6818715971E8
S214017E50704700BF4843002010B50024084B1C7033
S214017E60FEF768FC074BFF2218802146064804F0FF
S214017E70B5FD064B1C80064B1C605C609C6010BD0B
S214017E80AF6200204E590020A56100204C59002009
S214017E905059002007490B88FE2B9FBF064AD05435
S214017EA0581C80B29DBF088000F1FF30801800206A
S214017EB0704700BF4C590020A5610020F8B5094F56
S214017EC00D463B885C18FE2C0ADC074E0A46A4B217
S214017ED00146F01804F02CFC3C80641BA019F8BD88
S214017EE00020FCE74C590020A5610020024B034A04
S214017EF000201A60704700BF544300205C740400E1
S214017F00014B1878704700BF8842002030B4044CFB
S214017F10044D002B18BF25462B4630BC1DF036BD40
S214017F201A200400FBDD030070B5054608460C4622
S214017F301DF003FD611C0246024B2846BDE8704059
S214017F401DF024BDEE26040000B5037889B0069323
S214017F5043783E220593837808490493C3780393B4
S214017F60037902934379019383790093C379044893
S214017F70008800F07DF809B05DF804FB751F040069
S214017F805C590020024B02460249188800F056B898
S214017F905C59002035E403002DE9F84305460F46F9
S214017FA090460024DFF84C900E4EAC4201D1BDE85D
S214017FB0F883B9F8000007EBC40108220A4B1DF04C
S214017FC0E5FC0134B9F80000B8F1000F07D1074A03
S214017FD0A54208BF3246064900F04AF8E5E73246B0
S214017FE0F9E700BF97C603001A2004008B1D0400A2
S214017FF034E403005C59002070B50D4E0446308809
S2140180001DF0DCFC90B10025E3070AD518B9094933
S214018010308800F02DF830882A46074900F028F805
S214018020002001351B2D4FEA5404EDD170BD00BF71
S2140180305C590020BD1C04004B0C04000EB417B59F
S21401804005A9044651F8040B019103F081FA0121B8
S2140180500220054AF8F756FD044B1C8003B0BDE824
S214018060104003B0704700BF8B1D04005C59002010
S2140180700EB417B505A9044651F8040B019103F097
S21401808067FA034B1C8003B0BDE8104003B070478D
S2140180905C59002013B503680446587900F040FF88
S2140180A090B923685A88032A0ED0E17C5B79CDE922
S2140180B000211649164AFFF7C1FF012120461DF08F
S2140180C01DFD012002B010BD637D012B0AD0637D2A
S2140180D033B92368228A598858791DF0F7F848B9C8
S2140180E0C3200AE02368228A598858791DF0F7F8D8
S2140180F00028ECD020461DF063FC064B1B78002BB5
S214018100DFD110F5807FDCD0C1B2D7E7A21F040013
S2140181109A1F0400A6620020002938B50E491D46A4
S2140181200E4B14460CBF6E227922002808BF0B4660
S21401813000200B49FFF79CFF2544AC4205D1BDE862
S214018140384000200749FFF779BF002014F8012BBB
S2140181500549FFF78DFFF0E7DB1F0400D11F040080
S214018160E41F0400BA030400182004002DE9F04FB0
S214018170C27C8BB00592427D0368002A14BF802220
S214018180402290F8149004468668858958794F46AF
S214018190B3F80280069200F0C3FEA0B9059B052B3A
S2140181A005D86FF02D03059A1341DB070BD5B8F1FF
S2140181B0030F08D0AA490020FFF740FF01212046FF
S2140181C01DF09CFC76E0E07B18B1238A002B00F0C2
S2140181D0B7810023DFF894B28000ABF80030637DEE
S2140181E0B3FA83F35B0940EAC30000F0FC00FFF733
S2140181F051FEE37B1BB3208A1DF05CFB8246A07C0C
S214018200FFF748FE059A162A00F29A81DFE812F077
S21401821019009E016B005600D1016B009201DA0134
S2140182209A01E301EC01F50138010C02980198016D
S2140182309801200266022002800238010C029A464A
S214018240DDE700204346874A8749FFF7F7FE01200E
S214018250FFF720FE07F10209A94529D839462A4623
S21401826030461DF064FB074623683A465879BBF84A
S21401827000304146C3F1FF039BB20193238A00936A
S214018280069B1EF081FE10B11FFA89F7E2E723680C
S2140182903A465879BBF800304146C3F1FF039BB21A
S2140182A00193238A0093069BFFF79CFC8928EBD158
S2140182B01DF01EFC01200BB0BDE8F08F4FF0000B47
S2140182C00420FFF7E7FDEB1E0893089B9F424DD362
S2140182D0BBF1000FECD1E37B277D002B0CBF022204
S2140182E00422624B1A804FF0000A0420FFF7D2FDE9
S2140182F0D14607F1030B5D4540F29C802A4639467C
S21401830030461DF014FBF3199B78EA1EB344D21BCA
S21401831007905946184692B209931CF04FFE0890F2
S214018320002878D02268099B5079CDE901B3238AC9
S21401833041460093DDE906321DF04AF9834642467E
S2140183400020079B4A49FFF793FEBBF1000F52D16D
S2140183500AF1010A584647495FFA8AFAFFF76EFEA4
S214018360089B033713FA87F7BFB2C2E72A46394696
S21401837030461DF0DCFAF31993F80290089BF91CBD
S214018380DA1B3144824692B2484609911CF016FE29
S214018390079068B3236809995879CDF80890019138
S2140183A0238A524600934146069B1DF061F9814699
S2140183B0C0B10BF1010348465FFA83FBFFF76AFD84
S2140183C050461DF077FA5346424600202849FFF7EB
S2140183D035FE4A4600202849FFF730FEB9F1800FE6
S2140183E03FF476AF079B033713FA87F7BFB26CE704
S2140183F04FF08009DDE75846FFF74CFD07981DF062
S21401840059FA09F101095A4600201B495FFA89F910
S214018410FFF714FEA4E78720FFF73CFD07981DF041
S21401842049FA09F101098722134908985FFA89F97F
S214018430FFF704FE059B052B3FF43CAFB9F1000F97
S2140184407FF436AFBAF1000F05D10C495046FFF75D
S214018450F5FD8021B3E64846FFF71CFD28E700BF7F
S214018460B2D4030025200400722004004C590020D9
S2140184702F200400721F04004B2004005520040026
S2140184800599B14AB14B0020152918BF1346CDF8FE
S2140184900080AF4AAF49FFF7D1FD059B0C2B14BFF7
S2140184A016200D20FFF7F6FC2A46494630461DF0F9
S2140184B03EFA059BB1440C2B054699F8026035D16E
S2140184C0192E28BF1926E37BB3B14FF6FF73278A0F
S2140184D09F4211D120682A464146069B4079FFF704
S2140184E00FF9B84208D0BAF1000F05D020828AF8F9
S2140184F00000000A8AF801000020BBF80070FFF7B0
S214018500C9FC23682A465879059B4146A3F1150CF8
S214018510DCF1000343EB0C03CDE90163238A0093EE
S214018520069B1CF0C9FF8C4BD855C1E6132E28BFFD
S2140185301326C8E72046FDF7E5FB00287FF4BAAE10
S21401854081213CE62046FDF799F8F6E7B8F10A0FD7
S21401855006EB0907A5EB090A20D1DFF800B29BF864
S2140185600030DBB1E37BCBB9BAF1080F16D12A464E
S214018570494630461DF0DBF980B9BB7873B9FA7805
S214018580E22A0BD12A4609F10401304605931DF073
S214018590CBF91DF098FA059B8BF80030394640461A
S2140185A01FFA8AF21EF0F2FC00287FF483AE002147
S2140185B005E6A5EB0902404692B206EB09011DF05D
S2140185C073F9F1E7A5EB0902404692B206EB090101
S2140185D01DF02EF9E8E7A5EB0902404692B206EB3C
S2140185E009011DF051F9DFE7A5EB0902404692B2F9
S2140185F006EB09011EF0CCFCD6E7236816F80950F5
S2140186005879238A09F1010916F809600193069B36
S2140186102A464146009333461CF08DFE32462946D3
S21401862040461DF007F945E6059809F1010216F8DE
S2140186300910AB1AA0F1160568426841003900908E
S21401864018BF012140469BB232441DF0F5F8ABE756
S214018650059B16F80950112BB14499F8017038D1D1
S2140186601220FFF717FC0026E37BB3B14FF6FF732A
S214018670B4F81090994510D12B4642462146304613
S214018680FEF7C0FF484508D0BAF1000F05D020829A
S2140186908AF80000000A8AF80100BBF80090DFF8AB
S2140186A0B8A0C9F1FE0292B209F101030092534447
S2140186B0424621463046CDE90257CDF804B0FEF7D2
S2140186C0D9FFBBF800300AF809000133ABF80030D7
S2140186D0EEE51420FFF7DEFB0126C5E709F10103ED
S2140186E09D422FD316F809701E44003F18BF01277C
S2140186F0EB1A9DB22B46324639460020FFF70CFD99
S214018700009533463A464046218A1DF099F84BE7D4
S21401871009F101039D4215D316F80970ED1A003FC1
S21401872018BF01271E44ADB22B46324639460120FA
S214018730FFF7F2FC009533463A464046218A1DF083
S2140187407DF831E70020B6E58B1D040020200400EB
S2140187506620040070200400A5610020A4620020A9
S21401876038B54FF6FB750446A9424FF001019DF856
S214018770100098BF43F40043217023816260A07209
S21401878002230020084A0949FFF758FCE07A084B03
S21401879040F6CA0203EB4010FF211BF063FBBDE865
S2140187A038400420F8F788BB802004008B200400A2
S2140187B09843002030B5054685B028B91D4905B057
S2140187C0BDE83040FFF73ABC0024007B1DF0C5F839
S2140187D02046194A19492C70FFF730FC184BE87AE5
S2140187E0FF2103EB40101BF04EFB2046154B020108
S2140187F09A5C22B901300428F9D1F8F777FB696849
S21401880099B1B5F908302A899B1303F002038DF854
S2140188100430C2F30E03ADF806304FF6FF73ADF821
S2140188200830002301A80393884705B0BDE830400F
S2140188301DF098B8B620040080200400E82004004B
S21401884098430020584300200948037873B9194615
S214018850084AD3720133042B1173117051601181D0
S214018860917202F11002F4D101230370704700BF28
S214018870A56200205843002008B5FFF7E5FF002356
S21401888005491A018A5C01EB03101AB10133042B66
S214018890F7D1002008BD00BF5843002070B50D4633
S2140188A00646FFF7D1FF0023094800EB0514A17A1D
S2140188B0B14205D1217819B12B4400EB031070BDEC
S2140188C00133042B04F11004F1D10020F7E700BFB7
S2140188D05843002010B50446FFF7B6FF0E4B9C42E6
S2140188E012D003F12002944210D003F140029442C8
S2140188F00ED060339C420DD10323084800EB0310D1
S214018900BDE81040FFF756BF0023F6E70123F4E762
S2140189100223F2E70020F3E79843002058430020A3
S21401892038B50024054D28460021054A0134F7F7DD
S214018930F9FD042C05F12005F5D138BD984300203A
S214018940D58801002DE9F34105460C4617469846A1
S214018950FFF792FF064640B91C4A1D49FFF76EFB1A
S2140189600224204602B0BDE8F0814FF6FB739D421B
S2140189700AD94FF6FD739D4204D00020134A1549CB
S214018980FFF75CFB4FF6FD75434621463A462846FF
S2140189901DF081F8044600F025FE804634B12346DA
S2140189A000200A4A0C49FFF749FBDAE73B46204616
S2140189B0064A0A49FFF742FB062329463046089A2B
S2140189C0CDF80080FFF7CCFECBE700BF8020040087
S2140189D0F52004001F210400542104007D21040019
S2140189E0F7B506460C461746FFF746FF054638B963
S2140189F0104A1149FFF722FB0224204603B0F0BDBE
S214018A0021464FF48A5230461DF00AFA044600F019
S214018A10E9FD34B123460020064A0849FFF70EFB5C
S214018A20EBE7009004233A4631462846FFF798FEC6
S214018A30E3E700BF80200400F5200400A521040020
S214018A40F7B506460F46FFF717FF054638B9104A31
S214018A501049FFF7F3FA0224204603B0F0BD0022C6
S214018A604023114630461DF0A0FB04461DF09BFB3B
S214018A7034B123460020064A0749FFF7DFFAEBE741
S214018A80009001233A4631462846FFF769FEE3E7A0
S214018A9080200400F5200400D821040073B50446A4
S214018AA00E46FFF7E9FE054638B9104A1049FFF7AA
S214018AB0C5FA0224204602B070BD002220461146A7
S214018AC01DF075FB04461DF06EFB34B123460020F5
S214018AD0064A0849FFF7B2FAECE700902346324609
S214018AE04FF6FC712846FFF73BFEE3E780200400C3
S214018AF0F5200400062204002DE9F041884610788E
S214018B0000219EB014461D46FFF7C8FE0646002803
S214018B1000F0FD800778002F7BD0B8F80010002900
S214018B2040F0F5800389B8F8022043F40040824201
S214018B3040F0ED80617800296BD1A2F50042062A4B
S214018B4000F2E580DFE812F0A100A100E300E300F7
S214018B500700B8006900E3880D3DADF8243023898D
S214018B6015F00105ADF8263063798DF82830E37AE3
S214018B7003F1060214F812208DF814308DF81C202B
S214018B8042D10BA98E46069104F10C005FFA85FCD2
S214018B909C4500F1020009D210F8018C10F802CCB5
S214018BA001350CEB082C2EF802CBEFE701EB430165
S214018BB01A440891D2B2590001F10D009A42C0B28E
S214018BC00BD025186D78205C7831694400EB0520C0
S214018BD0013321F84C0CDBB2EDE7B6F908203389F6
S214018BE0002AACBF01220322C3F30E038DF808202E
S214018BF06288ADF80A3005ABADF80C20049302A9E3
S214018C0030461CF033FF04E0424A43490020FFF798
S214018C1015FA38461EB0BDE8F081042D02D83D4A4B
S214018C203E49F3E72379053DADB29D4202D0394A6C
S214018C303B49EBE7B4F802803A4A3B4B0020002D53
S214018C4008BF13463949334ACDF80080FFF7F6F9D5
S214018C5005348DF814503389B6F9082006947DB191
S214018C60002AACBF01220322C3F30E038DF82C2089
S214018C70ADF82E30ADF8308005AB0D930BA9BFE7EC
S214018C80002AACBF06220522EEE70B2DC7D9D4F881
S214018C900200D4F8061013F4004F05AA03C20CBF55
S214018CA0042203228DF82C206289C3F30E03ADF84B
S214018CB03020ADF82E30DFE7042DB0D96388ADF84B
S214018CC0303023790533DBB29D4206D00020114AAD
S214018CD017490095FFF7B2F99BE70E4A00201549A0
S214018CE0FFF7ACF9B6F908203389002AACBF012298
S214018CF00322C3F30E03ADF82E3005AB0D93631DAF
S214018D00069323798DF82C208DF81430B6E70027CA
S214018D107FE700BF80200400332204005B220400AA
S214018D206F22040077DC03008B1D040096220400EA
S214018D30B3220400F4220400304BF0B5B0FBF3F28A
S214018D404FF4616503FB1200B0FBF5F3DCB205FBE3
S214018D5013033C25B3FBF5F3DBB2A0EB04104B7118
S214018D60C3EB0313A0EB83004FF4FA630B8040F2CE
S214018D7001134B8001230C711F4600246425204EED
S214018D808871944200D1F0BD88780BB102282ED0AC
S214018D9006EB000C1CF801EC91F803C0F44505BF86
S214018DA04FF0010C01300CF1010CC0B214BF5FFA98
S214018DB08CFC88700D2881F803C016D10B888F7043
S214018DC001339BB298070B8014D1B3FBF5F005FB7A
S214018DD0103080B280B94FF4C870B3FBF0FC00FBD2
S214018DE01C339BB2B3FA83F35B090134C9E74FF036
S214018DF01D0ED1E70023F8E70123F6E780510100B5
S214018E00A277040010B5044688B006A9FFF794FFC0
S214018E109DF81E300A4803939DF81D300494029372
S214018E209DF81C309DF81A200193BDF818300549AD
S214018E30009300889DF81B30FFF700F908B010BDBD
S214018E405C5900200D230400026808B51188154BF3
S214018E5019805188598051791971117959714FF4D6
S214018E608A51D980D28812F0200F0CBF0A464FF4DF
S214018E708B528169DA800C4A137831B9C0880B4964
S214018E8023F002030880137008BD43F00203137039
S214018E9007481522013103F04BFC0023044A02F86F
S214018EA0013CF1E750590020AF6200204E590020E6
S214018EB05F59002010B5184C236858791CF0FAF950
S214018EC00B2822D8154B03EB0010027B237F9A4216
S214018ED01BD12368428819888A4205D04FF6FF7055
S214018EE0814212D1120410D42279023A012A06D9FB
S214018EF0A37B63B9BDE810400748FFF737B9198966
S214018F0058791BF055FB0028F2D1002010BD02480D
S214018F10BDE81040FFF7BEB81C4400208842002080
S214018F2008B51CF0C7F90B2896BF024B0020185C49
S214018F3008BD00BFB462002008B500201CF00DFD7E
S214018F40FF201CF0EAF91CF00DFD1CF0B2FBFEF749
S214018F506BF901210246064803F040FD054BFF214F
S214018F60054A0648FEF7BCFEBDE80840FEF7FEBA15
S214018F70B4620020505900204C590020A561002001
S214018F80F0B5002204464FF6FF750B4F90B237F846
S214018F9030600346AE4201D12846F0BDA64209D153
S214018FA0B4F57C4FF9D307EBC3035B888B42F4D04F
S214018FB00029F2D00132E9E7E077040010B5044653
S214018FC0FFF7DEFF094A034610884FF6FF72934209
S214018FD014BF074A2246BDE8104017BF02EBC30381
S214018FE004495A680449FFF743B800BF5C5900209A
S214018FF0E0770400302304002AEF0300034B1878BF
S2140190000130C0B2187000F07F0070471C6D002060
S214019010044A137818B143F001031370704703F044
S214019020FE03FAE7AF620020014B1870704700BFDD
S214019030B262002038B1074B1B78012B04D103889C
S21401904043F0400303807047022BFCD1038823F0D2
S2140190504003F7E7B262002068B1074A1378012B94
S21401906007D1064B1B781370037843F01003037087
S21401907001E0022BF8D07047B1620020B0620020F8
S2140190807FB50121264B274E197033780246D90742
S21401909044D42549096881B10868C1888D0641BF55
S2140190A0224CE18841F02001E180C1884C0641BF95
S2140190B01E48C18841F04001C1801D4D1D492878D8
S2140190C0097840074CBFE97069701B4913F0020428
S2140190D0098809D0164A19481CF0C2FB337823F0D8
S2140190E00203337004B070BD154B18884FF6FB733E
S2140190F0984208D80B46CDE9005201460B4A204655
S2140191001BF0AAFDEEE74FF6FF73CDE9014200938F
S2140191100A46074B05491BF07BFDE3E70020E1E724
S214019120A6620020AF62002018440020505900209B
S214019130A56100201D6D00204C5900205E590020BD
S2140191404E59002070B503790446012B0D4616468C
S21401915031D883681B78DB0600D561B3A37B13B9CE
S214019160E37C0B2B27D00022144B1A80637DB3FAC5
S21401917083F35B09D800E37BABB9FEF78BFEA07CDB
S214019180FEF788FE0B20FEF785FEE07CFEF782FEEA
S2140191902846FEF77FFE2046FFF756FE3046BDE81E
S2140191A07040FFF76DBF40F00400FEF773FE208AA3
S2140191B01CF080FBE3E7002070BD00BF4C59002087
S2140191C0024B0A4601461868FFF7BCBF1844002048
S2140191D0F0B4054618460F4B0C461B78BDF8101028
S2140191E0012B0D4E01D0377827B1002333700020B4
S2140191F0F0BC70470CB9002AF9D143B14FF657437A
S214019200994204D02B462246F0BC1CF00FBB01202D
S214019210EEE700BF1E6D0020B36200202DE9FF4778
S214019220664C4FF0000A25468446964699460F46F8
S214019230634B644E83F800A00FCE0FC596E80F006F
S214019240DDF8348085E80F00BDF8303072460093B3
S21401925039464B466046CDE9018400F0D9F85A4EAE
S214019260814668B90025FEF7F7FD1622002157480A
S21401927003F0B4FB00232846336004B0BDE8F08752
S214019280534BA27C34601A70524B1B78002B36D09D
S2140192901CF01BFC504902465046FEF7E9FE2268C8
S2140192A05046537952884D490092A289FEF7E0FE56
S2140192B050461CF083FB20B12368218A5888FFF7AB
S2140192C07DFEE37B23B10020228A4549FEF7D0FECE
S2140192D0A36800201A78E37C42490093A37CFEF73A
S2140192E0C7FE207DA289A168121A0144012300202D
S2140192F092B2FEF70BFE00203B49FEF79FFE2F4879
S214019300FFF7A2FD2D481DF03AFE054630BBB8F129
S214019310000F25D12168E0880B8801904988BA1E84
S214019320032A00918CBF002201220121E07CFFF775
S2140193304FFF38B923685B79FF2B39D0FFF7BAFDA9
S214019340054690E72368DB889A06F3D40121274C6B
S2140193501A4821701CF0D2FB84F800804D4682E743
S214019360B8F814309B07E5D47CE74046FEF716F8BC
S21401937007464046FDF75EFF88B123683846228AD5
S21401938059881BF09AFF50B10C48FFF75DFD236822
S2140193908AF804705F71FFF78DFD2843C5B209F1A5
S2140193A00109FDF741FF5FFA89F88045DDD35AE7E9
S2140193B04FF00009DFF838A0F3E700BF1C44002097
S2140193C0A6620020C0770400184400205E590020E1
S2140193D01D6D00201B6D002049230400522304004C
S2140193E0732304007F230400C1D50300B362002069
S2140193F0505900200023054AD15C814202D31A4409
S214019400507870470233DBB2F6E700BFAE77040050
S21401941073B515462E781A4616F0040F0CBF0326B0
S21401942005269E42089C08D9204A2149009600201C
S214019430FEF704FE002002B070BD21710121BDF8C7
S21401944018302060E380A560A2812B7803F0010329
S214019450A3732878C0F38003E3732B7810F004001D
S214019460C3F3C0036375217517D028461CF05FFA55
S214019470217D20820231C9B24B1CDBB223756A5CA6
S2140194800231C9B2A2742175EB5CE374A3899942D7
S21401949005D90091054A0749C9E72082ECE7079BF1
S2140194A00120A36100232377C5E700BF0BDD03007E
S2140194B0C2230400DE2304002DE9F34100241F4FDC
S2140194C0DFF89C80E0B21CF0ACFDFF2805460FD10A
S2140194D02346012102201A4AF7F714FB194B0134DF
S2140194E018781AF0C3F8152CECD102B0BDE8F0815B
S2140194F0154B46B233EA260328BF434601210093A3
S214019500022057F82430114AF7F7FCFA002EE5DA64
S2140195100923E340DB070AD50D4A0E4B15F0010F70
S21401952018BF1A4601210220F7F7ECFAD6E70A2CF3
S214019530D4D1094A094B15F0010FF1E7F877040079
S214019540372404001F6D002077DC03005F2404002D
S21401955010240400FA2304002C240400222404000E
S2140195608B1D040008B554220021024803F036FA88
S214019570002008BD4C5A002008B55422FF2102489D
S21401958003F02CFA002008BDF8590020024B23F8FE
S21401959010100020704700BFF8590020002310B4B7
S2140195A0074ADCB2A14203D85DF8044BFFF7DABFE5
S2140195B02A2BF9D032F8024B20F813400133F0E79A
S2140195C04C5A0020002310B5054A994201DD2A2B8A
S2140195D000D110BD32F8024B20F813400133F4E7F6
S2140195E04C5A0020024B187800F07F00704700BFED
S2140195F0C0620020034B18780130C0B2187000F02A
S2140196007F007047C062002030B51C4600238BB037
S214019610ADF82220021D92B2012A0E9DADF820302F
S214019620ADF81E10ADF81C3003D94FF6FF7290420C
S2140196300FD10022CDE90352CDE90124094B0146A1
S2140196401B784FF6FF70009307AB1CF00AFD0BB0BA
S21401965030BD0146CDE901531846009407AA1CF017
S2140196601CFDF4E7206D002038B505464FF4805008
S2140196700C4603F085FC4FF480532860236030B914
S21401968040F2A511BDE83840014820F021BD38BDA3
S2140196904E250400004870470A5C0020014B1878EC
S2140196A0704700BF396D0020014B1888704700BF16
S2140196B0C26C0020014B1878704700BF326D002045
S2140196C0014B1878704700BFC4620020014B187820
S2140196D0704700BF2D6D0020014B1870704700BF0A
S2140196E0C7620020014B1870704700BFC662002099
S2140196F0014B1888704700BFC06C00202DE9F74F5A
S2140197004FF00008394B3A4F93F80090394B3A4ED8
S2140197103A4D3B4C3B483C49DFF8F4C0DFF8FCE0EF
S214019720DFF810A1DFF810B10193019B2037203339
S21401973001935FFA88F3994506F1200605F12005A5
S21401974004F1200400F1200001F120010FD80022CD
S21401975011462E4B2E4D1C782E4E2F4B2F4FD0B22E
S214019760844203F1200338D803B0BDE8F08F2C4BB8
S2140197702C4A47F81C3C002346E907232A4A47E9B6
S214019780063E45E90723294A46E905E344E9072356
S214019790274A45E905E340E90723019A44E905E339
S2140197A040E905E341E908CA41E9063E47F820CC0D
S2140197B047F8103C46F820CC45F820CC44F820CC9D
S2140197C040F820CC41F8103C08F1010842E908CBEA
S2140197D042E9063E42F8103CA7E743E9085643E94A
S2140197E0061743F8101C0132B9E700BF3D6D002093
S2140197F0F4470020F4460020D4470020B447002058
S214019800544700203447002014470020376D0020BD
S2140198104457002079C40200744700208B1D0400C1
S214019820A186030079850300B58C020055A60200C7
S214019830DD5F0300290A0300B97B0200002208B598
S214019840074B1A605A601CF0BBFB064B18701CF0E5
S214019850B7FB054B1870054B1A78054B1A7008BDF7
S214019860E656002002630020016300202B6D0020D5
S21401987000630020002100B593B008466A460AF04E
S2140198809BFA0146C8B90E4B0E4A09930E4B0D9230
S2140198900A930E4A0E4B0E920B930E4A0E4BCDE9CF
S2140198A00F230C930D4B6A4611930AF03BFD0038CB
S2140198B018BF012013B05DF804FB0120FAE700BFD2
S2140198C00B810300518802000F830300115D020023
S2140198D00B6003007D9702006F8303008184020002
S2140198E0084B1878112806D8012809D9064BC34019
S2140198F003F001007047A0F14303584258417047F6
S21401990000207047046300203400020008B5064BAF
S2140199101B78013B022B05D80020FFF7E1FF013839
S214019920C0B208BDFF20FCE705630020044B00F130
S214019930100250F8041B904243F8041BF9D17047FB
S21401994006630020044B03F1100253F8041B9342F4
S21401995040F8041BF9D170470663002030B5002497
S21401996091B0114B0546214614220BA8CDE90943B7
S21401997003F034F8102209ABCDE900440693CDE993
S2140199800452CDE90252094B09490AA819F028F8F0
S21401999004460AA81DF08EF81CB1A021054820F047
S2140199A097FB11B030BD00BF002480000044400486
S2140199B006630020C025040070B5002490B0154B46
S2140199C005460E46142221460BA8CDE9094303F0AD
S2140199D005F8102209ABCDE9004406933146CDE9DE
S2140199E00452CDE902520C4B0AA818F0F9FF0446BE
S2140199F00AA81DF05FF81CB1BA21084820F068FBE0
S214019A00099B102B03D0BB21044820F061FB10B04A
S214019A1070BD00BF0024800000444004C02504003F
S214019A2030B50D4600218FB0124B0446142209A80A
S214019A30CDE9071302F0D2FF102207ABCDE90242AF
S214019A40CDE90042049329460B4B08A818F0CAFF3B
S214019A50044608A81DF02EF81CB1D121074820F0B5
S214019A6037FB079B102B03D0D221044820F030FB94
S214019A700FB030BD0024800000444004C02504001F
S214019A800022034B1870034B1970034B1A70704772
S214019A901763002018630020166300202DE9F04F9D
S214019AA0DFF89080064698F800300D4685B0002B0A
S214019AB03AD04FF6FB73984236D84FF0000B1C4F46
S214019AC0DFF874A03C7898F800305FFA8BF94B45C4
S214019AD09AF8000011D9484402AA0DF10601C0B255
S214019AE014F0C0FB082229460DEB020002F0C8FF65
S214019AF00BF1010B0028E6D14C463B78A34208D176
S214019B0098F80020631CDBB29A423B7004BF002326
S214019B103B70324629469AF800301C44E0B205B044
S214019B20BDE8F04F14F08CBC05B0BDE8F08F00BF67
S214019B301663002018630020176300202DE9F84FF4
S214019B401F4603F10C0B04460E4615460123DFF8AB
S214019B507CA00EB9BDE8F88F102EB04628BF4FF096
S214019B6010083946184A5FFA88F951F8040B594526
S214019B7042F8040BF9D19BF800101448117000222A
S214019B808AF800308AF80E208AF80F50FFF7E6FEB2
S214019B902246012301350D48EDB212F801CB10F82B
S214019BA0011B81EA0C0102F8011C111BC9B289458F
S214019BB0F3D8013409F1FF39A6EB080854FA89F401
S214019BC01FFA88F6C5E700BF1A6300201963002054
S214019BD02DE9F04F9046914685B00090981A029371
S214019BE083B20193009B0F46354903F10C0453F8E9
S214019BF0045BA34241F8045BF9D11B78314E0B702C
S214019C0049233370019BF0731B0A3046B373FFF789
S214019C10A5FE0221BB460D46737888EA03037370DE
S214019C204FF0000A1DE0C5F11004A9EB0A039BB230
S214019C30A4B29C4228BF1C4600231FFA83FCE818E6
S214019C406445C0B21FD82544EDB2A344102D544438
S214019C501FFA84FA05D1002530460391FFF77EFEF0
S214019C600399CA45DFD307EB080B25B130460391AC
S214019C70FFF774FE039901294FF000050DD001216D
S214019C80DDF80490CCE71BF803C016F800E00133BA
S214019C908CEA0E0C06F800C0CFE7029B09491F4468
S214019CA0094B38461C78224603F036F82A462146E8
S214019CB03846009B05B0BDE8F04FFFF73FBF00BF39
S214019CC01A630020196300203E6D002030B54078ED
S214019CD00C4601284FF0110387B001F1100516D18B
S214019CE0144A01A90BF0A6F8234601AC22461868CF
S214019CF05968083303C2AB421446F7D111230D4A03
S214019D00002001A90BF096F8002007B030BD012015
S214019D10094A01A90BF08EF8234601AC22461868C1
S214019D205968083303C2AB421446F7D11123024ADD
S214019D30E6E700BF75E4010079EB010030B50C469B
S214019D40407887B001284FF011030DBF0B4A0C4A2B
S214019D50012001A918BF01A90BF06CF8234601AA3E
S214019D6005AD144603CCAC4218605960224603F197
S214019D700803F6D1002007B030BD00BF75E401002E
S214019D8079EB010010B50C4688B01A230C4A01A9DC
S214019D9001200BF04FF821460DF10E0304F11002DD
S214019DA051F8040B914243F8040BF9D11A23002011
S214019DB0034A01A90BF03EF8002008B010BD00BF11
S214019DC024E10100F0B58BB004460D461EF062F9A1
S214019DD0A8B101A812F0F6F988B1667B271D16F026
S214019DE0020F05D00822384601A902F049FED0B973
S214019DF001AB46F0020603CB6060796066731A23F6
S214019E000A4A03A901200BF015F829460DF116039D
S214019E100DF1260253F8040B934241F8040BF9D1D5
S214019E2000200BB0F0BD2D20FBE700BF24E10100B0
S214019E30F0B50546071D00220C463846082193B0AA
S214019E401EF0B6F86A7B0646D0070BD5687808A9D7
S214019E501CF061FDDDF83D306B60DDF841307B6064
S214019E6080B10BE0910709D5D2000121384602F0F6
S214019E7080021CF05BFDFF28687002D12D2013B014
S214019E80F0BDD6B1687801A91CF0E2FC9DF81C3043
S214019E905B0604D54FF4C6710A4820F019F923462B
S214019EA003AD07AC2A4603CAA2421860596015469C
S214019EB003F10803F6D10020E1E708A91CF02BFD09
S214019EC0CEE700BF25260400F0B506468BB01F4836
S214019ED00F4615460024FFF735FD002C14BF4FF042
S214019EE05C0C4FF0360C1023184801AA10F8011B21
S214019EF0013B8CEA010113F0FF0302F8011BF5D1C7
S214019F0005A81EF090FE102101AA05A81EF08FFEDE
S214019F10CCB93946324605A81EF0F1FE2A460DF1A7
S214019F20140C0DF1240E634603CB7345106051608B
S214019F309C4602F10802F6D1631C022B4FF0010485
S214019F40CBD10BB0F0BD2A461021E4E749630020CF
S214019F502DE9F04790468946C0B09DF820414A9FBA
S214019F601D46DFF880A09DF824310646224641466C
S214019F7038468AF8003002F0CFFEB9F1000F12D051
S214019F8023462A4639463046FFF722FEAC4206D91A
S214019F90611B3346012289B27819FFF7CFFD0020F5
S214019FA040B0BDE8F087611B3346012289B27819BB
S214019FB0FFF7C4FD22463946684602F0ADFE2A4642
S214019FC0694630462346FFF703FE9AF800200DEB5C
S214019FD0040108EB040002F053FD0028DFD02C201A
S214019FE0DEE700BF3E6D002038B50346104601F19E
S214019FF0100451F8045BA14242F8045BF9D104490C
S21401A0001BB1FFF7D9FC002038BDFFF709FDFAE7C1
S21401A0104963002030B5054689B069461CF09CFAB4
S21401A0206B8804ACABB12246294668461CF034FA6C
S21401A0300E4A234603CB516008A98B4210601C468A
S21401A04002F10802F5D10948FFF770FC002009B0BB
S21401A05030BD6B46054D1A4603CAA24228606960A8
S21401A060134605F10805F6D1EDE700BF4963002068
S21401A07050B10B4B0B4A03F1100153F8040B8B4202
S21401A08042F8040BF9D17047064B054A03F110015B
S21401A09053F8040B8B4242F8040BF9D1704700BF0A
S21401A0A0496300202963002008B51022024802F007
S21401A0B03FFB002008BD00BF3963002008B50846F5
S21401A0C01022024902F034FB002008BD396300204B
S21401A0D010B5044686B001A9114A112301200AF0E1
S21401A0E0A9FE9DF8143001A8E3701FF063F980F013
S21401A0F001000C4A01A96070112301200AF09AFEA2
S21401A1009DF8143001A8A3701FF054F980F00100E7
S21401A110207010F0F1FB6060002006B010BD00BF9B
S21401A12075E4010079EB010010B5044686B01123F1
S21401A130134A012001A90AF07DFEA3789DF8142098
S21401A1409A4207D08DF81430002011230C4A01A939
S21401A1500AF070FE11230B4A012001A90AF06AFEDB
S21401A160E3789DF814209A4207D08DF81430002029
S21401A1701123044A01A90AF05DFE06B010BD00BF16
S21401A18079EB010075E401002DE9F04186B0064641
S21401A19003A80C4612F0B4FF054600284AD1BDF8C4
S21401A1A00C30980646D510222946204602F016FCA9
S21401A1B001A812F007F8C0B1777B06F1040817F082
S21401A1C0020F06D00822404601A902F059FC0028D9
S21401A1D02ED101AB47F0020703CB7060C8F804101C
S21401A1E07773238843F008032380238843F0020310
S21401A1F0238011F0C1FB60601DF04CFF30B10E4BA7
S21401A2001B68A360238843F0040323800B4B1A6862
S21401A210D1035EBF238843F010032380130203D5C6
S21401A220238843F400632380284606B0BDE8F08106
S21401A2302D25F9E72425F7E72448002028480020A3
S21401A24010B5D0E9023253F8223090B01C68402293
S21401A250694620461CF0D2FB034630B12246002058
S21401A2600549FDF7EBFE10B010BD01226946082036
S21401A270FDF792FEF7E700BFA226040038B500F00E
S21401A280AFF800280CBF6E22792200201249FDF794
S21401A290D5FE00F0A5F8E8B11CF0C4FB00280CBF01
S21401A2A06E22792200200D49FDF7C8FE0822002003
S21401A2B00B49FDF7C3FE00250A4C234654F8042C2F
S21401A2C0002009490335FDF7B9FE182D04F10C04E9
S21401A2D0F3D138BD3F22E5E7DA260400F126040073
S21401A2E0012704004C4900202027040070B51CF00B
S21401A2F07EFB044621490020FDF7A0FE2CB920462E
S21401A300BDE870401E49FDF799BE00F0BBF8054652
S21401A3101C4B62690020002A08BF1A461A492668A3
S21401A320FDF78CFEA28800201849FDF787FE184924
S21401A330E2880020FDF782FEA388228913F0100030
S21401A3401ABF002013491449FDF778FEE268002081
S21401A3501249FDF773FE226900201149FDF76EFED2
S21401A360104A114B0020B6F5817F38BF13460F49BE
S21401A3702A46BDE87040FDF761BE00BF55270400C0
S21401A38062270400C7F7030083270400A1270400FF
S21401A390C2270400DF270400FC2704001A28040053
S21401A3A0382804004D2704004327040056280400DB
S21401A3B038B5014600230C25084A05FB03F4A0180E
S21401A3C01459013404D10C2202F0B2F9002038BD30
S21401A3D00133082BF1D10120F9E700BF48490020DD
S21401A3E0034B1878012894BF00200120704700BF56
S21401A3F05B63002038B50446044D2878A04203D09C
S21401A40021461CF0D4FA2C7038BD00BF5B630020D7
S21401A41000B58FB03422002101A802F0DFFA01A8AE
S21401A420EDF704FA0598D0B182680E4BB2F5803F7D
S21401A43034BF92B2C2F38F2241881A81028828BFA4
S21401A44041F010011A6042689980DA80C268DA60C9
S21401A45002691A6142695A61027E18461A760FB07D
S21401A4605DF804FBCC480020054B1B7820B1012B7E
S21401A47004D80220FFF7BEBF012BFBD8704700BFF0
S21401A4805B63002010B5084C237853B91CF0AFFA73
S21401A4900123237028B10368B3F5817F24BF037EAF
S21401A4A02370207810BD00BF5A63002070B5184B8A
S21401A4B01B78012B2BD81CF07DFA164D0246164947
S21401A4C00020FDF7BBFD0120FFF7CEFF2E78FF2E03
S21401A4D01DD1FFF79DFFC8B1848860223146C4F3C1
S21401A4E040040E482C7002F079FA602231460C487E
S21401A4F002F074FA5CB1FFF7C5FF042807D9BDE87E
S21401A500704040F22B1107481FF0E2BD287070BD65
S21401A5105B6300203F6D0020792804004849002035
S21401A520E84800208B2804002DE9F04FDFF88892D8
S21401A5308DB003AB05460F46144699E8070083E83D
S21401A5400700FFF7B3FFFFF79DFF954B064693F80D
S21401A55000804B46B8F1010F40F07081012840F2AF
S21401A5607281B5FBF0F200FB1252002A00F06B81FB
S21401A5708C4900228A46D1F800C0BCF1FF3F04D0C6
S21401A580087A6044854200F019810132082A01F1F7
S21401A5900C01F0D193E8070006AE0DF1240A86E817
S21401A5A007008AE80700FFF76DFFB5FBF0FB00FB2D
S21401A5B01B5BA0EB0B063246394681460AA8099575
S21401A5C08DF82C6002F0A8FB00224FF00C0E7649A5
S21401A5D002E00132082A0ED00EFB02F000EB010C5D
S21401A5E008580130F5D19AE807008CE807006F4952
S21401A5F00A7801320A70A64204DD4FF4E2716C4813
S21401A6001FF066FDA4EB09025A4437442E4491B26A
S21401A61016FA82F2B2FBF9F309FB03F3D21A8D1A8A
S21401A62049B1791907A806938DF8202002F074FB2A
S21401A63006A8FFF7BDFEADB2B5B10320FFF7DAFEFF
S21401A640802D0AD82A4639465A4802F065FB2A4622
S21401A650304658491CF0B6F980460220FFF7CAFE7C
S21401A66040460DB0BDE8F08F4FF00008F8E74FF414
S21401A6700E714F481FF02CFD494B1B78012B00F043
S21401A680E980002C38D00320FFF7B4FE802C30D8A8
S21401A69022463946474802F03FFB224628464549AE
S21401A6A01CF090F980460220FFF7A4FEDFF8FC902C
S21401A6B099F8003093B1039CFFF7E4FE3A4B00256E
S21401A6C01F461A68511C04D0197A411A521A94422C
S21401A6D05FD00135082D03F10C03F2D1B8F1000F5C
S21401A6E05AD1039B0133BFD003A8FFF761FE804612
S21401A6F0B6E74FF00108D6E7A046D7E70C246C432F
S21401A7003B199DF814A093F808B00AEB0B03802BB5
S21401A7102BDC284B524604A9184602F0FDFA211DEF
S21401A7205A463944504402F0F7FA0C2303FB0573EA
S21401A7309DF814201B7A13449E421ED040F27321CA
S21401A7401B481FF0C5FC4FF001080220FFF752FE20
S21401A75099F8003013B1013B89F800304FF0FF3310
S21401A7603A193B51C2E901337AE740F26D211048AC
S21401A7701FF0AEFC4FF00108D7E7B8F1010FE2D0A9
S21401A780802EE2D832460B4903981CF01BF980460E
S21401A790DBE7B8F1000FB1D04FF0010860E700BF6A
S21401A7A03F6D002048490020E848002059630020FA
S21401A7B08B2804004C4800205C7804004FF00C09FC
S21401A7C009FB02A3187AA6EB00085FFA88F8A045F1
S21401A7D001D35FFA84F809FB02F909F1040B584426
S21401A7E042463946504402F097FA0AEB09031A7AB0
S21401A7F0A4EB08044244D2B2B242A4B21A7219D1EE
S21401A80003200193FFF7F6FD32460AEB0B015AF8D7
S21401A81009001CF0D7F800900220FFF7EBFD4FF07F
S21401A820FF31019B009A4AF80910C3E90111002A79
S21401A830B2D14744002C3FF417AF4544104B1B7868
S21401A840012B7FF41EAFB5FBF6F306FB1353002B6B
S21401A8507FF40DAF04EB0508B8FBF6F37343B8EBD2
S21401A86003083FF40EAFA4EB08043919424604A8C6
S21401A8700393A4B202F050FA8DF8148001E700BFEA
S21401A8803F6D002070B5134B1B78012B0CD1FFF7E1
S21401A8900DFE0026104D55F8043C013306D1033653
S21401A8A0182E05F10C05F6D1002411E00320FFF760
S21401A8B0A1FD55F8044CFFF7E5FD29460246204662
S21401A8C01CF080F804460220FFF794FD002CE6D029
S21401A8D0204670BD3F6D00204C49002070B50546EE
S21401A8E00C46FFF7E3FD0520FFF784FD21462846C9
S21401A8F01CF076F806460220FFF77CFD00220A4B84
S21401A9002C441968481C08D0A94206D3A1423EBF70
S21401A9104FF0FF31C3E9001199600332182A03F1A1
S21401A9200C03EED1304670BD48490020D0E9023212
S21401A93053F8223010B51C68204600F089FA28B179
S21401A9402146BDE81040024800F0EEBD10BD00BF34
S21401A950F028040008B5D0E9023253F8223018680E
S21401A96000F060F920B1BDE80840024800F0DCBD07
S21401A97008BD00BF12290400F0B5D0E9023253F831
S21401A980221003EB82035B680F681D789BB0642D71
S21401A99004D964210F4800F0C7FD64252A463846CD
S21401A9A001A900F0F7F8044680B90B4800F0BCFD99
S21401A9B001AE013DA54201DC1BB0F0BD391916F808
S21401A9C0012B064800F0B0FD0134F3E7044800F01F
S21401A9D0ABFDF1E735290400552904006C29040074
S21401A9E07F29040070B500258CB0284603A900F025
S21401A9F0EDF808B10CB070BD049B2946039A00938C
S21401AA00234800F091FD234800F08EFD059910299A
S21401AA100CD810290CD8DFE801F00F14300B320BDC
S21401AA200B0B340B0B0B0B0B0B0B380020292AD00E
S21401AA30194800F079FD07E0184800F075FD01356A
S21401AA40D3E7174800F070FD0699164800F06CFD34
S21401AA500799154800F068FD144800F065FD1024BC
S21401AA600DF11F0616F8011F1148013C00F05CFDB0
S21401AA7014F0FF04F6D10F48DFE70F48E2E70F486E
S21401AA80E0E70F48DEE70F48DCE70F48DAE700BFEC
S21401AA909A290400DE2904003F2A0400EF29040055
S21401AAA0FF2904004E2A0400652A04007D2A0400BA
S21401AAB08E2A040098C60300072A04000F2A040001
S21401AAC0182A0400232A04003A2A040010B50B4C65
S21401AAD08EB023785BB9ECF723FE014650B901230B
S21401AAE001A82370ECF7A2FE054B049A1A602078A1
S21401AAF00EB010BD034800F017FDF8E75C630020B8
S21401AB008C4C0020942A040000B58FB0FFF7DEFFBE
S21401AB10002829D001A8ECF789FE059B144819885E
S21401AB2000F002FD059B13485969134B002908BF25
S21401AB30194600F0F9FC059B1048598800F0F4FC12
S21401AB40059B0F48196900F0EFFC059B0D48D96875
S21401AB5000F0EAFC059B0C48197E00F0E5FC0B4B67
S21401AB600B48196800F0E0FC0FB05DF804FB00BF6D
S21401AB70D12A0400E32A0400C7F70300F52A0400DB
S21401AB80092B04001D2B0400312B04008C4C0020E3
S21401AB90452B040070B5064615460C4679B172B1D0
S21401ABA0FFF794FF68B121462A463046ECF748FF86
S21401ABB0014618B1044800F0B7FC012070BD212001
S21401ABC0FCE71120FAE700BF572B040037B505460E
S21401ABD00C46FFF77BFFE0B1114B1B68AB421AD95D
S21401ABE0CCB100212422204601F0F8FE2146284659
S21401ABF016F07BFE88B9284601AA04F10801ECF795
S21401AC00D1FE20B140F20643C01A18BF012003B09E
S21401AC1030BD1120FBE72120F9E70120F7E700BF4F
S21401AC208C4C0020F0B593B00546FFF74FFF002887
S21401AC303AD0254B1A68AA4207D829462348013A32
S21401AC4000F072FC212013B0F0BD05A8ECF7EEFD74
S21401AC50284603A916F049FE40BB049A22F4FF5782
S21401AC60C2F30C0327F01F072BB14FF400532946FC
S21401AC70174800F059FC039E039BF31ABB4206D308
S21401AC802A463946134800F04FFC002418E021F00C
S21401AC9054F94FF400513046ECF75EFF06F50053C9
S21401ACA0044628B91E46E7E71120CCE70120CAE78B
S21401ACB0009033462A464FF40051074800F034FC12
S21401ACC0201E18BF0120BEE78C4C0020852B0400F7
S21401ACD0332C0400F22C0400A12C040010B5044609
S21401ACE038B1FFF7F3FE30B10020044B1B68236038
S21401ACF010BD2120FCE71120FAE700BF8C4C002094
S21401AD0010B50446FFF7E2FEB0B10C4B1A68A2423A
S21401AD1006D821460A48013A00F006FC212010BD5B
S21401AD2021F00BF940F2C12220460649ECF7FAFD64
S21401AD30003818BF0120F2E71120F0E78C4C002004
S21401AD40852B0400C849002010B50446FFF7BEFE57
S21401AD5070B121460848ECF705FE40F203239842FD
S21401AD6008D040F2012398420CBF0520012010BDF7
S21401AD701120FCE70020FAE7C84900202DE9F04140
S21401AD802D4D04462F68FFF7A1FE002851D02968F3
S21401AD90A14207D84A1E2948214600F0C5FB2120BA
S21401ADA0BDE8F0812648ECF79DFDDFF89480024669
S21401ADB0B0B943462E68964222D1BE4214BF3A46E7
S21401ADC006F1FF3212BB31461D48C8F80040ECF7C9
S21401ADD069FD014600B31B4800F0A6FB0120DFE732
S21401ADE02046ECF73FFD044638B10146164800F010
S21401ADF09BFB201E18BF0120D2E7ECF78FFBF8E77C
S21401AE0053F8041BA142DDD00132D4E70C4992006D
S21401AE10081D01F08DFCD6E729680948ECF762FDAC
S21401AE20044610B101460948D6E7ECF777FB204601
S21401AE30B6E71120B4E700BF8C4C0020852B040038
S21401AE40A8490020382D04000E2D04006B2D0400A7
S21401AE5070B50446FFF73AFE002844D0234B1A6823
S21401AE60A24207D821462248013A00F05DFB212480
S21401AE70204670BD1F4800F057FB21F05EF840F2F7
S21401AE80C1221D492046ECF74DFD40F2032605463A
S21401AE9021F053F865B140F203239D421AD02946AA
S21401AEA0164800F041FB0124154800F03DFBDFE7A2
S21401AEB021F043F829461048ECF754FDB04209D07A
S21401AEC040F20123984203D10E4800F02DFBE1E742
S21401AED00546DFE721460C4800F026FB2046FFF733
S21401AEE04DFF0446E0E71124C2E700BF8C4C00206A
S21401AEF0852B0400A22D0400C8490020C22D0400A1
S21401AF0098C60300BA030400DA2D040010B50A46F9
S21401AF10044619B1024B00211B68984710BD00BFBB
S21401AF206878040010B5114C2378580744BF03F025
S21401AF30FB032370990705D500F05AF8237823F010
S21401AF400203237063781BB10023094A63605360D0
S21401AF500023082106486370FFF7D8FF2378DA0735
S21401AF6044BF23F00103237010BD00BF904C0020A6
S21401AF70944C002038B5184C62782378022A01D107
S21401AF80072B19D0DD0707D417F0A8FC2378054650
S21401AF9043F001032370E0B9980707D400F020F8C6
S21401AFA02378054643F00203237090B962780AB904
S21401AFB0D90704D45A0708D50025284638BD0749BD
S21401AFC062604A6002226270F4E743F00403237071
S21401AFD0F2E7FFF7A7FFF0E7904C0020944C002023
S21401AFE00122024B002083F8F02070479C4C002081
S21401AFF02DE9F0410A4C002526464FF001080327AB
S21401B0002046C4F81C80277601351BF036FD062D38
S21401B01004F12804F4D1002386F8F030BDE8F0816D
S21401B0209C4C00202DE9F04F9B4691B00B1E0A93D5
S21401B030B64B904614BF8146994600251A9E9BF84A
S21401B040000070B9454538BF2A4643464FF0000018
S21401B0500A9928BF08F1FF32C847284611B0BDE853
S21401B060F08F25280BF1010B06D02A4643460A9994
S21401B0706C1CC8472546E2E700230CE02D2A1FD0AA
S21401B080302A05D0A2F1300009280ED8002729E081
S21401B09043F001038B46594611F8012B2B2A12D097
S21401B0A0ECD8202A12D0232A13D02A2A33D156F8D4
S21401B0B0047B8B46002FBCBF43F002037F4218E09F
S21401B0C043F00203E6E743F00403E3E743F0080333
S21401B0D0E0E743F01003DDE70A208B4600FB07227A
S21401B0E0A2F13007594611F8012BA2F130000928C8
S21401B0F0F2D99BF800202E2A44D19BF801100BF1BF
S21401B1000102A1F13000092843F4806331D80024FC
S21401B1104FF00A0C06E00027EBE702460CFB041191
S21401B120A1F13004104610F8011BA1F1300EBEF15A
S21401B130090FF2D9114611F8010B6C282CD024D82E
S21401B140682830D06A2837D011468B461BF8010B89
S21401B15067285DD8572832D8452807D085D946288C
S21401B16000F0E680472880D143F4006343F02003D3
S21401B170F2E02A2907D156F8044B0BF1020224EA21
S21401B180E474D7E75A460024D4E7742801D07A2815
S21401B190DAD143F48073D8E750786C28F9D143F4B8
S21401B1A04073911CD1E75078682802D043F08003A1
S21401B1B0CBE743F0C003F4E743F40073C5E7A0F11F
S21401B1C058020F2A3FF651AF01A151F822F000BFF5
S21401B1D067B201006BB001006BB001006BB00100FB
S21401B1E06BB001006BB001006BB001006BB00100E9
S21401B1F06BB001006BB0010067B201007DB30100C6
S21401B20067B2010055B3010035B3010055B3010023
S21401B210A0F16901C9B20F293FF627AF012249F211
S21401B220410C8A4012EA0C0218D10A2900F0E28089
S21401B23007297FF41AAF43F0210305930823CDE9CC
S21401B24003431023CDE9012356F8043B2A46009315
S21401B250484643460A991BF000FD79E06F2840F006
S21401B2602D8108220BE0582810D0622800F0248196
S21401B27023F0100364284FF00A0200F0278123F020
S21401B2800C0323E17828F3D11022F8E743F02003DA
S21401B290FAE7D90506F1040A01D5316802E0580635
S21401B2A00CD53178CDE90224CDE9047300294FEAA3
S21401B2B0D1730193B8BF4942009120E01906ECD53D
S21401B2C0B6F90010EEE779B1CDE907730023CDE9B1
S21401B2D0042306F1070A2AF0070A06940293FAE8FD
S21401B2E00223CDE9002316E1D80506F1040A0FD59D
S21401B2F0CDE90473CDE902240191336800934346F6
S21401B3002A4648460A991BF0A8FC0AE1BD6A0300D2
S21401B310590607D53178CDE904730023CDE9022417
S21401B3200193C9E7316813F0800F18BF89B2F2E7BD
S21401B33043F02003CDE90173073626F00706009493
S21401B340B6EC020B43462A4648460A99E9F728FA1C
S21401B350054674E667280ED0CDE90173073626F058
S21401B36007060094B6EC020B43462A4648460A995D
S21401B370E9F756F8ECE743F40063EDE713F002044F
S21401B38023D04FF0010A6B1C0B932A4643460A99B9
S21401B39016F8040BC8475CB354460B9A1EE04346A6
S21401B3A020200A99C84705EB0A020AF1010A574507
S21401B3B0F5D8002F07F1FF3308BF002307F1010A74
S21401B3C01D4408BF4FF0020ADDE7A246EBE7551C15
S21401B3D0434620200A99C8472A460134A742F6D890
S21401B3E0A7EB0A03574538BF00230B9A1A440B9262
S21401B3F00B9D24E63246002C52F8046B14BF2146FE
S21401B4004FF0FF310B9232463144107808B1914229
S21401B41011D1A2EB060A13F480620D9202D0A24566
S21401B42028BFA24613F002030E931BD1AAEB050315
S21401B4302A460C9308E00132E7E7531C0F932020BD
S21401B44043460A99C8470F9A0C9BD318BB42F4D3BC
S21401B450A7EB0A03574538BF00230AF1010202EBA6
S21401B460030A1D44AB1B0C9304E01C4643462A46C4
S21401B4700A99C8470C9B9D1916F8010B28B10D9B1C
S21401B480002BF3D0631E002CEFD10E9B93B12A46FE
S21401B490AAEB050405E0561C434620200A99C84736
S21401B4A0324613199F42F6D8A7EB0A03574538BF11
S21401B4B000231D440B9EC2E50222E0E63FF6E2AE03
S21401B4C0692823F010037FF4D5AE0A22590548BF38
S21401B4D023F00103692803F4007102D064287FF485
S21401B4E0F2AE00293FF4D5AE073626F00706B2467F
S21401B4F070685AF8081BCDE9077300230593C30F3C
S21401B5000028029306940B46049202DA4B4260EB43
S21401B5104000CDE9003043462A4648460A991BF0CA
S21401B520DEFB054656468AE50FB41FB506AA52F855
S21401B530043B02A90392009204484FF0FF32FFF742
S21401B54071FD05B05DF804EB04B070477F6D030034
S21401B5501FB5034600914FF0FF3203A90248FFF7DB
S21401B56061FD05B05DF804FB7F6D03001FB5CDE9F5
S21401B5700201009302A9134603484FF0FF32FFF77A
S21401B58051FD05B05DF804FB876D03001FB5094B3F
S21401B590094A1868094B01A91860094B1360094A42
S21401B5A00192094A1268CDE9022317F03EFA05B066
S21401B5B05DF804FB88690020943D0020983D00203A
S21401B5C07C690020DD6504004C500020014B1868A2
S21401B5D017F03FBA8869002038B5F1F7F9F8044644
S21401B5E0064D2B68D3F8B002F1F7E6F8286817F095
S21401B5F043FA2046BDE83840F1F7DEB888690020F6
S21401B60010B51F4CEEF7FEFF236F012023F0070352
S21401B61043F002032367EFF703F8D4F82031002044
S21401B62023F0070343F00103C4F82031D4F8403176
S21401B63023F0030343F00103C4F84031D4F860312A
S21401B64023F0030343F00103C4F86031D4F8403219
S21401B65023F0030343F00103C4F84032D4F8003268
S21401B66023F0070343F00103C4F80032D4F808328C
S21401B67023F0070343F00103C4F8083210BD00BFEE
S21401B68000800050064B1B681A7A022A01D81AB9A4
S21401B6907047032A00D070471B68024A1360704740
S21401B6A08C6900204C50002070B51E4DA6B010AC21
S21401B6B00FCD0FC495E807001B4B84E807001B4A13
S21401B6C00221CDE902234FF480330024CDE904138F
S21401B6D04FF4A023CDE907440994069317AD06AEAF
S21401B6E00FCECDE90C440E940FC5114B0BAE2B605B
S21401B6F0104B1CAD0B930FCE0FC520200E4B10AA7E
S21401B7002B600E4B17A921930D4B2494CDE92203F0
S21401B7100C4B0D4825930D4B009302ABF1F7A6FB9E
S21401B72026B070BD249004002201010100C005501E
S21401B73024C00550020005003CC005505D63002092
S21401B74000010100A0690020045100205050002093
S21401B750831E012B10B50C4619D8012917D80121D3
S21401B760174B04221B6C0846C3F34003EFF78CF813
S21401B77024B1144B18680368F3B910BD114B18684F
S21401B7800368002BF9D0BDE81040F1F73DBBA31EBE
S21401B790012B0CD80128F0D8BDE810400121084B38
S21401B7A000221B6C0846C3F34003EFF76DB8002C6C
S21401B7B0E4D0012CDDD0E0E7BDE8104017F0B5BEBF
S21401B7C000C00350B469002008B504490448F2F7E4
S21401B7D03BF8BDE80840FFF767BF00BFB869002027
S21401B7E02C510020014817F020BF00BF0451002053
S21401B7F0014B5A6A186810470451002008B501F039
S21401B8005DFF0022014B1A7008BD00BF7D6300205A
S21401B8100A4601491BF023BB219104000A4601494F
S21401B8201BF01DBB1C9104000A4601491BF017BB07
S21401B830159104000A4601491BF011BB1291040040
S21401B8400A4601491BF00BBB0F9104000A46014949
S21401B8501BF005BB0A9104000A4601491BF0FFBA1A
S21401B860059104000A4601491BF0F9BA009104004B
S21401B8700A4601491BF0F3BAF990040081F0004131
S21401B88002E000BF83F0004330B54FEA41044FEABF
S21401B890430594EA050F08BF90EA020F1FBF54EA5A
S21401B8A0000C55EA020C7FEA645C7FEA655C00F0F6
S21401B8B0E2804FEA5454D4EB5555B8BF6D420CDDC7
S21401B8C02C4480EA020281EA030382EA000083EA4A
S21401B8D0010180EA020281EA0303362D88BF30BDEA
S21401B8E011F0004F4FEA01314FF4801C4CEA113140
S21401B8F002D0404261EB410113F0004F4FEA03339F
S21401B9004CEA133302D0524263EB430394EA050F29
S21401B91000F0A780A4F10104D5F1200E0DDB02FA98
S21401B9200EFC22FA05F2801841F1000103FA0EF22C
S21401B930801843FA05F359410EE0A5F120050EF1F2
S21401B940200E012A03FA0EFC28BF4CF0020C43FA23
S21401B95005F3C01851EBE37101F0004507D54FF030
S21401B960000EDCF1000C7EEB00006EEB0101B1F580
S21401B970801F1BD3B1F5001F0CD349085FEA3000C6
S21401B9804FEA3C0C04F101044FEA445212F5800FD1
S21401B99080F09A80BCF1004F08BF5FEA500C50F16E
S21401B9A0000041EB045141EA050130BD5FEA4C0C51
S21401B9B0404141EB0101013C28BFB1F5801FE9D2AE
S21401B9C091F0000F04BF01460020B1FA81F308BFD1
S21401B9D02033A3F10B03B3F120020CDA0C3208DD9D
S21401B9E002F1140CC2F10C0201FA0CF021FA02F178
S21401B9F00CE002F11402D8BFC2F1200C01FA02F1E8
S21401BA0020FA0CFCDCBF41EA0C019040E41AA2BF0C
S21401BA1001EB0451294330BD6FEA04041F3C1CDAD4
S21401BA200C340EDC04F11404C4F1200220FA04F0F4
S21401BA3001FA02F340EA030021FA04F345EA03019E
S21401BA4030BDC4F10C04C4F1200220FA02F001FA60
S21401BA5004F340EA0300294630BD21FA04F02946E2
S21401BA6030BD94F0000F83F4801306BF81F480117B
S21401BA700134013D4EE77FEA645C18BF7FEA655CEE
S21401BA8029D094EA050F08BF90EA020F05D054EAC0
S21401BA90000C04BF1946104630BD91EA030F1EBFC5
S21401BAA00021002030BD5FEA545C05D140004941C9
S21401BAB028BF41F0004130BD14F580043CBF01F5BC
S21401BAC0801130BD01F0004545F0FE4141F47001A2
S21401BAD04FF0000030BD7FEA645C1ABF194610467D
S21401BAE07FEA655C1CBF0B46024650EA013406BF7E
S21401BAF052EA033591EA030F41F4002130BD00BF3D
S21401BB0090F0000F04BF0021704730B54FF48064F9
S21401BB1004F132044FF000054FF0000150E700BF7A
S21401BB2090F0000F04BF0021704730B54FF48064D9
S21401BB3004F1320410F0004548BF40424FF00001C6
S21401BB403EE700BF42004FEAE2014FEA31014FEA09
S21401BB5002701FBF12F07F4393F07F4F81F0605158
S21401BB60704732F07F4208BF704793F07F4F04BFA3
S21401BB7041F40021704730B54FF4607401F0004580
S21401BB8021F000411CE700BF50EA010208BF7047E0
S21401BB9030B54FF000050AE050EA010208BF7047D1
S21401BBA030B511F0004502D5404261EB41014FF43A
S21401BBB0806404F132045FEA915C3FF4D8AE4FF042
S21401BBC003025FEADC0C18BF03325FEADC0C18BF25
S21401BBD0033202EBDC02C2F1200300FA03FC20FA76
S21401BBE002F001FA03FE40EA0E0021FA02F11444C3
S21401BBF0BDE600BF70B54FF0FF0C4CF4E06C1CEADC
S21401BC0011541DBF1CEA135594EA0C0F95EA0C0F4C
S21401BC1000F0DEF82C4481EA030621EA4C5123EABF
S21401BC204C5350EA013518BF52EA033541F48011EE
S21401BC3043F4801338D0A0FB02CE4FF00005E1FBA1
S21401BC4002E506F00042E0FB03E54FF00006E1FBEB
S21401BC5003569CF0000F18BF4EF0010EA4F1FF042E
S21401BC60B6F5007F64F5407404D25FEA4E0E6D416E
S21401BC7046EB060642EAC62141EA55514FEAC5207F
S21401BC8040EA5E504FEACE2EB4F1FD0C88BFBCF5FB
S21401BC90E06F1ED8BEF1004F08BF5FEA500E50F1AC
S21401BCA0000041EB045170BD06F0004646EA010172
S21401BCB040EA020081EA0301B4EB5C04C2BFD4EBA4
S21401BCC00C0541EA045170BD41F480114FF0000E9D
S21401BCD0013C00F3AB8014F1360FDEBF002001F00B
S21401BCE0004170BDC4F10004203C35DA0C341BDC85
S21401BCF004F11404C4F1200500FA05F320FA04F057
S21401BD0001FA05F240EA020001F0004221F000418A
S21401BD1010EBD37021FA04F642EB06015EEA430EFD
S21401BD2008BF20EAD37070BDC4F10C04C4F120052D
S21401BD3000FA04F320FA05F001FA04F240EA0200E0
S21401BD4001F0004110EBD37041F100015EEA430EB1
S21401BD5008BF20EAD37070BDC4F1200500FA05F2D1
S21401BD604EEA020E20FA04F301FA05F243EA020350
S21401BD7021FA04F001F0004121FA04F220EA02005F
S21401BD8000EBD3705EEA430E08BF20EAD37070BDA5
S21401BD9094F0000F0FD101F00046400041EB010185
S21401BDA011F4801F08BF013CF7D041EA060195F067
S21401BDB0000F18BF704703F00046520043EB030321
S21401BDC013F4801F08BF013DF7D043EA060370470E
S21401BDD094EA0C0F0CEA135518BF95EA0C0F0CD019
S21401BDE050EA410618BF52EA4306D1D181EA03015F
S21401BDF001F000414FF0000070BD50EA410606BF59
S21401BE001046194652EA430619D094EA0C0F02D19D
S21401BE1050EA013613D195EA0C0F05D152EA0336E2
S21401BE201CBF104619460AD181EA030101F0004100
S21401BE3041F0FE4141F470014FF0000070BD41F049
S21401BE40FE4141F4780170BD70B54FF0FF0C4CF423
S21401BE50E06C1CEA11541DBF1CEA135594EA0C0F42
S21401BE6095EA0C0F00F0A7F8A4EB050481EA030E8F
S21401BE7052EA03354FEA013100F088804FEA033376
S21401BE804FF0805545EA131343EA12634FEA022244
S21401BE9045EA111545EA10654FEA00260EF0004105
S21401BEA09D4208BF964244F1FD0404F5407402D257
S21401BEB05B084FEA3202B61A65EB03055B084FEAE8
S21401BEC032024FF480104FF4002CB6EB020E75EBE5
S21401BED0030E22BFB61A754640EA0C005B084FEA0D
S21401BEE03202B6EB020E75EB030E22BFB61A75468A
S21401BEF040EA5C005B084FEA3202B6EB020E75EBD5
S21401BF00030E22BFB61A754640EA9C005B084FEA4C
S21401BF103202B6EB020E75EB030E22BFB61A754659
S21401BF2040EADC0055EA060E18D04FEA051545EA48
S21401BF3016754FEA06164FEAC30343EA52734FEAF1
S21401BF40C2025FEA1C1CC0D111F4801F0BD141EA6A
S21401BF5000014FF000004FF0004CB6E711F4801FCF
S21401BF6004BF01430020B4F1FD0C88BFBCF5E06FAF
S21401BF703FF6AFAEB5EB030C04BFB6EB020C5FEABF
S21401BF80500C50F1000041EB045170BD0EF0004E14
S21401BF904EEA113114EB5C04C2BFD4EB0C0541EA46
S21401BFA0045170BD41F480114FF0000E013C90E643
S21401BFB045EA060E8DE60CEA135594EA0C0F08BF07
S21401BFC095EA0C0F3FF43BAF94EA0C0F0AD150EA06
S21401BFD001347FF434AF95EA0C0F7FF425AF104699
S21401BFE019462CE795EA0C0F06D152EA03353FF4C1
S21401BFF0FDAE1046194622E750EA410618BF52EA3E
S21401C00043067FF4C5AE50EA41047FF40DAF52EA11
S21401C01043057FF4EBAE12E74FF0FF3C06E000BFAE
S21401C0204FF0010C02E000BF4FF0010C4DF804CDBB
S21401C0304FEA410C7FEA6C5C4FEA430C18BF7FEA7B
S21401C0406C5C1BD001B050EA410C0CBF52EA430CA9
S21401C05091EA030F02BF90EA020F0020704710F129
S21401C060000F91EA030F58BF994208BF90422CBFB8
S21401C070D8176FEAE37040F0010070474FEA410CB1
S21401C0807FEA6C5C02D150EA013C07D14FEA430CCF
S21401C0907FEA6C5CD6D152EA033CD3D05DF8040B40
S21401C0A0704700BF8446104662468C461946634672
S21401C0B000E000BF01B5FFF7B7FF002848BF10F149
S21401C0C0000F01BD4DF808EDFFF7F4FF0CBF01208E
S21401C0D000205DF808FB00BF4DF808EDFFF7EAFF0A
S21401C0E034BF012000205DF808FB00BF4DF808EDC5
S21401C0F0FFF7E0FF94BF012000205DF808FB00BFBA
S21401C1004DF808EDFFF7CEFF94BF012000205DF843
S21401C11008FB00BF4DF808EDFFF7C4FF34BF012050
S21401C12000205DF808FB00BF4FEA410212F500123D
S21401C13015D211D56FF47873B3EB625212D94FEA68
S21401C140C12343F0004343EA505311F0004F23FA52
S21401C15002F018BF404270474FF00000704750EAA7
S21401C160013005D111F0004008BF6FF00040704764
S21401C1704FF00000704700BF4A0011D212F50012BE
S21401C18011D20DD56FF47873B3EB62520ED44FEA29
S21401C190C12343F0004343EA505323FA02F07047A9
S21401C1A04FF00000704750EA013002D14FF0FF30E7
S21401C1B070474FF00000704753B94AB9002908BFCD
S21401C1C000281CBF4FF0FF314FF0FF3000F0B2B92E
S21401C1D0ADF1080C6DE904CE00F006F8DDF804E0D8
S21401C1E0DDE9022304B070472DE9F04F8C46099E25
S21401C1F004460F46002B48D18A4215465ED9B2FA4C
S21401C20082F33BB1C3F120029F409D409C4020FA3F
S21401C21002F217434FEA154E1FFA85FC220CB7FBB4
S21401C220FEF10EFB117701FB0CF042EA0742904249
S21401C23007D9AA1801F1FF3702D2904200F25881BD
S21401C2403946121AA4B2B2FBFEF00EFB102200FB16
S21401C2500CFC44EA0244A4450BD92C1900F1FF3228
S21401C2602CBF01270027A44502D9002F00F04381E7
S21401C270104640EA0140A4EB0C0400211EB1DC404C
S21401C2800023C6E90043BDE8F08F8B4206D90EB104
S21401C290C6E9000100210846BDE8F08FB3FA83F134
S21401C2A0002951D16345C0F01681824240F21381C4
S21401C2B00846002EE7D0C6E90047E4E7002A00F06A
S21401C2C0AF80B2FA82F3002B40F0C2808A1A4FEA9E
S21401C2D0154EAFB20121200CB2FBFEFC0EFB1C2258
S21401C2E040EA024207FB0CF090420ED9AA180CF164
S21401C2F0FF382CBF4FF001094FF00009904203D9D7
S21401C300B9F1000F00F0F080C446121AA4B2B2FBD5
S21401C310FEF00EFB102200FB07F744EA0244A74298
S21401C3200ED92C1900F1FF322CBF4FF0010E4FF041
S21401C330000EA74203D9BEF1000F00F0D2801046CE
S21401C340E41B40EA0C4099E7C1F120058B400CFA4A
S21401C35001F400FA01F922FA05F72CFA05FC8A40E5
S21401C3601F4320FA05F3380C23431FFA87FE1C0CE3
S21401C370BCFBF0F800FB18CC44EA0C4408FB0EFCAE
S21401C380A4450ED93C1908F1FF3A2CBF4FF0010B1A
S21401C3904FF0000BA44503D9BBF1000F00F0B880A5
S21401C3A0D046A4EB0C041FFA83FCB4FBF0F300FBAD
S21401C3B0134403FB0EFE4CEA0444A6450ED93C1971
S21401C3C003F1FF302CBF4FF0010C4FF0000CA645D7
S21401C3D003D9BCF1000F00F09F80034643EA0840F2
S21401C3E0A4EB0E04A0FB02EC64457346E04602D3C0
S21401C3F007D1F14505D2BEEB02036CEB070C013801
S21401C400E0465EB1B9EB030264EB080404FA05F5F5
S21401C41022FA01F3CC401D43C6E90054002132E75D
S21401C42042082F464B08AC4642EAC172AE46C407E4
S21401C430110C92B241EA034142EA0142B1FBF5F125
S21401C440B3FBF5F01F23A2EB0C0241EA004142E7E1
S21401C4509D40C3F1200299409C402CFA02FC4FEA11
S21401C460154E20FA02F2AFB2BCFBFEF80A430EFBF1
S21401C47018CC110C41EA0C4108FB07FC8C4550D93D
S21401C480691808F1FF302CBF4FF001094FF0000981
S21401C4908C4502D9B9F1000F30D0A1EB0C01B1FBEC
S21401C4A0FEF808FB07FC0EFB181192B242EA0142A5
S21401C4B0624534D2AA1808F1FF312CBF4FF00109AA
S21401C4C04FF000096245BED2B9F1000FBBD1A8F109
S21401C4D002012A44B7E7841A6CEB030201201746CF
S21401C4E0E7E62C4402382BE7ACF1020C2A440CE7B1
S21401C4F002392A44A5E62C440238BAE6A5EB0C0C10
S21401C500A8F102006144B1FBFEF808FB07FCCAE78C
S21401C510A8F102083C4444E7023B3C445EE741463E
S21401C52091E7A1EB0C014046B1FBFEF808FB07FCC6
S21401C530B9E700BF704700BF2DE9F04F924685B0BE
S21401C54089461E460D46554A0390294615F8014B65
S21401C550135D13F00803F8D12D2C7CD02B2C4ED074
S21401C5604FF0FF3102936FF00043CDE9001336F030
S21401C570100851D037464FEAE6783A464346DDE999
S21401C5800001FFF719FE002383468E46184619461A
S21401C590A44613E0ACF13704A6421FDD002B09DBED
S21401C5A083457EEB010305D38E4508BF83453BD10A
S21401C5B0A24239DA4FF0FF3315F801CBACF1300463
S21401C5C0092CE9D9ACF14104192CE3D9ACF1610489
S21401C5D0192C03D8ACF15704A642DFDC5A1C2FD025
S21401C5E0029A12B1404261EB4101BAF1000F03D049
S21401C5F0002B48D1CAF8009005B0BDE8F08F4FF087
S21401C600FF30029336F010086FF000432C7801F1EA
S21401C6100205CDE90003ADD1302C25D0002E3AD14C
S21401C6200A27B0463E46A8E700FB08F307FB01339E
S21401C630A0FB07010B44201843EBE4710123BBE781
S21401C6402223039A1360BAF1000F17D005F1FF39C0
S21401C650DDE90001CEE74FF00047009301232C7877
S21401C6608D1CCDE9017382E72B7803F0DF03582B8D
S21401C6700CD086B90827B0463E467EE7DDE90001C4
S21401C68005B0BDE8F08FCDE90001DFE710276C7833
S21401C69002353E4671E710273E466EE729910400B3
S21401C6A04AE700BF10B4044C13460A460146206808
S21401C6B05DF8044B40E700BFDC69002010B4044C71
S21401C6C013460A46014620685DF8044B34E700BF6E
S21401C6D0DC69002020F0030110F00300C0F1000027
S21401C6E051F8043B00F1040C4FEACC0C6FF0000249
S21401C6F01CBF22FA0CF213434FF0010C4CEA0C2C2F
S21401C7004CEA0C4CA3EB0C0222EA030212EACC120E
S21401C71004BF51F8043B0430F4D0C2F1000102EA30
S21401C7200102B2FA82F2C2F11F0200EBD200704798
S21401C73088420ED98B1883420BD900EB020C002AD3
S21401C7406ED0624613F801CD994202F801CDF9D1B7
S21401C75070470F2A0FD8034602F1FF3C002A5FD02C
S21401C7600CF1010C013B8C4411F8012B614503F8D7
S21401C770012FF9D1704740EA01039B0751D1A2F17D
S21401C780100301F1200C70B523F00F0501F1100E16
S21401C79000F110041B09AC445EF8105C0EF1100E9B
S21401C7A0103444F8205C5EF81C5C44F81C5C5EF8AF
S21401C7B0185C44F8185C5EF8145CE64544F8145CB2
S21401C7C0EAD1013312F00C0F02F00F0C01EB03114A
S21401C7D000EB031329D0ACF1040C1C1F8E462CF081
S21401C7E003064FEA9C0C1E445EF8045B44F8045FA3
S21401C7F0B442F9D10CF1010402F0030203EB840305
S21401C80001EB840102F1FF3C4AB10CF1010C013B42
S21401C8108C4411F8012B614503F8012FF9D170BD45
S21401C820704702F1FF3C03469AE76246EAE700BF1B
S21401C8302DE9F04780460C464548264614F801EB9C
S21401C84010F80EC01CF0080CF7D1BEF12D0F5BD00E
S21401C850BEF12B0F3AD0654633F010003ED04FF0B4
S21401C860FF379A46B7FBF3F703FB07F96FEA0909A7
S21401C870002630460EE0AEF1370C63451DDD002E76
S21401C88004DBB84202D833D1CC4531DD4FF0FF3658
S21401C89014F801EBAEF1300CBCF1090FEDD9AEF195
S21401C8A0410CBCF1190FE6D9AEF1610CBCF1190FC0
S21401C8B003D8AEF1570C6345E1DC731C1CD005B1FF
S21401C8C040420AB1F6B91160BDE8F08733F01000B6
S21401C8D094F800E0654606F10204C0D1BEF1300FBF
S21401C8E017D06BBB0A234FF005091A4F9A46BFE7CC
S21401C8F000FB0AC00126CBE722233046C8F80030E9
S21401C900002AE1D0611EDEE794F800E00125B41CA0
S21401C910A2E7207800F0DF00582807D083B9082363
S21401C9204FF007096FF060479A46A1E7102394F885
S21401C93001E04FF00F0902346FF070479A4697E70F
S21401C94010234FF00F096FF070479A4690E700BF2B
S21401C95029910400999999196AE700BF10B4044C0B
S21401C96013460A46014620685DF8044B60E700BF9F
S21401C970DC69002010B4044C13460A4601462068C0
S21401C9805DF8044B54E700BFDC6900200F4B70B51F
S21401C9900F4DAB42A3EB050607D0B61000240134B9
S21401C9A055F8043B9847A642F9D80A4D1FF0C8FC33
S21401C9B0094B5E1BAB424FEAA60606D000240134A3
S21401C9C055F8043B9847A642F9D870BD706D002013
S21401C9D0706D0020706D0020746D002070B58607A4
S21401C9E047D0541E002A3ED0CAB2034601E0013C9D
S21401C9F039D303F8012B9D07F9D1032C2CD9CDB2DD
S21401CA000F2C05EB052505EB054535D9A4F1100CD2
S21401CA1003F1100E1A462CF00F064FEA1C1CB64402
S21401CA20C2E90055C2E9025510327245F8D10CF13F
S21401CA30010214F00C0F04F00F0C03EB021213D0DA
S21401CA40ACF1040323F003030433134442F8045BFC
S21401CA509342FBD10CF003042CB1C9B21C4403F879
S21401CA60011BA342FBD170BD64461346002CF4D1D2
S21401CA70F9E703461446C0E71A46A446E0E700BFB6
S21401CA80032A30B415D941EA000484460B46A407AC
S21401CA9004D0541E0FE0043A032A08D9194660460A
S21401CAA053F8044B5CF8045BA542F4D0F1E760460A
S21401CAB01946541E7AB1431E0139021901E09A4201
S21401CAC009D013F8010F11F801CF6045F7D0A0EB9C
S21401CAD00C0030BC7047002030BC704780EA010C67
S21401CAE01CF0030F37D110F0030C20F0030021F0E7
S21401CAF0030150F8042B08BF51F8043B0ED08CF00C
S21401CB00030C6FF07F434FEACC0C23FA0CFC51F870
S21401CB10043B42EA0C0243EA0C0300BFA2F1013CCB
S21401CB209A4201BF2CEA020C1CF0803F50F8042BFD
S21401CB3051F8043BF2D04FEA02604FEA1222012874
S21401CB4028BFB0EB036F08BF1B0AF4D003F0FF0346
S21401CB50000EC01A704710F0030F0AD010F8012B10
S21401CB6011F8013B012A28BF9A42F4D0A2EB030038
S21401CB7070474DF8045D50F8042B01F0030521F0D1
S21401CB80030151F8043B022D26D04DD822F07F45F3
S21401CB90B5EB132FA2F1013C2CEA020C0DD11CF0CF
S21401CBA0803C08BF51F8043B0AD185EA0205B5EB83
S21401CBB0036F0CD150F8042BE8E74FEA13235BE030
S21401CBC03CF07F4C54D10B784FEA126554E04FEAA3
S21401CBD0126503F0FF034FE04FEA0245A2F1013C64
S21401CBE04FEA15452CEA020CB5EB134F18D11CF091
S21401CBF0803C08BF51F8043B07D185EA0205B5EB36
S21401CC00034F09D150F8042BE6E75FEA0C4C2FD10D
S21401CC100B884FEA12452FE04FEA03434FEA1245CD
S21401CC204FEA134328E000BF02F0FF05B5EB136F90
S21401CC30A2F1013C2CEA020C0DD11CF0803C08BF8D
S21401CC4051F8043B0AD185EA0205B5EB032F0AD158
S21401CC5050F8042BE8E74FEA13630DE012F0FF0FDC
S21401CC6006D051F8043B4FEA122523F07F4303E038
S21401CC704FF0000020BC704705F0FF0203F0FF00F4
S21401CC80012828BF904204BF2D0A1B0AF4D0A2EB4C
S21401CC90000020BC704700BFCAB384460B4630B5BF
S21401CCA004460843800719D09CF800000C78A0427F
S21401CCB012D150B3012A28D0E64603E01CEB030F3D
S21401CCC023D010B31EF8010F11F8014FA2EB0E038B
S21401CCD0A04203F1FF33F1D0001B30BD032A07D871
S21401CCE0E2E7043A11D01EF0803F0ED1032A10D994
S21401CCF02068194653F8045BA446A0F1013E0434AB
S21401CD00A8422EEA000EECD0CEE7002030BD104639
S21401CD107047A4461946C7E7844641EA000313F064
S21401CD20030349D1403A23D30B6803604B68436041
S21401CD308B688360CB68C3600B6903614B69436191
S21401CD408B698361CB69C3610B6A03624B6A436279
S21401CD508B6A8362CB6AC3620B6B03634B6B436361
S21401CD608B6B8363CB6BC36340304031403ADBD27D
S21401CD7030320BD30B6803604B6843608B6883606B
S21401CD80CB68C36010301031103AF3D20C3205D3A1
S21401CD9051F8043B40F8043B043AF9D2043208D077
S21401CDA0D2071CBF11F8013B00F8013B01D30B88E9
S21401CDB003806046704700BF082A13D38B07B1D0A3
S21401CDC010F00303AED0C3F10403D21ADB071CBF75
S21401CDD011F8013B00F8013BA4D331F8023B20F8DF
S21401CDE0023B9FE7043AD9D3013A11F8013B00F818
S21401CDF0013BF9D20B7803704B7843708B788370C4
S21401CE00604670472DE9F04F82468E463F4875468C
S21401CE101EF801BB10F80B4014F00804F7D1BBF163
S21401CE202D0F5BD0BBF12B0F6FF0004904BF9EF8AE
S21401CE3000B005F1020E33F0100010D1BBF1300F37
S21401CE4004D0002B5ED10A231F4609E09EF800009D
S21401CE5000F0DF0058284ED0002B53D108231F4680
S21401CE600025B9FBF7F6284607FB16980EE0ABF14E
S21401CE70370C63451DDD002D04DB864202D321D12C
S21401CE80E0451FDA4FF0FF351EF801BBABF1300C61
S21401CE90BCF1090FEDD9ABF1410CBCF1190FE6D984
S21401CEA0ABF1610CBCF1190F03D8ABF1570C63451C
S21401CEB0E1DC6B1C0AD004B140420AB1CDB9116065
S21401CEC0BDE8F08F07FB00C00125DDE72223CAF885
S21401CED000305AB10EF1FF314846F0E79EF800B037
S21401CEE04FF0004905F1020E0124A4E74846BDE8CB
S21401CEF0F08F8146EEE710239EF801B00EF1020E88
S21401CF001F46ADE710231F46AAE700BF299104007C
S21401CF10242B02D8012B00D074E710B500F06CF872
S21401CF2016230360002010BD10B5242A084C1346B2
S21401CF30246807D8012A05D00A4601462046BDE8DE
S21401CF4010405FE700F058F816230360002010BD7C
S21401CF50DC69002010B5242A084C1346246807D83B
S21401CF60012A05D00A4601462046BDE8104049E799
S21401CF7000F042F816230360002010BDDC69002093
S21401CF80024B0146186816F07ABD00BFDC69002026
S21401CF90024B0146186816F075BD00BFDC6900201B
S21401CFA008B5064B044613B1002100F081F8044B86
S21401CFB01B6803B19847204614F02EFDB1D001003E
S21401CFC06C520020002301461A46184600F01AB893
S21401CFD038B5074D074C2C1BA41005D0013C55F85D
S21401CFE0043D9847002CF9D1BDE838401FF0AEB992
S21401CFF0786D0020746D0020014B1868704700BFE3
S21401D000DC690020F0B5264C83B006460F4625683D
S21401D01005B36C681F2C3FDCA6B1D5F8880048B371
S21401D020D0F800114FF0010C40F82420022E00EB3E
S21401D03084020CFA04FC4CEA0101C0F80011C2F8A3
S21401D040803010D0631C002002346B6045F82470D9
S21401D05003B0F0BD13491448216010B10068C1F84F
S21401D0608800104DD5E7D0F8043143EA0C03C0F828
S21401D0700431E7E70D49CDE9002369B14FF4847027
S21401D080FFF77EFF40B100216C68C0E94011DDE981
S21401D0900023C5F88800C5E74FF0FF30D8E700BF8A
S21401D0A0FC520020705200200000000081CF0100D9
S21401D0B02DE9F04FDFF8B49083B0D9F8006096B34D
S21401D0C0884601907568D6F888706C1E2BD4013599
S21401D0D007F1800B06EB8505B8F1000F26D17368C2
S21401D0E02A68013BA3423BD000232B60BAB1D6F895
S21401D0F004A05FB30123D7F80011A3400B4225D04B
S21401D100D7F8040157F8241003422BD10198904711
S21401D1107368D9F8002053451ED1B2421CD1013C98
S21401D120043D631CD8D103B0BDE8F08F4FB15BF866
S21401D13024304345D3D0013C043D621CF3D0002F7C
S21401D140F5D1013CEFD3013CFBD2ECE79047736885
S21401D150D9F800205345E0D0002AE4D01646B1E7BE
S21401D1607460C3E708469047D2E700BFFC52002030
S21401D170431E033306D8044B984228BF184664283A
S21401D18038BF6420704700BF40420F0038B5194BC6
S21401D19005461B680C4603B1984744B1236833B172
S21401D1A01B68013303D0E3680BB1A3684BB91AF0CF
S21401D1B01CFB00204FF4C172412100F0FFF9212031
S21401D1C038BD204602F04AFC00230B4A85F83C3164
S21401D1D0C5E93743C2E9003363694BB1074A4221C7
S21401D1E010684FF4D272C31A5842584100F0E6F95B
S21401D1F00020E5E76C55002030660020D055002061
S21401D200F8B504461EF097FD002607460E4B1B6830
S21401D21093B19E68AEB196F82420D20711D4354654
S21401D2200FCC0FC50FCC0FC523682B6096F82430A2
S21401D23043F0010386F8243038461EF077FD304669
S21401D240F8BD1B68E4E700BF306A002010B504464D
S21401D25018B9054B054A136010BD00F0D9FCD4F887
S21401D260E830002BF6D1F4E7956F03002C6A002016
S21401D270014B1868704700BF3066002008B50246AB
S21401D2800868FFF775FF08604868FFF771FF486098
S21401D2908868FFF76DFF8860C868FFF769FF0B694C
S21401D2A0C860581C03D00B48834228BF03460B6155
S21401D2B04B69581C03D00748834228BF0346886938
S21401D2C04B61FFF755FFBDE808408861104601F045
S21401D2D07BBC00BF40420F00D0F8E0302DE9F041A2
S21401D2E005460C4613B1C38D8B424CD0D5F8DC30C5
S21401D2F0002B4BD09E68002E48D0D868002845D019
S21401D300013800B200281ADB002106E0128A591CF7
S21401D310A24217D209B2884211DB0B1803EBD37372
S21401D3205B1003EBC30206EB8202B2F80EC003F1F8
S21401D330FF3EA445EAD90FFA8EF08842EDDA2120A5
S21401D340BDE8F0814FF6FF7299B29142F7D09BB2D9
S21401D35003EBC30306EB83062846B6F9122095F8BD
S21401D3603011D5F8F080EEF72DF80746B8F1000F2A
S21401D37004D00023324628461946C047EC85C5F836
S21401D380E06085F839710020BDE8F0810E20BDE827
S21401D390F08100BF2DE9F04782B004460F461646DD
S21401D3A001F086FE002863D14F4D2B68D4F8DCA02F
S21401D3B0D4F8E0800BB1534576D04FF00009AF604A
S21401D3C001F09EFE0128074665D120461AF04CF969
S21401D3D0002851D12B68DAF80010D8F8002013B1D4
S21401D3E0186888426BD020461AF0F0F8C5E900A804
S21401D3F0D4F8F0508DF80760002D67D00022204643
S21401D40011460DF10703A847204600F0EDFF05463B
S21401D410B9F1000F0FD076B9D4F88C300BBB012FC1
S21401D42005D025B1314B002103205B68984728467B
S21401D43002B0BDE8F087B5FA85F040F20752332115
S21401D440400900F0BBF83146204601F00BFA284BA4
S21401D45005461B68414620469847D4F88C30002B79
S21401D460DDD000224FF40073204600F0E1FBD6E742
S21401D47000231D4D6B6098E794F82530DA07A9D58F
S21401D480D4F894305B05A5D51A4B0122002120461D
S21401D4901B6898479EE70021012000F001FC01F07F
S21401D4A02FFE0128FBD190E76B68002B85D0434502
S21401D4B083D1AB689F4215D04FF001097FE76968B9
S21401D4C011B10968914291D059688CE794F82A10F5
S21401D4D094F839313246994228BF1946204600F061
S21401D4E0D1FE91E70025A2E730660020386A0020C9
S21401D4F02C6A002070550020F8B50F4605461EF030
S21401D5001AFC394606462846FFF7E6FE044620B1D1
S21401D51030461EF00BFC2046F8BD01F0A7FD224662
S21401D52039462846FFF736FF04460028F0D128463C
S21401D5301AF09AF80028EBD095F8253013F001037D
S21401D5400DD0D5F8942052050DD5B5F82A21BA424A
S21401D55005D0B5F82C31DB1BB3FA83F35B09034A1C
S21401D56082F8C430D4E72346F9E700BF001E00B0B6
S21401D57013B50446694619F03BFE204619F07FFFB5
S21401D580FF28024606D020469DF80010EDF798FFCA
S21401D59002B010BD0048FBE70080FFFF38B5044D20
S21401D5A0044C054B286021601A601EF0BFF838BD98
S21401D5B000550020346A00200455002010B550B9EB
S21401D5C00548064B0160064802601868054B18605E
S21401D5D01868FFF7E3FF10BD346A00205C56002090
S21401D5E004550020005500202DE9F0418AB001AC19
S21401D5F005460B462746194A02F1200C26461068B6
S21401D6005168083203C662453446F7D1002B08BF7D
S21401D6103B46002710681C463060384603F10C066E
S21401D62090B95FFA87F84246284621881AF01FF813
S21401D63050B942462846E1881AF02AF820B94246EF
S21401D640314628461AF036F80137032F06F1080648
S21401D65004F10204E4D10AB0BDE8F0814C92040062
S21401D660F0B589B005460E461AF033F8044600BBFD
S21401D67001AC06F10C070FCF0FC497E8070084E84A
S21401D680070001A92846FFF7F9FD2846311D1AF0C3
S21401D690FAF9044648B92846074901F057FA0446FC
S21401D6A018B9284601F0C6FD044628463168FFF73A
S21401D6B09BFF204609B0F0BD44920400014919F0D1
S21401D6C0EABD00BF05F2010070B5164E03280446F8
S21401D6D00D4633781ED023FA04F202F00102AA4264
S21401D6E01DD053B10122A240A54023EA02032B43D9
S21401D6F0DBB233704BB1012070BD2DB10A4B012056
S21401D7001B6898473378EDE73570074B00201B6898
S21401D7109847F0E79A07DED003F0FC03E9E700201C
S21401D72070BD00BF7E6300204455002038B5044616
S21401D7300D4605F077FD60B101F0C6FC48B9012D34
S21401D74007D8012019F070FF0D4B1B6823B15B68E9
S21401D75098470C4B1C7038BD1EF03DFC0A4B1A68EE
S21401D760801A18601DF05EF94FF47A72074B1B6839
S21401D77002FB003019F08DFD012001F0ADFCE8E759
S21401D78068550020416D00203C5500204055002082
S21401D790F8B505460C461EF0CEFA104F06463B7805
S21401D7A033B1012D04D01CB90D481DF08FF83C7023
S21401D7B021462846FFF788FF0A4B04461B783BB9EB
S21401D7C03B782BB919F024FF10B1074B1B6898471B
S21401D7D030461EF0ABFA2046F8BD00BF7F6300203E
S21401D7E0185500207E630020386A0020054A0B4643
S21401D7F0117831B100211170034A0121526818785D
S21401D800104770477F630020386A0020124B0239A8
S21401D810012910B518701ED805F004FDD8B101F025
S21401D82053FCC0B101F034FAA8B90C4B1C6834B1F2
S21401D83023689847BDE81040002019F0F5BE19F09E
S21401D84026FD074B18601EF0C6FB064B18602046E7
S21401D85001F042FCEEE710BD416D00206855002046
S21401D860405500203C55002038B5044680B11EF0D6
S21401D87062FA0121044608461CF0CAFC01210B4A43
S21401D880084616F0CFF92046BDE838401EF04EBADD
S21401D8901EF051FA0546214601201CF0B9FC012074
S21401D8A02146024A16F0BEF92846EDE7BB6604009B
S21401D8B0F0B585B01EF03FFA344D04462B7823B1FF
S21401D8C033481DF003F8002852D11DF089F802AA4A
S21401D8D003A919F087FE0346002838D019F096FEF2
S21401D8E0029B98421CD100202A4B03991B682A4EA2
S21401D8F09942307020D90027C91A012324482B7079
S21401D900264A3346CDE900771EF03DFB002837D185
S21401D910234A1378D90701D53178F9B1204611E0A9
S21401D92019F072FE029B984228D000231846194926
S21401D930194A0968137003910121FFF7C5FE0023F8
S21401D94020462B701EF0F2F9002005B0F0BD2046EF
S21401D9502B701EF0EBF9212005B0F0BD03F0FE039D
S21401D9601370002BDAD10F4B1B6898472046E9E766
S21401D97020461EF0DBF90E2005B0F0BD0220B3E70D
S21401D980032320462F703370F3E700BF7F63002028
S21401D9901855002038550020406D0020EDD70100B5
S21401D9A07E6300204455002038B51EF0C4F90F4DA3
S21401D9B004462B789BB90E4A0E4913700E4B0F4A3C
S21401D9C00F481A600F4A5A60EFF73EFF0E490F489C
S21401D9D0EFF73AFF0E4B0F4A1A6001232B70F0F750
S21401D9E03DF820461EF0A2F9002038BD80630020D5
S21401D9F07F63002070920400386A0020B1D80100CD
S21401DA000855002091D70100789204001055002097
S21401DA104455002069D801002DE9F0438F788046EF
S21401DA200F2F0C4685B003D9212005B0BDE8F08341
S21401DA3027B90123374A00201370F6E70D784E7890
S21401DA40EDB9002EF0D194F90310E08803F00AF83E
S21401DA502128E9D055EA0603A088DFF8C89013D03C
S21401DA6003F064F84FF60403B9F8002001469A4221
S21401DA704BD1AE42334638BF2B4600262DE0082D4B
S21401DA80D2D8082ED0D8DEE703F050F84FF60405BA
S21401DA9001464FF60500204A136E9BB2AB4208BF03
S21401DAA00346B1F5803FA9F800300FD902230825B7
S21401DAB0136680230126C2F880302B4649084FF6AC
S21401DAC0FF720139914228BF114608E080230126E2
S21401DAD008251666C2F880302B460029EFD10022B1
S21401DAE002920122013FFFB2009201972A4608F1F5
S21401DAF0F80002F0B7FE1EB14FF48012074B5A65CC
S21401DB00074BA2681A60022394E703480266A9F845
S21401DB100030AEE78163002000C001B800D001B834
S21401DB2050550020C86C002010B50446D0F81821C6
S21401DB300B4B4FF40061C3F8A82090F82420D201C3
S21401DB4002F4006205F0D2FA94F8243013F0100FB4
S21401DB504FF4007314BF034A034A136710BD00BF96
S21401DB60001E00B0001002B8002002B8431C07D007
S21401DB706FF0FF02034B10401A62A3F58053186240
S21401DB80704700BF00E000B8F8B504460F461646D9
S21401DB901EF0D1F80546A047044620B128461EF0DF
S21401DBA0C5F82046F8BD04F07FFC04220549D1F8EB
S21401DBB0D83E23EA07033343C1F8D83E024B1A671F
S21401DBC0ECE700BF001000B0002002B800F0180318
S21401DBD0182B0AD003070AD440F2011310F01000E4
S21401DBE018BF1846034B186570470020FAE7012056
S21401DBF0F8E700BF001F00B0044B1868830654BF47
S21401DC00C0F30F204FF6FF70704700BF3856002054
S21401DC1038B10368044A002B08BF1346034A136051
S21401DC207047014BFAE700BFDD720300446A00202B
S21401DC3010B4D0E9544122400B4052EA030104D00B
S21401DC4003495DF8044B096808475DF8044B7047C3
S21401DC50446A00200F2938B505460C460ED801F057
S21401DC604FFA01280CD1074A2846D36B23F00F033D
S21401DC702343D36319F03CFD002038BD2120FCE787
S21401DC800220FAE7001F00B0014B186C704700BF76
S21401DC90001F00B0014B002019647047001F00B040
S21401DCA003282DE9F347884655D82C4B13F80090E6
S21401DCB02B4B1E5C2B4B13F800A01EF03CF80746BE
S21401DCC004F03EFB054640B100230022CDE90033B7
S21401DCD001200023002104F079F904F039FB48B152
S21401DCE000230022CDE90033002000234FF4004139
S21401DCF004F06CF96EB31C4BDC6C04F008041B4B8F
S21401DD003146DC64484604F02DFC5246314648460E
S21401DD1004F092FC164BDC646DB1164B1868D0F813
S21401DD209410F83003F06EFA13490868FFF71EFFE7
S21401DD304FF0FF330B60B8F1000F04D00F4B0021FA
S21401DD4003205B689847384602B0BDE8F0471DF0EF
S21401DD50EDBF3446D3E702B0BDE8F08788920400F1
S21401DD608492040080920400004000B8006000B86D
S21401DD70005000B85C560020406A0020386A002037
S21401DD800F4A136F13F0A00F15D1506F10F0040057
S21401DD9013D10C4BD3F8D83E23F07F4323F0FF0377
S21401DDA05BB1D368C3F30362092A07D0B2F10C0052
S21401DDB018BF01207047002070470120704700BF40
S21401DDC0000002B8001000B070B50D46064620B936
S21401DDD01A4B1B68A3B10E2011E001F091F901283E
S21401DDE029D1174B93F90040C4F11C04641BC4F1FC
S21401DDF01C03002BB8BF5B42232B0CDD212070BD1A
S21401DE0081EAE173A3EBE173DBB2232BF6D80C4B6B
S21401DE1019700020F3E786F828501DF08CFF094A98
S21401DE20E402D36904F4FF2423F4FF231C43D461E2
S21401DE301DF07CFFEDE70220E1E700BF5C56002005
S21401DE408263002000C000B818B9034B93F90000A4
S21401DE50704790F9280070478263002010B5044689
S21401DE6019F002FC10B1012001F0D4F92046FFF7A9
S21401DE705BFE1DF060FF0A4A0121D2F8A03004467D
S21401DE8023F02003C2F8A0300222064B08469A600F
S21401DE90054B5B68984720461DF048FF002010BDE3
S21401DEA0001E00B0001002B8386A0020064B5A6AFD
S21401DEB0920207D4D3F8803013F4706F14BF012098
S21401DEC00020704701207047004001B8F8B50E46A3
S21401DED0D0F8943002EA010423EA01032343C0F890
S21401DEE09430464A01F00B0323EA0401D16423402F
S21401DEF0A2F58052D3647207054610D50121FFF7BB
S21401DF00D5FF60B104F0D0FA4FF4007314F0040F9B
S21401DF1014BF3B4A3B4A536204223B4B1A67F30643
S21401DF2006D514F0100F14BF00221B22374B5A657A
S21401DF3037061DD5200616D54FF40012304B1A624F
S21401DF40012203F58053C3F800211DF0F4FE0E21D3
S21401DF500746032003F09EF840F201222B4B384679
S21401DF60DA621DF0E3FE214605F1F80003F04AF9F6
S21401DF70F10503D5E2052AD503F05CF8B30503D510
S21401DF80A70527D503F062F816F48C6F1DD014F49C
S21401DF90806224D095F82530DC070CD5EA8DB5F8DB
S21401DFA02A31934219D0B5F82C31981A434243418D
S21401DFB0174A82F8C430D5F8E410284619F08FF9CC
S21401DFC08022144BD864144B1A610020F8BD03F06C
S21401DFD02BF8D3E703F034F8D6E70123E8E7710519
S21401DFE0E9D595F82530DB07E5D5094B114683F8C9
S21401DFF0C4200A4B28461B689847DCE7006000B837
S21401E000005001B8006001B8002002B8004000B816
S21401E010001E00B0001F00B0000002B870550020BE
S21401E020014B1868704700BF5C55002037B51DF0DE
S21401E03082FE002401230022CDE900340023054698
S21401E0401946104603F0C2FF022002F0E7FA064B1B
S21401E05021461C60054B02205B68984728461DF048
S21401E06065FE204603B030BD64550020386A0020A6
S21401E0702DE9FF4102290D4616469846039004D124
S21401E080FFF7D4FF04B0BDE8F0811DF054FE1E4F2B
S21401E09004463B683BB1B34205D01DF047FE002362
S21401E0A021203B60EEE7194B0022C3F800803E605A
S21401E0B0002301264FF0000810461946CDE90066F8
S21401E0C003F084FF124B022083F8008002F0A6FAC8
S21401E0D043462A46022003A902F0BEFA0D4B039AD4
S21401E0E01A6008B92046D8E70B4D2B6898472128B7
S21401E0F004D020461DF01AFE0020C3E731466B68A7
S21401E10002209847F5E700BF6455002060550020BF
S21401E110846300205C550020386A0020044B5B6E47
S21401E1205B054EBF0120034B187800F001007047D5
S21401E13000C001B8846300200A78022A11D0101F9B
S21401E1404242424152004B781201022B0BD0191F5A
S21401E1504B424B415B000549054842EA8312FFF7F3
S21401E16013BD0122EFE70123F5E700BFF0FFFF0033
S21401E17049F101000B78022B10D0181F434243418E
S21401E1805B004A78022A0BD0111F4A424A415200CC
S21401E1900F21044843EA8202FFF7F6BC0123F0E7A9
S21401E1A00122F5E775F101002DE9F8430E780446E2
S21401E1B0042E0D4690F830810BD100275FFA87F9BF
S21401E1C0484601F07DFD08B14E4602E00137042FB6
S21401E1D0F4D1304601F074FD002849D094F830316E
S21401E1E0B34209D1AA88D4F8A8309A4204D16A88E1
S21401E1F0B4F832319A4238D084F83061AB88304670
S21401E200A4F834316B88A4F83231AB8804F59875DC
S21401E210C4F8A830FF2384F82B3019F01AFB84F8D1
S21401E2202A00284601F078FC18BB284601F03EFD7E
S21401E230F8B9D4F8E03053B194F83011414506D01E
S21401E2402046B3F91220EDF7BDF884F839012046CF
S21401E25001F09AFE0949A4F834010123084AD1F8CD
S21401E260FC1004F1F80003F0AFFC0020BDE8F883D1
S21401E27021200C2384F83031F8E700BF001F00B0DE
S21401E280581F00B0F8B5054690F830010C460C282A
S21401E290164623D0FF2923D01AB14FF0FF32114B77
S21401E2A01A6019F0D6FA074695F8300101F068FDB4
S21401E2B0844228BF0446E4B2BC4238BF3C46E0B2C2
S21401E2C085F82B0001F002FEFF280CBF2124002454
S21401E2D016B9284601F068FD2046F8BD0224FBE782
S21401E2E02124F9E7486A002010B590F83031044639
S21401E2F00C2B43D0D0F8E03080F82A10D3B3D0F8F6
S21401E300F020CAB990F839318B421BD3002220463F
S21401E310FFF7B8FF40BB1A4B1B78022B23D82046C9
S21401E32001F032FE17490123174AD1F8FC1004F117
S21401E330F80003F049FC16E0B0F94220B3F91230B8
S21401E3409A42E3DD0022204694F83911FFF79AFF3E
S21401E35050B9C4F8E000204618F0C4FE4FF6FF732B
S21401E3609842014601D1002010BD2046BDE810406C
S21401E370FFF7C2B8FF2380F82B30F4E70220F3E75B
S21401E380CC6C0020001F00B0581F00B0F0B51D4631
S21401E390144B04461B780F46164685B05BB1D0F881
S21401E3A0E030E3B102AAB3F912300092002214F071
S21401E3B056F905B0F0BD02A918F01AFF9DF808102D
S21401E3C03A462046ECF7FEFF014626B92A46204685
S21401E3D0FFF758FFEDE72046FFF786FFE9E7184607
S21401E3E0E7E700BF82680400D0F89C30012B01D11A
S21401E3F00020704770B5044665498CB019F05EFA86
S21401E400D4F8E0600146E58DC4F8E40026B133682F
S21401E41013B15B68002B71D11DF08DFC1DF086FCDD
S21401E4200123D4F8E4108DF80630B389D6E901202B
S21401E430EB1A9BB200FB03225648ADF80430036882
S21401E44000928B4207D0204618F049FF802252499D
S21401E450524BC8641A61514D00F052FE0128FBD19F
S21401E460AB689E06F8D420469DF80620009906ABB8
S21401E47003F0E6F800283ED100F042FE0128FBD169
S21401E480464A136FD801FCD493689906F9D46846B6
S21401E49006A903F08DFA054668BBE28D404B5A6427
S21401E4A094F8243060F3410384F8243000F0EEFF42
S21401E4B0D4F8E0305969431E0E68DBB2FD2B029694
S21401E4C022D9F31C34D84B68FF2803935ED101266A
S21401E4D0DA1C25D8024602A9204619F018F9E6B931
S21401E4E0D4F8543199053FD494F8243043F002030C
S21401E4F084F8243011E002200CB070BD1A68032A9B
S21401E5008AD99B6A5B0E8EE74B6801280393DED09F
S21401E5100246204602A919F0FAF800200CB070BD98
S21401E5200133204B5B6816D0DA1C23D80393D1E75E
S21401E5301C4B01361B6818BF0126DD1C06D802934A
S21401E5404B68FF280393C3D00020C3E7FF284B681E
S21401E55019D00393C3E7DD1C0FD80246204602A953
S21401E560039319F0D4F8BBE720464FF4803119F035
S21401E57056FAD2E7FF28B2D1E6E7FF28B0D100224B
S21401E580204602A9EDE701200393A1E72A46C0E74A
S21401E590FC1F00B04C550020001F00B0000002B860
S21401E5A0008001B8506A002010B50C4619B119F068
S21401E5B05BF800B10434204602F0B8FA024B404240
S21401E5C0C3F8C80E002010BD001000B0838E70B5D1
S21401E5D093420C4615461CD3836C8B4208BF00241D
S21401E5E01DF0A9FB4FF49C530B490646CA68C2F3BB
S21401E5F00362D340DA0702D50B6F9B0304D40122D2
S21401E6002946204601F016F830461DF08FFB002003
S21401E61070BD2120FCE700BF000002B82DE9F84FCD
S21401E620064615460B4611B92120BDE8F88F002A8B
S21401E630FAD0032905D8002201F05EF90346002826
S21401E640F2D01C889978B4F5804F01F0070080F06D
S21401E650C580A0F1070C1A7993F805A0DF88DCF1D4
S21401E660000343EB0C0305282B7394BF0023C1F36F
S21401E6700013C1F3801C6B738B0985F810C003F07F
S21401E6800203C1F3C00C43EA0C03C1F340116B74DF
S21401E690A974AF82002A40F0828096F81E31013BB1
S21401E6A0DBB2EB74D6F89430DF0600F183800638CF
S21401E6B001287FD8B6F81280F76908F1FF38484B71
S21401E6C0083C04EA08045B6D3B5D0134802B0EBFF9
S21401E6D06FF07F03323B5BB2AB730023AB6096F8FF
S21401E6E0279004EA0804B9F1000F61D1631D03EA1B
S21401E6F008035A1C02EA0802BA5CFB5C43EA0223DE
S21401E700D9040FFA83FB4CD5D6F8E43013B11B6855
S21401E710022B05D841F24D724C210020FEF74EFF28
S21401E720D6F8E420CBF30B0392F82420DB000AB1E1
S21401E730B3FBF2F39A4508D83BB1CAEB0A2ABAFBF7
S21401E740F3FA6FEA0A0A5FFA8AF9D6F8EC3023B1CF
S21401E750484695F90E1098478146631C85F80F9038
S21401E76003EA0803F95C013303EA0803FA5C0133A0
S21401E77003EA080341EA0221FA5C013303EA0803CB
S21401E780F85C41EA0241002341EA00616A7C3046B6
S21401E79003F0D8FA06232860AB71002045E7531E24
S21401E7A07EE717F804904FEA49095FFA89F9CCE742
S21401E7B09946D2E700230020EB730A4B5A69C2F34D
S21401E7C00723120448BF63F0FF035AB212F1800F09
S21401E7D01CBF323B5AB2AA730346DCE7022024E789
S21401E7E0004000B800C000B838B5148811F0030521
S21401E7F04FEAC40422D13F2C20D9B4FA84F4C4F1E0
S21401E8001903DBB2052B01D8192C15D0052B28BF0F
S21401E810052301240633DBB29C40C4F3CF031380E7
S21401E82003828161448700F02DFF054A631E23435E
S21401E830C2F8A430284638BD2B46EAE72125F9E779
S21401E840001E00B011F5004F1FBF01F30E01044B6F
S21401E850C1F30E01002014BF99642120704700BF48
S21401E860008001B8F8B504460E4619B990F8243070
S21401E8705A063FD44FF6FF73618ED4F8E47099427E
S21401E88004D0314B1B680BB1204698472F4D2B689F
S21401E890BB424DD02E4B1B683BB11FB13A68002AD4
S21401E8A048D0BF683946204698470727204601F0DA
S21401E8B06BFB002E32D006270126264B94F9282022
S21401E8C093F900302449C3F11C039B1ACA69DB0281
S21401E8D022F4FF2203F4FF231343CB61D4F8E43080
S21401E8E01E4A2B601E4B976720461E7018F000FFCD
S21401E8F00020F8BD4FF6FF71144DD0F8E4702A6879
S21401E90066F386139742418680F8243017D0104B61
S21401E9101B68002BC1D101F037FB072711493B4685
S21401E920114AD1F8FC1004F1F80003F04DF9C2E7E2
S21401E9300127BBE71746204639469847B5E701F059
S21401E94023FB0127EAE700BF585500204C5500205D
S21401E950545500208263002000C000B8006000B853
S21401E96083630020001F00B0581F00B0054A1268DC
S21401E9701AB190F81E1119B91047084602F0AABB41
S21401E980014870474855002000FEFFFF344B2DE933
S21401E990F7431C6801F4007900F00103174653EAB7
S21401E9A0090206460D4635D04FF000083BB300235A
S21401E9B0002200210120CDE9008803F007FB042096
S21401E9C001F02CFE41462046FFF7D0FF01224146CA
S21401E9D02086104618F038FBD4F8941004F1F8009D
S21401E9E002F010FC1F490868FFF7C0F84FF0FF332C
S21401E9F00B6094F8243043F0040384F82430B9F112
S21401EA00000F07D00121204619F009F825F40075FA
S21401EA1006430D432B4632462046FFF709F9FB070E
S21401EA200FD51149114A08680021136811600121A8
S21401EA300F4A117003B198470E4B002102205B6804
S21401EA40984717F00E0F08D04FF409723B210020AB
S21401EA5003B0BDE8F043FEF7B1BD03B0BDE8F083F7
S21401EA605C560020406A0020605500206455002056
S21401EA7084630020386A002008B548220021024835
S21401EA80FDF7ACFF002008BDDC1E00B073B5782191
S21401EA906422A0F8141182210C23C0E94112C0E9B6
S21401EAA04322C0F8002107224FF0FF35002680F8E8
S21401EAB030314FF6FF730446C28700F14C02826480
S21401EAC01E4AC385A0F8403080F82C304386426346
S21401EAD0038780F82860C0F8A850458580F826503E
S21401EAE003F03EFC2046FFF7C7FF94F928102046A6
S21401EAF0FFF76AF9602340F6FF71114A2046D36496
S21401EB0002F11C42D162D1650E4A2946D3644022E5
S21401EB100D4B1A67D4F89420FFF7D8F90E2300227C
S21401EB20CDE9003340F202231046194603F04EFAAF
S21401EB3001F0E2F8304602B070BD00BF4000FFFFB2
S21401EB40004000B8005000B8002002B810B50C46CE
S21401EB50FFF792FFBCB1A378082B16D8E278082AF3
S21401EB6013D843EA021313F0FF030CBF194661687A
S21401EB70074AC2F8DC10217882F82011617882F801
S21401EB80233182F82111002010BD2120FCE700BFAF
S21401EB90001E00B0012A10B512D8032B10D803EBC3
S21401EBA082020123074C934094F82201DBB221B183
S21401EBB00343002084F8223110BD20EA0303F8E75E
S21401EBC02120F9E7001E00B0034670B50C68B0F8C6
S21401EBD03421013408BFD3F800418D6808BF0C60AA
S21401EBE04C68F830013404BFD3F80C414C606E1CFD
S21401EBF03CD1D3F80841CE688C60751C3CD1D3F863
S21401EC0004510E69CD60013604BFD3F8F8600E6179
S21401EC104E69013604BFD3F8FC604E618E69013639
S21401EC2004BFD3F810618E618E695EB35A32B24268
S21401EC3038BF32460E688A6116B15A2E38BF5A2638
S21401EC40C3F808414C68C3E94065C3E943420A6911
S21401EC50C3F8F8204A690C49C3F8FC20D1F8FC1027
S21401EC6007230A4A02F0B0FF002070BD02F15A04E1
S21401EC70AC4238BF2C46BEE702F17805B54238BF34
S21401EC803546BEE76422D5E7001F00B0581F00B026
S21401EC9070B51DF050F804460B4E00F031FA01280D
S21401ECA005D020461DF042F80225284670BDF368BF
S21401ECB013F0706FC3F30365EFD1B36ADB06ECD5CF
S21401ECC020461DF033F8F0E7000002B838B51DF015
S21401ECD032F84FF6FF710A4A13888B4203D11DF0B2
S21401ECE025F80E2038BD074C074D1B046566A4F5B4
S21401ECF08054636611801DF019F80020F2E700BF0A
S21401ED00CA6C0020006001B80000FFFF2DE9F74340
S21401ED1004460F4615461E46FFF732F830B3A38A5F
S21401ED2023B3204618F0A6FA78B9002E40F0F280F8
S21401ED30794BD3F8D83E03F03002102A00F0EA806F
S21401ED4003F0C003402B00F0E580DFF80082D8F81E
S21401ED501430D90740F1DE801CF0EDFF0646032093
S21401ED6001F058FD30B130461CF0E0FF022003B040
S21401ED70BDE8F083D8F8142012F00608F3D1304627
S21401ED801CF0D4FF644B4FF400612046D3F8D89EA4
S21401ED90D3F8AC6E04F0BEF940B14FF40072012115
S21401EDA05E4B08461A67424618F04EF994F825302D
S21401EDB0DA0707D5D4F894305B0542BF4FF400223A
S21401EDC0574B1A6739462046FEF796FB524BC3F857
S21401EDD0D89EC3F8AC6E0028C9D194F824309806A2
S21401EDE001D4002D57D0C5F3400003F023FB0223C6
S21401EDF015F4807F1BBF0021494A484A136717BF95
S21401EE00484A13675161136303F04EFB4FF4806366
S21401EE1015F0040F14BF444A444A15F0400F5362DC
S21401EE204FF004023D4B28461A674FF0400314BFCB
S21401EE303F4A404AC2F88830FEF7C8FE204618F01E
S21401EE4043FB38B14FF4807315F0010F14BF344AF9
S21401EE50324A1367A90647D54FF6FF72B4F8403019
S21401EE6093420FD0344A3549526E100CC2F3011248
S21401EE700132B3FBF2F308802B4A2C4930481B04BD
S21401EE8048665366003D18BF012594F8243065F3A3
S21401EE90451384F82430204618F0E6FBF0B12046EE
S21401EEA018F012FBD0B14FF40031204604F032F9CD
S21401EEB0431C03229BB2234801A918F08DFC9DF840
S21401EEC0042002F00703052B9DF8053015D1120723
S21401EED00DD443F480731C4AC2F8B830002003B046
S21401EEE0BDE8F04318F085BCFFF7F0FECAE713F063
S21401EEF0040F09D19DF80630EBE703F03002202A13
S21401EF0005D113F0010FF4E74FF48073E3E79DF8A2
S21401EF100630E0E70E202AE7001000B0002002B815
S21401EF20001002B800400054005001B8006001B85B
S21401EF3000D000B800E000B8004001B8CA6C00205C
S21401EF400000FFFF08400054001E00B000C001B8DA
S21401EF502DE9F3410646884615461F461CF0EBFE92
S21401EF600446032001F056FC38B120461CF0DEFEB4
S21401EF700E24204602B0BDE8F081042001F04AFCD0
S21401EF800028F2D120461CF0D1FE01232A46414634
S21401EF903046FFF7BBFE04460028EAD1DFF8C880FA
S21401EFA05FB388F8000039463046FEF735FD002885
S21401EFB04CD198F80030012B1CD02022244B1A6724
S21401EFC0244BDB6CB3F5817F1FD2012018F052FC75
S21401EFD01CF0B1FE204B06461B680193CBB901F02D
S21401EFE093FC15F0800526D101F0E0FC284603F0DD
S21401EFF0F5F925E003F008FABBE798F80030012B95
S21401F000F8D0002BD9D12124B3E78022134B1A6103
S21401F010DBE7042001F002FB00230122042001A902
S21401F02001F01AFB0028DAD103F056FA2124304603
S21401F0301CF07CFE9DE70022094B9A6701F0B6FCA6
S21401F040084B01215B6800209847F0E7044690E7EB
S21401F050001002B8001F00B050550020000002B892
S21401F06000C001B8386A00208163002008B50C4B47
S21401F070D3F84C114B1C12D011F080410FD1094B23
S21401F0801B6813B10320FEF70BFE4FF080624FF4AE
S21401F0900071054BDA67054AD16201225A6108BD43
S21401F0A00080E00F5C560020001002B8004000B857
S21401F0B04FF40022034B186F03F500531A67C0F391
S21401F0C0C0407047000002B8024B586900F00100CA
S21401F0D0704700BF00C001B8084B5A69D10707D571
S21401F0E008B901F077BA5B69DA0706D401F064BAA9
S21401F0F05B69DB0701D40028F8D1704700C001B86E
S21401F1000F4BDB68C3F30363013B0B2B0FD8DFE820
S21401F11003F006060C06060606080A08080802207A
S21401F1207047042070470520704703207047054B41
S21401F1305B6913F0060F0CBF01200420704700BF67
S21401F140000002B800C001B8094AD368C3F30363DC
S21401F1500B2B08D06FF49050184100F0010080F09E
S21401F160010040007047106F10F48030EDD17047F9
S21401F170000002B80C4AD368C3F30363062B07D812
S21401F180042BD8B20BD8C31E5842584140007047D2
S21401F190072B06D1D2F830010028ECD170470220A7
S21401F1A070470020704700BF000002B8094BDB68BB
S21401F1B0C3F303639A1E012A8CBF00220122012B8E
S21401F1C002701EBF4FF4026222FA03F303F001033A
S21401F1D00B707047000002B8094AD368C3F3036393
S21401F1E0032B01D0072B08D1536FDB0605D4906F94
S21401F1F080F00800C0F3C00070470020704700BFD1
S21401F200000002B8024B0022196818F00EBA00BFBF
S21401F210EC920400024B1B6803B11847704700BF0D
S21401F2207C550020024B1B6803B11847704700BF8E
S21401F2307855002010B5FF224FF6FF71044618F0EE
S21401F24016FA68B9FF224FF6FF71204618F020FA29
S21401F25030B92046BDE81040FF22024918F02ABA0C
S21401F26010BD00BF909204002DE9F0411C46184BDA
S21401F27005461E680F46904646B1306801F01CFEF2
S21401F280F3681BB1B368186801F016FE114B1B68D2
S21401F2902BB1DA681AB19B68186801F00DFE9DF86B
S21401F2A01830640744EA08425B0503F0BC6342EA8F
S21401F2B0C7621A432846084942F4C87203F016FF8B
S21401F2C0002228461146FFF781F90020BDE8F081AB
S21401F2D0E8920400EC9204009007E12D08B5FFF7D0
S21401F2E07BFF88B1094BDA6912030DD5186F10F44C
S21401F2F0003009D19B6F13F0100F4FF010030CBFB5
S21401F300034A044A936708BD0220FCE7000002B8DE
S21401F310001002B8002002B838B50446F8B1124A07
S21401F320D3691B031DD5556F104BC5F38115032DEE
S21401F330B3F8B4300DD10822083B9BB221460C48E5
S21401F34018F04AFA0020084B25729B6F1B0A63725D
S21401F35038BD022D05D1023B2A469BB2EEE721209D
S21401F360F6E70220F4E700BF000002B8001E00B076
S21401F37038400054431EDBB2FD2B14D9FF280B681E
S21401F38001D14A68134313F0802F1EBF42F20102D7
S21401F390074BC3F8282251F82020054BC3F850220A
S21401F3A0C3F8542270470128F5D10023E9E700BFCE
S21401F3B0004001B8F0B585B06D460E460F4B0746C6
S21401F3C014460FCB85E80F000D4BD3F8480200908A
S21401F3D0D3F84C2201923EB1631EDBB2FD2B0AD953
S21401F3E03060FF2C00D1726022462946384618F05C
S21401F3F08EF905B0F0BD012CF4E700BF9892040029
S21401F4000080E00FF0B585B06E460D4B07460D4601
S21401F4100FCB86E80F0000F039F831460446024665
S21401F420384618F0EDFA4DB140B9FF2C1BBF04ABBE
S21401F43003EB8404009B54F8103C2B6005B0F0BD30
S21401F4409892040030B50C4B0546187085B0082319
S21401F45080B90A4AC2F8FC3351B96C46084B0FCB47
S21401F46084E80F00074B2A4621461868FFF7A2FFDB
S21401F47005B030BD044AEDE7426D0020001002B829
S21401F480A89204005C560020002002B8014B1878B0
S21401F490704700BF426D0020124BD3F8E020D20324
S21401F4A01ED54FF480321049C1F8E020A1F58051F5
S21401F4B0C1F8EC201A6CD1B2C2F30722C3F880104F
S21401F4C0C3F880200422C3F880200022C3F88020DD
S21401F4D0C3F88020C3F88020C3F88020C3F88020BA
S21401F4E0704700BF0040005400600054F0220A4BF1
S21401F4F001219A64A022A3F580539A64074B826C7B
S21401F500C3F8C010FC21C3F89810C3F89C204FF430
S21401F5100052C3F8BC207047006000B80040005499
S21401F520F8B50D46174606461CF005FC01230421D6
S21401F530084C094A2363A760E6602561C2F8E0101B
S21401F540064AC2F884311CF0F1FB0DB10223236395
S21401F550F8BD00BF004000540060005400E100E028
S21401F5600222024B58611A63704700BF00400054E4
S21401F5700122044B1A6640F6FF729963D863DA6576
S21401F580704700BF004000542DE9F04F042A05469D
S21401F5900B4683B039D901260978141F81615A7840
S21401F5A003F1040982619A788261DB7883610368DA
S21401F5B0D0F808B003F0070306339E4006F1FF3A81
S21401F5C00AEA0B084768A6EB0802944247F0005780
S21401F5D00ED84946224607EB0800FDF79DFB46EA92
S21401F5E00A0604EB0B023240AA6003B0BDE8F08FB6
S21401F5F0494607EB08000192FDF78EFB019A384653
S21401F60009EB0201A21B4244E7E7013A032AECD8C0
S21401F610DFE802F00B08050213F8012B826113F8EC
S21401F620012BAA6113F8012BAA611B78AB6103B009
S21401F630BDE8F08F38B50C46154601460F4B60B154
S21401F64001220F48C3F8C0202246FFF79DFF1DB1D7
S21401F65004220A4BC3F8C02038BD64B1D3F8A420F5
S21401F660A24284BF0122C3F8C0200222C3F8A040F0
S21401F670C3F8C020EBE70122FAE700BF00400054C0
S21401F6809840005438B504461CF055FB01211A4A2F
S21401F690638F054611663BB3B3FA83F3C3F11903CF
S21401F6A0DBB2A069C2F8901093660723D066C2F851
S21401F6B08C304FF4A02302F50052C2F8E030A2F5D8
S21401F6C08052C2F8EC3000220C4B1A600C4B1B6FB8
S21401F6D05B0209D54FF480020A4B04F1F8001A6761
S21401F6E0D4F8941001F08EFD4FF4E0232846E3632E
S21401F6F0BDE838401CF01ABB00400054805500207D
S21401F700000002B8002002B82DE9F84305460C4671
S21401F710B1B1D0F81880478F1CF00DFBB5F83CC08E
S21401F720791E01EA0C0323F00702032C0646DFF8D4
S21401F730F8E042445CD1DEF8004024B91CF0F6FA49
S21401F7400E20BDE8F88324F00104DEF8000020F066
S21401F7500100A04251D10023CEF800302388944204
S21401F7606FEA43436FEA534323803CD1EB8F08EBA8
S21401F77007091846083880B202F108044C4528BF2C
S21401F7804446082804D9B4F800E0BEF5804F3ED2BE
S21401F79063440F431B1A3B409BB2AB87E887118833
S21401F7A094781C4AC1F30C0151645367C2F88C006B
S21401F7B04FF48022184B04F00704C3F8E02001221E
S21401F7C0164BC3F88421FFF767FE042C0BD14FF4C8
S21401F7D08002134B05F1F8001B6F124B1A67D5F820
S21401F7E0941001F00FFD30461CF0A0FA0020A8E7A7
S21401F7F0601E012898BF1446A7E7E88F4344E31A22
S21401F80048BFDB1908389842A8DC304696E72246FE
S21401F810B0E700BF004000540060005400E100E083
S21401F820000002B8002002B880550020144B10B525
S21401F8301968CA8F8B8F488F13440138073B8C6930
S21401F840034023F007031C4402F108030D4A9BB250
S21401F850CB87C2F88C304FF480220B4BC3F8E020E4
S21401F86001220A4BC3F88421A07800F0070004287F
S21401F87003D1074AD3681B03FCD4064B1C6010BD9A
S21401F8805C560020004000540060005400E100E097
S21401F890000002B88055002010B5064C216839B129
S21401F8A0CB0703D4044B1868FFF72EFF0023236011
S21401F8B010BD00BF805500205C5600204FF48032FA
S21401F8C00B4B0C49C3F8EC20A3F50053C1F8E0201C
S21401F8D0D3F888109A6E012302F00702063293408D
S21401F8E0C1F30C01083B994201D8FFF7D5BD70471B
S21401F8F000600054005000542DE9F04780460C4645
S21401F90016468769458F1CF016FAB8F83C2005F1B3
S21401F910FF3C02EA0C0323F00701032C824639441C
S21401F920B8F83E0019D1494C24689CB90244073AFC
S21401F93002EA0C0222F00702BC183B44E31A48BF55
S21401F9405B19834210DB50461CF0F0F90024204678
S21401F950BDE8F08724F00104EFE7012C02D0022C69
S21401F960EBD108380C46E8E7002E3DD08C423FD15B
S21401F970374AD2F844903649B8F81270D1F8882040
S21401F980C2F30C02934247DA2588B5F5804FDAD2E6
S21401F990A378C5F30C0503F007037A1EA5EB09054A
S21401F9A03A43052B337005EA02052DD82DB2E843FC
S21401F9B040F241420421C00FFDF700FE7580E37856
S21401F9C03374D8F81C207B1E03EA0903D118B160F2
S21401F9D0A9B213FA85F5AF422FBF0023FF1AB780ED
S21401F9E0F26024BFB180F36050461CF09FF9AEE789
S21401F9F0A4F10802974284BFED0802EBC502B2F8F3
S21401FA000090C9F30C09B6E7124B5B6D003B18BFBB
S21401FA100123A5EBC305C9E70B6C7A1EA3EB09030B
S21401FA203A431A400C4915B2002DCB680BDCC3F3E0
S21401FA300363D81E43424341DB0033708B6F7280F1
S21401FA401B0A3374BDE70823F7E700BF8055002083
S21401FA5000400054004000B8000002B8054BA82240
S21401FA60D3F84C013121431C0CBF0120C0F3807038
S21401FA70FDF7A4BD0080E00F38B5094D044628689F
S21401FA8040F69702003818BF01202B21FDF796FD9E
S21401FA90FA235C432B680A20B4FBF3F4604338BDB9
S21401FAA0B4550020174B30B51A68431C164B22D0AC
S21401FAB0B2F1407F1FD3154D00F03F04D5F8002169
S21401FAC022F03F021443C3F8C84001F03F0422432A
S21401FAD0C3F8D020D5F804310D4A1A400D4B03EA7D
S21401FAE0500003EA510110431143074BC3F8CC0001
S21401FAF0C3F8D41030BD00200146C3F8C800C3F8CF
S21401FB00D000F2E70080E00F001F00B0000002B84E
S21401FB101FF087E1E0FFFF7F73B5574E044631784B
S21401FB2019B91C225548FCF759FF2378544A6188B5
S21401FB30137051804FF0FC62524CFF21C4F8FC2038
S21401FB404FF47F02C4F808214F4A022B4F4D117023
S21401FB5033D1042307224E49C4F8FC23C5F8FC33ED
S21401FB60C4F800114FF4C071C5F80011C4F8FC23A5
S21401FB704FF48052C5F8FC33C5F870214FF400529B
S21401FB80C4F87021C4F808314FF4FF13C4F8FC30F0
S21401FB904FF4BB13C5F8FC308023C4F8703148F22B
S21401FBA0C8023C4BC3F8D8203B4B3C4A0020C3F864
S21401FBB0C02F0123337002B070BD394A012BC4F83F
S21401FBC00021384B27D14FF4C072C5F80021D3F875
S21401FBD03802D3F83C12FFF765FF0723C4F8FC335D
S21401FBE00223C5F8FC334FF48053C5F870314FF447
S21401FBF00053C4F870310423C4F808310DEB030038
S21401FC00EBF71CFA9DF80530023B012B9CBF8023C5
S21401FC10C5F87031C3E7244AC5F80021D3F830028D
S21401FC20D3F83412FFF73EFF0723C4F8FC33012351
S21401FC30C5F8FC338023C4F870314FF4805301A813
S21401FC40C4F87031EBF7FAF99DF80530012B05D1B0
S21401FC509DF8043053B948F25D1309E0FBD9023B25
S21401FC60012B9CBF4FF40053C5F8703148F258136E
S21401FC70084AC2F8D83097E785630020C41F00B051
S21401FC80CC6C0020002002B8466D0020001002B89F
S21401FC90C0F10F00001F00B0001000B08855002012
S21401FCA0C0F70F000080E00FC0F60F00034B1A6884
S21401FCB002609B8883800020704700BFCC6C0020C8
S21401FCC010B5044601F026F80A4BD3F8F83724B9E4
S21401FCD083F40023C3F3C04010BD012C05D113F4F7
S21401FCE0C02F0CBF01200020F6E7A31E5842584142
S21401FCF0F2E700BF000002B86FF07F42154BD3F861
S21401FD00FC37934208D0144A03F03F031370F123E3
S21401FD10124A1370124A13701249134B09781A6863
S21401FD20A9B1B2F1A06F12D3D3F850120F4A104BFB
S21401FD30B1F1FF3F18BF13460E4A136041F66A023F
S21401FD400D4B1B68B3FBF2F30C4A13607047084B6C
S21401FD50F2E700BF000002B8476D0020486D0020A2
S21401FD60496D0020456D00200080E00F5082E00FB5
S21401FD70CC92040084550020D0550020B4550020B4
S21401FD80012807D0022802D030B100207047034B6B
S21401FD9018787047024BFBE7024BF9E7476D0020E6
S21401FDA0486D0020496D00200023F0B590F83041E1
S21401FDB085B002462046CDE90133CDF80B30FFF77A
S21401FDC0DFFF92F82B30411EC9B28B4228BF0B468B
S21401FDD0002C3CD0012C38D1042418464FF00F0CCF
S21401FDE0384E0DEB0405B0FBFCF7F75D013CC01B7C
S21401FDF0C0B2814238BF00206055002CF3D10524E3
S21401FE000F278DF80830B3FBF7F0305C0344DBB204
S21401FE108B4228BF0B462B5501340B2CF3D10F26F2
S21401FE2002F1A800D43215F8013BB3FBF6F14C1CE5
S21401FE30C1EB01115B1A0133DBB2E4B21B0443EAE6
S21401FE40045340F8043F8242EDD105B0F0BD0424CE
S21401FE5018464FF00F0C1C4F0DEB0406B0FBFCF5DB
S21401FE60EDB27D5D013C401BC0B2814238BF00202F
S21401FE70A055002CF2D105240F258DF80830B3FBD0
S21401FE80F5F0385C0344DBB28B4228BF0B46335592
S21401FE9001340B2CF3D10F2502F1A804D43216F845
S21401FEA0013BB3FBF5F1481CC1EB01115B1A0133B1
S21401FEB0DBB2C0B21B0443EA005344F8043FA2423B
S21401FEC0EDD1C2E7C5920400B892040038B5284BBC
S21401FED005461A7827490C2A02D1FF20087038BD3A
S21401FEE0104617F0B6FC04461046FFF749FFA84235
S21401FEF028BF2846C0B2A04238BF20460B78C0B201
S21401FF008342ECD0087088B1431EDBB2022A1A493C
S21401FF100ED14FF0FC62C1F8FC20A1F50051D1F8DA
S21401FF20FC2042EA4353C1F8FC30D8E70346EDE72C
S21401FF30124A134C1268AC32C4F8C02F4FF47F0239
S21401FF40C1F808210F49CA6FD202C8D40F22B3FBE9
S21401FF50F2F2551CC2EB02129B1A0133D1F808418A
S21401FF601B0443EA05532343C1F80831B7E700BF32
S21401FF70CC6C0020466D0020002002B85C560020A4
S21401FF80001000B0000002B82DE9F04F90F8305193
S21401FF900646D0F8A82087B035BB1F2A38BF1F22D7
S21401FFA0093A4C24844B85481B6A96F82B10C3F3F8
S21401FFB08213DC400368DFF82CA29342DFF8288224
S21401FFC07F4B04F0010414D11F78A74211D19AF88F
S21401FFD00070AF420DD17B4F3F788F4209D1B8F800
S21401FFE0040007B0BDE8F08F032A38BF0322023AA7
S21401FFF0D7E7026098F800001C70FFF7C1FEFF29E2
S21402000024D1284617F025FC07466F493CB3D6F89C
S214020010E4702FB13B68082B40F2CB8097F838701B
S2140200201DBB0B6840F27121B3FBF1F35343192257
S214020030B3FBF2F339462A4605A8059317F0DFFB11
S21402004002023C04059842F0110988E0471E8F42DE
S21402005028BF0F46012F38BF0127FFB2D5E7012D73
S21402006029D0022D01D0B5B327460B6840F2712184
S214020070B3FBF1F353431922B3FBF2F339460122E1
S21402008007EB072405A8059307EB042417F0B7FB34
S2140200907F00032F38BF0327020242EA001242EA19
S2140200A00009033F00F01F0007FA00F0FFF7E4FC28
S2140200B000F5FA6758E00F23B7FBF3F3581CC3EBBF
S2140200C00313FB1A0133DBB2C0B21B0443EA00532C
S2140200D0C3F30747C9E70C6840F27121B4FBF1F499
S2140200E00F2354431922B7FBF3F3B4FBF2F4374859
S2140200F0374A0068A2FB0412013350FA83F313F85E
S214020100013C0392A3F140012A4603A8019317F08B
S21402011076FB039F2F4AE41BA2FB041200903021B9
S214020120049204A82A4617F06AFBDDF810B081464E
S214020130A4EB0B0401220594102144F2100405A836
S21402014017F05DFB009B1A02019B42EA091244EA81
S2140201500344059B42EA000907EB0B001844FFF72D
S2140201608BFC00F50C57283740F6FF711A4B3846C1
S214020170C3F8C010A3F58053C3F8C090A3F580530C
S214020180C3F8C440154C276001F0B0FC4FF47A72F5
S214020190134B4042986523680A49B3FBF2F3A8F86A
S2140201A0043096F82B30B7FBF2F08AF800500B704A
S2140201B017E7002734E700BF004001B8486A00206E
S2140201C086630020436D0020D05500208455002011
S2140201D069C2F568911E856B006001B8B8550020AB
S2140201E0001F00B0446D0020CC6C0020014B18703C
S2140201F0704700BF456D002010B5044603F012F8A4
S21402020078B1174B1B786BB964B1164B1B784BB1A0
S214020210154B1B78013B012B04D84FF40042134BBD
S214020220DA6710BD124BDB6F1B04FAD41BF083FD9A
S2140202304FF400420F4B0446DA67A3F5A0435B680F
S2140202402BB1FEF741FF10B1022017F013FB02227A
S214020250094B2046BDE81040C3F884241BF066BD57
S2140202608763002088630020BC550020002002B867
S214020270000002B8001002B800D003500122024B60
S21402028000201A70FFF7B8BF876300200022024BD7
S21402029001201A70FFF7B0BF87630020F7B5064645
S2140202A0504C00F037FD504B2578504F1E7085BBE2
S2140202B02846FFF7A1FF2378013B012B19D8E37BE1
S2140202C001A88DF80430237C8DF80530E7F7ECFDA5
S2140202D0C7F884544FF6FF72454BC3F88420F822C1
S2140202E0A3F58053C3F884200022404BC3F884242D
S2140202F00DE04FF6FF723E4BC7F88454C3F88420D5
S214020300F822A3F58053C3F88420C7F88454394BE7
S2140203105BE00020FFF770FF2378013B012B08D833
S214020320E37B01A88DF80430237C8DF80530E7F7CF
S214020330BBFD0023C7F88434002ECBD062685AB3C4
S2140203402D4B1B6803EB5203B3FBF2F3013B1B027C
S21402035043F0F80326782649022E284A1ED0032E9A
S2140203604FF6FF75214826D0012E34D143F0020302
S214020370C1F88450C2F884300723C0F88434E37B83
S21402038001A88DF80430237C8DF80530E7F760FD70
S2140203900120FFF731FF17E0F823DBE74FF6FF7087
S2140203A043F00103C1F88400C2F8843006220F4BE2
S2140203B0C3F88424E3E743F00503C1F88450C2F887
S2140203C084300423C0F884340D4B4FF08042002062
S2140203D0DA6703B0F0BDC1F88450C2F88430002357
S2140203E0F0E700BFBC5500208863002000C0035021
S2140203F0006000B8002002B8D0550020005000B8B7
S214020400001002B8F0B5294F06463D4604460FCE08
S2140204100FC5336885B02B6000F07CFC0022244BAD
S214020420C3F88424A17A627A42EA0142C3F890248D
S214020430217CE27B42EA0142C3F88C24217B627B68
S21402044041EA0240C3F888043B78032B2AD8DFE847
S21402045003F022020C178DF8041004218DF80520F3
S2140204600DEB01000022E7F7BFFCE37B00228DF8CC
S2140204700830237C042102A88DF80930E7F7B4FC83
S214020480637A01228DF80C30A37A042103A88DF832
S2140204900D30E7F7A9FC074B187805B0BDE8F04029
S2140204A0FFF7FCBE212005B0F0BD00BFBC55002002
S2140204B000C0035088630020034BDB6F002BBCBFD9
S2140204C0024BC3F888007047000002B8004000B82C
S2140204D02DE9F04717F032FA4FF47A762D4BB0FB3F
S2140204E0F6F618604FF4FA73734307462A48190E55
S2140204F01B021818294A4FF0000341F10001FBF7CE
S2140205005BFE274BA0F5807205461A6320B9482287
S2140205102B21FDF753F801254FF47A724FF0000AAB
S2140205206A43534650083102FBF746FE1C4B1D4AEF
S214020530B7F57A7F9A601C4B4FEA056819601B4B29
S2140205408946044618604FEA152505D29B222B21C0
S2140205505046FDF733F801264FF47A73A8FB0301E1
S21402056003FB05117308C01841F10001002332464F
S214020570FBF722FE0E4B023419600E4B49F10009BE
S214020580A408186044EA8974054B013C9C63BDE8E4
S214020590F08700BFD055002020A1070040420F0080
S2140205A000C001B802110100E0550020DC55002011
S2140205B0D8550020D45500201022044BC3F88421BD
S2140205C05A600122024BDA60704700BF00E100E089
S2140205D000C001B81022064BC3F88421C3F8842059
S2140205E0BFF34F8FBFF36F8F0422024BDA60704760
S2140205F000E100E000C001B810B50446A242A2EB3A
S2140206000000A3EB010104D2034B01399B6B0133BB
S214020610184401F0030110BD00C001B838B5012529
S2140206200A4B02019D504FF480730446084A8340E9
S21402063053661BF080FB074AA540137823EA05039E
S2140206401370BDE838401BF071BB00BF00E101B873
S21402065000E001B8916300202DE9F84F16460546E2
S2140206608A461F461BF067FB022E00F090808046EB
S2140206701BF06EFB594B5A4AD3F82090147D5A6EE3
S214020680E4B2520744BFD3F82090013404F00304C6
S2140206901BF059FB4846214600F036FA8446DAF843
S2140206A00000012E04BF01306044ACEB000C08BF12
S2140206B0CAF80000BCF1804F7DD300F037FA8145BE
S2140206C0A1EB040188BF454BDFF834C188BF01F1B6
S2140206D0FF3101F0030188BF9B6BA0EB090E0CF8FB
S2140206E00510A1B1F90742BF41F61F723D4B5A678A
S2140206F0BA0742BF3B4B3C4A5A677B0742BF0022BF
S214020700364B9A673C0742BF0022344B9A65112447
S2140207104FF0010A314B05F11002120103EB051BE3
S214020720CBF80C0131499C501A6A0AFA05F4586E45
S2140207300B78A2EB0902E4B2234372450B7025D371
S2140207404FF48073AB40034220D11CF80520002AE8
S21402075040D10EB3264AF807536607D541F61F71F5
S21402076040F201101F4B596750675967B90706D503
S2140207701C4B1D4A1E491F485A6748675A677A0724
S21402078042BF01221C4B1A613B071AD440461BF09B
S214020790CDFA0120BDE8F88F184A2D0142F805A0CF
S2140207A042F89C3C1BF0C7FA10490B7823EA040374
S2140207B00B701BF0BBFA40461BF0B8FA0020BDE8EF
S2140207C0F88F2120FFF778FE4FF48032034B404625
S2140207D0DA60DCE7064A40465366D8E700C001B84E
S2140207E04056002000E001B800001F1F9163002061
S2140207F000D001B800000101000002B800E101B813
S21402080089630020024B1878003818BF0120704711
S21402081091630020034B10300001185800F00100CD
S214020820704700BF00C001B870B50646FEF74CFC24
S214020830044608B1FFF7CEFE0023084D3046AB61F2
S214020840EB612B6200F072F9054BC9B2197528628A
S2140208500CB1FFF7B1FE002070BD00BF00C001B8AA
S214020860405600202DE9F0419DF818800D46B8F15B
S214020870000F08BF0022214EB5F5803FB16807463B
S21402088021F4700141F4A001B1609DF820409DF86A
S2140208901C104FEA042444EA016444EA031444EABE
S2140208A0084444EA02044FF0180140F2E9222CBF41
S2140208B0002001207465FCF781FE3564B8F1000F54
S2140208C01AD00F4BBC68D3F888305A2C38BF5A243B
S2140208D05B0606D500F0F0FB18B10A4BB3FBF0F34B
S2140208E01C44204600F022F90130854238BF00221F
S2140208F0024B34BF5A645864BDE8F08100C001B8A8
S21402090000C000B800093D00214B10B51A6E1A66E9
S214020910596C59B11F49C96800292EDB596D4FF031
S214020920FF3301F00F018B409A4326D1102420207A
S214020930FFF7C2FD184B9C6002F088FB2022174B83
S214020940C3F8842101F0F4FC48B1002200200821FB
S214020950FEF71CF8124B5C66A3F580531C670D4A23
S214020960D36803F07063B3F1807FF9D9084B0D4A60
S2140209705A6741F201429A6710BD01F0D9FC00287D
S214020980F4D0094B064A5366A2F580521367EDE788
S21402099000C001B8000002B8001002B800E100E092
S2140209A000E001B8011B01181000002008B5212044
S2140209B0FFF782FD4FF48032014BDA6008BD00BFBC
S2140209C000C001B8F8B5184D04462B6A1B0426D59C
S2140209D000F0E6FB2B6AA0FB044613F0787F4FEA92
S2140209E09367C3F34450C3F3044505D140F25A4219
S2140209F02B21FCF7E3FD0120AD01B5FBF0F010EB77
S214020A00871005D140F25F422B21FCF7D7FD01206B
S214020A100246002320463146FBF7CEFBF8BD00F027
S214020A204BFBA0FB0401F9E700C000B80246012018
S214020A3030B50B4CA0F12003C0F1200524FA05F5D1
S214020A4004FA03F32B4304FA00F595428B4100D3D4
S214020A5030BD0F2801D00130ECE7FF20F8E700BFD9
S214020A6040420F0010B50C46FFF7ACFFC30943EA3D
S214020A704163C01A61EBD111FFF7D8FFFF2814D0EB
S214020A800F220C4B40F01000C3F88820A3F58053C9
S214020A90C3F88800A3F580531B6ADBB2802B06D00E
S214020AA02046BDE8104000F067BB212010BD0220A2
S214020AB0FCE700BF00E000B838B51BF049F9084B68
S214020AC0084A1D6A147D5A6EE4B2520744BF1D6A74
S214020AD001341BF038F9284604F0030138BD00BF84
S214020AE000C001B8405600200346064A103302EB07
S214020AF000111B01D1F80C01D158C1F3400116F0C8
S214020B00C4BE00BF00C001B8064B1B68434303EBDC
S214020B108171054B1B68A3FB003013F1004341EBC8
S214020B2000007047D8550020D45500200C4A20F00B
S214020B304043014610B5002014684FF00042E4FB23
S214020B400320084A890F126802FB0300064B9B6BC0
S214020B50984204D901330131C01A01F0030110BDD5
S214020B60DC550020E055002000C001B8044B01F01F
S214020B70F071103041F0030100011950704700BFB8
S214020B8000C001B808B52220FFF796FC4FF4802279
S214020B90014BDA6008BD00BF00C001B808B5064BBD
S214020BA04FF030401A6805499200FCF7B5F8BDE8E8
S214020BB0084001F0E3B800BF089304000C93040059
S214020BC070B50C68651C15D0C4F302669E42C4F369
S214020BD0074530D1A4B294422DD804EB8506B24222
S214020BE029D2141BA50824F003040E59340F04D08E
S214020BF0012C08D00022212402E06B1C51F823208D
S214020C00C0E9002470BD0E4C34F8133042EA0343A8
S214020C101A686B1C51F8234001EB83014B68224093
S214020C205E4036F0704404D11B0F032B04BF8B6862
S214020C301A430024E4E7013501EB8501C1E700BF52
S214020C40E092040007B501A8EAF7F8F94822164B25
S214020C505A65164AD2F8D43023F4FC33C2F8D4309C
S214020C60134B1B689DF80530023B012B19D8402216
S214020C70104BC3F8FC23104BD3F85C32DBB2FF2BCD
S214020C8000D10623094A1B03D2F8FC139BB20B437E
S214020C90C2F8FC33D2F83021084B1A6003B05DF874
S214020CA004FB00F0E7FEECE7008001B8000002B8A3
S214020CB0002000B0001002B80080E00F745500203B
S214020CC000224FF400710F4B10B51A675A679A67E5
S214020CD00D4AD162012102F5E8325161DA6812F05A
S214020CE0706FFBD14FF0304201245A6602F5FC5277
S214020CF008329C66DA64054B1B689847044B5C61B5
S214020D0010BD00BF000002B8004000B84C6A0020C8
S214020D10002002B801230F4A0F49C2F880328A6ABD
S214020D2022F002028A620D4A53600D4A53600D4A4F
S214020D305360A2F580425360A2F54042536002F52A
S214020D40C032536002F580425360A2F500425360FF
S214020D50704700BF0080005000C0005000D000B8AE
S214020D6000500054005001B808B5FFF7D3FF0E4BF1
S214020D700E4ADA6700F076FEFFF764FF03220C4B9A
S214020D80C3F8E020012203F54043DA674FF46072AD
S214020D905A614FF40072DA67FEF778FBBDE8084046
S214020DA00021FEF74FBB00BF000002B80048F0006B
S214020DB0005001B82DE9F04F054687B002900F4665
S214020DC057F8044B631C06D1029B2C60E81A80106D
S214020DD007B0BDE8F08F5FEA147B18BF0123344AE0
S214020DE0C4F3016108BFC4F3074332F81120A4B26A
S214020DF04FEAC30A2F4844EA02440AF104022A448C
S214020E0082421BD20722CA4002F0010201929A00D5
S214020E1004EB830303930123B94603FA0BF808F0A5
S214020E20940305F1080604920593039B09F104094D
S214020E30A34208D1049955443944C0E71D4A954255
S214020E40E0D80020C4E7059B53B918F0420F19D129
S214020E5018F0280F0BD146F8084C59F8042C21E05C
S214020E604FF4206232210020FCF7A8FBF3E740F69D
S214020E70042232210198FCF7A1FB04F5805246F8C1
S214020E80082CEAE740F60D2232210198FCF796FB81
S214020E9004F50052BBF1010F46F8082CDDD159F8D3
S214020EA0042CD24346F8042C04340836BDE700BFAF
S214020EB0E0920400003000B0F8B50546F0B1002616
S214020EC0154B34461F46154953F8042BBAB9A000F1
S214020ED000F13040294600F50150FFF76BFF30B9AC
S214020EE040F6AE323621BDE8F840FCF767BB0C4B45
S214020EF00134044447F8265023F81640F8BDAA42A7
S214020F00FCD001360C2E02D031F81640DCE740F653
S214020F10C83236210020E6E7E4550020365C002081
S214020F20385C002070B50446A8B1C1B1384A52F800
S214020F30043B984215D1002336498A689206FCD4AF
S214020F409B00354A03F1304303F50153C2F8B03033
S214020F502022324B9A6070BD01330C2B02D1304DE9
S214020F6012E0012352F8041BA142F5D12D4A32F8B1
S214020F701330E1E704D16268C3E90012083403E0E3
S214020F80012A01D1043419602268531CE3D0C2F34B
S214020F90016335F81300110C93B211F0FE0F43EA09
S214020FA0004360680DD00434CAB2022A2168E1D92F
S214020FB0D4E90160033AC3E9001698600C340C3396
S214020FC0F3E7120F072AD9D8DFE802F00704090D63
S214020FD01013181DC04303F500531860CEE71A68B5
S214020FE042401A60CAE703F58053F6E716F042FC61
S214020FF0C4E7012203F580538240F2E7012203F59B
S21402100000538240EDE71A6830EA0202FBD1B5E7E8
S214021010E4550020000002B8001E00B0001002B81E
S214021020E0920400365C00200122014BDA6770472A
S214021030001002B80122014BDA677047002002B89E
S2140210404022014BDA677047002002B84022014B6B
S214021050DA677047001002B80B4B1B68D3F8E4300F
S21402106023B11A68022A01D9186A7047074B9A6D8B
S21402107090B238B1064BC2F307421B68DB085343F3
S214021080B3FBF0F0704700BF5C560020004001B88A
S214021090D0550020064BDB68C3F30363984206D1A3
S2140210A0044AD36B23F0F00343EA0111D16370477D
S2140210B0000002B8001F00B0054B1B68D3F8E430EE
S2140210C013B11A680A2A01D8FFF7C6BF186C704710
S2140210D05C5600202DE9F743064616F0C4FB0024B2
S2140210E08046DFF890901AF026FE0DF107010546BD
S2140210F00DF10600FEF75AF89DF806308BB9721C01
S21402110029D016F0B0FBA0EB080428461AF00EFE13
S2140211109DF8063013B99DF807303BB3A642E2D8D5
S21402112024E0D9F80C3013F4603FE8D0D9F8100068
S21402113016F006FC731C074603D016F094FBA0EBD1
S214021140080428461AF0F2FD17F5007FE0D038466C
S21402115003B0BDE8F08328461AF0E8FD9DF8063095
S214021160002BC0D19DF80730002BBCD1004FEEE714
S21402117000FEFFFF00C000B810F1800F04D04D281B
S214021180CEBF7F20323040B2FF22044BC0B21A627A
S214021190A3F5805318620020704700BF00E000B835
S2140211A00B4A10B5136E0B4C116E03F00703E35C8B
S2140211B0C1F3CD0101FB0333126E0748C2F3454269
S2140211C002FB033300688001B0FBF3F010BD00BFE2
S2140211D0004001B8D8920400D0550020084910B546
S2140211E0D1F89C3040B11C46CA68D1F89C309C426B
S2140211F0F9D1C2F30362027003F00F0010BD00BF04
S214021200000002B8094B01F080011B6F03F4800353
S2140212100B4309D14FF40012054B1A62837F1BB1B0
S2140212200122044BC3F80021704700BF000002B839
S214021230006001B8005001B82DE9F04F404F8046DB
S21402124085B038680C4616F015F820B900242046FA
S21402125005B0BDE8F08F224600214046FBF7BEFBF4
S214021260384B5D6915F00105F0D1FCF701F806462A
S2140212700028EBD03F68384615F034FF4FF6FF7370
S214021280984234D04FF060512F4E304B304AD3F84C
S2140212902090D6F88C3011624FF00061A2F5805291
S2140212A0116224220421C6F88C202A4A4FF4804B6D
S2140212B091604FF480520027DFF8A4A0CAF868B005
S2140212C0F262A7421ED30421234A9160A2F5F032AD
S2140212D0C2F88C304FF060521D4B1A6209EA0203C4
S2140212E01E4A13624FF480421D4B9A66AFE73146A0
S2140212F0384615F09BFE01463846FCF7FDF80028F6
S214021300C0D0A3E7B26E5104FCD5B268D205F9D5B7
S214021310CAF868B0D6F890200135012D0392D0D9CC
S214021320E21B042AA8BF042208EB070003A90193C4
S2140213300092FBF7F1FC009A019B3A4497B2C0E791
S2140213405C560020000002B8004000B8004001B819
S214021350006001B8001002B8002002B8005001B8C0
S214021360006000B84FF604014FF60502044B012058
S2140213701B6C9BB28B4208BF1346024A1366704729
S2140213800080E00F00C001B82DE9F74F81460F46F6
S2140213904FF0FF35FFF790FB002601908A462C4659
S2140213A03046DFF8D8B006F110031B015BF80330B5
S2140213B003F00308B8F1010F15D13046FFF794FB8E
S2140213C002460B4601985146FFF716F9DBF86430E1
S2140213D006F10802D340DB0739D5002F40D000259E
S2140213E02C463E6040460136082EDCD160B3234AC6
S2140213F00027D2F808C0916B0CF440330131A4FBED
S2140214000141641941F10001B3F5003F30D1536B3D
S2140214100CF4405C013347F10006BCF5805F22D134
S214021420156B15F5807505FB06F647F1000203FB02
S2140214300266A5FB03323244594304FB0212A3FBA5
S21402144004341444C9E9003403B0BDE8F08FA8425E
S21402145071EB0403C6D207B13E6005460C46C1E7EF
S2140214603D463C46BEE7320242EA13621B02E3E70F
S214021470136B13F5807347F10002DDE700C001B875
S21402148008B516F071FA044B5A7C012302329340D7
S214021490024A536108BD00BF405600200020005893
S2140214A02DE9F34105460F4668461146FFF76CFFE5
S2140214B00646B0B1AFB1DDE900321B0A43EA026369
S2140214C0A5FB0384094B120A05FB02441A6812B9EB
S2140214D016F034FA0246002340462146FAF76CFE1E
S2140214E03860304602B0BDE8F08100BFD05500201B
S2140214F037B50446FFF70EFCE17822791B4841EA2D
S2140215000243C0F8CC34E579A37943EA0543C0F830
S214021510D03423784BB18DF8041004218DF80520C1
S2140215200DEB01000022E6F75FFC63785BB1042155
S214021530A37900228DF80430E3790DEB01008DF8D3
S2140215400530E6F751FC227801235AB1084AC2F860
S214021550C834627802233AB1054A0020C2F8C83479
S21402156003B030BD034AF2E7024AF6E700C0035072
S21402157000D0035000E0035070B52C4B0C461A788E
S21402158012B92B4A926D1A702A4AD26F52054AD560
S2140215901D78294B05F00F06B0FBF3F040434FEAE7
S2140215A0151505D140F27C622B21FCF707F80120C5
S2140215B0224A0A217243B2FBF0F34843B3FBF1F628
S2140215C002EB5002B2FBF0F201FB1633042BD2B24E
S2140215D007D8C3EB8310C3EB80035BB283B96DB24B
S2140215E017E0C3F10B0303EB8303DBB2B3FBF1F3A8
S2140215F02B44DDB20F2DF2D9013AD2B2053DEEE709
S214021600053B5BB293FBF1F31D44EBB26DB2002DCA
S21402161004DB002042EA0512226070BD0132053367
S214021620D2B25DB2F5E70220F7E700BF9263002070
S214021630008001B8000002B8403B25008096980062
S2140216404FF0000C2DE9F84FA2FB017BC84EDFF8E5
S2140216505CE3BE1999466BF10003B6457CEB0303C7
S21402166008D240F23E220E216046FBF7A7FF022078
S214021670BDE8F88FD0F8E4A00C461546BAF1000F84
S21402168004D0DAF80030032B00F21B81B94BBA4AB9
S2140216909B6BD2F8FCA0C3F31408B84BD3F8EC301B
S2140216A05E00B64B48BF48F400181B6E48EA456811
S2140216B058074EBF4FF440039B0503F0E07348EA19
S2140216C0030818F03FFC012D0646D0D10028CED0E4
S2140216D0AB4B984200F0048103F5122303F5F8633E
S2140216E0984200F00381A74B984200F02F81002514
S2140216F002462B4600204FF00071FAF75DFD2B469E
S214021700013007FB03F3C8F3130100FB0B33A1FB05
S2140217100662A7FB007001FB0522034420339B09E7
S214021720C9F80030F60C984B46EA423618F4801F89
S2140217301C6008BF7642954B954DC9F81440344458
S2140217401E602C60BAF1000F00F0B98000239149A8
S214021750C8F381528A5C194618F0807F18BF640865
S214021760002EB8BF764292066008C2FB06012246E9
S214021770FAF722FDDAF800300E2B08D97F4B7D4AA5
S214021780926BD969D3F80C31C90600F1D68018F4E9
S214021790001814BFC42240F207127F49C0F3130098
S2140217A0A1FB04614FEA511102FB01F1C9F80400E2
S2140217B0DAF818004FF4FA73B1FBF0F118BF4FF0E5
S2140217C0000801FB03F3A4FB0262FA33A3FB00301A
S2140217D004FB0822B342904138BF0131C9B241F43A
S2140217E0006CC9F808C000297ED0DAF81C00A1FBFC
S2140217F0003624B1B4FA84F20E2A40F38880E2035B
S214021800002E77D1B2FBF3F2530003FB0113A3FBC6
S21402181000764FEA044EBE454FEA144474EB0606C1
S21402182009D34E003344A0FB0371BE4574EB01019D
S21402183002F10102F6D2C2F30E024CEA023C4CF06E
S2140218400063C9F8083018F07DFB2B68002B00F007
S2140218508880B3FA83F4D4F102044CBF1C4623FA00
S21402186004F44E4B9C4288BF6408002846D0B4FB62
S214021870F0F3642100FB134201FB02F2904244D8CB
S2140218805A1E52085B08013B120242EA0313C9F8C9
S2140218900C3018F023FB00285CD0B4FBF0F2642175
S2140218A000FB124401FB04F4A0425ED8531E5B0800
S2140218B05208013A1B0243EA0213C9F8103000200C
S2140218C0D6E6042BDAF828807FF4FBAE18F0807F89
S2140218D00CBF08F0E0734FF4400328F0E078EEE621
S2140218E000232F481D460CE72120C1E600232D4881
S2140218F01D4606E70B46002289E7044640F2C2422E
S2140219002B210020FBF75AFE2346013BB8E7C2F123
S2140219100F0702F1110E06FA0EFEFB4043EA0E0313
S214021920A7F1200E26FA0EFE43EA0E03FE4001330E
S21402193004FA02F246F1000662E702F4801203F4A9
S21402194000131A4308BFC0F5801020E7002316488C
S2140219501D46D6E640F2E5422B21FBF72FFE621E1D
S214021960A4E70028C9D01C46CFE71446F7E700BF15
S214021970006CCA88008001B8001F00B0004001B8A1
S21402198000F04902005A62021C5600201856002037
S21402199014560020F0920400D34D62103FBE40253C
S2140219A00A3BB2DF313641DCD694BFD6807C814A10
S2140219B010B50B46044686B039B9827901682148CB
S2140219C06B460068FFF73CFE6B461F4A1968516378
S2140219D01E4AD2F8FC2062B35A6842B11C4A1D491C
S2140219E0C2F80C115968A2F58052C2F80C119A6816
S2140219F042B1174A1849C2F8EC109968A2F580520B
S214021A00C2F8EC101549D868D1F8642122F4EE62C7
S214021A100243C1F86421D1F85C21186922F4EE620F
S214021A200243C1F85C21A1F5FF4158692839FFF746
S214021A30A3FD0020A2880A4B9A6203F5A03318641D
S214021A4006B010BD5C560020008001B8001F00B032
S214021A50006001B8FFFF0F00FFF8FF0F000002B89A
S214021A60004000B84FF48062014BDA67704700BF4F
S214021A70001002B84FF48062034BDA67034B1B7800
S214021A800BB1034A93657047002002B892630020A8
S214021A90008001B840B10368012B05D90069034BE9
S214021AA0002808BF1846704700487047F89204009E
S214021AB010B590B10468012C0FD902696AB1116899
S214021AC0094B102C196051685960916888BFD2681A
S214021AD0996094BFD960DA6010BD102200210248D6
S214021AE0FAF77CFFF8E700BF24560020084BC11720
S214021AF01A68A2FB000302FB013310F1807043F167
S214021B000003400E40EAC310803820EAE0707047B7
S214021B10345600200722164B70B5DA66154B164A65
S214021B201D68164BEC08E005C0184FEA153141F166
S214021B3000010023FAF740FB114B124E18604EF6D6
S214021B406020FFF7D3FF4042C6F884000E48FEF737
S214021B50EDFF024658B1E301500818184FEA157116
S214021B604FF0000341F10001FAF726FBF06570BD65
S214021B70000002B8D055002065CD1D00B2E60E006A
S214021B8034560020001F00B040420F0010B5044635
S214021B9098B10B4BD3F8FC00FFF78AFF4FF47A7329
S214021BA003FB04F0074BA0F6AC50DA689B681044BF
S214021BB0C01ABDE81040FFF799BF4EF66020F8E75E
S214021BC0001F00B0245600202DE9F84305460846BB
S214021BD014461E46FFF76CFF0DB306F0020716F01A
S214021BE004061ED1DFB14FF47A706B685843002B9F
S214021BF040F08C80FFF77AFF60626B69002B00F082
S214021C008C804B4AD0684FF47A7202FB0300A0F530
S214021C1003501038FFF76AFF2062002E57D1BDE846
S214021C20F8832869002868D04FF47A735843404BEB
S214021C30A0F6AC509B68C01AFFF758FFE061A88B6D
S214021C4000285DD04FF47A735843394BA0F6AC5057
S214021C509B68C01AFFF74AFF2061364BE968D3F843
S214021C60008000294FD04FF47A735943304BA1F6C7
S214021C70AC519A685B68891AC91A2F4BC8171A683A
S214021C80DFF8BC90A2FB011302FB003311F1807156
S214021C9043F10003490E41EAC3118039274B6161C3
S214021CA0DB6EA361D9F8003053B1404615F0DCFC78
S214021CB030B12246D9F800301D49D8F8D8009847E6
S214021CC00021A869FFF762FFA062002F8BD1A868E7
S214021CD030BB47F23050FFF709FFA0604FF47A702E
S214021CE02B6858432BB1124B1B6803F51C53103359
S214021CF01844FFF7FBFEE06091E74EF660209BE794
S214021D004EF66020A6E74EF66021B6E7084B1B6843
S214021D1003F51C53103318446CE747F2305079E74A
S214021D204FF47A735843A0F503501038D3E700BF38
S214021D30245600205C56002034560020001F00B0B7
S214021D402056002038B5054608461C4615F0AEFD5E
S214021D500246D5F8E400FFF79DFE4368A018002B64
S214021D60044AA8BF4FF4FA721A44034B92FBF3F2EA
S214021D70104438BD0CFEFFFF18FCFFFF70B5124C76
S214021D8088B001AD0FCC0FC594E8070085E80700C0
S214021D908C2200210D48FAF721FED42200210C489D
S214021DA0FAF71CFE0B4B0C4A5A6301F04DFA0B4B2A
S214021DB01B783BB1044E01AD0FCD0FC695E8070068
S214021DC084E8070008B070BDC41F00B0A01E00B0B3
S214021DD02C1F00B0001F00B01011111185630020E7
S214021DE008B519F0A8FF0E4B1A78A2B90D4A126868
S214021DF012F4843F0FD10C4A1021D1671B7863B9C5
S214021E00084B1B68DB0508D4074B2022DA67BDE8BF
S214021E10084019F08BBF054AEEE7044BF5E700BF12
S214021E2098630020A0150020002002B8001002B817
S214021E300A4B197801F0FF0229B1002119700849EE
S214021E409202C1F8B420597801F0FF0229B10021AC
S214021E5059709302024AC2F8B83070479363002062
S214021E60005000B8064BD3F8D80E064B5B6F1A012B
S214021E7003D4054B9B6E1B0401D500F5807070479A
S214021E80001000B0000002B8004000B810B519F00B
S214021E9052FF0E2104460320FFF7FCF840F201220F
S214021EA0034B2046BDE81040DA6219F03FBF00BF80
S214021EB0004000B808B519F03EFF4FF00042224B32
S214021EC0C3F88020BFF34F8FBFF36F8F0122C3F892
S214021ED08420BFF34F8FBFF36F8F0222C3F8842094
S214021EE0BFF34F8FBFF36F8F0422C3F88420BFF374
S214021EF04F8FBFF36F8F0822C3F88420BFF34F8F34
S214021F00BFF36F8F1022C3F88420BFF34F8FBFF347
S214021F106F8F2022C3F88420BFF34F8FBFF36F8FDB
S214021F204022C3F88420BFF34F8FBFF36F8F4FF466
S214021F308072C3F88420BFF34F8FBFF36F8FBDE864
S214021F40084019F0F3BE00BF00E100E008B519F042
S214021F50F2FE4FF00042094B1A6001225A60042238
S214021F605A6008225A6010225A6020225A60402282
S214021F705A60BDE8084019F0D9BE00BF00E100E093
S214021F80012370B5074C2370074B1E68074B32407F
S214021F90D3E9005319402840FCF7F8FC00232370CD
S214021FA070BD00BF966300203C560020A01500209E
S214021FB00022044B1A70044B197811B11A70FFF7FD
S214021FC00FBF704797630020986300202DE9F04703
S214021FD0DDF820A003EA0108099B06460C4602EA41
S214021FE0000703EA0A09BAF1000F40F04E81031F08
S214021FF00B4300F00E81052871F1000380F0E480A7
S21402200050EA010300F06081431E0B4300F0248176
S214022010FFF750FFAD4AD2E9005323EA040325EA4C
S21402202006053D4343EA0807A94BC2E900571E6866
S214022030DFF8F48226EA0A0646EA09061E60FFF779
S214022040CFFE15F02A4F14BF48F202034FF40043A6
S214022050A04AB007D26EA04848BF43F4005383EAB2
S214022060020122EA0302C2669C4A0B408166D366DC
S214022070C5F380421203290348BF42F48072EB067E
S21402208048BF42F40052964BAC0648BF42F4007278
S2140220906806D3F80C3248BF42F48062290648BF6D
S2140220A042F400628F4882EA030123EA0203C0F880
S2140220B00C328D4B0A40C7F34024A404C0F8081221
S2140220C0C3F80C22EA0448BF44F48034AB0348BF8A
S2140220D044F48014A80748BF44F4800415F4001F93
S2140220E006D0D8F8000015F015FD08B944F400240F
S2140220F0E90248BF44F40034FA0648BF44F4000438
S21402210073077A4B48BF44F004041A6A44F4001476
S21402211084EA020323F0010375491A400A621C404E
S214022120CB61744B16F0010F1C62734B734A18BFD7
S2140221301A46734B7C071B6F48BF42F00062714819
S21402214082EA030123EA020303676F4B0A404166F1
S2140221501A676E4A05F00103516CA0F5803081EAD9
S214022160030221EA0301416482631A40684B280293
S2140221705A64D8F8002048BF664B92F8F62058BF3B
S214022180654B690748BF43F4806322B115F4C06FFC
S21402219018BF43F480733207604A48BF43F00043D7
S2140221A0D2F8EC105E4883EA010222F4A022114023
S2140221B0C0F8EC101340C0F8E0205A4ABDE8F047D9
S2140221C0C2F8EC30FFF7C2BEA0F580630B4306D020
S2140221D020F48063A3F500730B437FF419AF19F064
S2140221E0AAFD3A49D1E9003223EA060322EA0402AA
S2140221F042EA08023B43C1E900324B4A126892F8AF
S214022200F610474A09B313F4C06F1ED04FF480731A
S21402221011E019F090FD2D4AD2E9003123F00403B3
S2140222203B4341EA080157EA0807C2E900314FF486
S21402223080633B4A0BD0C2F8E030A2F58052C2F867
S214022240EC30BDE8F04719F071BD4FF48073C2F868
S214022250EC30C2F8E030F4E719F06DFD1B4AD2E923
S214022260003123F001033B4341EA0801C2E9003191
S21402227001232E4A57EA08071BBF9363A2F5805232
S2140222805364536408BF9363DBE750EA01037FF4A9
S214022290BFAEBAF1010F7FF4BBAE19F04CFD0C4A8B
S2140222A0136823F0010343EA090313604FF48063C3
S2140222B0144AB9F1000F04D05366A2F58052136790
S2140222C0BFE713675366BCE7BDE8F087A01500209A
S2140222D03C560020004000B8006000B8005000B82D
S2140222E0004001B8006001B8005001B8000002B812
S2140222F0002002B8001002B8041C000304180003F1
S21402230000C001B800E001B800D001B800C000B8B3
S21402231000D000B80D0A0A09090A0A09004000544A
S21402232000600054005000545C56002000E000B8E4
S214022330024B5868C0F3C000704700BFA0150020CB
S214022340024B186800F00100704700BFA01500207D
S214022350024B5868C0F3C030704700BFA01500207B
S21402236010B50446FEF700FDFFF7A4FD2046FDF774
S214022370BDF8FEF7A5FCFEF7ABF8FEF71DF9FFF772
S214022380C9FB13490723134AD1F8FC1004F1F800DD
S214022390FFF71AFC4FF080710020FEF7E7FB4FF0C4
S2140223A000720D4B4FF400110120C3F80021FEF716
S2140223B0DDFBFEF7D7FF20B940F292321421FBF77D
S2140223C0FDF815F0DAFABDE810400120FDF766BF09
S2140223D0001F00B0581F00B000D001B88023074A83
S2140223E01367082340B11367054AD2F8A03023F0DA
S2140223F02003C2F8A0307047024AF4E7001002B881
S214022400001E00B0002002B810B519F094FC01219D
S21402241004460020FFF7E2FF044B1961044B5B6899
S21402242098472046BDE8104019F080BC000002B86C
S214022430386A0020F8B5194C0546207840F2E44286
S214022440B0FA80F03E214009FBF7B8F855B960783B
S21402245040F2E442BDE8F840B0FA80F03E2140097E
S214022460FBF7ACB84FF440660D4F0E4DD7F8B430BC
S21402247040F2E442C3F381232370C5F8B460607867
S2140224803E21B0FA80F04009FBF798F8D7F8B8304A
S214022490C3F381236370C5F8B860F8BD9363002068
S2140224A0004000B8006000B8F8B5084C084D236F2D
S2140224B00423084F2B67236F5B0300D4F8BD042662
S2140224C002203E6715F0D6F92E67F4E7000002B840
S2140224D0001002B8002002B8A82238B51A4B1D6FA9
S2140224E003F500531A6710229A60A3F5804302F19F
S2140224F000521A675A66FFF79BFC144B1B7813B9F7
S2140225000320FEF78BF80024114B9C67FFF7CCFFE5
S214022510104A114BD2F8D81E0B40C2F8D83E0422FD
S2140225200E4B1A670E4BAA06C3F8AC4008D503F545
S2140225308073DB6CB3F5817F22BF8022024B1A6167
S214022540BDE83840FCF7C2BB000002B89563002025
S21402255000C001B8001000B0DF0000FF002002B883
S214022560001E00B010B549B930B3164AD3681B0E28
S21402257013F00E0F20D193689A061DD4FFF786FC3F
S214022580104C0020FEF72AFE032801D0092805D1A8
S214022590636FDB03F5D4E36D0C2BF2D9FFF784FFF0
S2140225A04FF40072084BDA62012203F5E8335A61EF
S2140225B0042203F580531A674FF4C062034BDA62B3
S2140225C010BD00BF000002B8004000B8006001B8AD
S2140225D008B503210920FEF75DFD2022014B1A6192
S2140225E008BD00BF000002B838B5054619F0A3FBC7
S2140225F00E4B04461868FDF745F835B1FFF7D8FCD0
S2140226002046BDE8384019F091BB094B1B78002BD9
S214022610F6D0084B1D78002DF2D1FFF7C9FC2A46EA
S2140226204FF480400021FFF7ABFCE9E75C56002040
S21402263097630020966300202DE9F84F5C4B064610
S2140226400D4614461B6F002A40F0AE8013F0A00F12
S21402265014BF4FF001094FF00009FCF737FBA02327
S2140226604FF0000ADFF868810320C8F87030FDF7E3
S214022670D5FF0420FDF7D2FF4E4FFFF799FC4E4BD5
S2140226804FF0040B7B67C7F878A0FFF70DFF4B4BA4
S2140226904FF48071D3F8A020494842F02002C3F8D4
S2140226A0A020FF22C8F80820414A1161D0F8D82E8F
S2140226B044491140C0F8D81EC8F870B0C3F8ACA0A0
S2140226C07B6913F0060F04D0FEF75CFA5846FDF756
S2140226D0A5FFB9F1000F08D04FF400623A4B1A6713
S2140226E04FF40042A3F5E0339A6666B1374BDB6CD3
S2140226F0180701D4FFF7CAFBFFF76AFF0420FDF7AD
S2140227008DFFFFF795FB2A4B5A69D10747D5DA6842
S21402271012F0706FFBD12E4B2E4A1A672E4AD36BDD
S21402272023F0F003D36315B12046FFF75DFF2B4B72
S214022730D3F84C315A1C01D05B0002D50122244B3F
S2140227405A6164B3214BDA6E03F500539A6603F5B9
S214022750D0331B6A1E4A23F00103D361204BD3F801
S2140227600C1203F50053C3F8081203F50053D3F80E
S214022770841003F5005399671A4BD3F8EC1003F54F
S2140227800053C3F8E010184B596C03F500539963D5
S214022790164903F5803359664FF60843136700203F
S2140227A0BDE8F84FFCF736BD4FF0000955E700BF0D
S2140227B0000002B800C001B800000101001E00B00F
S2140227C0001000B0DF0000FF001002B8004000B8A2
S2140227D0002002B810003000001F00B00080E00F9A
S2140227E0004001B80040005400C000B85000002F5E
S2140227F09B4B2DE9F04F9F6EDB6E85B01F40994BC9
S2140228009F66994BD3F8E050D3F8EC301D40974BB7
S214022810C3F8E050964BD3F80822D3F80C3202EAFB
S2140228200309944BC3F8089203F52043DA691B6A3E
S21402283002EA0308904B08F47702DA618F4BD3F86A
S2140228400422D20605D4D3F80431C3F30016DB06FD
S21402285051D519F070FA8A4B5A695E6E1B6F12F0E8
S214022860060F06EA0306874A26F0007314BF4FF0E7
S214022870010A4FF0000A23F400637407536604D576
S214022880814A137D0133DBB2137519F04FFA002F1C
S21402289000F0E28017F4004300F0D38019F04BFA00
S2140228A00146FFF7DFFA0446784BD3F800B0DBF8B0
S2140228B00020DBF800309A42FBD0DBF800209A4278
S2140228C0FBD0FFF7CFFAA04217D1084619F02EFA2E
S2140228D06F4B1C606F4BD3F870B01BF4E0520ED1F6
S2140228E024F07F4424F0DF040CB9FFF7F5FD4FF027
S2140228F0807B002414E0B246C9E70446D7E701927B
S214022900FFF7EAFD5C4B019A1BF480541A6740F00D
S2140229109A801BF4806F0CBF4FF0805B4FF0806B89
S214022920B80715D55B4A5448126F02F46041016736
S214022930002900F08B80110400F18B8012F4005FF6
S2140229400CBF4FF000524FF0006200244BEA020B1D
S214022950C7F340377F00504A2A40002A4AD015F46F
S214022960206F0AD040F6A31206210020FAF726FEB0
S2140229700020FFF739FE25F48025EB0506D5FF215A
S2140229803D4A4BF4C06B9160FFF780FA15F0090FD1
S2140229900AD040F6B81208210020FAF70FFEFFF719
S2140229A017FE0121304A116315F0106F0CD040F665
S2140229B0C11209210020FAF701FEFFF709FE0022E4
S2140229C011461046FCF736FE15F4202F0AD040F6C4
S2140229D0C91207210020FAF7F1FD0020FFF704FED6
S2140229E025F48025E80301D5FCF768FF002DB8BF63
S2140229F047F0080769070DD51B4AD26A12F4005F32
S214022A004FF4005217BF19492449CA624BF4000B0F
S214022A1008BFCA626A0548BF4BF0040B15F4802350
S214022A20019300F0A480FCF701FF0138062837D88E
S214022A30DFE810F028012B0128012E0131013401B4
S214022A4034019B4655E74FF0804B52E74FF0007239
S214022A507BE74FF0004278E7BB463C467BE700BF89
S214022A60004000B8006000B8004000540060005407
S214022A70004001B8006001B8002002B800E100E0A2
S214022A8000C001B800E001B8405600208C92040055
S214022A9038560020000002B8090B0B89005000547B
S214022AA040F6FA1203210020FAF788FD0121854834
S214022AB0826ED0F8883002F00702063201FA02F27D
S214022AC0C3F30C0CA2EB0C0292B2072A12D97E4A6E
S214022AD0126F53020ED47D4B826B806D5B6D5BB1C1
S214022AE002F0070206329140C0F30C00091A89B2BE
S214022AF0072901D84BF4007B754A1278002A36D093
S214022B00704AD2F8E02012F4A02F30D1714A7249EE
S214022B1012789AB9F20411D40A787AB14FEADB0233
S214022B206E4842EA447282F00102D0F8D80E02F0F1
S214022B300102520020FA02F2930718D10420FDF790
S214022B406DFD674A67485067FFF732FA62490A78AE
S214022B504AB9654A127832B1644A654912680BEA84
S214022B6002020A4201D14BF4804B26F48056B9F198
S214022B70000F1DD019F4805F18BF4BF4802B19F498
S214022B80807F18BF4BF4002B19F4005F18BF4BF080
S214022B90100B19F4007F18BF4BF0200B19F4806F4E
S214022BA018BF4BF0400B19F4006F18BF4BF0800BA8
S214022BB0B8F1000F48D018F4001F0AD04D4A136827
S214022BC03BB1414A4C48116F00680022C1F3C06114
S214022BD0984718F4802F18BF44F4007418F4803F06
S214022BE018BF4BF4805B18F4801F18BF4BF4003BF1
S214022BF018F4800F18BF4BF0020B18F4003F18BFF2
S214022C004BF4801B18F4000F18BF44F0100418F49D
S214022C10002F19D0394AD2F8A02012F0C00F13D0D4
S214022C202949CA68C2F30362032A01D0072A05D1DA
S214022C304A6FD00602D48A6F120732D54FF40021AB
S214022C402F4A28F40028D161002E00F01B8133059C
S214022C5040F18F802B48DFF88890C2782A49002AF4
S214022C6058D04FF40063013AD2B24B66C27032B902
S214022C70264A1278C2B140F60141254A516700221F
S214022C80002173E04BF4803B10E74BF4006B0DE73A
S214022C904BF4806B0AE74BF4807B07E74BF0080B9C
S214022CA004E74BF4001BCFE7D9F8782012F4A05FB4
S214022CB015BF4FF4807240F60142C9F85820C9F891
S214022CC07820DCE700400054000002B8004000B85C
S214022CD098630020976300209A630020001000B0DB
S214022CE000C001B80000010199630020A015002071
S214022CF0088D0100705500205C560020001E00B0B2
S214022D00002002B88963002000E001B89563002025
S214022D1000D001B80320FDF781FCD9F81420A84B97
S214022D2012F0060F04BF41F61F72A649A64808BF56
S214022D304A674FF40061A34A5166D9F8142012F08C
S214022D40060208BFC9F878205A8A12F4006162D0D7
S214022D5022F400625A82027802F0FF09002A5ED14B
S214022D60FDF710FFFFF7B8FB4A4620214BEA020B9D
S214022D700C43B00009D52E20FDF79EFB4FF0005104
S214022D80904A44F0080411675166F10606D52B20D6
S214022D90FDF792FB10218B4A1167516616F0306FD1
S214022DA005D1F20463D5BAF1000F00F0C0803301FA
S214022DB017D52920FDF780FB844A526C12B11021E8
S214022DC0834A9160FFF7B4FA48B1824A82487D4945
S214022DD04A66026700F54050C068400422D444F0B8
S214022DE0040416F0007A28D00420FDF717FC2720EA
S214022DF0FDF762FBFFF770FB4FF00071714A5166F8
S214022E00764AD2F8D82E520679D40221704A9160B8
S214022E1044F0020428E002784FF40052A6E74FF48A
S214022E2000422DE70A6720204A66FDF745FB2D2063
S214022E3044F00C04FDF740FBD3E716F0807FDFF882
S214022E408C9147D00420FDF7E9FB2820FDF734FBE0
S214022E50D9F87820002A3AD1FFF73EFB594A5D4955
S214022E6044F00104116751660021584A91657205C3
S214022E7008D55B498A78002A00F0D880013A8A7021
S214022E8000221743574AD2F8A020130603D5584605
S214022E902146FCF7C7F93A4658462146FFF770F82E
S214022EA0019B0BB1FCF7F8FC01224F4B05F00435F1
S214022EB0C3F8E0504D4B18F4002FC3F884211EBF10
S214022EC04FF40022424BDA6105B0BDE8F08FC9F834
S214022ED078A0C3E7F104C7D50420FDF79FFB444A58
S214022EE0C9F87420FDF74EFED9F8642012F0407F30
S214022EF0BAD12A20FDF7E0FAFFF7EEFA80E7394A60
S214022F00D2F8A0108B0683D402203A4988603A4948
S214022F10096891F82510C8077FF57AAF92F8C420A1
S214022F20002A3FF475AF8021344A116170E7344AB3
S214022F301268013202D04BF0010B98E728490A7951
S214022F4052B1013AD2B20A7112B9234A2D495167D7
S214022F5000224BEA020B8AE70420FDF75FFB032000
S214022F60FDF75CFB194A2249516718F0E4FE8146D8
S214022F700DF10F00FEF732F9234A824612780AB1A3
S214022F80FEF784FFBAF1030F0ED1DFF870A000201F
S214022F90FEF724F9032807D1DAF87420D103F6D411
S214022FA0DAF85C200C2AF2D99DF80F20032A2FD1DA
S214022FB00121164A4846117018F0B8FEC8E700BF4D
S214022FC04056002000E001B89563002000C001B81A
S214022FD0002002B81000002000D001B8001000B097
S214022FE089630020001E00B00060005400E100E08B
S214022FF000000101001002B85C560020000002B872
S214023000406A00200000010D9B63002097630020A9
S214023010094AD2F8E02012F4A02FC9D1FEF7C8FF61
S214023020484618F083FE4FF4804292E70220FDF7EE
S214023030F5FA012225E700BF004000540122024BA8
S2140230401A62DA61704700BF002002B80D4B10B555
S214023050DC691A6A14400C4A24F47F01D161E20743
S21402306006D5D9684FF0FF30C1F3036114F08FFC28
S214023070630706D5BDE81040042200200021FEF7B3
S2140230807FBF10BD000002B8002002B80C4A08B587
S214023090936B526C13400B4A9363DB070FD50A4BB4
S2140230A040F663421878122100F00100FAF786FA19
S2140230B0BDE80840002201200021FEF761BF08BDDE
S2140230C000C000B800E000B8A0150020054AD2F8FB
S2140230D08430DB07FBD4936FD2F884201340024A75
S2140230E093677047008001B800A001B870B5144617
S2140230F00D4618F020FE064BD3F8A06074402C4014
S2140231007440C3F8A04018F011FE06EA050070BD30
S214023110001E00B0034BD3F8A03099430CBF012029
S21402312000207047001E00B02DE9F04117460A4302
S214023130012A1D469DF818409DF81C60DDF8208087
S21402314029D8B44227D2082E25D8032B23D8B8F183
S214023150000F20D00A460021FBF71CFDFF21EB00E2
S2140231609940C943DFF834C008F1FF38FF00E2B2E5
S214023170964202D80020BDE8F0813D190CEB850589
S214023180D5F8E02018F8010F0A4098401043C5F819
S214023190E0000134EBE72120EDE700BF001E00B09F
S2140231A0034B1868034B002808BF1846704700BF39
S2140231B058560020DCB304002DE9F843DFF860908F
S2140231C00646D9F8008008461746B8F1000F03D025
S2140231D00E242046BDE8F88306B3336801331DD1BA
S2140231E0E1B1FAF70DF805460028F1D0C9F800005B
S2140231F0FAF72CF8284613F0DEFE044640B14046A5
S214023200C9F80080FAF722F8284613F0CFFEE0E766
S2140232103560002FDDD02846B847DAE72124D8E704
S2140232205C560020024B1868003818BF0120704711
S2140232305C560020002108B5024B08465B6898479A
S214023240002008BD386A00200523064AA2F84A3044
S21402325092F8493003F0010363F0730382F84930B1
S214023260704700BF001F00B00023F0B585B0CDE95F
S21402327001330393124B134D1B78134E8DF8043013
S21402328018F066FD2A78337804469A420F4F0CD01F
S2140232903178386801AA297014F0AEFB50B140F6B6
S2140232A008210B4816F014FF04E0386814F084FB7B
S2140232B00128EDD0204618F046FD05B0F0BD00BF4F
S2140232C0216D0020526D0020536D0020785600209C
S2140232D0C0660400F8B52B4B1B7823B140F6FC31D0
S2140232E0294816F0F5FE18F033FD284B07461C88D1
S2140232F014F0060409D001214FF4807017F082FD05
S2140233003846BDE8F84018F01EBD21464FF48070DE
S21402331017F078FD204600F09DFF022808D1802293
S2140233201B4B8021186813F010FFFFF79DFFE7E79D
S214023330204600F08FFF054638B1012807D040F638
S2140233403141114816F0C4FEDAE70246E8E7FF22EA
S2140233500F4E104B30681A70FFF76CFF306814F08F
S2140233602BFB0128CCD02A462946306814F026FBCF
S21402337021462C2017F072FD21460A2017F06EFD1A
S214023380BEE700BFA1630020C0660400525C0020B6
S21402339078560020526D00200021014818F078BBB4
S2140233A0B86A00207F2837B5044610D14FF6FF735F
S2140233B0022217480DF10601ADF80630EAF792FE32
S2140233C0BDF80640E2054CBF6FF04A0464B218F03E
S2140233D0BFFC104B05461C700F4B1B88DB0710D535
S2140233E00E4B1B78002B0E4B0CBF21466FF07F0155
S2140233F0186813F0CFFE20B140F67861094816F03F
S21402340067FE284603B0BDE8304018F09CBC00BFFB
S214023410641002C04A6D0020525C0020A2630020A5
S21402342078560020C066040010B50FF014F960B19B
S2140234300FF013F90B4A80B141F20D03BDE81040BC
S21402344041F20D01074817F02FBE074B1A781B7979
S2140234509A4204D100220023F0E70D23EEE7034A46
S214023460F9E700BF400D0300216D0020488D0100E2
S214023470F8B5164E0D46337802F0010423B140F239
S214023480C531134816F024FE124B134F1D60134D20
S214023490A4B1134B997801B10121202017F0B2FC98
S2140234A02B783B700F4B1C780F4B00211C700423AB
S2140234B033700E48BDE8F84018F0EABA21462020DC
S2140234C017F0A0FC2B783B70EEE700BFA16300204C
S2140234D0C0660400685600209E630020546D0020DB
S2140234E06C5600209F630020A0630020B86A00206C
S2140234F02DE9F84318F02CFCDFF8A0810546B8F851
S2140235000030614C13F4807F03D0237873BBFFF73F
S214023510E1FE0021084617F0A1FC5C4B1A78FF2A50
S21402352013D01A7802F0FF0632BBFF221A702378F5
S214023530052B0AD100232846237018F004FC3046D7
S21402354014F0EAFA18F004FC05462378504E062BCF
S21402355009D13378FF2B06D03378022B15D1002100
S2140235604C4818F095FAFF2333702BE000214FF4F5
S214023570807017F047FCCCE71A78012A4FF0FF025A
S21402358014BF33264C261A70D4E7337813B1337837
S214023590012B22D117F0D6FC07463E4896F800903B
S2140235A001F0CEFBFF235FFA89F9337077B1B9F1E8
S2140235B0010F44D16421374884F8009018F068FA65
S2140235C0FFF752FE284618F0BEFB06E02846277094
S2140235D018F0B9FB384614F09FFAB8F800301B060C
S2140235E005D50021802017F00DFC12F0A6FD01F093
S2140235F0E3FA294E308000B32778012F42D118F023
S2140236005BF9054610B3013018F06DFD00F440601A
S214023610B0F5006F1AD104223946284618F08CF805
S214023620284418F060FD4FF6FF7398420ED1002032
S214023630318800F0F1FC00233380BDE8F8830023D4
S2140236402846237018F07FFB3F20C4E7114801F09C
S21402365077FB002108462170012500F08FFC2378B5
S2140236600BB9FFF737FE0020318800F0D5FC0023A7
S2140236703380002DE1D020780028DED1BDE8F84363
S21402368014F082BB0025EAE7A1630020516D0020FA
S214023690506D0020B86A0020505C0020525C00206A
S2140236A008B513460A461946064B186813F0FFFD7E
S2140236B030B1BDE8084040F2F441034816F008BDB8
S2140236C008BD00BF78560020C066040008B5134641
S2140236D00A461946064B186813F0E3FD30B1BDE8FA
S2140236E0084040F2FB41034816F0F2BC08BD00BF9A
S2140236F078560020C0660400024B1878431E5842D3
S21402370058417047A163002008B5064B1B7823B1C9
S21402371040F22551044816F0DBFCFFF7DBFD0020E3
S21402372008BD00BFA1630020C066040008B5054BB3
S21402373001EB81011868490013F02EFD002818BF1E
S214023740212008BD7856002008B5044B1868F9F702
S2140237500FFF0A2390FBF3F040B208BD7856002014
S214023760014B1878704700BF536D002008B5044B14
S214023770186813F07CFCB0FA80F0400908BD00BF60
S2140237807856002038B5124D0C462B78012B04D9FA
S21402379040F246510F4816F09BFC21460020FFF7E8
S2140237A0E5FF90B10C4B1C702B785BB9FFF792FDCE
S2140237B00A4B93F900100A4BC901186813F0C0FCB3
S2140237C0002038BDFFF750FDF2E72120F9E700BFE1
S2140237D0A1630020C0660400536D0020A36300208E
S2140237E07856002008B5074B186813F03EFC30B137
S2140237F0054BB3FBF0F083B20BB1184608BD0120AF
S214023800FCE700BF7856002040420F002DE9F34740
S2140238105C4E012018F08EFB3388990704D440F6DC
S2140238203F41594816F054FCDFF8808198F8003082
S214023830053B012B04D940F64141534816F048FC9B
S214023840524F3B6823B940F644414F4816F040FCBD
S214023850348814F0200478D00121222017F0FEFAD2
S2140238604FF47A74FFF7BEFF3B681B780933434375
S21402387004EBC30498F80030A5B2062B0BD117F060
S21402388029FF0446FFF7AEFF602358430C2303FBD1
S2140238900400284485B2D7F800903D4B99F8008082
S2140238A01C7808F1FF381FFA88F8002C52D13388AA
S2140238B05A0505D409F1010018F015FCC0F34014AE
S2140238C03449354A887812784B7812FB00F2334F27
S2140238D093423B70A4BF9B1A3B703B78CA78BD608C
S2140238E0934238BF13463B700EF0BDFE002833D01D
S2140238F00EF0B7FE012814BF102508252543002325
S214023900DFF8ACA00093802243464946DAF800006E
S21402391013F074FC20B14FF43B611B4816F0D8FB41
S2140239201F4BDAF8000019781E4B197033889B0675
S21402393014D52A461C4B009714F05CF8C0B9002038
S21402394002B0BDE8F04718F0F5BA2146222017F07B
S21402395085FA87E70024B3E72546D0E72A460F4BC9
S21402396014F046F8014618B9252017F077FAE6E76C
S2140239702146262017F072FA40F6F431024816F075
S214023980A7FBDCE7525C0020C066040068560020F5
S214023990A4630020216D00209E630020686A002038
S2140239A0536D0020526D00206C560020A16300204B
S2140239B078560020184B10B51B889B0704D440F697
S2140239C0A661164816F084FB154B1B78053B012BA7
S2140239D004D940F6A761114816F07AFB114B1B6812
S2140239E023B940F6A9610D4816F072FB00240E4B6F
S2140239F00E4921201C7017F031FA014618B9BDE8AD
S214023A001040FFF703BF022804D12046BDE810404D
S214023A1017F0BABA10BD00BF525C0020C0660400A0
S214023A20A1630020685600209C630020CD3B020064
S214023A30F8B55A4C23889A0704D54FF43E71584875
S214023A4016F046FB574801F07BF918F081F92388F7
S214023A5005465B070DD54FF0FF3013F016FC524BB0
S214023A601B68C01AB0F5717F03D90021042017F035
S214023A70C9F928464D4D18F066F92B78042B32D139
S214023A8018F066F9238806465F0708D545480021E0
S214023A9017F0FEFF3046BDE8F84018F054B918F0AB
S214023AA052F918F055F9424B06461B78414F13B9A6
S214023AB0238859050FD50523012102202B7017F004
S214023AC0A1F9FFF777FF304618F03DF93B68DA7840
S214023AD0394B1A70F8BD3868013018F004FB8206BC
S214023AE0E9D50623E8E7062B4DD1344B1B78FF2B8E
S214023AF0F0D1334E0EF0B9FD3378002B3DD018F0DE
S214023B0027F9238805465B0705D52648002117F0C6
S214023B10BFFF2846BFE718F016F93378013B33702B
S214023B2018F016F904460121022017F06BF9FFF788
S214023B3041FF20461F4C18F006F92068013018F0A5
S214023B40D2FA00F44060B0F5006F13D12468012168
S214023B500422204617F0F0FD204418F0C4FA01466D
S214023B60184B04201A783378D21AD2B2BDE8F8403D
S214023B7018F080BA4FF6FF71F2E740202B70BDE8CE
S214023B80F84013F0C9BF012BA4D100232B700E4BB3
S214023B901868FFF74FFB3F20F1E700BF525C00209A
S214023BA0C0660400B86A002064560020A1630020A4
S214023BB0A4630020685600209D630020506D0020FC
S214023BC09E630020546D00207856002008B50A4BEC
S214023BD01A7882B9012210281A7004D040F69D6124
S214023BE0064816F075FA0021202017F00BF9BDE8FA
S214023BF00840FFF70BBE08BD9C630020C0660400A9
S214023C0008B5094B1B88DB0604D440F2C3510748AB
S214023C1016F05EFA1020002117F0F4F8044B18682C
S214023C20BDE8084013F0DDBE525C0020C06604000A
S214023C3078560020012208B5074B1146186813F083
S214023C40BDFE00212C2017F009F9BDE8084000212E
S214023C500A2017F003B900BF78560020014B40082F
S214023C60185C70474C6D002008B513460A46194684
S214023C70064B186813F021FB30B1BDE8084040F649
S214023C80E941034816F024BA08BD00BF7856002062
S214023C90C066040008B5044B186813F08DFE0138A0
S214023CA018BF012008BD00BF7856002070B5054633
S214023CB018F04EF80E4B0F4E1B880446DA07357086
S214023CC008D50D4B0D4D1B78012B08D9012128680C
S214023CD013F01CFF2046BDE8704018F034B81BB144
S214023CE00EF0B7FCC305F1D4317881F00101EEE79E
S214023CF0525C00204B6D0020A26300207856002004
S214023D000C4B10B51B880446DB0711D5FFF78CFB5E
S214023D10094B84F0010208211868D20013F015FA44
S214023D2030B1BDE8104040F63671044816F0D0B9FE
S214023D3010BD00BF525C002078560020C06604000A
S214023D4008B5044B0146186813F0C2FA003818BFCB
S214023D50012008BD7856002010B50A4C23787BB1A6
S214023D60FFF768FF0021042017F04CF8002102201C
S214023D7017F048F800232370BDE81040FFF7AABAF0
S214023D8010BD00BFA163002038B5094800F0E8FC6A
S214023D900024084D95F84430E0B2834200D838BD7E
S214023DA005EBC000043000F0DBFC0134F2E700BF94
S214023DB01C5700207C56002008B5104602494822AF
S214023DC0F8F7AAFF002008BDD456002008B505481B
S214023DD018F027FA014620B9BDE80840014817F056
S214023DE057BE08BDD86A0020002238B51C4B1546BF
S214023DF01C461A700132082A5D609D8043F8085FEF
S214023E00F8D1482200211748F8F7E8FD4FF6FE736E
S214023E10A4F868306FF48033E365134B00211A88E8
S214023E20124B1868F8F7DAFD114BC4E91255C4E9CB
S214023E30283584F8445084F85050656584F8A850B4
S214023E40E9F7BAFCFF220B4B012118700A4B00203F
S214023E501A70E0F715FE0020FFF7B8FF002038BD05
S214023E607C560020D4560020C46C002078690020BE
S214023E700000FFFFA5630020EB63002010B5AC2412
S214023E80084B04FB0030836C53B990F850403CB9A1
S214023E9031B1C0E912122046FFF798FF204610BD46
S214023EA02120FCE77C560020AC2370B503FB00F50E
S214023EB0094E731993F850405CB920460BF022FF66
S214023EC0735D204643F002037355FFF77FFF2046DB
S214023ED070BD0120FCE700BF7C560020AC2358438F
S214023EE0024A135C23F00303135470477C560020E7
S214023EF070B516461F4A04461278C2BBAC211E4D48
S214023F0001FB00518A6C92BB91F850203AB1022B09
S214023F102DD191F84410072907D91C2026E091F8E4
S214023F2044100729F9D8012B08D0AC2000FB045016
S214023F30CA00011D0C30F8F7FBFB0021AC2303FB83
S214023F4004F000249DF8143000EBC1012944CB7123
S214023F50049B8E808B602B1893F8442020460132F7
S214023F608C7183F84420FFF731FF204670BD012094
S214023F70FCE700BFA46300207C560020F8B5234B64
S214023F8004461B780F46002B3ED1AC23204D03FB84
S214023F900053B3F8A03023B940F245311D4816F05D
S214023FA097F8AC2202FB0452D2F8A46036B192F81B
S214023FB0A33039460020B2F8A020B047AC23002137
S214023FC06343EA18A2F8A010C2F8A410482192F897
S214023FD0A82001FB02322A44D2F89820964213D037
S214023FE0EB5C9B070CD5AC226243AB5C204623F00D
S214023FF0020343F00103AB54BDE8F840FFF7E6BE08
S2140240000BF0A2FE0028EED1F8BD00BFA46300208C
S2140240107C560020176704002DE9F04F89B0059002
S21402402008460D4617F048FC044618B9212009B088
S214024030BDE8F08F284617F05BFCC0B20838215C5A
S214024040221892F802A00491D17852682778039237
S2140240500022B4F80130ADF81E20434A029192F8CD
S21402406000B0BBF1000F08D0404B1B681BB12046C6
S2140240704FFA8AF298470020D9E703F00703022B8B
S21402408070D0013409225946204617F055FB023FEC
S2140240903F1A3B0606465FFA87F8C7D4344FD7F86E
S2140240A09090B9F1000F27D100210DF11E0B434667
S2140240B022460846CDF800B00BF05CFDC3B20546BA
S2140240C0002B4BD1BDF81E0013F06AFDE0B9BDF817
S2140240D01E0013F04EFE8146BDF81E0013F060FD72
S2140240E0F0B906EB080201232146584692B200F0C8
S2140240F07BFDD0B119209AE75B465A460121284635
S214024100C8470028D0D191E7D7F89430BDF81E00F2
S214024110002BDCD0A11998470028D8D1022086E7C8
S21402412042464846A119F8F7F7FDBDF81E0017F0FB
S214024130C3FB029B059A0372049B80F809A0837254
S214024140039B1BBAC360AC2303FB027393F8502095
S214024150BDF81E0022B1DB6C03B19847E8B266E7F1
S214024160BB6FF9E7012062E7A463002060560020D7
S2140241707C5600202DE9F84308460F46164602F103
S214024180010913F0FBFD8046384613F002FD0428B1
S21402419056D1384613F021FD48F661054FF6FF72F8
S2140241A048F64103294C904208BF1D46B4F85C10FD
S2140241B0301D17F09AFF384613F00FFD0146B01D6A
S2140241C017F093FFB4F85E1006F1080017F08DFFA3
S2140241D006F10A04384615F094FA10B145F01005B7
S2140241E0ADB22946484617F080FF384613F0C1FDA7
S2140241F0424601462046F8F78FFD3846012117F061
S21402420093FB4444074660B117F072FB05463846F6
S21402421017F052FBEDB201462A462046F8F77CFD1F
S2140242202C440B4AA41B13780134591C1170F370EA
S21402423034703046BDE8F8430922012117F07CBAF3
S214024240484617F050FF4C460546C3E77C5600200A
S214024250A5630020AC2210B548245043094B1A1817
S21402426092F8A81004FB0100034493F87700022892
S21402427006D092F850301BB9032818BF012010BD93
S2140242800020FCE77C56002070B508B1012070BD06
S214024290234C94F8A850002DF8D12946B4F85C2097
S2140242A0FFF714FA29462846B4F85E20FFF7F8F915
S2140242B02946284604F16002FFF7D6FC94F87730C8
S2140242C0002BE3D0284694F85860FFF749FA864256
S2140242D015D1002094F95A50FFF736FA854216D1C6
S2140242E00020FFF7B7FF0446002017F0DBF900288E
S2140242F0CDD02146BDE870400020FFF705BA28461B
S21402430094F85810FFF73EFA0028E2D0BFE70020E4
S21402431094F95A10FFF70AFA0028E1D0B7E700BF6F
S2140243207C5600200346AC2010B51446164A00FB05
S214024330032292F8770002280CD1E07F022809D1E6
S21402434041B112490978012913D992F858102278F6
S21402435091420ED118462178FFF708FA90B148220A
S21402436021460B48F8F7D8FC002017F09BF908B94D
S214024370002010BD044B93F8A8000028F8D1FFF7E0
S21402438083FFF5E72120F4E77C560020C262002076
S214024390D456002038B5AC230D4C054603FB00432B
S2140243A000205A6DD86483F8500012B15865FFF7A2
S2140243B027FCF5F7ABFAFF281EBFAC2303FB054428
S2140243C084F8A8000020FFF75FFF002038BD00BF7A
S2140243D07C5600207FB51D4C94F8A83023B10020EF
S2140243E084F8A800FFF750FF94F85A30B4F8A0609B
S2140243F08DF80F3026B940F2FD21154815F068FEFB
S214024400144B31461D6800202A46FFF7B3FEE46FC0
S21402441002469CB10DF10F03019300232946304654
S2140244200093A04702462C7854B920462146FFF74F
S214024430A5FD2046FFF7CAFC04B070BD0122F2E7D4
S21402444029460020FFF714F8F6E700BF7C56002046
S214024450176704007869002038B5494B1C78002C91
S21402446058D1484800F06CFC204617F01BF900288B
S21402447050D0454C2378D90733D594F850201AB13A
S21402448023F00303237045E023F0010323700BF0AF
S21402449043FC237805469A0701D50BF033FC2946E0
S2140244A000200BF049FA40B92378284643F001036E
S2140244B02370BDE838400BF025BC0023482284F860
S2140244C0A33094F8A83084F8A25002FB0343D3F832
S2140244D09830A4F8A000C4F8A430BDE83840FFF72E
S2140244E079BF94F84400B0B104F1A003251D95E805
S2140244F0030083E80300FFF76DFF94F84420284684
S214024500D20004F10C01F8F713F994F84430013B99
S21402451084F8443038BDA26C62B99B0711D5237863
S214024520002023F0020343F001032370BDE8384065
S214024530FFF74CBC0123A06484F8503090472378E0
S2140245409EE70BF001FC0028E9D194F8A83073B17D
S214024550F5F7DCF994F85030002BDBD1FF2818BFB2
S21402456084F8A800BDE838400020FFF78DBED4F8D6
S2140245708C30002BECD098470028CBD1E8E700BF60
S214024580A4630020D86A00207C56002070B504463A
S214024590002017F087F8AC235C430B4E351995F8CC
S2140245A050300BB1002070BD0028FBD0074817F032
S2140245B038FE0028F6D1335D002BF3D195F844007F
S2140245C0B0FA80F04009EEE77C560020D86A002058
S2140245D010B5084A034613F0DFFB14684FF6FF7265
S2140245E003EB40039C42184603D9018802339142EA
S2140245F0F8D010BD385700202DE9F047204F054669
S2140246003B88A3B3B0F90230002B30DBDFF87C80A6
S2140246101C49D8F80000F8F761FA20B94FF4EA719D
S214024620194815F055FD0026DFF85CA0DFF860900B
S2140246303A88B3B29A4204D84FF4EB71504615F05A
S21402464047FDD9F80030B2B253F83200D8F800105D
S21402465003EBC20468B943F83210A3882846013334
S214024660A38013F099FBE38803EB4003E380BDE8E5
S214024670F087F8F733FA01360028D9D1EDE700BF04
S214024680545C0020E4660400EE660400F86A00202B
S2140246902C57002038B5094C094D22682B689A42DF
S2140246A004D94FF48771074815F012FD286823686D
S2140246B0C01A20F0010080B238BD00BF3857002073
S2140246C040570020EE66040038B5124C124D2146C3
S2140246D02846F4F7C9FF23680BB12B681BB9DE2105
S2140246E00E4815F0F5FC2A680D4B0E491A60236831
S2140246F023F0010313440B600B4B1A602AB9BDE882
S2140247003840F821054815F0E3BCFFF7C3FF6428DC
S214024710F5D938BD3057002034570020EE66040025
S2140247203C570020405700203857002038B5094C27
S214024730094D22682B689A4204D34FF48A710748BF
S21402474015F0C6FC28682368C01A20F0010080B263
S21402475038BD00BF3C57002040570020EE660400DC
S2140247602DE9F0411D4B04461B78012B24D100880D
S21402477017F084F80546D8B10426DFF864802C4684
S21402478017F0E6FA07462046FFF736FF638843EA45
S21402479008036380A05B17F071F80446384617F0EA
S2140247A0D2FA1CB1B4F90230002BE9DA062E01D196
S2140247B0BDE8F0810626E2E7022BF9D117F0C8FA27
S2140247C00246208817F05AF818B10388C3F30E037E
S2140247D023801046BDE8F04117F0B5BAA663002064
S2140247E00080FFFF2DE9F04F0024BA4B97B0064633
S2140247F01C8017F0ADFA0123DFF8EC82B64F3B704F
S214024800B8F80030A8F80040ADF81630B34B1B6875
S214024810019317F098FAB24B21461A88B14BD20090
S2140248201868F8F7DBF80DF11600FFF799FF002E6F
S2140248303CD1DFF8B8924FF0000B0125D9F80040C2
S214024840019B9C4239D3BBF1000F39D1002DF2D027
S214024850D9F80040DFF898A225462246019B9A42E4
S21402486073D302230DF116003B70FFF779FF002E7B
S21402487040F08F80D9F800603246AA4280F0A280CB
S214024880908816F0FBFF18B10388C3F30E039380DB
S214024890D08816F0F3FF18B10388C3F30E03D38053
S2140248A01046FFF795FE0246E7E79847E3B256F84A
S2140248B023300134002BF8D1BBE7BBF1000F3ED00A
S2140248C00BF1FF335FFA83FB16AB03EB8B0252F856
S2140248D0402CB2F9020051880028B1DA4B04AFD45A
S2140248E0924641F48040931D2AF8020F02933AF84A
S2140248F0020F16F0C3FFF0B1B0F902E0B0F802C042
S214024900BEF1000F17DB6FEA4C4C6FEA5C4CA0F866
S21402491002C00390FFF770FEBBF10F0F8FBF00259A
S21402492016AB039A03EB8B009EBF0BF1010340F814
S214024930402C5FFA83FB029B9A45D8D180E720463B
S214024940FFF746FE22460446C3E7104613F024FA53
S2140249508346B2F90200118800280AEA010108DA41
S214024960204616F081FF084381B204EB4B0402EBAB
S2140249704B0510461180FFF72BFE02466EE798475E
S2140249805FFA8AF356F823300AF1010A002BF6D1B1
S21402499070E74FF0000AF3E73046FFF719FE82464B
S2140249A07EB1B6F902307188002B0ADA3088C0F37D
S2140249B00E0016F063FF864203462DD1C1F30D01A9
S2140249C071805646AE42E7D3DFF81CA117F0C0F955
S2140249D000210646504613F030FA16F04FFF054601
S2140249E0002800F08780304617F0ADF9284613F00D
S2140249F0D3F90646204616F037FF81467600324641
S214024A0029462046F7F794FE002249460DF1160085
S214024A1017F0DFFB3444D9E71BD9304613F0BCF954
S214024A20C1F30D01420071801846314692B2F7F783
S214024A307FFEC6E75046FFF7CBFDD146854203D937
S214024A40B0F90230002B01DA824603E0FFF7C0FD20
S214024A50F4E7B146554507D9BAF80000C0F30E0090
S214024A6016F00CFF8245E5D3B9F1000F30D0B9F845
S214024A700000C0F30E0016F001FF034638B93346B5
S214024A80CB46994513D8B1459BD0D946ECE7484664
S214024A9013F082F9B9F802204946C2F30D02A9F8CA
S214024AA00220420092B21846F7F742FEE7E718469F
S214024AB00193FFF78DFD019B9B46854203D9B0F912
S214024AC00230002B01DA0346DBE7FFF781FDF4E74D
S214024AD0CB46DAE7565C0020A66300203857002053
S214024AE0545C00202C570020585C00203C570020C5
S214024AF00080FFFFBDF816303870A8F80030044B6F
S214024B0030461C6017F01FF917B0BDE8F08F00BFE3
S214024B10385700202DE9F041054616F0AFFE0F4645
S214024B200446D8B117F03FFB20B940F2FB412048BB
S214024B3015F0CEFA284616F0DBFE05462046FFF7AD
S214024B4047FDBD42064609D004D840F20351184834
S214024B5015F0BEFA2588ED0B02D02781BDE8F0815C
S214024B606780204613F018F9074604EB400817F052
S214024B70EFF8104B1A68B2420AD1C3F8008017F059
S214024B80E2F82A464046BDE8F041FF21F7F726BF85
S214024B90A6EB0806B5B217F0D6F8072DF1D9002312
S214024BA0083D44F81730C8F80430A8F80250D5E794
S214024BB0EE6604003857002038B517F0C9F8002111
S214024BC00546044813F039F90446284617F0BBF8A0
S214024BD0204638BD585C0020024B1888B0FA80F098
S214024BE040097047585C00202DE9F74F04460088BC
S214024BF01F4616F043FE88461546064617F0D3FAB9
S214024C0020B940F2FE613F4815F062FA3388DB0BAA
S214024C10009306D033892B443381002003B0BDE8CD
S214024C20F08F208816F064FE82463046FFF7D0FCEE
S214024C30019017F08DF8DFF8D0B0019BDBF800206A
S214024C4081469A421DD1FFF725FDA84204D2484666
S214024C5017F079F81A20E1E70AEB050373803FB1F3
S214024C60208816F029FE2A4641465044F8F754F8A2
S214024C703046FFF7ADFCCBF80000484617F063F865
S214024C80CBE717F060F8208816F032FE2844009929
S214024C9080B216F085FE06460028DBD016F00CFE23
S214024CA08146208816F008FE8246208816F020FEEE
S214024CB0514602464846F8F72FF83046AFB116F08E
S214024CC0FBFD0746208816F013FE2A464146384466
S214024CD0F8F722F80121208816F026FE0121024666
S214024CE0304616F035FE268097E716F0E5FD80463C
S214024CF0208816F0FDFD2A4639464044F7F76EFE38
S214024D00E8E700BFEE660400385700203421014869
S214024D1015F0DEB902670400036910B55BB182685C
S214024D20064B9A4201D1002010BD446917F0FEF8E6
S214024D30201AF9D5F7E74FF0FF30F5E70D4D0200E0
S214024D4082681C4B70B59A420446056819D116F063
S214024D50FFFF236923B1A34206D100222A601A610B
S214024D60BDE8704016F0EFBF1A4611461269A2421D
S214024D70FBD12A68A24208BF29600B610023236187
S214024D80EEE7036993B198426E6803D19D210A4803
S214024D9015F09EF92B46B44209D122699D4218BFEE
S214024DA01A614FF0000308BF6A60236170BD334684
S214024DB03669F0E70D4D0200026704002DE9F04760
S214024DC0074600254FF0010A154EDFF858808AB0D4
S214024DD0347914B90AB0BDE8F087D6F8009087B9DE
S214024DE000972A46B8F80010234603A817F080FA60
S214024DF02246484603A9E9F7A1F92544EDB208364A
S214024E00E6E7224603A94846E9F76CF9CDF800A082
S214024E1023462A46B8F8001003A817F069FAECE70A
S214024E2008B404005A5C00200148FFF799BC00BF92
S214024E305A5C00209C46174BF7B50546084619886B
S214024E40164611B1144B1C78CCB101466246304668
S214024E50BDB103B0BDE8F040E9F744B91C44E4B282
S214024E6008373B79002BF0D03A689642F6D185F0A7
S214024E7001052246009517F03BFA03B0F0BD074F36
S214024E80EFE7E9F75BF9B0B203B0BDE8F04011F026
S214024E9058B900BF5A5C0020556D002008B40400C3
S214024EA010B5074C238843B10020FFF787FF002088
S214024EB0FF22044B20801A7010BD0220FCE700BFC0
S214024EC05A5C0020556D0020142810B518D8082802
S214024ED005D111F0A2F9C401E4B2204610BD0E2895
S214024EE002D111F09DF9F6E7064B53F82040002C4C
S214024EF0F3D00A282478F0D105F0A0FE0443EBE7AD
S214024F00FF24EAE758B40400014BB3F86800704780
S214024F107C56002000487047E6560020014B187861
S214024F20704700BF00630020014B1870704700BF37
S214024F3000630020194B022810B5187002D00438FE
S214024F4001281BD8164B1B78042B03D000211548CA
S214024F5016F09EFD144B1B689A001BD513F0805F5B
S214024F6040F6114418BF4FF44164204611F0ECFCA1
S214024F7090B92046BDE8104011F0E1B80948FFF7A5
S214024F80DFFE0A48FFF7DCFE162413F082F911F062
S214024F90D5FCEAE71524E8E710BD00BF046300204D
S214024FA005630020FC6A0020284800209447002061
S214024FB0024B187800F00F00704700BF0463002011
S214024FC0034B187800F00F00831E58425841704772
S214024FD00463002008B513F047F9C0B113F05DF979
S214024FE0A8B10AF0A7FF90B90A4812F0EFFE70B116
S214024FF0094812F0EBFE50B111F017F938B111F072
S214025000A5FC20B9BDE80840044812F090BF002075
S21402501008BD00BF5C5C00208E5C00204457002068
S21402502030B505460C4693B081B910B9002013B0CE
S21402503030BD1023214A69460120FFF7FBFE9DF88A
S21402504005305A1E052A28D91720F0E71822002113
S2140250502046F7F7C3FC002DEBD1FFF7B1FF30B3C4
S21402506010F0ABFF6A4601460020FEF7A5FEBDF82B
S2140250700430204623819DF80230A3729DF800304A
S214025080E37213F090FA002304F11401237304F17F
S214025090100003F0CBFDE081C8E7094A9DF8041032
S2140250A012789142D0D12B70002CD6D1BEE7054B98
S2140250B01B78033B022BD3D9C6E700BF64EE010080
S2140250C02C6D00200463002030B593B005460C46D4
S2140250D0FFF776FF20B90C4B1B78033B022B10D848
S2140250E010F06BFF6A4601462846FEF765FE002072
S2140250F09DF80230607023709DF80030A37013B0E4
S21402510030BD1720FBE700BF04630020054B18786C
S214025110012805D000F0FD00A0F1310358425841A5
S214025120704700BF046300201FB50146002201A895
S21402513016F07EFD064801A917F0A8F820B116F071
S214025140BBFB4089C0F3400005B05DF804FB00BF1E
S214025150D26C002030B585B00D460022014601A86B
S21402516016F066FD084801A917F090F850B116F03F
S214025170A3FB0446014608222846F7F7D9FA6089B7
S214025180C0F3400005B030BDD26C0020F8B505462D
S214025190F8B100210F4817F016F80446A8B10D4FD3
S2140251A0204616F089FB064616F02EFD830705D428
S2140251B0082229463046F7F763FC38B121463846BE
S2140251C017F025F804460028EAD10024201E18BF4E
S2140251D00120F8BDD26C002010B50C4601460648E8
S2140251E017F054F830B116F067FB43891C4214BF1F
S2140251F00120002010BD00BFD26C00201FB514464F
S214025200024601A816F014FD074801A917F03EF859
S21402521040B134B116F050FB142201462046F7F78F
S21402522087FA012004B010BDD26C00201FB50146DB
S214025230002201A816F0FCFC094801A917F026F87E
S21402524058B116F039FB4389024613F0020004D027
S214025250507B80F00800C0F3C00005B05DF804FB88
S214025260D26C0020F7B59DF824400D4601949DF8B7
S2140252702040064600941F4614F032FA4FF6FF719D
S2140252808842044610D0BB0711D4284600F056FFC9
S214025290204617F022F8FF281FBF084A32F81030BF
S2140252A023F4804322F81030204603B0F0BD0246B5
S2140252B02946304612F0D1FEEAE700BF2C5C0020F9
S2140252C073B50E460146144816F0E0FF0546D8B1FF
S2140252D016F0F2FA43890446334012D09B0736B2E0
S2140252E00BD5002E09DAA17B437B0289007B019154
S2140252F0012100912146FFF7B5FF638923EA0603E1
S2140253006381628912B1012002B070BD294602484B
S21402531012F0B2FDF7E700BFD26C00200148FFF79B
S2140253201FBA00BFD26C002013B53E4C0EF09CF99B
S214025330D4F8FC311020C3F307430193FFF7C4FDF2
S214025340000650D50020FFF7BFFD01064BD5019B96
S214025350802B3ED1236A9A0704D440F61544204691
S21402536002B010BDE3699B07F7D52F4811F01CFE6B
S214025370012012F0ECFB0EF08AF904460028EED16A
S21402538000F042F9294812F0ACFD00F099F9E7F76F
S21402539055FE0EF068F908F003FF08F055FFF4F723
S2140253A0ADF9F4F74BFAF4F765FA03F0DBFD10F00B
S2140253B036FF10F037FF11F0CCFA1D4814F099F9B9
S2140253C006F08CFA11F088FA0028C8D011F086FA96
S2140253D0C5E7019B812BC0D1D4F80C315B00BCD54C
S2140253E0D4F80C31BFE71020FFF76EFD0006BCD4E0
S2140253F00020FFF769FD0106B7D5019B802B05D17A
S214025400084B1A6AD207A8D5DB69ACE7019B812B49
S214025410A3D1044BD3F80C21002A9EDAD3F80C3120
S214025420A1E700BF0080E00F690345EC4457002067
S2140254302951020010B512F029FF70B301F0E0FA0C
S21402544080F00104E4B20020FEF724FC44EA800463
S21402545024B212F009FF10BB02200443164816F0CD
S214025460E0FE44EA4014154816F0DBFE24B244EA95
S2140254700014134816F0D5FE24B244EA80141148EC
S21402548016F0CFFE24B244EA40240F4816F0C9FEB6
S21402549024B244EAC02080B210BD0124D3E70B48F0
S2140254A012F094FC0028D7D0094812F08FFC80F046
S2140254B00100C0B24000D0E73C6B0020206C002008
S2140254C02C480020A06B0020006C00205C5C0020B2
S2140254D08E5C002008B501F07FF8FEF709F8144844
S2140254E012F074FC08B904F025FF124812F06EFCA4
S2140254F008B906F0DDF902F095FF0F4812F023FD19
S2140255000E4B1B78043B022B09D80D4816F089FE79
S21402551028B1FFF78FFF102801D107F0E1FC10F049
S21402552086FE12F0A9FDBDE808400648FFF75AB904
S2140255305C5C00208E5C002044570020056300203F
S214025540206C0020D0B40400014B1868704700BFDE
S214025550785600204FF6F77370B5984204460D460B
S21402556086B043D812F096FDA04207D10822204901
S2140255702846F7F7DDF8002006B070BD1D4EB6F8D7
S2140255806830A3420AD10022082106F16A0012F00E
S2140255900FFD18B9082206F16A01E9E784B1002373
S2140255A0012219462046009308F05CFDFF2811D11F
S2140255B02946204608F000FF80F00100C0B2DBE773
S2140255C00D4B1B689B07EAD4284606F0FBFD002815
S2140255D0E5D0D0E702A913F02EFF0028E8D1DDF8C7
S2140255E00D302B60DDF811306B60C4E70120C3E795
S2140255F0A76300207C56002028480020014B187024
S214025600704700BF2C6D002010B5054C08222146BD
S2140256100448E8F767FD204612F076FD10BD00BF8D
S214025620A763002034B608C000487047A76300206E
S214025630082208B50349F7F723FAB0FA80F04009C2
S21402564008BD00BFA7630020014B1870704700BF5B
S214025650F8620020F7B50D46044616461F4600219E
S214025660284601F061FD0B4B002183F859402A467B
S2140256703346204600970AF03FF9014630B102222F
S214025680204603B0BDE8F04000F006B8012003B0A3
S214025690F0BD00BF7C56002013B513460C461AB167
S2140256A0022A0CBF134601230021044A01910092EC
S2140256B02246FEF71DFC02B010BD00BF6F8303003A
S2140256C000B5002093B0FEF78FFB1E4B188814F02F
S2140256D011F81D4B1D491A7800200AF091F9342260
S2140256E000216846F7F77AF90B238DF800306FF43D
S2140256F0803301934FF6FE73ADF8103003238DF816
S2140257001D30134B134A0893134B10680993134B1F
S21402571051680D93124B6A460E93124B0F93124B1F
S2140257201093124B119302AB03C300210846FEF7F7
S214025730F9FD6A4601210020FEF7F4FD13B05DF87C
S21402574004FB00BFBE6C00203B6D00204C780400BA
S214025750695B0200A76300200B81030051880200E8
S214025760115D02007D9702006F83030081840200B0
S214025770014B1878704700BFAF630020014B1888B2
S214025780704700BFD66C00202DE9F74F81461046C1
S2140257900E46904616F0A7FCDFF840B105469BF889
S2140257A0003033B94A4B1B681BB94A4B1B68002BA7
S2140257B07FD015F4406A05F040071BD19FBBB5F5B4
S2140257C0804F61D24FF48074B9F1400F73D0B9F1B3
S2140257D0800F63D0B9F1100F6BD100239BF8000045
S2140257E03D4AD9B2884264D932F8021B0133A1423B
S2140257F0F7D166E008F1030016F075FC4FF6FF736A
S214025800984214BF0124022487B1052705F44043B9
S214025810B3F5004F44F0080425D0B5F5804F24D2E6
S21402582044F4807421E054460327EFE7B5F5804F31
S2140258304FF00507F4D3BAF5406F14BF02200820D4
S2140258403844404416F04FFC019012F040FC019B95
S21402585005F4404598420CBF44F0080444F00404A2
S214025860B5F5004F01D144F08004BAF5006F0FD1B0
S21402587008EB070016F037FC054612F00BFCA842B0
S214025880A2D144F010049FE7544603270220D7E72C
S214025890BAF5406F08BF44F0200495E70C4B1B682E
S2140258A03BB10022D1B233F8110033F911100029AE
S2140258B003DA002008E0074BF1E7A04202F10102FA
S2140258C0F0D106B13480012003B0BDE8F08F00BFEE
S2140258D05457002058570020AC5C0020E863002094
S2140258E0034B1A78022A04BF09221A70704700BFB7
S2140258F0B06300200C22034B1A211A7003200022E8
S21402590001F090BDB06300200C2208B5054B1A21A9
S2140259101A700022104601F085FD0022024B1A6022
S21402592008BD00BFB0630020605700200C2270B58F
S2140259300D4B05461E781A7030B93046BDE87040E9
S21402594000221A2101F06EBD084B1C78E1B21A291A
S214025950F3D825FA04F3DB0703D54422304601F0D8
S21402596061FD0134F2E700BFB0630020576D0020EE
S2140259700C22024B1A7010F0E2BF00BFB063002088
S214025980F0B50C8805460E468BB0E4B94FF6FF77A5
S214025990ADF8247010F0E8FF10B902200BB0F0BD8D
S2140259A0CDE90340CDE90544134A0294B2F85C30CF
S2140259B06032019300923B464CF60101FF2009AA91
S2140259C013F0B3FE3080284612F0AAFC0B4C70B1DE
S2140259D0237863B1013BDBB22846237012F0A0FCA9
S2140259E038B12078B0FA80F04009C0B2D6E7052375
S2140259F0F2E70120F9E700BF7C560020566D002032
S214025A00034B11461B6803B1184710F058BB00BF82
S214025A10605700200C22024B1A7008F039BF00BFF4
S214025A20B06300200148FEF79BBE00BF5E5C00200C
S214025A307FB505460C46164616F068F900286BD167
S214025A40062D03D85223EB40DB071AD4B4F1006FBD
S214025A5005D3E30E1C3B032B18D94F202EE0002261
S214025A602F4B1A602F4B1D7012F0C8FA03460A2DF0
S214025A7054D8DFE805F02D183E491825185353412F
S214025A80360002F0A3F8B4F1006FE2D20022244BF3
S214025A90042D1A60234B1D70E6D1022001F0B6F9E0
S214025AA012F0ACFA0346012202921F4A01921F4AE2
S214025AB000921F4A314620460AF078FA04B070BDBA
S214025AC0314620461B4A04B0BDE870400AF056BA7A
S214025AD031462046184B194A04B0BDE870400AF019
S214025AE031BA00220292164A0192104A0092154AD0
S214025AF0E0E702220B4B1A7000221046124904B04D
S214025B00BDE87040FEF7BAB9002202920F4A01922F
S214025B10064A00920E4ACDE74D20CFE70120CDE798
S214025B2060570020B06300202D590200695B020016
S214025B305B830300155A020009590200015A02004B
S214025B407159020081590200E1580200F55802001C
S214025B501D83030008B50AF059FA0C22014B0020F7
S214025B601A7008BDB0630020F0B585B0ADF8060027
S214025B7018B97621644814F0ABFABDF8060012F0A4
S214025B8008F80446BDF8060012F003F8082846D0C6
S214025B900C2CBDF8060042D112F0EBF8074616F0C0
S214025BA0A2FA0DF10F010646BDF8060010F025FB1D
S214025BB0002879D009220021384615F0BDFD9DF84F
S214025BC00F301033C518BDF8060015F091FEEDB281
S214025BD0854269D22946BDF806000AF025FB06F47E
S214025BE04C4416F44066054614D0F81C16F07BFAB0
S214025BF04FF6FF73984208BF44F04004B6F5006FB4
S214025C0008D1781D16F06FFA4FF6FF73984208BF58
S214025C1044F010049DF80F305BB3072D44D1BDF855
S214025C20060011F0ACFF0446BDF8060011F0B1FF05
S214025C30082817D0A30615D524F0200189B2BDF88E
S214025C40060011F087FFBDF8060012F092F8002158
S214025C50092215F071FD00F1100189B20DF106005E
S214025C6013F08CFE0022BDF80610284816F0B1FA92
S214025C701AE0082D16D8BDB1013D072D14D801A390
S214025C8053F825F0E15C0200ED5C0200A95C02001C
S214025C90AD5C0200A95C0200F95C02001F5C020017
S214025CA0FF5C02007C2D24D005B0F0BD24F48844AD
S214025CB0A4B2B4F5084FF7D1BDF8060011F064FFA0
S214025CC0BDF8061013F01BFD0028A8D0BDF806008C
S214025CD011F0B2FF00220146022016F0CBF9E3E7EC
S214025CE024F48064A4B2B4F5484F97E7B4F54C4F59
S214025CF094E7B4F54C4F92D04CF6500301E04CF6C4
S214025D0040439C428AE700BF106704005C5C0020A8
S214025D102DE9F7430F4690469946064615F0CCFD08
S214025D200446304615F0E4FDC5B2083D2C44E17841
S214025D30094BA2781970094B31461A700020434667
S214025D403A46CDF800900EF018F9003818BF012038
S214025D5003B0BDE8F08300BFCA630020C963002019
S214025D602DE9F04FDFF84081DFF8409198F80020E7
S214025D7099F8003006469A4285B004D340F21911CB
S214025D80424814F0A5F930460DF10F0115F068FFF0
S214025D9020B14FF48E713D4814F09AF998F80070CD
S214025DA09DF80F403D1B15F0FF0530D04FF0FF3C2D
S214025DB0374B01211B78A140184699F800304FF660
S214025DC0FF790CFA03FC0023324A01F1FF3E0193ED
S214025DD0C1F1000A9DF80430984243D8122004FB11
S214025DE000002D4BA0F1120105EBC502520019442A
S214025DF004F101091844F6F79BFC4FEA8909274883
S214025E00A9F104010144AA004844F6F791FC22498C
S214025E1004EBC40201EB420321F81260204A013768
S214025E2012784FF6FF71DA731A745A7412025A8095
S214025E301C4A0D2012781A7110225A7100229A7387
S214025E40C3F80620C3F80A20144B43F8242088F827
S214025E50007016F00FF90EB913F0B0FA204605B02E
S214025E60BDE8F08F13884B450AD053680AEA030B45
S214025E7003EA0E030B4403EB4B0343EA0C035360A3
S214025E80019B083201330193A4E700BF2367040095
S214025E90386D0020F8450020F85B0020F44500200D
S214025EA0CA630020B1630020FE620020366D002027
S214025EB010B5074C2046FEF743FF04F06BFB02F0DA
S214025EC0DDFE2046BDE810404FF47A5115F0E0BDE5
S214025ED0FC6A00202DE9F041074600250A4B0B4ECE
S214025EE093F80080ECB2A04503D8FF242046BDE814
S214025EF0F08108223846B11DF6F7C2FD01350028AA
S214025F00F4D01236EEE700BFFE620020F85B0020F7
S214025F1007B50DF1070115F0A3FE30B19DF8073065
S214025F20034803EBC30300EB430003B05DF804FB36
S214025F30F85B00202DE9F843294E044633785D1EAF
S214025F402D1A8342EDB204D84FF4A171254814F0FD
S214025F50BFF80123A3404FF0FF305F1E3B440021F1
S214025F604FF6FF7E6FEA03081F4A92F800C01F4AE8
S214025F70127890401E4ACBB29C4523D8BDB127B2B8
S214025F8004EBC4041B48640005EBC50204F11201CD
S214025F90014452002044F6F7CBFBBF001648AA0085
S214025FA0391D014402F0FC023844F6F7C1FB33788F
S214025FB00022013B33704FF6FF71BDE8F8430E2016
S214025FC016F058B81388734507D0536808EA0309D1
S214025FD03B4003EB59030343536008320131CAE7DF
S214025FE0FE62002023670400386D0020366D002014
S214025FF0F8450020F85B0020F445002010B50A4C56
S214026000207858B9094B1B781A2B03D999210848CE
S21402601014F05EF80322074B1A7010BD0138C0B2A6
S214026020FFF788FFECE700BFFE620020366D002017
S21402603023670400FA6200202DE9F047054616F0B1
S2140260403BF9FF28044624D1DFF884901E4B99F8CA
S21402605000201B789A422BD22846BDE8F047FFF76D
S2140260607FBE38883B79504518D86F2B4FEA1312FB
S21402607014D85B0710D0123708F1010899F80010FF
S2140260805FFA88F6B142ECD80023104ADEB28E429E
S21402609014D32046BDE8F087022AECD913F0FFFAA3
S2140260A00028E8D129463046BDE8F04712F079B913
S2140260B04FF000084FF6F77A044FDFE71079013306
S2140260C08F28EFD81232E1E7366D0020F85B002009
S2140260D0FE6200204FF6F773984210B514D8FFF709
S2140260E0ABFFFF2810D0134C00B200EBC00004EB4D
S2140260F040040EF054F9104938B962880B7802EB66
S2140261000313A3EB1213638010BD227C637C097811
S2140261109A42E2732374617407D98B4203D2134600
S2140261208B4228BF0B461B02EDE78A42F8D3134682
S214026130F9E700BFF85B0020CA6300202DE9F041B2
S21402614006460F4600240E4DDFF8388098F80030D9
S214026150A34201D8BDE8F081082229463046F6F768
S2140261608FFC40B935F8063CBB4204D02046FFF708
S214026170E1FE013CE4B20134E4B21235E6E700BFC8
S214026180FE5B0020FE620020F8B5054608460E4675
S214026190FFF7A0FEFF2830D01D4B294653F820708B
S2140261A03046FFF7CBFF2846FFF746FFFF28044698
S2140261B025D113F08FFAFF280AD1164C207838B171
S2140261C00FF0FEFE2378B0FBF3F202FB1300C0B220
S2140261D0294612F0E6F8044623B20F4D03EBC3033A
S2140261E005EB430508223146A81DF6F7A1FA2B79DE
S2140261F0204603F00F032B71F8BD0027D3E7074BA9
S2140262001B78002B18BF0027014B43F82070E3E7EA
S214026210F4450020366D0020F85B0020586D002003
S21402622038B50B4B04461B780D46834204D840F221
S2140262305A21084813F04CFF074804EBC40400EB4D
S21402624044002946BDE8384008220630F6F770BA00
S214026250366D002023670400F85B002070B5044604
S21402626008460E4616F028F8FF28054610D02046A7
S214026270FFF730FEFF2807D0084B1B7823B9084BE0
S21402628053F8202043F8252021462846FFF7C8FF6A
S21402629031462046BDE87040FFF750BF586D0020DB
S2140262A0F44500202DE9F8430024804601272646BF
S2140262B0114DDFF84C9099F80030A34210D83E43B7
S2140262C00134E4B21A2C4FEA470705F11205F2D15F
S2140262D04FF0FF30094B1B7898403043BDE8F883F7
S2140262E02B884345EBD0284612F0A4F80328E6D8BC
S2140262F02B796F2BE3D8E3E7F85B0020366D00209E
S214026300FE62002010B5084C00EBC00004EB40040F
S21402631023795B0707D1204612F08CF8237923F005
S21402632007031843207110BDF85B00200022084BBB
S2140263301878084BD1B2884203F1120300D870478E
S21402634013F80D1C013221F0100103F80D1CF1E7C1
S214026350FE620020F85B00202DE9F0470226122795
S214026360DFF85C90DFF85C8099F8004000250CE0CE
S21402637007FB05F338F803A00021504612F06FF829
S21402638010B15CB1013CE4B2013599F80030EAB2D2
S2140263909342EDD8A34204D14FF6FF7A5046BDE8A9
S2140263A0F0870FF00DFE99F80030012EA3EB0403E0
S2140263B090FBF3F202FB1300C4B2EDD00126D5E740
S2140263C0FE620020F85B0020034B00211A78034887
S2140263D09200F6F703BB00BF366D0020F44500209E
S2140263E010B5134B0C461B7886B0834212D911495E
S2140263F000EBC00001EB4001082220460631F6F70A
S21402640097F900220821204611F0D2FD80F0010003
S214026410C0B206E0C01A01A9C0B213F064F910B106
S214026420002006B010BD01AB03CB20606160E8E738
S214026430366D0020F85B002008B5074B024653F87D
S21402644020308B4206D915204FF6FF7115F012FE4A
S214026450002008BD0120FCE7F4450020024B013174
S21402646043F82010704700BFF44500202DE9F3479B
S21402647081460C4600272A4EDFF8ACA09AF8003078
S214026480FDB2AB4210D86946204613F045F9C0B3B8
S214026490082269464846F6F7F3FA90B3494620467C
S2140264A012F083FAFE2537E006F106080822414676
S2140264B04846F6F7E5FA90B94FF6FF739C422BD0A2
S2140264C03388A34228D0204615F007FFFF2814D1B0
S2140264D04946204602B0BDE8F047FFF755BE14B95C
S2140264E012360137CAE73388A342F9D100220821BF
S2140264F0404611F05DFD0028F2D12846FFF71AFD4E
S214026500CCE74946002015F0E6FEFF28054603D0F4
S214026510044B1B780344DDB2284602B0BDE8F08780
S214026520F85B0020366D0020FE6200200F4B1B78C1
S21402653083420CD8C01A0E4AC0B232F81030D904C0
S21402654011D443F4805322F8103001207047094BCF
S21402655000EBC00003EB40035A79D10603D442F0A5
S21402656010025A71F1E70020704700BF366D002016
S2140265702C5C0020F85B0020F0B5134B06461B7817
S214026580FBB100251148DFF84CC090F800E0104837
S21402659007781F44E8B2864501D80020F0BD7C1B70
S2140265A094FBF3F003FB10440CEBC4003CF83440BD
S2140265B0B44204D1002AF1D184788C42EED001355F
S2140265C0E8E71846EAE700BF386D002014480020C6
S2140265D0FC620020F845002070B50DF036F8142550
S2140265E00F49104E0B78328830809B1A03449BB2B8
S2140265F0B3FBF5F405FB14330B700B49E2B20B78D0
S214026600934292BF00239B1ADBB2032A0B7088BF09
S214026610002306499EBFD2000B68D3400B6070BDB4
S214026620B3630020605C0020FB6200201448002058
S214026630084B1868084BC2B21B789A4208D2074B1E
S214026640C0F307201B78984234BF00200120704711
S2140266500120704714480020386D0020B2630020E5
S214026660F8B505461746FFF7E3FF064610B9184B7E
S2140266701A783AB9212001224FF6FF7115F0FAFC7A
S2140266800020F8BD1348DFF854C003780133B3FB8B
S214026690F2F402FB143303700F48DCF8002000EB20
S2140266A0C30420F8335002F10132A1703846CCF808
S2140266B00020FFF7F7FDE670606011F0EBFCA842E1
S2140266C001D10120DDE7E3780133E370F9E700BF8B
S2140266D0386D0020FC620020F84500201448002097
S2140266E010B50B4C0B4A2378063B13700CF0ADFF2B
S2140266F00022094BFF211880084B09481A602278AD
S214026700D200F6F76BF90422064B1A7010BD00BFD2
S214026710386D0020B2630020605C00201448002020
S214026720F8450020FB6200202DE9F843074615F0E5
S214026730FDFB05461A4815F074FD1A4B48B31C6853
S2140267403C1B2C44A4B20022174BDFF864901B7843
S214026750164D99F8006005EB03155FFA82F8464578
S21402676009D9AB8805F11000A34215D9B21A2946F9
S2140267701201F5F7DDFF013689F80060AC80B8F14A
S214026780000F03D13946064815F082F92846BDE8BF
S214026790F8833C461D60D6E705460132DDE700BFBA
S2140267A01C6B002064570020B5630020F4440020D0
S2140267B0B66300202DE9F74F15F0B8FB4FF0000E38
S2140267C0284D294F2978294C97F800A004EB01138D
S2140267D003EB0A120092F3465246DFF898801FFA3D
S2140267E080FC0646B8F80000ACEB0009A0EB0C00F3
S2140267F01FFA89F901900098984217D1BEF1000F4E
S21402680000D02970524503D200203A70FDF7DEFA16
S2140268103B7823B32B78164804EB0314A188C8F8F8
S214026820006003B0BDE8F04F15F032B9B3F804C00B
S214026830CC450FD84FF0010E93F802C001310CF18F
S214026840FF3C013AA3F804B083F802C0C9B2D2B240
S2140268501033D0E701988444A3F804C0F8E703B0E5
S214026860BDE8F08FB5630020B6630020F444002034
S2140268701C6B0020645700207FB56C461E4B1F4DD4
S2140268801E78013EF6B21E7095E80F0084E80F00EF
S2140268901B4B28461A7805F1100132441201F5F70F
S2140268A047FF9DF8026016F00F0511D1BDF80800EB
S2140268B009F02CFE360918BF29464FF00002BDF833
S2140268C0000008BF039904B0BDE8704002F022BD84
S2140268D0BDF80400FFF728FF0346828804ADADF832
S2140268E00420224603CAAA4218605960144603F1DD
S2140268F00803F6D104B070BDB5630020F44400204E
S214026900B6630020F8B50024084D094F094E3B78BF
S2140269103178E2B20B449A4204F1010400DBF8BD7E
S2140269202846FDF71DFF1035F1E700BFF4440020AE
S214026930B6630020B563002070B5134B06460D46BD
S214026940104612491A78124B09781B780B44934268
S21402695006DB1F204FF6FF7115F08CFB002070BD82
S214026960FFF7E2FE013506808570044615F0D9FA77
S214026970E08009F0D1FD40F602432081E36000206A
S214026980FDF724FA0120EAE7356D0020B663002001
S214026990B56300202DE9F84386460023144FDFF83E
S2140269A05C803E7898F8005012497219DCB2944224
S2140269B01CDA4FEA041C31F80C900133F14501EB66
S2140269C00410F3D1631CD21A0CF1100C12016144AC
S2140269D0F5F7AEFEA5428BBF05F1FF3506F1FF3691
S2140269E088F800503E700CB9034B1C70BDE8F88363
S2140269F0B6630020F4440020B4630020B563002090
S214026A00044B054A1B781278D3420CBF01200020A3
S214026A10704700BFB5630020B6630020024B1878AB
S214026A20003818BF01207047B5630020002108B562
S214026A30084B09481970094B1970094B1970094B14
S214026A401A781201F5F7CAFFBDE808400648FEF7B5
S214026A5077B900BFB6630020F4440020B563002077
S214026A60B4630020356D00201C6B002010B50B4C63
S214026A7023784BB10A4802F03BFD58B1084B01217E
S214026A80188811F0F9FB08B9002010BD0122054B49
S214026A901A70FAE7FFF7F0FEEAE700BFB5630020D8
S214026AA0F4440020B463002010B50E4B1B78BBB133
S214026AB00D4C238883424FF0000311D10B4AE1604C
S214026AC0137049B9A3781033A37011F09FFE18B95A
S214026AD0A37823F00F03A370FFF7CEFE012010BDAC
S214026AE01846FCE7B5630020F4440020B463002097
S214026AF070B592B00C4606460FF05FFAE17A05468C
S214026B000020FCF733FE28B394F90A0011F05BFA72
S214026B1010BB134BE27A294683F85820A27A83F8F0
S214026B205A206A46FDF748F94FF6FE739E420CBF9E
S214026B304FF6FF7323896A4629460020ADF80660A1
S214026B40ADF80430FDF7EEFB40B92289054B5A80BA
S214026B5012B070BD5520FBE75620F9E72120F7E773
S214026B607C5600206857002010B5044601460822CD
S214026B700948F5F7DDFD237B022B0AD8002B14BF4C
S214026B803122012205490B7017234B61044B1A7000
S214026B9010BD00230122F5E76C570020685700203D
S214026BA004630020014610230120014AFEF742B981
S214026BB064EE0100014B5861704700BF6857002021
S214026BC0014B1878704700BF6857002010B5054C77
S214026BD02378112B03D0E221034813F079FA4123DC
S214026BE0237010BD046300202E670400064B014686
S214026BF01B78042B04D1054A137E0533137670479F
S214026C00034814F045BF00BF056300206857002004
S214026C103C6B002008B50648FDF7A2FD0548FDF7C7
S214026C209FFD0FF0F9FABDE8084000F0EBBF00BF89
S214026C305C5C00208E5C0020064B1878332806D059
S214026C4000F0EF00A0F1430358425841704701207C
S214026C50704700BF04630020002208B5074B4FF6BA
S214026C60FE701A7011F022FA4FF6FF7011F03BFA1E
S214026C70034B5869BDE808400FF061BA0463002070
S214026C806857002008B5064B187838B10548FEF755
S214026C9043F84FF47A73B0FBF3F0C0B208BD00BFFE
S214026CA0F9620020D44700202DE9F0438BB0074656
S214026CB0154698460E469DF8489049B9104605ACCA
S214026CC015F00BFB214612F00EFD172818BF2646BC
S214026CD0B9F1000F0AD1124B1B781BB9284612F0E5
S214026CE01FFDD0B92846FEF7A1FA02E0284612F0A8
S214026CF017FD80F00104E4B29DF850302A46029354
S214026D009DF84C303146CDE900933846434603940D
S214026D1011F0F6FB0BB0BDE8F0834C46ECE700BF83
S214026D20006300200022014B1A7670476857002045
S214026D3008B50020FEF788FC0023024AC2E90133A8
S214026D40538008BD6857002010B5144B1B78033BD0
S214026D50012B16D8124BB3F868204FF6FF739A42EF
S214026D600FD10320FEF7E6F801F052FFFFF7E0FF2F
S214026D70002014F097FC78B1BDE81040002011F016
S214026D8006B8FEF7C7F80446FEF7BEF801462046E8
S214026D9007F01AF80220E5E710BD00BF05630020E1
S214026DA07C56002008B5114A114B58611378032B04
S214026DB01BD0D3B1332B01D0432B10D10D4B1B78F4
S214026DC0033B012B05D803231370BDE808400FF0E0
S214026DD0B6B90FF0B4F9BDE80840FFF7B5BF2123F6
S214026DE01370BDE8084001F07DBD08BD04630020B5
S214026DF0685700200563002008B50348FDF7A0FF8A
S214026E00FFF796FF022008BDD447002038B5114D83
S214026E1004462B78834218BF28700FF09DFD80B180
S214026E2024B920460FF09AFD02220DE001200FF051
S214026E3095FD2B781A1F012A05D9062BF4D10322B9
S214026E4002E0002CF5D10122BDE8384000210846B8
S214026E5011F096BA0563002030B5044685B0684640
S214026E600D46FFF79FFE94B100212846144A01F012
S214026E70F3FE144B20681B7861688DF80430124BC1
S214026E801B788DF8053002AB03C305F071F90F4B82
S214026E9093F8582093F85A308DF803208DF8023074
S214026EA011F015F9ADF8000011F0F4F81023ADF862
S214026EB0060069460020064AFDF7BCFF05B030BD55
S214026EC000F8FF072C6D0020056300207C5600208A
S214026ED064EE010010B5104B04461A780F4B0020E2
S214026EE083F8582014F0DEFB10B1002010F04FFF9C
S214026EF000210846FFF7B0FF0FF020FD2046FDF701
S214026F0049FA40F617400FF01AF90023044A138094
S214026F10044A138010BD00BFB76300207C560020D1
S214026F20365C0020345C00201FB504466846FFF736
S214026F3039FE54B100238DF805301023694600202F
S214026F40064AFDF777FF04B010BD11F0A3F8ADF8BE
S214026F50060011F0BCF8ADF80000EEE764EE0100A2
S214026F6010B5014604460020FCF700FC90B10C4B1D
S214026F701B78023B032B0FD80A4B1C7014F0C6FE7C
S214026F8060B9094A0949FCF779FF003818BF0120A1
S214026F90800010BD5520FCE70220FAE74D20F8E7F6
S214026FA004630020B763002025980200D56E020015
S214026FB0F8B5064614F0AAFE044668B914F072FB49
S214026FC050B1064D204695F8587085F8586010F076
S214026FD0DEFE10B185F858704D20F8BD7C560020B4
S214026FE02DE9F04180461846033B012B0E46174614
S214026FF002D918B1212438E0FFF708FF274B1D7885
S214027000022D08D0032D46D1B8F1000F03D1244B30
S2140270101B689B073FD43320FDF78CFF01F096FADE
S214027020B6F1006F34BF1F4B052231464FF0060003
S21402703038BF1A78FEF7FCFC044628BB1A4D2873A4
S214027040012000F017FE11F042F868802846B8F1D9
S214027050000F0DD0022300F8043B11F0A4FA6C7363
S2140270602F61394630460EF0AEFF2046BDE8F0816D
S214027070012300F8043B11F096FA6C732F6139462F
S21402708030460EF09FFFF0E72846FDF753FFB8F1B3
S214027090000FF4D0E5E70224E7E700BF0463002010
S2140270A028480020596D002068570020034B1878A6
S2140270B018B9034B034A1B78D05C70470363002061
S2140270C005630020B4B5040038B5437B0446DB07ED
S2140270D003D590F909000FF030FC00250F4B83F81A
S2140270E059502079FFF764FFFFF7E0FF6188248894
S2140270F0034622462846FEF7ADFA044620B117207C
S214027100FFF750FE204638BD1723054DC821054817
S2140271106B6114F0BDFC03232B76F3E77C5600204C
S214027120685700203C6B0020F0B51A4D06460C4608
S21402713093B0A5F8680005F16A0729BBC5F86A107E
S21402714079600EF03AFF6A4601460020FCF734FEEC
S214027150D5F86A30ADF81060CDF812307B68CDF8FD
S21402716016300EF02AFF6A4601460020FDF7DAF8CE
S2140271704FF6FF73B5F86800984203D014B106497B
S2140271800EF024FF13B0F0BD08223846F5F7D0FA09
S214027190D7E700BF7C560020E65600202DE9F041D6
S2140271A0DFF8B8801F4698F8003005460C461646AB
S2140271B01BB102252846BDE8F081531E052BF8D8E0
S2140271C014F0A4FD0028F4D13B7B032B14D14FF618
S2140271D0FE739C4212D1012E09D0022EE9D110F084
S2140271E059FF4FF6FB73984203D810F053FF04463C
S2140271F004E011F0AAFBFAE7012EDAD0EDB939461F
S2140272002046FFF775FC05460028D3D198F80030D3
S214027210332B03D0532B1CBF0E4B18613046FFF79F
S214027220F5FD00214FF6FF70FFF77EFF0A4B1B7835
S214027230002BBFD012F05AFABCE7397B721ECB1E67
S214027240594259415042504105F07CFF05460028FC
S214027250D5D0AFE7685700205A6D0020046300209F
S2140272602DE9F04105460F46904610F013FF6B7B62
S2140272700446DB0703D595F909000FF05EFB10F014
S21402728009FF384B384E188010F021FF374B188014
S214027290FDF73AFE364B1880FDF73CFE0822014603
S2140272A03448F5F745FA10F0B7FE334B18702879D4
S2140272B0FFF77EFE00216888FFF736FFFDF726FF00
S2140272C060B14FF6F672631E9BB2934206D911F076
S2140272D03CFBB6F8683004468342F8D0204610F0ED
S2140272E0E5FE288810F0FFFE4146B6F86800B8476B
S2140272F0044628B91920FFF755FD1920BDE8F0818C
S214027300B6F8681010F07FFC00231C4D86F8593042
S2140273102B7803F0FB03022B02D0204611F0E0F894
S214027320002220461146FFF707FB0446B0B117239A
S2140273306B61134B1B78042B09D1C821114814F03A
S214027340A7FB03232B7684F00100C0B2D6E74FF4E6
S21402735016710C4814F09CFB0023F3E71720FFF786
S21402736021FDF0E7665C00207C560020645C00206D
S214027370625C0020B8630020C063002068570020CB
S214027380056300203C6B0020F0B50C461E460B46FB
S2140273902049074689B004F1140053F8045B83427F
S2140273A041F8045BF9D11B8802AD0B80D4F80E00BD
S2140273B0D4F81210238803C5ADF8103023798DF85F
S2140273C012208DF8133000233A468DF814304FF60B
S2140273D0FE71012002ABFFF7E1FEC8B902A8FFF773
S2140273E0C3FB237B4BB10C4D0C4B01AA2946012053
S2140273F001930FF080FA2A781AB92046FFF764FE46
S21402740003E020460199FFF72BFF08B9044B1E70D4
S21402741009B0F0BD685C002068570020BD850300F7
S214027420C163002001232DE9F341304E05460F4685
S21402743000202F491446737300F0EAFB0FF07FFA20
S214027440DFF8AC8038B9012D01D9042D0FD12146C1
S21402745038460EF038FE1020002112F05FF90028A0
S2140274603CD0002002B0BDE8F041FCF7AFBC002CD7
S214027470F1D1204B1B78212B03D0062B01D0532BA6
S21402748002D101F02FFAE6E7FDF740FE0028E2D02F
S21402749000F0EAFB28B9307BC0F11800FFF782FC47
S2140274A0D9E7154B41462046019300F0B1FB20B1C7
S2140274B040F61901114812F00BFE01AA0B4998F882
S2140274C00C000FF018FA32781AB90948FFF7FCFDDB
S2140274D0C1E701990648FFF7C3FEBCE7FFF79EFA2D
S2140274E00028BED102B0BDE8F08100BF6857002078
S2140274F0685C002004630020BD8503002E6704003C
S2140275001FB5144B04461B88DB0707D44FF6FF70E3
S2140275100021FFF709FE002004B010BD0A230E4A20
S214027520012001A9FDF786FC4FF6FF73BDF80C207B
S2140275309A42EBD00822FF2101A810F039FD00285C
S214027540E4D10CB90120E7E7BDF80C0001A9FFF76A
S214027550EBFDF7E7805C002026E1010038B50C461B
S214027560154610F0A3FD02F053FF29462046FFF70A
S214027570DBFD00F079FB48B1054BDB790E2B28BF0B
S2140275800E230133DBB2034A137038BD0123FAE738
S214027590685C0020CD63002038B51D46FFF7FEFD6F
S2140275A00446C8B92B7B2846032B03D1BDE83840D6
S2140275B011F018B8FFF7D8FA084B25469C8110F050
S2140275C02BFD0121064B81401A780620FEF730FA81
S2140275D0044608B1034B1D70204638BD685700208C
S2140275E0596D00200463002030B5012087B0FFF7F4
S2140275F087FF6B460446144A1068516803C384B971
S21402760004F0C4FD02A8FFF7CDFA4FF6FF75224636
S214027610BDF80E002946FFF7A1FF0EF0DBFC07B00F
S21402762030BD6B46094AD2F86A00D2F86E10B2F83C
S214027630685003C304F0AAFD02A8FFF7B3FA6A462D
S214027640BDF80E00E6E700BF90F003007C5600206F
S21402765037B5324B04461B781BB10224204603B0D2
S21402766030BD14F053FB0028F7D100F00DFB14B127
S21402767022882B4B1A8000210DF10700FDF7D0FC63
S214027680002848D110F080FF04460028E6D1254D98
S2140276909DF80700FFF7BAFB2B78033B012B27D890
S2140276A02046FFF72DFF18B3FFF79EFF00F0FCFE03
S2140276B0FFF74AFB012010F079FC48B9184B1B88EB
S2140276C09A0707D52346052201201749FFF788FCAB
S2140276D00446C3E7154D022329460120144AFDF746
S2140276E0A9FB2B885B07B9D5204600F0F1FEB5E76B
S2140276F02B78053B012BB1D8FFF776FFFFF724FB6B
S2140277002B78052B0CBF04200520FDF713FC012067
S21402771010F04CFCDCE71724A0E700BF046300204F
S214027720805C00200563002000F8FF07325C002022
S21402773027E101007FB50024184E194D3278E3B2D6
S2140277409A4201D804B070BD4FF6FF73B5F86820B0
S2140277509A421AD0134B1B88DB0714D5124AB5F887
S214027760683010685168ADF80C3001AB03C30F4A9D
S2140277700A23002001A9FDF75DFB022300200C4A24
S2140277800C49FDF757FB0134D8E7002208210648CA
S21402779010F00EFC0028F6D1DCE700BF376D0020A3
S2140277A07C560020805C0020E656002026E1010080
S2140277B027E10100325C002010B500F0C7FE01F0A0
S2140277C013FCD8B10E48FDF7BBFA0E480E4C017AF0
S2140277D00E30FFF741FB23781BB100F0F7F90023C8
S2140277E023700022094B1A73FFF7AEFA07F0B8F9B6
S2140277F000F012FFBDE81040FFF79CBF10BD00BFAF
S2140278003C6B0020685C0020C163002068570020A3
S21402781010B52548FDF794FA01F0E6FB30B1234B8C
S2140278201B781BB9BDE81040FFF7C6BF01F0DCFBB2
S21402783078B11F4C237E83B1C8211B4814F028F967
S2140278400021237E0846013B2376BDE81040FCF764
S2140278502BBBFDF75BFC0028EBD1FDF757FC154B65
S2140278601B7858B9112B03D003F0FD03412B19D115
S214027870BDE810400E4B5869FFF794BA332BF7D188
S2140278800D4B188810F012FC0C4B188810F02BFCCD
S2140278900B4B0C491888FFF747FC0B4B1878FFF781
S2140278A087FBE5E710BD00BF3C6B002000630020AD
S2140278B06857002004630020665C0020645C002099
S2140278C0625C0020B8630020C06300202DE9F04F00
S2140278D00F4685B002AD044629463846914612F058
S2140278E0AFF94FF0000B82463846CDF804B010F0E0
S2140278F040FA4678022C804606F0020609D85CB1A9
S214027900FDF704FC0446002848D1754B01241B7879
S21402791065E0043C022C3AD9FDF7F8FB384610F035
S214027920A1F900240546A046DFF8D8A1384610F093
S21402793020FA50F809300DF10500019314F0D3FB3C
S2140279409DF807B00746B8F1000F4DD1BBF1000F06
S2140279505BD0DFF88C9199F800300BB1002E63D023
S214027960002C61D05F4B1B78022B5DD1BBF1000F60
S21402797053D1384610F09AFB58465946FFF76CFA30
S21402798007F0EEF840F607400EF0D9FB34E010F0B0
S214027990EFFDFDF7BBFB0446F8B15C464EB1524B19
S2140279A01B78012B02D0043B012B0BD805B0BDE897
S2140279B0F08F4B4B1B782BB14B4B1B7803F0FB0322
S2140279C0022BF3D0BAF1000F404608BF002512F092
S2140279D02AF94FF001088246A8E7414B1B78002B94
S2140279E0F0D0002EEED1E1E7BAF1000FAED050464D
S2140279F0FDF71EFE0028A9D1002013F053FE002832
S214027A00D4D0002010F0C3F9D0E74FF6F7739F42A8
S214027A109FD91720FFF7C6F9EEE7FDF777FB48B1C7
S214027A203248FDF78DF9F4E7FDF770FB10B1BBF1B4
S214027A30000FF5D1FDF76AFB0028DDD02846FEF7D9
S214027A4049FAFF28DFF89CA0294C03D09AF80030A8
S214027A50012B04D12946B4F86800FEF795FBFEF721
S214027A6051FC2A463846B4F86810FFF777FD214BDA
S214027A70214A93F906301B0213809AF80030012B34
S214027A8019D0312B14BF432311238AF800301B4B25
S214027A901648196813F0FCFF00F006FD0023124C8E
S214027AA099F80010237641B9104813F0F1FF40F61A
S214027AB01B436361A0E71123E7E7B8F1000F03D089
S214027AC016B1FFF779FEF2E70D4B1B78042BEED1C9
S214027AD00521064813F0DCFF09232376E7E700BFFB
S214027AE00063002004630020685700203C6B0020DF
S214027AF07C560020685C00207E5C00205C6B0020C8
S214027B0005630020A763002070B508468CB00D46BA
S214027B1010F02FF909220021064613F00DFE044646
S214027B20284610F09FF8052228460DF10F0304A9F7
S214027B300EF057FB02281BD09DF80F3029461C4436
S214027B400023E4B204F11002365D01200093D2B2A3
S214027B500CF013FA60B1022E0AD1064B1B78012BE9
S214027B6006D1054B187818B922462946FFF7AEFE0D
S214027B700CB070BD046300206857002008B5084B9F
S214027B80187050B1074B1B883BB14FF47A71064808
S214027B90594313F07DFF002008BD0120FCE700BF1B
S214027BA0F7620020D86C0020F4460020014B1880B3
S214027BB000207047D86C002008B5FDF7C1F80022F7
S214027BC0014B1A7008BD00BFF762002010B50024F2
S214027BD0044B05481C80054B1C70FDF7B1F8204687
S214027BE010BD00BF825C0020606B0020C2630020D4
S214027BF008B50348FDF7A4F8BDE80840FFF7E6BF5E
S214027C00606B00200148FCF7ABBD00BF825C002021
S214027C10F7B5134B04461B780E46EBB183421DD9CB
S214027C200021104814F0CFFA002501460D4F09B97D
S214027C30012009E0AC4209D1002416232246304630
S214027C40009414F055FB204603B0F0BD384614F0FD
S214027C50DEFA01350146EAE71820F5E72720F3E7C2
S214027C60C2630020825C0020014B1878704700BF78
S214027C70C263002025289DBF024B187000202120D9
S214027C80704700BF5B6D0020012307B51846064A01
S214027C900DF10701FDF7CEF89DF80720034B1A7089
S214027CA003B05DF804FB00BF29E10100DA6C002096
S214027CB084B010B502AC84E80F00082224480DF107
S214027CC01601089CF4F7DCFE38BB9DF815309B07BE
S214027CD005D4204B1B7803F0FD03312B23D11E491C
S214027CE06378097803F00F028A4203D0012928D16B
S214027CF0022A18D12278B2B91B09022B13D194F9A1
S214027D000230002B21DB154BB3F86820BDF80A3091
S214027D109A4208D1FEF790FF06E0002208210C489E
S214027D2010F046F920B90020BDE8104004B07047B4
S214027D300B4BBDF808205B889A42C6D0002BC4D0F5
S214027D40F1E70229EFD1012AD3E70120ECE700BFD1
S214027D506C570020046300202C6D00207C56002007
S214027D606857002084B02DE9F0478EB016AC84E840
S214027D700F00DFF868C1564BBCF802009DF85D9014
S214027D8010F001049DF96220BDF870E09DF875A020
S214027D909DF976709DF878509DF97A109DF95E806F
S214027DA09DF860601B782FD09DF87D00C0F34004DC
S214027DB0C0F38000002B44D0464B1B78012B02D127
S214027DC0002C00F08280C0B19CF800301E335BB2FB
S214027DD0BB42ACBF002701279845D4BF002301232E
S214027DE0BB4209D18A4208DB0CD1A81BC0B280284C
S214027DF08CBF0020012000E038460EB0BDE8F047F8
S214027E0004B070470020F8E710F0020F18D0C3B194
S214027E10490814BF01200020520814BF0123002382
S214027E208342EAD1AB1BDBB2802B0AD9AE42E9D140
S214027E30B84506DB49D1CA4594BF00200120DCE7DD
S214027E400BB90120D9E7AE4216D002AC1CAF0FCF59
S214027E500FC497E8030044F8040B2180DDE91A01F9
S214027E6016AB0090ADF804100FCB0EF03DFD0028C7
S214027E70E7D1AE42B9D1C0E7BDF8583073451ED03F
S214027E8008AC0DF1700CBCE80F000FC49CE80300B0
S214027E9044F8040B2180104C638873450FD10822E6
S214027EA0211D0DF12E00F4F7EBFD024638B908212C
S214027EB0201D10F07DF810B96388002BC1D1B8459B
S214027EC0BFDBC2D1CA45BCD8BFE7204695E700BF94
S214027ED0C26300200463002068570020DA6C00208A
S214027EE084B02DE9F04F8FB06A4E18AC08AD84E826
S214027EF00F00162200212846F4F770FD33783BB9AE
S214027F000024654B32781B789A4239D2002726E045
S214027F100021624814F057F900270446B846DFF8F5
S214027F207C91002C45D13FB1224639465B480FF082
S214027F30A3FF3378013B33703378002BE0D0002167
S214027F4056484FF0000914F03EF94F468046CA469E
S214027F50DFF848B1B8F1000F6CD1002FD1D016214E
S214027F60002218A80FF020FF014648B1002F00F0AB
S214027F708B80224649480FF037FF3378013333703F
S214027F80454B32781B789A4207D94448002201882A
S214027F900FF072FF3378013B33703378012B03D135
S214027FA03F49404813F074FD0FB0BDE8F04F04B0EF
S214027FB070470022214616232846CDF8008014F08A
S214027FC097F91622294618A8F4F75AFD0028EBD08E
S214027FD09DF864209DF824309A4225D1BDF8602091
S214027FE0BDF820309A421FD108220DF12E010DF164
S214027FF06E00F4F745FDB8B902AF0DF1600CBCE8AF
S2140280000F000FC79CE8030047F8040B39800EAB3D
S21402801013E903000090ADF8041095E80F00FFF78F
S214028020A1FE0028C0D027462146484614F0EFF8A5
S214028030044676E71623002241462846CDF800A0DD
S21402804014F056F902AF0DF1600CBCE80F000FC732
S2140280509CE8030047F8040B39800EAB13E90300D3
S2140280600090ADF8041095E80F00FFF77BFE074678
S21402807020B1B9F1000F04BF444681464146584636
S21402808014F0C5F8804665E73A46044814F0A1F8AD
S21402809073E700BFC26300205B6D0020825C002095
S2140280A020BF0200606B00202DE9F04F002104463D
S2140280B09FB00DF14008162240460E91CDE90C11F4
S2140280C0CDF83B10F4F78AFC052220460DF11F037B
S2140280D016A90EF086F80228074600F0F28020461F
S2140280E00FF047FE064613F0FEFF8146F01C13F023
S2140280F0FAFFADF84000701D13F0F5FF012FADF842
S2140281004200204640F0E0800FF033FE054620464F
S21402811013F0D2FB0D3502232D1A00932146434657
S2140281200820EAB20BF029FF002800F0CA80204699
S2140281300FF024FE012F83469DF84D3040F0DC8080
S21402814000252F4643F001038DF84D3016AE3388D6
S214028150022B4DD1F1782046023108F065F81B2833
S21402816046D1F1782046033108F05EF819283FD14F
S214028170F1782046043108F057F84A2838D14FF0F3
S214028180050AF17820460131514408F04DF8F1789D
S21402819005905144204608F047F8059B00EB032063
S2140281A083B200F03F02932B059240F095800023A5
S2140281B0F778214602375744FFB23A4600930CA896
S2140281C00F2314F095F807F10F01204611F011FC69
S2140281D007F111010546204611F00BFCADF84200EE
S2140281E0059B023353445FFA83FA33795345C8D862
S2140281F006360DF17603B342A9D19DF84D20C5F39C
S214028200C03363F3410220468DF84D200FF048FD3F
S2140282108DF8440020460FF038FD8DF845002046C4
S2140282200FF038FD9DF83230BBF1190FC3F3C302CD
S2140282308DF84720DDF833208DF84600CDF84E2025
S214028240DDF83720CDF8522094BF00229DF83E205C
S2140282508DF8482003F003028DF84A209DF84D2041
S214028260DB0963F38202694B8DF84D201B78022BE3
S21402827056D1BDF840600FF02AFF864250D108A8BA
S21402828010F091F9BBF1190F47D908220DF14E01F2
S21402829008A8F4F7F5FB00283CD1B9F5004F02D048
S2140282A0B9F5624F0DD140F6FF7325F440459D4265
S2140282B007D1002208210DF14E000FF079FE0028AA
S2140282C03ED01FB0BDE8F08F0FF053FD05462046A6
S2140282D013F0F2FA07351EE7412B81D1F1782046DA
S2140282E00231514407F0A0FF494B1B78C3F1B30398
S2140282F018448DF8490073E76FF30003F01D8DF8FC
S2140283004D3013F0F0FE0CA90546204610F09DF9FC
S2140283100B2772E700F058FDBFE700F055FDD0E7E7
S214028320B9F5004F02D0B9F5624FCAD140F6FF73D5
S21402833025F440459D42C4D1BBF1190FC1D9B8E717
S214028340BBF11A0F06D007F11F0142462046C9B2FA
S2140283500EF0D0FA2F4C304D637BDBB12B78012B1D
S2140283601DD1012323730CAB029314AC94E80300D3
S2140283700090ADF8041098E80F00FFF799FC90B152
S21402838094E803000090ADF8041098E80F00FFF799
S214028390A7FD08E0FCF7BAFE0028DFD0E1E703F00D
S2140283A0FD03042BDDD02B78012B01D0042B88D1C2
S2140283B01A4BDDF84E001B78DDF852108DF822308D
S2140283C0BDF84030ADF820309DF84D30C3F3400381
S2140283D08DF823309DF8313003F00F038DF82C30E2
S2140283E09DF848308DF82D3009AB03C30C4B1B6843
S2140283F01BB1414608A8984763E79DF946209DF8B9
S214028400451008A80DF05DFE5BE700BF0463002080
S214028410C963002068570020B0630020C8630020AC
S2140284205C57002010B513F081FD114B1B78022B10
S2140284301CD1104A1468A04218D00F4910600A686E
S214028440121B10440D4A086012786AB1013A934032
S2140284503C2253434FF47A725343984206D9BDE8FE
S21402846010400320FCF766BD0A23F3E710BD00BFE9
S21402847004630020204800201C480020286D0020AD
S214028480064B1B88DB0708D50022054B43F8202045
S214028490044A135C63F00F0313547047845C002095
S2140284A070460020C962002008B513F03FFD002286
S2140284B0024B1860024B1A6008BD00BF204800201D
S2140284C01C480020014B1868704700BF1C4800205B
S2140284D008B50C48FCF734FCFCF772FD80B10A4B79
S2140284E00322B3F8681001200EF024FA4FF47A71D2
S2140284F0064B04481B885943BDE8084013F0C8BA27
S21402850008BD00BF806B00207C560020BC6C00209B
S214028510014B188000207047DE6C0020044A054B91
S2140285201870138823F00303184310800020704746
S214028530845C0020296D0020034B1888C0F30E00CF
S214028540003818BF01207047325C002008B5FFF7DC
S214028550F3FF30B1002004490223044A0880FCF7E6
S21402856069FC002008BD00BF325C002027E1010044
S214028570024B1888C0F30E00704700BF325C002022
S2140285800023084A01201370074A08491370084B53
S214028590084A1B7843F0040313800223064AFCF7BA
S2140285A049BC00BFC5630020C4630020325C0020C3
S2140285B0296D0020845C002027E1010030B50121EE
S2140285C000240B2385B0104D019400918DF80C30D9
S2140285D08DF80D000323B5F8680003AA8DF80E4047
S2140285E011F0C0FA68B1B5F8681010F0EBF840B1B7
S2140285F00522064B64211A70054B06481C7013F0C0
S21402860047FA05B030BD00BF7C560020C463002088
S214028610C5630020A06B0020064B1B78033B012B92
S21402862006D8054B1B781BB9044B1878FFF7C6BF54
S214028630704700BF05630020C3630020286D00203A
S21402864010B51548FCF77CFB144B1978F9B9144A97
S21402865013787BB1013B1370124B1B78042B02D1AB
S2140286600846FBF721FCBDE810404FF496710A4815
S21402867013F00EBA0C4A128802F00302022A0AD13A
S214028680BDE81040032201200849FEF7A9BCBDE858
S2140286901040FFF7C1BF10BDA06B0020C5630020CD
S2140286A0C463002005630020325C002000F8FF0748
S2140286B0084B1A785AB10223013A93404EF66022CA
S2140286C0534303210448B3FBF1F113F0E1B942F23C
S2140286D01073F6E7286D0020A06B002070B50546E3
S2140286E01748FCF72DFB0122164B28461A7011F08C
S2140286F05DFA411C044689B2284607F095FDA11C86
S214028700064689B2284607F08FFD0F4C02232080CA
S214028710214600200D4AFCF78DFB86B9238803F01C
S2140287200303022B03D1FFF7BFFEFFF7C1FF238827
S2140287305B0704D5BDE870400548FFF7C9BE70BDAB
S214028740A06B0020C5630020325C002027E10100F8
S214028750806B00202DE9F0431F4C0546238889B024
S214028760002B33D01D4E00214FF4807010F0B6FF60
S2140287703378DB0728D50121208813F0D5F8074681
S21402878020880FF0F6FA023013F0ADFC05A98046F9
S214028790208811F0F2FA3378384613F0020F104BA5
S2140287A018BF0025B3F8009013F0A2F80646384624
S2140287B013F082F8F6B20290424606212846CDE928
S2140287C0009605AB0DF039FC00232380054809B05E
S2140287D0BDE8F043FCF7B4BA8A5C0020C66300200A
S2140287E0885C0020C06B002010B5044640F621408D
S2140287F0FFF7B0FF01214FF4807010F06FFF78B1E1
S2140288000022084B1C80084B1A7007F085FEBDE854
S2140288101040064B1880064B0648198813F038B9E4
S21402882010BD00BF8A5C0020C6630020885C002062
S214028830BE6C0020C06B0020044A137818B943F0BF
S21402884001031370704743F00303FAE7C663002080
S214028850044B1B781BB9044A1380FEF707B90020A5
S214028860704700BFB4630020865C0020042230B547
S21402887001F0400387B0002B054614BF01240024F4
S2140288808DF80C208DF80D1004D004A910F044FFCA
S21402889010B304ABCDE9004301210223284603AA04
S2140288A011F060F90446C8B10D4BB3F868100FF02A
S2140288B0AAF94FF6F7739D4209D9322202212046C1
S2140288C0FEF73AF880F00100C0B207B030BD294684
S2140288D020460FF077FFF5E70120F6E71920F4E7C8
S2140288E07C56002010B5FFF731FE04F031FA0FF087
S2140288F0F5FD002010F008FF13F008FA08B1FDF7A6
S21402890029F9204C2378532B12D1032323700023FA
S214028910FF2219460120FEF763FB002012F0C2FE7A
S21402892010B100200FF033FABDE810400EF006B882
S214028930062B01D0212BF0D10120FEF7F5FA4FF6D7
S214028940FE700FF0B3FB4FF6FF700FF0CCFB00206B
S214028950FEF752FA0020FEF759FAFEF7E9F900F0A0
S21402896029FB0DF0EEFF2378212B02D1FEF774F9D6
S214028970D3E70020FCF7DEFA00214FF4004010F0A7
S2140289809DFCCAE70463002010B50A4C0A48FCF7AF
S214028990D7F92378062B02D10120FEF7C5FA2378F1
S2140289A0062B01D0532B03D1BDE81040FFF79ABF28
S2140289B010BD00BF04630020E06B00202DE9F047E5
S2140289C0DFF8C08004460E461746FFF7BFFD98F84C
S2140289D0005015B90220BDE8F087212DFAD02848AC
S2140289E013F01FFC0028F5D114F020043946304657
S2140289F0DFF894A0DFF8949005F00F051BD00DF079
S214028A00E4FA012D8AF80070A9F8006029D1212322
S214028A1088F80030FFF766FF0020DCE7212388F89D
S214028A200030FFF75FFF00214FF6FE70FEF77CFB7B
S214028A30FEF780FEF0E70DF0C7FA012D8AF8007007
S214028A40A9F80060EAD0062321464FF6FD7088F8A2
S214028A500030FFF70BFF40F22621094813F018F802
S214028A60E1E7532321464FF6FD7088F80030FFF702
S214028A70FDFE40F22621024813F00AF8CCE700BFBA
S214028A80E06B002004630020C7630020E06C002037
S214028A90F8B50D460646511C284607F0C5FB0446A7
S214028AA028460FF066F90546023013F01CFB154BFC
S214028AB007461B78022B02D0043B012B21D8124B0F
S214028AC01B68580201D5A1061BD5620619D50F4BA5
S214028AD0B3F86830B34214D16B781B070DD528461D
S214028AE011F0A1F8FCF7A4FD58B1314604F02000BD
S214028AF00122BDE8F840FFF761BF0FF0CBFAB8429B
S214028B00F3D0F8BD04630020284800207C560020DD
S214028B1073B504460D4613F0E0FBFF28034625D046
S214028B20134A12784AB1134A32F81020520404D576
S214028B3010F0DBFD002002B070BD184610F0E6FD16
S214028B406946064610F0E8FD40B1FCF7E7F928B1A1
S214028B50002302226946304605F0DCF8204645F03E
S214028B60400102B0BDE87040FFF780BE0120E2E798
S214028B70006300202C5C002038B505460FF0F9F89B
S214028B800446284611F012F8411C89B2284607F01E
S214028B904BFB42060DD563781B070FD5204611F016
S214028BA042F80146002013F096FBBDE8384010F06C
S214028BB09CBD0348BDE83840FFF7E6BE38BD00BF9F
S214028BC0E06B002038B54FF6FF75A842044617D072
S214028BD00FF07DFAA04213D04FF6FD72094B1988AA
S214028BE091420DD9084A1288AA4201D0A24207D160
S214028BF01C804FF47A71BDE83840044812F048BF32
S214028C0038BD00BFC66C0020E26C0020B4470020CE
S214028C1008B50448FCF794F84FF6FF72024B1A8028
S214028C2008BD00BFB4470020C66C002037B5054615
S214028C300C46082369460120064AFCF7FBF815B1E4
S214028C409DF806302B700CB1009B2360BDF8040023
S214028C5003B030BD25E1010007B508238DF80600F4
S214028C60ADF80410009269460020034AFCF7E2F8C9
S214028C7003B05DF804FB00BF25E10100024A137849
S214028C800BB1013B13707047F562002008B50FF078
S214028C902AFA00214FF6FF72054B08461A80FEF7A5
S214028CA0DBF8BDE8084040F616400DF048BA00BFB3
S214028CB0C66C002008B5FCF743F80A4B1B78023B4B
S214028CC0032B08D84FF6FE73074A108898424FF6D1
S214028CD0FF7301D1138008BD9842FCD0BDE808405E
S214028CE0FFF7D4BF04630020C66C002010B5084B03
S214028CF01B78042B0AD00FF0CDF900210446084653
S214028D00FFF794FF231A5842584110BD0020FCE793
S214028D1005630020F0B5002689B00546CDE9056654
S214028D20ADF81C6010F042FF0A23024604462946AC
S214028D30009605A813F0DCFA9DF815309DF814701D
S214028D401F2B27D803A80FF02EFC08220DF11601C0
S214028D5003A8F3F795FE0646E0B9092F1CD1FFF7E4
S214028D60C5FFB8B1144B1B78A3B1144B1A884FF643
S214028D70FD739A420ED9124C124A23780433DBB2A0
S214028D8023701278013AB3EB820F03DD58B20BF070
S214028D90D2FA267009B0F0BD0A34E4B2214628465B
S214028DA007F042FA0FF092FC611C284610F021FEF2
S214028DB0FFF708FFEEE700BF3C6D0020C66C002000
S214028DC0F5620020276D002038B5134B1B78033B55
S214028DD0012B20D9114B4FF6FF711B78ABB1104D0A
S214028DE02B888B4217D10FF072F94EF6602104469B
S214028DF00C4812F04DFE4FF6FE7322462B800021E1
S214028E00BDE8384009200FF06FBC074A13888B4232
S214028E101CBF0133138038BD056300203C6D002063
S214028E20C66C0020B44700202E5C002008B504481B
S214028E30FBF786FFBDE8084000210846FBF734B87A
S214028E40006C002010B5044661B1FF210EF032FF1F
S214028E50002120460EF034FF0EF075FE0146204635
S214028E600EF034FF2146BDE810400022014813F000
S214028E70B0B900BF8E5C00202DE9F0410D461746C2
S214028E8004460EF076FF06782846FCF74DF929468A
S214028E90804620460EF0B7FE0FF0FCF8A84206D138
S214028EA020460121FFF7CEFF0120BDE8F0812846CB
S214028EB0B8F1000F0AD0FCF7B9F950B9144B3A468C
S214028EC02046BDE8F0411978FDF736BD10F028FCC3
S214028ED0F3E706F00306012E08D00FF0DBF80023B6
S214028EE02246294602F042FA0028D9D120460EF040
S214028EF046FE430505D52046BDE8F04100210FF0A9
S214028F00BBB9204610F0F7FBB0FA80F04009CCE778
S214028F10266D002010B586B0044610F047FE104BB2
S214028F200246186819790290D3F805005B7A013276
S214028F308DF8143000238DF80C100490214600930F
S214028F4092B2052304A813F0D3F9052204A902A8B5
S214028F50F3F796FDB0FA80F0400906B010BD00BFE8
S214028F602CB5040008B511480EF0C0FF104B1B7854
S214028F70012B06D8FF2010F091FBFDF7B1FB10F095
S214028F80ACFBFDF73BF801F091FCFFF7F9FA10F0A5
S214028F9085FF07F0F1FDFDF749FD07F03DFB0DF0FB
S214028FA016F8BDE8084002F0D3BC00BF44570020C4
S214028FB0C262002008B5F0F7A9FCFF2803D0094BCF
S214028FC01B78012B06D9002010F068FBFDF788FB02
S214028FD010F083FBFDF712F801F068FCBDE80840CC
S214028FE002F0B6BCC2620020064B1878112806D0E2
S214028FF000F0FD00A0F1410358425841704701209D
S214029000704700BF046300202DE9F8430446FDF7CD
S2140290100FFB18B100263046BDE8F8834FF6FF78FE
S214029020184BB3F868104145F4D020460EF0EBFD1D
S214029030154B022120461A88FDF77EFC06460028BC
S214029040E8D020460EF095FE90F8079005460430CC
S21402905013F049F807460FF01DF84946024638460F
S214029060FDF7FEFAA81C13F03EF8404502D1204652
S214029070FFF7BAFB2B789B07CDD101212046FFF7DD
S214029080E1FEC8E77C5600208C5C0020F8B5074657
S2140290900EF06FFE0546043013F025F80646A81CAF
S2140290A013F021F80446304613F017F93046FCF761
S2140290B03BF82B789B0701D10EF0ECFFAB790BB98E
S2140290C00320F8BD0EF0E6FFA0420CD10EF0E2FF40
S2140290D00446094B214638461A78FFF7CDFE00288B
S2140290E0EED00020EDE7054B1B78052B1CBF044B8A
S2140290F0B3F86840EDE700BF8C5C002005630020F3
S2140291007C5600202DE9F041064610460D4610F02A
S2140291104DFDA0F11004E7B256FA84F42146EA1B8C
S21402912004F10E00F3F704FB2823DFF84480F3551E
S21402913098F80030637301F0CDFB611C02460120F3
S2140291400DF014FC08220949601DF3F7F1FA98F8AD
S214029150000010F00FF905F10E0130463B460022E2
S214029160C9B201F069FC1220BDE8F081A7630020B5
S214029170FF6200202DE9F04F87B004460EF0F9FD9D
S214029180064620460EF058FD0746301D12F0ABFF8D
S2140291908146B01C12F0A7FF384696F807A013F0D7
S2140291A0A5F833789A075FD12146042001F04CFDDA
S2140291B0002859D0204610F0F9FC0146204607F058
S2140291C033F8830750D1204610F0F0FC01462046C3
S2140291D007F02AF810F00303039345D12046FFF761
S2140291E099FE002840D0204610F0B6FD451C2046C9
S2140291F012F07EFBEDB205F10A0B83455DDA304ACA
S21402920004AB1068516803C3691C204607F00CF8CB
S21402921029468046204607F007F800EB0820594604
S2140292201FFA80F8204606F0FFFF8346039B21467E
S214029230AA1C009304A8082313F05AF820460EF03E
S214029240FBFC5A4641460DF083FB0122404604A928
S2140292500FF0C6FB88BB022007F032FC013003D1B8
S214029260404604A9F0F71AFC0EF014FF48453A46A9
S214029270514607D10FF016F9F8B907B0BDE8F04F1E
S2140292800FF062BB48460FF00DF9B0B90D4B1B78D4
S2140292901BB9394648460FF06DFA3A4651464846DB
S2140292A0FDF7DEF948B1317811F0030105D1204609
S2140292B007B0BDE8F04FFFF7C5BD07B0BDE8F08FB9
S2140292C090F00300FB62002038B5114D2B78023B6C
S2140292D0012B18D80DF03EFB0446B0B9FFF7A2F8F2
S2140292E02B78032B07D12346FF2221460120FDF7C8
S2140292F077FE012038BD21462046FAF7D5FD003814
S21402930018BF0120F6E71720F4E70220F2E700BFB5
S214029310046300202DE9F74305460E4614460EF078
S21402932038FC0C2828464AD10EF023FD09220021DB
S21402933012F002FA00F11001C9B2284606F074FFD4
S214029340042813D07C282BD0012840F0AC8046B9E4
S2140293501321284610F04DFB03B0BDE8F0430EF093
S214029360C2BE03B0BDE8F043FDF7DCBC5B4B1B7826
S214029370022B40F0988046B9FFF7FAF8C3070AD5E1
S214029380FFF792F8002C08BF3F26304603B0BDE830
S214029390F0430CF038BEFFF7CFF80028F0D0F1E724
S2140293A0284612F0A5FA0446284612F085FA024626
S2140293B03046E1B203B0BDE8F0430CF022BE0EF038
S2140293C0D8FC8046043012F08EFE074608F10200F2
S2140293D012F089FE4FF6F773984204460CD8404ABC
S2140293E0138801339BB213800BB93E4A13801EB119
S2140293F03C4A13880133138098F8009009F0030959
S214029400B9F1010F1DD1284610F0D0FB01462846BF
S21402941006F00AFF0B2809D00D2807D0042842D1EF
S214029420284603B0BDE8F043FFF7A6BB2E4B1B78D9
S214029430042B38D10021084603B0BDE8F043FAF702
S21402944033BDB9F1000F2ED13146284603F05EFD3A
S2140294504EB34FF6F7739C4225D898F80160204623
S21402946016F0040622D110F029F9054620467DB1F1
S21402947010F056F9034600BB0C22009021463846EF
S2140294800FF046FB0C22002339462046009308E0E4
S21402949010F046F90346C8B9144A009012782146DD
S2140294A038460FF035FB03B0BDE8F08310F038F90C
S2140294B0034678B90B220090F1E70622334621468E
S2140294C0384600960FF024FB0622DCE72B46009572
S2140294D00622E4E74B46CDF80090F9E70463002045
S2140294E0365C0020345C0020056300205D6D0020A1
S2140294F02DE9F04F05888BB0044628460EF039FC5D
S2140295000746043012F0EFFD8146B81C12F0EBFD60
S21402951005A98046284610F093FB284610F046FB25
S21402952001460646284606F07FFE3B78824603F052
S2140295300303012B0CBF83464FF0FF0B12F0F1FC26
S214029540E388019002930EF0A5FDFB790090484651
S214029550039300F081FF002876D1404600F07CFF9E
S214029560002840F08880FDF72BFB8046FBF7CEFDF7
S21402957010B9FFF739FD30B1A8F104085FFA88F890
S214029580B8F1020F1BD90BF0FD03042B00F0B380D9
S214029590FFF72AFD20B10AF0030ABAF1010F0ED036
S2140295A0FBF70EFD28B9714B1B7803F00F03062B51
S2140295B068D16F4B2846B3F868100EF024FBBBF157
S2140295C0010F63D128460EF008FB4FF6FF73984250
S2140295D040F0918000233146284607AA10F076F81C
S2140295E00746002842D042799DF82530934209D991
S2140295F0711D284689B206F02BFEA37823F00F03CE
S2140296000233A3700CF0DCFC7E23B0FBF3F202FB09
S214029610130303F58073A3809DF8263013F0180F0A
S2140296200AD0A3781B0707D1009B4B4504D04846B7
S2140296307A7905A90CF0F9FC9DF82700003818BFC6
S21402964001200BB0BDE8F08F28460EF092FB0230E8
S21402965012F049FD4FF6F773984207D9039B2BB9D0
S2140296602846FFF757FC00287FF477AFA37823F04D
S2140296700F03A37008E0404612F038FE00287FF47D
S21402968072AFF3E72823A3800020DAE7BBF1020FCC
S21402969054D10123314607AA284610F017F880460F
S2140296A00EF0F8FCBDF8223098421FD1B8F1000F38
S2140296B0DCD00122B8F802303146284610F004F811
S2140296C02C4A13780133DBB2FB711370B8F8023000
S2140296D0BDF81E209A421FBFA37823F00F03023361
S2140296E0A3704FF4C873A3800120AAE7184612F0AD
S2140296F0FDFD0028DAD128460EF06FFA12F096FD2C
S214029700012808BF1C4BA27809BF1B78FA2303EB7B
S214029710830303EB830302BF9B00FA339BB2120957
S214029720A4D1DDE90121521A92B293429ED30CF0E3
S21402973047FC00F01F001030A080D5E7BBF1030FF6
S214029740D9D1009B4B45D6D1711C284689B206F06A
S2140297506BFD0C28CFD1FCF7FFFD4FF6FF73984246
S2140297600146C8D028460EF04EFAC4E7046300202D
S2140297707C56002002630020356D00202DE9F04162
S21402978005460C460EF005FA082802D10120BDE86F
S214029790F081201D12F0A7FC0646284694F80780A2
S2140297A00EF04AFA074628460EF0E9F9010612D5E7
S2140297B0184B1B78042B0ED1174B1B78022B0AD1A1
S2140297C0164BB3F868204FF6FF739A4203D0002177
S2140297D00846FAF769FB124B1B78002BD6D1A01C61
S2140297E012F081FC4FF6F773984202D86378DA07D4
S2140297F00DD523789B070AD13A46414630460EF0ED
S21402980051FE80F00100C0B200F00100BFE7012067
S214029810FAE700BF05630020046300207C560020A0
S214029820CC6300202DE9F04F9DB004460EF0B1F94E
S214029830054620460EF0ADF9082869D14FF40043DC
S2140298402046ADF85030ADF85C4012F051F8BDF845
S2140298505C20A0F11005EDB2104610230021009501
S21402986010F0B4F8294617A810F088F8204612F02F
S21402987023F80AF076FD002321461A460C200093B0
S2140298800AF07BFB98B3204612F016F814A902469B
S2140298901020FBF779FF0501204612F00DF814A9F7
S2140298A002464020EDB2FBF76FFF10B120460CF0E7
S2140298B090FB204612F000F814A902468020FBF71F
S2140298C063FFB8B99DB1102517A805F067FF2046BB
S2140298D0BDF8507012F00CF80646204611F0ECFF68
S2140298E029460090F3B2384617AA0CF008FC1DB0C1
S2140298F0BDE8F08FBDF8503017A8ADF85E40ADF861
S2140299005C300DF01FF80028DCD145F08005DBE75F
S21402991020460EF07EF9B0F5006F40F00581204635
S2140299200EF08AF90646042D40F0018120460EF01C
S21402993026F980F40060C0F3C020002231464000C1
S21402994012F098FB944B1A78022A0DD0FFF74CFBC4
S21402995050B902F0FD03312B06D0043A012A03D98E
S2140299608E4B1B78002BC2D02146022001F06CF9E8
S21402997005900028BBD02046ADF846400EF0F9F917
S2140299800446BDF846000EF057F90646201D12F0B2
S214029990AAFBA31C83461846039312F0A4FB12A943
S2140299A00746BDF8460010F04BF963780690BDF8FE
S2140299B0460094F80080089310F0F8F8637805469D
S2140299C008F0030830460C93FBF7AEFBB8F1010F24
S2140299D00CBF032302230E93714B08BF4FF00B09F3
S2140299E01E80237818BF4FF00A0903F03C03082BA9
S2140299F00D907FF47CAFBDF8460011F079FFA842C7
S214029A007FF675AFB8F1010F03D023789B077FF47A
S214029A106EAF644BB3F86830B3420DD1624A634B03
S214029A20B2F9001093F90030002900F0A58001EB8E
S214029A300313A3EB211313804FF0010AA5F11003C1
S214029A40DBB20A938DF8453010224846BDF8461020
S214029A50CDF800A00DF145030AF08FFA00283FF476
S214029A6046AF089B13F00203099300F00981504B9E
S214029A701B78002B3FF43BAFBDF84690484610F0EB
S214029A8095F8002307904846CDE917331993ADF8A9
S214029A9068300EF0D1F8079B039003F10E0148469A
S214029AA089B210F056F8002870D000234946079A6B
S214029AB0009317A80E2312F01BFC50460DF15D0111
S214029AC00CF062FF9DF869300B9004939DF85C30B1
S214029AD0282B5BD10DF16100FBF7AAFD0F90002841
S214029AE054D104980FF046FC0F9B002866D1314BE8
S214029AF0049A1B78D31A1C0648D404F059F9504528
S214029B003CD112F013FA2C4E0546346824B104F008
S214029B1055F92C1B844239D30023FF2219461846D6
S214029B20FDF75EFA356031E04FF6FD76FBE64FF65E
S214029B30FF70301A18BF012000223146400012F092
S214029B4099FA0C2D0DD12146012001F07DF800284E
S214029B503FF4CDAE214600201DB0BDE8F04FFDF724
S214029B60D3BF2DB920461DB0BDE8F04FFEF79CBA14
S214029B70042D7FF4BCAEE5E61B025CE704F018F9A0
S214029B80022803D104F0F6F80028BAD000221920E1
S214029B90039912F06FFAAAE604630020CC63002051
S214029BA0AA5C00207C5600207E5C0020C963002050
S214029BB000630020FF6200208C57002010214846D8
S214029BC0079ACDF800A00FF025FA0028DED0BB4B8E
S214029BD0049A1B78934240F0AA8003990DF1610221
S214029BE014A812F025F8012114A8FBF7F5FA82460C
S214029BF048F2030114A8FBF763FBBAF1000F03D087
S214029C00082114A80CF063FE48460FF0EDFF0399F6
S214029C100DF16100FCF72AFCFE288246B6D0FF282A
S214029C200AD1039812F048FBFF28824600F087808C
S214029C300DF16101FCF7F4FAA04B049A1B789342EB
S214029C4000F0A38050460B99FCF7F6FB00283FF481
S214029C504EAE50460B99FCF701FC237898070FD1BD
S214029C6048460FF0A3FF0146484606F0DDFA00F02C
S214029C700300012804D103980DF16101EFF70EFFEE
S214029C80BDF846000DF07BFF010440F185802046BA
S214029C9012F029FA40F4007189B2204612F025FA31
S214029CA000224FF40041BDF846000DF059FFDDF8E2
S214029CB01490012310220093BDF846100E980DF161
S214029CC045030AF05AF900283FF411AE032866D17C
S214029CD0204612F008FA40F4007189B2204612F0CB
S214029CE004FA304612F002FB002840F0B680DDF897
S214029CF01490B8F1010F40F0B6800320BDF846106C
S214029D0000F0A2FF002840F0AE802946BDF84600CB
S214029D1006F08AFA0F2801467FF6E9AD4FF6F7738A
S214029D209F423FF6E4AD30460EF091FDDFE5504629
S214029D30049903F085FA00287FF44FAF26E72378CC
S214029D4003F00303012B08D148460FF02FFF01460C
S214029D50484606F069FA082892D0594B1A78594BA9
S214029D601B789A4209D20DF161010398FCF70CFAAE
S214029D70039812F0A1FA82465EE7A01C12F0B3F92D
S214029D804FF6F7739842EED900E75046FCF7CEFB43
S214029D9000283FF457AF5CE74FF0000989E73046EA
S214029DA012F0A4FA0028A4D0099B002B57D1B9F1CF
S214029DB0000F52D1B8F1010FBDF846009DD02946DA
S214029DC006F032FA8246DFF8089199F80030002B46
S214029DD054D00EF05FF987427FF489ADB8F1010FD7
S214029DE07ED1BAF1070F75D8BAF1050F7FF67FADAF
S214029DF0354B1B78022B02D0043B012B03D899F873
S214029E000030002B41D00C9B9A0640F1B4800D9B8B
S214029E10002B40F0AC80304612F05FFAFF2840F08C
S214029E20A6805E457FF463AD069B002B00F09D8006
S214029E3012AB46F204020124ADF85C2001932146DF
S214029E4002233046009417AA0FF08CFE00283FF437
S214029E504EAD21460EF010FA49E5DDF81490304674
S214029E600FF046FC45E72946BDF8460006F0DCF949
S214029E70099B824613B9B9F1000FA4D0124B1B7886
S214029E80022B02D0043B012BBDD8304600F0E4FA88
S214029E90814600287FF42BAD0EF0FCF8864225D1D1
S214029EA00A4BB3F868400EF0F5F84B4601460D2211
S214029EB02046CDF800900EF02BFE18E5FF6200203B
S214029EC0FE620020366D0020046300207C560020CF
S214029ED000630020AAF10E03DBB2012B88D906E547
S214029EE00AF00303012B7FF402AD81E7304612F03D
S214029EF0FDF958B90EF0EBF84FF6FF73984205D00D
S214029F0011F004FF10B93046FCF7E4F8304612F0C0
S214029F10EDF988B10EF0DBF84FF6FF7398420BD0DE
S214029F2011F0F4FE40B9B8F1010F02D1BAF1060FF2
S214029F3002D030460FF0DBFB069BA3B9194601227E
S214029F4058460EF04DFD814600287FF4D0AC2046E0
S214029F500FF069FE4A46014638460EF041FD0028DB
S214029F603FF451AFC3E412A9E9E7069B61E76378C1
S214029F7023F0200363704FF6FC739F423FF4B7ACA6
S214029F804FF6FD739F4204D1B34B1B78042B3FF46C
S214029F90AEACA3790BB1013BA37163785B0727D5FF
S214029FA00023584617AA14A917930FF081FB179897
S214029FB0F0B10FF076FB8146384612F08EF9179A0A
S214029FC00146137903F03000102806D003F00C0087
S214029FD008281CBF23F00C031371137903F0330314
S214029FE0202B05D1FF2903D0012248460FF068FB3B
S214029FF0304612F072F9FF281EBF0022974B43F834
S21402A0002020089B03F001094FF6F7739F4200F2E7
S21402A010F980B9F1000F40F00181314658460EF042
S21402A020A9FB0EF037F8874200F0C680384612F0D9
S21402A0305DF9002841D0B8F1010F27D1BAF1010F1E
S21402A04017D14A462946BDF846000FF03CFB384673
S21402A05012F04CF9824B1B78002B72D1584612F044
S21402A06045F9002866D1384612F040F9002861D139
S21402A0703DE4384612F03AF950B3BAF1030F27D14D
S21402A0802946BDF846000EF07BFD30E4384612F055
S21402A0902DF938460FF044FB002847D000233946F6
S21402A0A05846BDF8462001F061F900283ED000214E
S21402A0B0BDF84600FEF7C6FE19E4384612F016F959
S21402A0C018B1B8F1010FD8D0E3E7B8F1010FE0D12B
S21402A0D0634B1B78002BC1D0BAF1050F31D10DF0BE
S21402A0E0D9FF8DF85C000DF0D5FF000A8DF85D00F3
S21402A0F00123022217A90DF14600FAF775FD002882
S21402A1007FF4F5AB691C89B2BDF8460006F07AF812
S21402A1100378013303706378590715D40DF0BAFF3C
S21402A120834522D0002239461C2032E54C4B1B7850
S21402A130002B93D0B8F1010FCED063785A0714D50E
S21402A14002E06378580718D5BDF8464020460FF05F
S21402A150EFFC411C89B2204606F054F80378B8F1A9
S21402A160010F03F1FF33037004D0BDF84600FEF77B
S21402A1708DFF09E0BAF1050FD0D0BDF84600FEF714
S21402A18085FFBAF1030FCDD00228CBD10021584665
S21402A19017AA0FF090FA30B10379468003F03C0319
S21402A1A043F04003037100232E4A00933946584673
S21402A1B012780EF0ADFCB5E7B8F1010F7FF477AF79
S21402A1C00AF1FF330C2B00F2868001A252F823F02C
S21402A1D031A2020031A2020081A0020047A20200C0
S21402A1E069A20200EF9802008DA202009DA2020060
S21402A1F0A9A20200A9A20200EF980200BFA20200D2
S21402A200CBA20200B8F1010F71D0B9F1000F08D14C
S21402A210BDF84600FEF7AEFFFFF769BBB8F1010FC7
S21402A220CED0237A03F00303012B7FF460ABEFE773
S21402A230AAF102035A422946BDF846005A410FF0D7
S21402A24042FAFFF754BB2A465846BDF84610FEF7B8
S21402A2501FFCFFF74CBB00BF0563002070460020C2
S21402A2603A6D00205D6D0020691CBDF8460089B27B
S21402A27005F0DAFF0235EDB20246BDF84630584622
S21402A280009512A906F0D4FDFFF731BB01200A9A09
S21402A290BDF84610FDF71AFBFFF729BBBDF84600CE
S21402A2A00FF017FAFFF723BBBDF84600FEF732FDA4
S21402A2B0FFF71DBBBDF84600FEF72CFDA8E7BDF86C
S21402A2C04600FEF70BFAFFF712BBBDF846000CF08D
S21402A2D033FBFFF70CBB2B4622465046BDF8461012
S21402A2E00CF000FB00287FF402AB51461BE50AF196
S21402A2F0FF330C2B3FF6FBAA01A252F823F000BF55
S21402A30031A2020031A2020081A0020047A202008E
S21402A31069A20200EF9802008DA202009DA202002E
S21402A320B5A20200B5A20200EF980200BFA2020088
S21402A330CBA2020010B5002111480DF07EFD0446A6
S21402A340E8B10DF0A2FC0F4B187020460DF0A2FCEF
S21402A3500D4B187020460DF0A3FC0C4B18702046CF
S21402A3600DF0A3FC0A4B1860012011F0E3FD204615
S21402A370FFF758FABDE81040002011F0DBBD10BD13
S21402A3805C5C0020CA630020C9630020C86300200A
S21402A3908457002070B5144E044633680D46BBB190
S21402A3A00DF0F7FB0C2813D120460DF0E2FC092233
S21402A3B00021044611F0C0F9235C042B08D10B4C93
S21402A3C025B10B4B22781B789A4203D300232370C5
S21402A3D0002070BD0748316811F05AFB237801202F
S21402A3E001332370F5E700BF88570020CB630020B7
S21402A3F05C6D0020006C0020014B93F90100704751
S21402A4007E5C0020014BB3F8680070477C56002043
S21402A41070B500240D4D2C70EFF752F9E6B2B0423B
S21402A42008D800220A4B1A700A4B198801B11A8002
S21402A430012070BD304611F056FFC30748BF2B7887
S21402A44004F1010444BF01332B70E5E7FD620020EE
S21402A450F6620020305C002038B50B4B05461B78B0
S21402A46073B101335C08094B188811F025FA0023F2
S21402A47030F81320AA4205D00133DAB2A242F7D34B
S21402A480002038BD0120FCE7F6620020305C002088
S21402A49030B5054685B008460C4611F020FFFF2869
S21402A4A00CD00EF052FA012200210346CDE9011229
S21402A4B0009221462A460720FCF7F6FB284611F0B2
S21402A4C00CFFFF2804460FD011F00DFFC2070DD572
S21402A4D0204611F008FF830708D40B4A32F81430DE
S21402A4E043F4806322F8143005B030BD0EF02DFA26
S21402A4F0012200210346CDE90112009207202A46D6
S21402A500FCF7D2FBF0E700BF2C5C00204FF6FA7295
S21402A510431E9BB2934270B504462AD8FFF79CFFAF
S21402A52038BB194B1B78042B23D0204611F0C4FEEF
S21402A530FF2801D0FBF7FEFC20460FF0B4F808B166
S21402A5400FF0ABF82046114E03F0ACFE20460BF09F
S21402A5506AFD31780E4D69B1288811F0ADF90546CD
S21402A56001461E220230F2F7E3F82C8033781E2BC7
S21402A57007D970BD202011F013FA28800028EBD1ED
S21402A580F7E702333370F4E705630020F662002033
S21402A590305C0020044A13782BB1013BDBB2137007
S21402A5A00BB9024A13807047F6620020305C002026
S21402A5B00148FAF7D5B800BF305C00202DE9F04715
S21402A5C0804617460D468CB061B903AE00211B4883
S21402A5D011F0F9FD4FF000090446DFF860A01CB93F
S21402A5E020461DE00E46F1E700222146242330468F
S21402A5F0CDF8009011F07CFE082241463046F2F774
S21402A6003FFAA8B9337C9BB96FB945B92A462146A9
S21402A6100A480DF031FC0A4A1388013B13800120D8
S21402A6200CB0BDE8F0873B88B28953405B06ECD598
S21402A6302146504611F0EBFD0446D0E7925C00201E
S21402A640905C0020024B1888003818BF0120704723
S21402A650905C00202DE9F04330488DB0FAF770FB8D
S21402A66011F064FC2E4D2B68C41A4FF47A73B4FBB7
S21402A670F3F4A4B214B111F059FC2860294F4FF636
S21402A680FF763B88DFF8A080ADF80A3000233B80D7
S21402A69000210DF10A000DF0D0FB054658B9224BF9
S21402A6A01B882BB14FF47A711C48714311F0F0F9F4
S21402A6B00DB0BDE8F0834FF0000924234A46294630
S21402A6C0CDF8009003A811F013FEBDF81A30A3428D
S21402A6D094BFDB1A1B1B9BB2ADF81A3063B9BDF8E8
S21402A6E018301B0602D508980BF00AFFB8F800309F
S21402A6F0013BA8F80030CBE79E4228BF1E46012346
S21402A7004A462946009303A8242311F0F1FD4A463F
S21402A7102946384611F05DFDBAE700BF54470020CF
S21402A72090570020925C0020905C0020F0B5044612
S21402A7302E4A8DB01068516801AB03C3A378012B73
S21402A7404FD1162200210DF11A00F2F747F9D4F87C
S21402A7502110D4F81D0003AB03C32388190644BF97
S21402A76062680892DA050BD5221D08AE04F11407BA
S21402A770354610685168083203C5BA422E46F7D1EC
S21402A780ADF8183013F0040318BFA3690593EEF76B
S21402A790AFFF0023ADF81A00082201A903A88DF81E
S21402A7A01C30F2F76DF918B106A903A80EF068FB83
S21402A7B00022242103A80DF0F7FA044698B10020DF
S21402A7C0FFF748FF00222146094811F002FD094A18
S21402A7D00020138801331380FFF73CFF00200DB0E2
S21402A7E0F0BD0220FBE71920F9E700BF90F0030056
S21402A7F0925C0020905C0020F7B5044600200E46CE
S21402A800FFF728FF104B1B88A34202D8212003B073
S21402A810F0BD00210D4811F0D6FC002501460B4F75
S21402A8200029F3D0A54208D100242423224630462C
S21402A830009411F05DFD2046E9E7384611F0E7FC8A
S21402A84001350146ECE700BF905C0020925C0020D8
S21402A8500148F9F785BF00BF925C0020014B1888BB
S21402A860704700BF905C002070B50C4611460E4A39
S21402A87023781278064613F0200542EA0302227075
S21402A88018BF611D0822F1F753FF002D0CBF0520EB
S21402A8900D20D4F80130B3602378337303F0180325
S21402A8A0082B08BF013070BD00630020042307B5E3
S21402A8B001200DEB0301054AFAF7BCFA019B044A94
S21402A8C01B03136003B05DF804FB00BF63E51100D1
S21402A8D01848002010B5064C2368C3F30B0313B9BF
S21402A8E00448E3F7EFFB2068431C236010BD00BF5B
S21402A8F01848002063E51100014B1868704700BF36
S21402A9001848002007B50020054B064A18600423A5
S21402A9100DEB03010190FAF78DFA03B05DF804FB24
S21402A9201848002063E511007FB511230A4A01206A
S21402A93001A9FAF77FFA094B9DF814201A70084B02
S21402A9401B780BB1052B05D10BF039FB012007B0A4
S21402A9505DF804FB0020FAE779EB0100FF620020B5
S21402A960006300202DE9F04F0646CBB088460088EB
S21402A9700121174610F0D8FF2E4B3A463188ADF823
S21402A980160006A80EF01BFB0DF1280B5A46414690
S21402A990C41930880EF09DFAE4B208EB0003A34215
S21402A9A008BF044605464FF004091CBFA4EB080482
S21402A9B0E4B223465A460121CDE900090BEB050A0B
S21402A9C0CDF808B02D1B06A8EFF7C2FAEDB20BEBD6
S21402A9D004030093019523465A46414630880EF0FA
S21402A9E0A6FA34883946204605F01EFC394600F0A1
S21402A9F0F802204605F02CFC0121308810F094FF66
S21402AA0001234A46514680B10DF11600FAF7ECF8DA
S21402AA1001210446BDF81620308810F099FFB4FADA
S21402AA2084F040094BB0BDE8F08F3046FAF7DCF808
S21402AA300446F4E7A76300202DE9F04FC9B00446A8
S21402AA4088469246C118224A04A81F46FFF70CFF02
S21402AA504FF00409C519EDB208AB0293A5EB0A0B39
S21402AA60A8EB0A035FFA8BFBA8EB0506DBB2F6B28D
S21402AA7004EB0A02009301215B46CDF8049004A879
S21402AA80EFF766FA06F590730DEB03025A44A2F549
S21402AA908072136808A844F80830E35D324623F053
S21402AAA00703E3552C442146F2F736F908ABCDE905
S21402AAB0019308AA00230121009604A8EFF748FA9A
S21402AAC03246204608A9F2F727F949B0BDE8F08FCA
S21402AAD0A7630020F8B506460FF03EF9811C05462E
S21402AAE089B230460FF035F8F0B1EDB1294630465E
S21402AAF005F09AFB1228074616D80C4B691C1C5CFC
S21402AB0089B2304605F090FB2C44052FE4B205D1FD
S21402AB10052809D8064B1B5C1C44E4B22146304685
S21402AB20BDE8F8400FF015B80020F8BD6EB5040079
S21402AB3068B50400F8B505460FF038F8044628460E
S21402AB400DF017F9A11C074689B228460FF001F846
S21402AB5000283ED0002C3CD02146284605F064FB57
S21402AB600646611C284689B205F05EFB0F2E30D8D9
S21402AB70194B9B5DE118731E89B2092B0ED8DFE8CC
S21402AB8003F009050D0D120D0D181E1EC40644BF56
S21402AB90083189B2820601D5083189B22846BDE855
S21402ABA0F8400EF0D6BF7B78DB0612D501EB4001EB
S21402ABB0F3E700F01F0000EB40000144EDE71F281A
S21402ABC005D8092E0ABF4000022080B2F5E7C82841
S21402ABD0E4D00020F8BD00BF81B50400F8B50646F3
S21402ABE00DF0C7F809220021054610F0A5FD00F178
S21402ABF01004284611F077FAE4B20746214630469A
S21402AC0005F012FB0546304610F072FEBA05A0EBC0
S21402AC100403DBB20AD47C2D0AD0082D0AD8064AD1
S21402AC20505D98428CBF00200120F8BD1220F8E744
S21402AC300320F6E7FF20F4E792B50400014B1878EC
S21402AC40704700BF5E6D002038B5114B04461B7876
S21402AC5008469BB9012038BDA24205F101050FD175
S21402AC6003EBC1035B6898470028F3D11E202246F7
S21402AC704FF6FF7111F0FEF90020ECE70025054BB8
S21402AC80E9B213F83120002AE6D11446EEE700BFF7
S21402AC905E6D002038B504004FF6FF7307B502223A
S21402ACA00DF106010348ADF80630E3F747FA03B0A4
S21402ACB05DF804FB603202E0002307B5ADF804300D
S21402ACC0134B984221D10B88DA0703D5232003B011
S21402ACD05DF804FB9B0748BF4FF47F434FF0020228
S21402ACE00C480DF1060148BFADF80430E3F7FAF957
S21402ACF04FF6FF73BDF806209A42E7D102220548B6
S21402AD0001A9E3F71BFA0020E1E72120DFE700BFF5
S21402AD101FD1BACA603202E0002313B502220380B2
S21402AD2004460DF106010F48E3F7DCF92D2801D0A1
S21402AD30112805D14FF6FF73ADF80630FFF7ACFFCA
S21402AD409DF80630BDF806201BB1238843F00103A8
S21402AD5023800020FF2A82BF238843F00203238039
S21402AD6002B010BD603202E0034B1B78002B14BF0A
S21402AD70442056200E307047006300202DE9F04F25
S21402AD808DB0179C06468946CDE90223BDF8587059
S21402AD90D588ADF816103CB9EC0605D500970BF031
S21402ADA042FA0DB0BDE8F08FC5F380242B054FEABA
S21402ADB0043448BF44F40064A80511D544F0800466
S21402ADC00A2E00F26981DFE816F09A002F001700BB
S21402ADD0370067016701370010009A0037009E00AF
S21402ADE0E90548BF44F04004EAE74FF001084FF097
S21402ADF0020B4FF0000A14E008A95FFA89F00EF081
S21402AE001AFBDDF82500DDF8291006AB03C3A44BB8
S21402AE1033F81930ADF816304FF00008C3460DF17E
S21402AE20180A002F5DD125E006AA0DF116015FFA79
S21402AE3089F003F017FAEFE74FF6F773994540F2F9
S21402AE402B8115F4026F40F02781964B1B78022B5C
S21402AE5003D0043B012B00F2218147BB032E4FF0A7
S21402AE6001080CBF4FF00C0B4FF0080BBA4624F447
S21402AE70C074A4B28C4B18884FF6FF73984206D063
S21402AE808A49FAF767FB10B124F48054A4B2039BF4
S21402AE9038460093BDF81620534644F4027105F076
S21402AEA0EBF9ADF82000002838D1192079E73846AA
S21402AEB010F01EFD0246FFF757FF032E08BF0138AB
S21402AEC0824201DD38206CE7032E4FF001080CBFEA
S21402AED04FF00C0B4FF0080B4FF0000A24F4C0742E
S21402AEE0A4B2029B1B889BB91A46394606200093D9
S21402AEF009F066F80028BDD140F6014051E74FF050
S21402AF000008C34675E74FF001084FF0030B70E7E1
S21402AF10002339461A4607200093E9E74FF6FF73E7
S21402AF20614A118899421CD00CF023FF03465E4A00
S21402AF3004301188039311F0D8F85D49039B097811
S21402AF4014F4805FD9715949574A1FBF0868986040
S21402AF504868D8604FF6FF7313804FF0FF330B60DC
S21402AF604B605946029A08A805F03AFA00289CD087
S21402AF70504C2378002B3CD1A7B1384610F0B8FCD1
S21402AF800746BDF8200010F0B3FC23780744002BD8
S21402AF9014BF12220022EB1003F0040317443B44B2
S21402AFA0842B8FDC15F400570AD0BDF820402046CB
S21402AFB00CF0E5FD40F4806189B220460CF0CAFD33
S21402AFC0A6F10803012B05D801221021BDF82000A6
S21402AFD00CF0C6FD179BBDF8204043B32046BDF8D3
S21402AFE016100CF010FEBDF82030179A00201380C1
S21402AFF0D7E6AA06C0D56B0103F020030A2E14BFBB
S21402B00043F0010363F07E03DBB2B8F1000F08D011
S21402B01000215246009108A800F082FE0028ABD01C
S21402B020BFE61A46514608A80EF0F4F8F6E72046A0
S21402B0300EF0BCFD179B024621460420009308F042
S21402B040BFFF00283FF458AF0A2E18D84FF4D96332
S21402B050F340DB0713D5072E0AD00A2E08D0BDF818
S21402B06020000DF097FB80F00100C0B2800098E649
S21402B07008A80BF044FC0028F1D0042091E617B192
S21402B08025F04005ADB22B463146BDF820005FFAEA
S21402B09089F201F07DFE84E6012082E6162080E633
S21402B0A0605B002004630020E46C00205F6D0020DB
S21402B0B0D763002000630020F7B50F469DF82810DE
S21402B0C00446DDE90B061D46F1B94FF6FF739C42B6
S21402B0D01CBF174B1C804FF000041CBF154B1A7088
S21402B0E0BDF8240005F012FA00232A46CDE90043F3
S21402B0F0394606209DF82030FFF740FE10B90EB103
S21402B100AB7A337003B0F0BD78B14FF6FF739C4252
S21402B1101FBF074B1C80074B1A7000220CF044FE20
S21402B12004460028DCD11920ECE72120EAE700BF1C
S21402B130E46C0020D76300202DE9F04788469DF88E
S21402B1402810074616461D469DF820A0BDF82490F6
S21402B1500B9839B158B300220CF026FE044610B9FB
S21402B160192025E00C464FF6FF739D421FBF114B78
S21402B1701D80114B83F800A04FF6F7739E4208D845
S21402B1800E4B4FF6FD761A784FF6FF73002A18BF5D
S21402B1901E46484605F0BAF900233A46CDE908436A
S21402B1A031464346BDE8F0470320FFF7E7BD2120BE
S21402B1B0BDE8F087E46C0020D7630020C16200205F
S21402B1C02DE9F04786B09DF838600546DDE90FA800
S21402B1D00C4617469946B6BB374B1B78022B1DD139
S21402B1E025BB4FF6F7739C4214D80026484605F056
S21402B1F08DF900233A46CDE900632146FF2328460F
S21402B200FFF7BCFD38B9B8F1000F04D0BB7A88F856
S21402B210003000E0012006B0BDE8F087043B012BB9
S21402B220DED908460BF068FB10B31DB3022D31D1F0
S21402B230EEF740FAA042EDD9204B33F814204FF631
S21402B240FD739A4219E0BAF1000F32D01A4B1B78FE
S21402B250022B05D1FFF788FDB042E6D23820DAE7A6
S21402B260043B012BF6D908460BF046FB0028F1D129
S21402B2701620D0E74FF6F7739C42CBD8002EB4D0F8
S21402B2803146002250460CF08FFD06460028ADD10E
S21402B2901920C0E7012DBDD104AA0DF10E01E0B2BE
S21402B2A002F0E0FF064B1B78A342B3D9BDF80E208E
S21402B2B0C5E72120AFE700BF04630020605B0020E3
S21402B2C0306D002030B5104B87B005460C46186826
S21402B2D0596803AA03C298680C4910609A88DB88EA
S21402B2E052BA23F04003ADF812300023CDE90043F2
S21402B2F0ADF81020FF23098803AA0720ADF80E50E8
S21402B300FFF73CFD07B030BD9E5C0020AA5C002023
S21402B31038B50C461146124A124D108022682A6031
S21402B32062686A60A268AA60E288500616D5EA8851
S21402B330520613D561B1002218460CF035FD0146BF
S21402B34050B16088FFF7BEFF0522074B1A7038BD62
S21402B35008460EF06CFBF2E71920F5E70220F6E746
S21402B360AA5C00209E5C0020E76300202DE9F04FD7
S21402B370074689B0104615461C468A460EF016FC4D
S21402B3800146284604F050FF064628460CF0F1FC1B
S21402B390043010F0A8FE80460CF07CFE804550D0AB
S21402B3A0B2074ED1DFF8AC80284605A9B8F800B03F
S21402B3B00EF0E3FC9DF81930A8F8007003BBBDF848
S21402B3C01430EBB928460CF0D4FC023010F08BFE99
S21402B3D04FF6F773984294BF4FF000094FF00109F9
S21402B3E001230134E4B22A463846CDF8009005A976
S21402B3F0039303F001FC039B40B901339C421ED227
S21402B4000020A8F800B009B0BDE8F08F022CF8D1F1
S21402B410012BF6D10C4A0D4BA3F800A01378591C49
S21402B42011700B4A7F3B16F00C01137007D1BDF862
S21402B4301A305B0603D5BDF81600FFF743FF02235A
S21402B440D1E70020DFE700BF02630020E46C0020A3
S21402B450D7630020AA5C00202DE9F04FABB00F4660
S21402B460ADF81E000CF085FC00F1020A06465046B6
S21402B47010F039FEBDF81E40054620460EF096FB3B
S21402B4800146204604F0D0FE814600F00308301D37
S21402B49010F029FE414C20800CF0FCFDA8422DD075
S21402B4A04FF6F7739D4229D87378DA0726D42846D2
S21402B4B00EF036F930B101232946BDF81E20208849
S21402B4C0FFF754FF0CF0E6FD344B1B8883420FD186
S21402B4D0BDF81E4020460EF069FB0146204604F0E9
S21402B4E0A3FE10F00C0103D1BDF81E0001F00EFD04
S21402B4F000222B4B1A602BB0BDE8F08F2949BDF80D
S21402B5001E000EF03AFC2849BDF81E000EF098FB0D
S21402B5100028254B08BF0023214ABDF81E001360F1
S21402B5200CF0B3FB214B1870BDF81E000CF0B2FBFA
S21402B5301F4B1870BDF81E000CF0B7FB1D4B1860B1
S21402B54000238DF82230002F3AD0164BDB889B065C
S21402B55036D5194B1B689D071ED4B8F1010F14BFD0
S21402B560082318230DF12202009200220DF11E007C
S21402B570114600F0D5FB18B3B8F1010FA2D10F4B5C
S21402B5801B78112B9ED10DF0E4FE00289AD140F6CE
S21402B5901D40FBF70FFB95E70823E3E7AA5C0020B4
S21402B5A0985700209E5C0020CF630020CA630020CC
S21402B5B0C963002084570020284800200463002026
S21402B5C0504610F090FD8246BDF81E0010F090F92D
S21402B5D0A0F11005EDB22A4631460AA8F1F79CFB07
S21402B5E0FF238DF82F304FF6F7739A4540F2DF802F
S21402B5F0B8F1010F00F0E780B8F1020F00F04681C3
S21402B600B8F1000F7FF45EAFA44DBDF81E00EB88C4
S21402B610ADF8240004930CF0ACFBBDF8246007469A
S21402B62030460EF0C3FA0146304604F0FDFD8DF8B2
S21402B6302300B81C7E7810F056FD07460CF02AFD53
S21402B64006F00106B4F8009003906C88002E7FF492
S21402B65039AF4FF6F77A4246494657458CBF062021
S21402B660082010F007FDBDF824B058460EF09EFAEA
S21402B6705946024643460420CDF8008008F07DFC79
S21402B680574583460AD8B5F90620EB88002A05DB1B
S21402B690580603D541462046FFF714FEBBF1000FBD
S21402B6A03FF410AF2B88002B5AD16B79002B57D161
S21402B6B04FF6F7730DF126019F42BDF8240094BFA2
S21402B6C04FF0000B4FF0010B0DF014FFDFF8D8A17E
S21402B6D000F1FF38BAF800301FFA88F10593EB88BC
S21402B6E0BDF82600069304F09FFD069B0499019080
S21402B6F0009322465B460598C1F340110BF009F908
S21402B70000283FF4DFAE042306200093BDF826107F
S21402B710624B5FFA88F208F030FC00283FF4D2AEA3
S21402B72048F202036A889A4205D1BDF82410BAF894
S21402B730000000F025FF594D09AA29460DF1230005
S21402B7400BF0E5F8034600287FF4BCAE2104BAF8F5
S21402B7500000BDF8242060D5234629460DF0DFFE02
S21402B7609DF823304D4D03F00C030C2B75D1288920
S21402B7700DF0A0FE00283FF4A5AE039B0020298909
S21402B7804B4514BF0226032602F044FC444B1870B5
S21402B7904FF6F7739F42BDF8240075D8A4F138021D
S21402B7A05342534132463D4904F036F88AE6B8F130
S21402B7B0020F6BD0394BB3F90630002B26DAB8F1FC
S21402B7C0010F7FF41DAF0CF065FC238883423FF423
S21402B7D079AE0520BDF81E10FFF736FA00283FF4B2
S21402B7E071AE2E4AD3885B0607D50023CDE9003317
S21402B7F00A20FF232188FFF7C1FA3A469DF8223035
S21402B8002188BDF81E0002F01DF85BE629460AA84C
S21402B81000F070F80028D2D054E60221DFF88C80BF
S21402B82088F800102946CDF800B003F0E5F9132C8D
S21402B83096D0EB885D0493D41A4B1B78D80703D5B1
S21402B84098F80020022A8BD099077FF53BAE98F82D
S21402B8500030012B7FF436AE82E700222B791248A5
S21402B86000936B791146008802F0FCFB0C4B1870B3
S21402B8709DF8233003F00C03082B89D1039B4B451C
S21402B88014BF0426052683E701238BE74846BDF846
S21402B8901E20024901F0AEFA14E600BF9E5C0020AC
S21402B8A0E6630020C5620020AA5C0020D863002060
S21402B8B010B5002108480CF0C0FA044650B1014603
S21402B8C00420FFF7C1F928B12046BDE81040012147
S21402B8D0FFF7C2BD10BD00BF8E5C0020034BFF21E8
S21402B8E01A7803489200F1F779B800BF316D00204C
S21402B8F0E044002070B5451804464FF0FF31AC42D4
S21402B90012D1104B10481A7805460023934211DBD9
S21402B9100E4C2078431CB3FBF2F602FB163345F8B6
S21402B9202010237000200CE014F8010BE1F79CFBBA
S21402B9300146E4E750F8044BA14201D00133E5E7A3
S21402B940012070BD316D0020E0440020D963002044
S21402B950042307B501200DEB0301054AF9F76AFA3D
S21402B960019B044A1B03136003B05DF804FB00BF8F
S21402B97023E1110094570020014B1868704700BF5E
S21402B98094570020014B1868704700BF9457002058
S21402B99010B5064C2368C3F30B0313B90448E2F749
S21402B9A091FB2068431C236010BD00BF9457002003
S21402B9B023E111002DE9F04F93B003930023DDE954
S21402B9C01C79069399F8003083460DA804930E4618
S21402B9D015460AF02FFC99F8003013F003043ED007
S21402B9E0039B0DF1250A8DF82430002208213846E3
S21402B9F00CF0DEFA002870D028880CF0BAF999F814
S21402BA0000301C074CBF0430023010F06CFB07A954
S21402BA108046F9F79FFB9DF824300446980633D5F6
S21402BA20288806F10D010EF094F8A8B100230093C1
S21402BA30384608232988721D10F05AFC99F80030FF
S21402BA4003F01803182B4AD1B8F1000F47D0A94BC0
S21402BA50B3F86830434542D040F60A4327E02888C8
S21402BA60711D0EF076F80028F6D0009405233246B3
S21402BA70298809A810F03CFC9DF824300DF1240A10
S21402BA8003F018030393B0E714BB39464046F9F7B0
S21402BA9061FD0028D2D099F800309907DCD0402307
S21402BAA02246214640460DF0E1FD40F6094399F84C
S21402BAB0002012F0030440F0F780288803930CF06D
S21402BAC0BBF8224601461A2010F0D4FA039BEBE09C
S21402BAD007AB03CB38607960B0E74FF6FF780AF021
S21402BAE0FBFE044620B104213846F9F74FFB044614
S21402BAF01E9B002B5AD009231E990DA88DF83430B0
S21402BB000AF00FFD209B0BB1209B0693039B002B94
S21402BB1040F08E800DA8EEF77DFA99F800309A076D
S21402BB2000F09880FFF734FF5146024601200AF0E3
S21402BB301DFF99F800309B0710D5594628880EF04D
S21402BB40E2F80BF1090350FA83F35FFA83FB5946D6
S21402BB5028880EF0AFF800EB0B06F6B299F8003024
S21402BB6013F0C20F0AF104030DD09DF82420624997
S21402BB7042F020028DF824200A68CAF804204A6897
S21402BB805A600AF10C03012209A800921B1A3246D7
S21402BB9029889BB210F0ACFB324659462846FEF77F
S21402BBA0E1FE002800F0A48000237DE01F9B5BB12D
S21402BBB09E460DF1340CBEE80F00ACE80F00DEF82E
S21402BBC00030CCF800309DE7049B594603F0200372
S21402BBD02888049304F028FB10F0030F0CBF0123FF
S21402BBE000230593049B059A003B18BF012342EAF3
S21402BBF0430300930DAA06AB38461F9900F0FEFADF
S21402BC00049A034682B1002880D0059B0DAA0093B1
S21402BC10384606AB1F9900F0F1FA034699F8002061
S21402BC2022F0200289F80020002B3FF46FAF3EE797
S21402BC30039B102B06D1BDF8363043F00103ADF856
S21402BC40363067E7039B182B4FD1BDF8363043F0EA
S21402BC500203F4E701200DF125010AF095FE99F89A
S21402BC600030824613F0040F288821D1069B1BB3AE
S21402BC70002C35D00BF0E0FF00220146162010F013
S21402BC80F9F984B17FB14FF6FF7398450BD00023C4
S21402BC900DA91A4638460AF055FD394640469DF823
S21402BCA035200AF02FFE0123184613B0BDE8F08FA8
S21402BCB0002CDFD1104F01E0002CDBD100233246EE
S21402BCC0009359463B460DF0A5F900283FF4C4AE52
S21402BCD0002C3FF469AF069A0AF10103136063E78A
S21402BCE01B685345C6D80124E8E740F60A43DBE75B
S21402BCF01923D9E77C560020A7630020002307B546
S21402BD00054A0648136004220DEB02010193E2F78E
S21402BD1015FA03B05DF804FB9457002023E11100E6
S21402BD202DE9F04F0446B1B000888DF82F30164644
S21402BD308A460DF03BFF0146814620880DF0BAFF89
S21402BD4000EB090820880EF007F800239DF82F5014
S21402BD505FFA88F815F001070790ADF8363008D17B
S21402BD6001460DF1360220880DF0ADFE08B1ADF8A1
S21402BD70367016B9CDE90E660EAEFEF763FC18B144
S21402BD8045F020058DF82F500023CDE903330293AA
S21402BD900DF12F03CDE9006322465346414648463D
S21402BDA0FFF708FE0546002800F043819DF82F3075
S21402BDB013F0010746D1B44A23F0200310685168F5
S21402BDC08DF82F3010AB03C3184600F0FBF905467A
S21402BDD0FEF744FDBBB2984200F2B7803A9B13B11D
S21402BDE000233A9A1370BDF83630CBB10121208871
S21402BDF00FF09AFD27880546002800F04F810121A2
S21402BE0038460FF091FDBDF83670054638460FF0FD
S21402BE106FFD002300903A46194628460DF0D6FDDF
S21402BE200023CDE9033302930DF12F03CDE900631E
S21402BE302246534641464846FFF7BCFD05460028C3
S21402BE4000F0F7809DF82F3003F01103102B40F01E
S21402BE5003818E4B1B78432B40F0FE808C4B1B6875
S21402BE605B0640F1F980208808F105010DF071FEAD
S21402BE708346002800F0F0804146208804F0D4F97A
S21402BE80844B10F0200F08BF1E4612A800F09AF945
S21402BE900822314612A8F0F7F3FD002800F00E81C2
S21402BEA0314612A80AF0F7FC012326AE009332466A
S21402BEB0002314A912A800F0A1F9002840F0CC80B3
S21402BEC012AB0DF12F07CDE90360029000932246D4
S21402BED05346414648460197FFF76CFD002800F09E
S21402BEE0EF80BDF89A30102043F0080318AA14A970
S21402BEF0ADF89A300CF065FF002840F0AD8012AB2A
S21402BF00CDE90360CDE901700093224653464146CF
S21402BF104846FFF74FFD0546002840F09D8018ABC7
S21402BF204FF49071002012AA00F0D4F84FF000519E
S21402BF3000200DF0C3F9BBF1000F00F08C804FF02B
S21402BF40805100200DF0BAF985E018AB14AA26A994
S21402BF50F8B20AF04CFC002840F09480082210A99F
S21402BF6027A8F0F78DFD8346ADB19DF8A53013F0F6
S21402BF70020F08930FD0082212A927A8F0F780FD17
S21402BF8048B9089B590706D53A9B13B101233A9A3A
S21402BF901370089507E03A9B002B61D1BBF1000FA6
S21402BFA070D1002308930DF1740C14AB0FCB8CE800
S21402BFB00F00BDF83630CBB1012120880FF0B4FC5B
S21402BFC0B4F800B000284FD0012158460FF0ACFC60
S21402BFD0BDF836208346104609920FF089FC0023EE
S21402BFE01946099A009058460DF0F0FC2A4B0DF1BE
S21402BFF0740B0493002303930DF12F03CDE9006322
S21402C0002246534641464846CDF808B0FFF7D2FCD2
S21402C010002837D1002D33D012AA5B464FF4827126
S21402C0204FF4005000F056F8089B13B126A80AF009
S21402C030F9F9174B1B689A070DD4FEF703FB50B1AC
S21402C040114A18AB1068516803C3002226A918A823
S21402C0500CF0DAFE68BB0025284631B0BDE8F08F4A
S21402C06000233A9A137099E7BDF836200A901046D4
S21402C07009920FF03DFCDDE9092307990090B2E72B
S21402C0802A46CAE70137A3E690F0030004630020BD
S21402C09028480020E656002024480020BDF836B086
S21402C0A058460FF025FC2B4600905A46384607990C
S21402C0B0B4E626A918A80CF0E3FEC6E78346F3E624
S21402C0C014AB2DE701461A230120014AF8F7B2BE47
S21402C0D024E10100F0B5164691B0074609A80D46C0
S21402C0E01C46FFF7EFFF3EB1336845F04005CDF83A
S21402C0F026307368CDF82A301B4B1A6822EA0702EC
S21402C10042EA050119604B040DD5BDF824200B0A3E
S21402C11003F4E243C9B222F4E3420B4322F07F0265
S21402C1201343ADF824301A230020104A09A9F8F761
S21402C13081FEB4B104A80AF07DF802236A468DF89F
S21402C14010301546234604F110061446186859683E
S21402C150083303C4B3422246F7D1294604A80AF09C
S21402C160E0F911B0F0BD00BF2848002024E101002C
S21402C17047F2FF10044B196841F48042014041F433
S21402C18080411A600DF09AB82848002000B589B0A0
S21402C190FEF7CAFB01A8FFF795FF0948BDF8042081
S21402C1A00168130221F0FF0103F4E2030B43D2B24B
S21402C1B0134343F48043036009B05DF804FB00BFF9
S21402C1C02848002010B50C4B0446186888B0830730
S21402C1D006D54FF0FF3323600120636008B010BD20
S21402C1E010F04000FAD001A8FFF76CFFDDF8063029
S21402C1F02360DDF80A30EFE7284800202DE9F04FEB
S21402C20099B081460C461E4617469DF88880A2B114
S21402C210154628460AF00EF818F0020B0FD004B99D
S21402C22011AC6B462246294648460AF0BEFA0EB1C3
S21402C2300023336019B0BDE8F08F0CADE9E76B461A
S21402C2402946484604AA0AF07DFA6B7808F00108E7
S21402C250FF2B25D000287AD154B104AB08AF1A467A
S21402C26003CABA4220606160134604F10804F6D19C
S21402C27026B16A78374B03EB82033360B8F1000FBE
S21402C28001D10020D6E7BDF80030D906F9D418202F
S21402C2904FF6FF716A780FF0EDFE40F60E40C9E7E2
S21402C2A0DFF8B8A0DAF800302EB19A0756BF2A4A4D
S21402C2B0C6F800B0326003F03003102B01D0202BFA
S21402C2C01ED111A8FFF7FEFE082248460DF14601D0
S21402C2D0F0F7D6FB28B1DAF8003003F04403402B1F
S21402C2E00ED0B8F1000F0ED108A80CF0EBFF022317
S21402C2F02B70C4B9002FC4D0281DFFF763FFC0E718
S21402C30040F60A4096E7DAF80030DB03ECD508A8D8
S21402C3100CF0D8FF02232B70BCB9002FB7D0281D13
S21402C320FFF750FFB3E7002608AB0CAF1A4603CA66
S21402C330BA4220606160134604F10804F6D1281D53
S21402C340FFF740FF002E9CD0A1E70126ECE72D2048
S21402C35070E700BF3C440020244800202848002004
S21402C36049B9084B197849B14EF66023594328B1AA
S21402C37005480FF08DBB41F28831F8E70248F8F71E
S21402C380DFBC00BFC36200207447002070B586B0D1
S21402C3900546F8F7C3FD10B9022006B070BD01A825
S21402C3A0FFF710FF06460028F6D08DB92E4B1C6804
S21402C3B014F0020406D02D4B1B78112BECD12C4B1B
S21402C3C0B3F868404FF481630221ADF80C3023E0E5
S21402C3D02846F9F72DF90028DED1234B1C6814F005
S21402C3E0020406D0214B1B78112BD5D1204BB3F873
S21402C3F068400822294601A8F0F742FB0028E1D04F
S21402C4004FF4027300260A21ADF80C302B68CDF8E3
S21402C4100E306B68CDF81230002203A80BF0C4FC75
S21402C420024608B91920B8E70F4B196801F0300325
S21402C430102B17D0202B14BF01230323490001F031
S21402C44004010B432046002100F0F4FF0028E9D047
S21402C45000210120FFF784FF16B10122054B1A7056
S21402C46000209AE70323E9E7284800200463002017
S21402C4707C560020CE63002030B500251D4C85B0CA
S21402C480CDE90055F8F75CFC23784BB31A491B48F4
S21402C4900A780078904223D90132012B0A700ED115
S21402C4A02A464FF4A071284602F0BEFAC0B2B8B9C6
S21402C4B041F2883112480FF0EBFA05B030BD022B7C
S21402C4C009D1284602A9F9F745F80028EED102A8B4
S21402C4D0FFF75CFFEAE7032B02D101F065F9E5E717
S21402C4E0002108462170FFF73BFF0421684609F049
S21402C4F00CFEE2E7DA630020DB630020676D0020B3
S21402C5007447002070B5194A194D044651681068E0
S21402C51086B02E7801AB03C31EB10224204606B0B5
S21402C52070BDF8F745FD0228F7D103A800F0E8FD34
S21402C530082201A90DF10E00F0F7A2FAA0B10D4BE8
S21402C54032464FF4A07130461C7002F06DFA044673
S21402C5500028E3D10123084A41F2883107482B70AC
S21402C56013700FF095FAD9E72324D7E79BB504009A
S21402C570DA630020676D0020DB630020744700202A
S21402C580F0B50C4600219BB02B4F0646492207A861
S21402C5900691F0F723FA3B78012B34D19EBB0DF1BE
S21402C5A00E0120460CF0A6FF0546BDF80E000FF061
S21402C5B09FF9441BE4B2BDF80E1023462A460096A5
S21402C5C006A80FF095FE304604A9F8F7C3FFD0B9C7
S21402C5D0CCB19DF81920B2B9BDF8233003F47E43DE
S21402C5E0B3F5285F1ED3B3F5385F0ED31349BDF8F3
S21402C5F00E000B6843F400030B6029460AF065F947
S21402C60018B104233B701BB0F0BD01220C4B04A8EA
S21402C6101A70FFF7BBFE41F288310A480FF038FA6B
S21402C6200223EFE711463A70FFF79AFE1E2104A88E
S21402C63009F06BFDE7E700BFDA6300202848002018
S21402C640DB63002074470020014B1870704700BF60
S21402C650DB630020014B1878704700BFDA630020C6
S21402C660014B1870704700BFDA6300202DE9F04FC7
S21402C6700446408891B00E298846ADF81A0074D058
S21402C68094F80890A7790BF074FB09A90546BDF843
S21402C6901A00E6790DF071FBBDF81A000BF06FFA7E
S21402C6A0430542BFBDF82A3043F40053ADF82A30A2
S21402C6B0E379D80642BFBDF82A3043F48053ADF87A
S21402C6C02A30BDF82A30990613D5022F52D10CA96A
S21402C6D0207A0CF0B0FEDDF83500DDF8391007AB35
S21402C6E003C307AA0021042300910DF11A00FFF7E5
S21402C6F017FB0121BDF81A000FF016F9022F824629
S21402C70044D1454B33F81950B8F1000F79D0BDF833
S21402C7102A305A0675D54FF6FB72954271D83F4AB3
S21402C720B2F86820AA426CD0DB0502D528460CF087
S21402C730C8FFBDF82A30D80463D5002F33D1BDF820
S21402C7401A000BF01CFAC10663D548F23403BDF892
S21402C75026209A4209D1324E3078FF2805D003228D
S21402C7602946FCF72BF9FF2333700023236011B010
S21402C770BDE8F08F012F01BF237A2A4A03EB430359
S21402C78002EB830314BF00229A1CABE7012F05D1EC
S21402C7900C2303FB09F3234AD55AB5E7A81C0FF06E
S21402C7A0A2FC0546B0E7284601F07CFDBDF81A005B
S21402C7B00BF0E5F9C206C8D46389504605930FF01C
S21402C7C097F8834650460FF077F8059B02905FFA7B
S21402C7D08BF04A46394601900093404609AB09F071
S21402C7E02CFCB8F1000F14BF0B20092016F0030230
S21402C7F018BF02F1FF32294618BFD2B20FF03AFC38
S21402C800A3E7BDF81A000BF0BAF9C3069DD4002FB1
S21402C810D2D1A946D0E700BF605B00207C5600203C
S21402C8206B6D0020A05A002038B500240F4B104D27
S21402C8302A78A24205D8C2B9BDE838400D48F8F7B2
S21402C8407FBA598869B9013AD2B2A2422A70EFD0A9
S21402C850121B184603F110011201EFF769FF034697
S21402C860E6E701341033E4B2E2E738BD4044002084
S21402C870DE630020206C002070B51A4B1A4A1D7821
S21402C8800023DCB2A54200D870BD14466688013388
S21402C890864202F11002F4D1E379A588E16003F042
S21402C8A040028DB9CAB123F00403E3710BF061FABA
S21402C8B0037803F07F03037021880029E4D1BDE8E2
S21402C8C070400A480FF0E4B800216580A180002A73
S21402C8D0E9D1BDE87040FFF7A7BF2046FFF7C6FEC6
S21402C8E0F7E700BFDE63002040440020206C0020F3
S21402C8F02DE9F047044686B040880F4615460BF0F1
S21402C90038FAA3798046082B52D8DFE803F0052EC2
S21402C910185151515151050002300FF0E4FB002D21
S21402C9204ED06946F8F716FE002841D1684601F057
S21402C93063FDB0FA80F0400906B0BDE8F08702A9B0
S21402C940207A0CF078FD6B466E46DDF80D00DDF8B9
S21402C9501110334A03C3237A32F81390314AD05C5B
S21402C96075B131460CF08BFDE6E7237A2E4903EBD0
S21402C970430301EB830231F82390907A961CEFE78B
S21402C9804FF6FB7AD14515D930460CF0C2FE4FF66B
S21402C990FF739842054615D00146304601F09EFCCC
S21402C9A0554508D9E379DA060ED440F62243E36009
S21402C9B00020C1E74D46294608F102000FF095FB1C
S21402C9C00120B9E74D46EDE74FF6FC78454512D112
S21402C9D003F00C030C2B1CD1DFB130464FF6FD7171
S21402C9E001F07CFC40F61F412046E160FFF73EFE68
S21402C9F0FFF71AFFDCE74FF6FD739D4209D10023CD
S21402CA00304619461A4602F0DBF84146304601F037
S21402CA1065FCE37943F00C03E37140F62343C6E773
S21402CA20605B0020CA620020A05A002073B504464C
S21402CA3040880E460BF09DF902300FF054FB09F0C9
S21402CA405BFF18B1A11C201D09F05BFFE6B1E5797A
S21402CA500135EDB2E57115F0400514D0ECF724FE71
S21402CA600122054600212046FFF742FF18B1394B46
S21402CA701B882B449DB2384B1B78042B01BF354BC9
S21402CA801B885B199DB22580002231462046FFF79F
S21402CA902FFF20B360880BF06CF9E2792F4922F061
S21402CAA00C03E3710B7805460133DBB20B70C371DE
S21402CAB02B4BA61C1B780BB3E37998061ED5294987
S21402CAC0097871B159060CD592070AD500220423BB
S21402CAD0114630460092FFF723F910B1E06002B02B
S21402CAE070BD00220123114630460092FFF718F966
S21402CAF020B1E37943F00303E371EFE7304609F030
S21402CB00FEFE0028EAD16088FCF7C0FA0328E6D8C1
S21402CB10DFE800F0020D1D19E37943F00403E37128
S21402CB201B06DCD5104B1A78104B1A70D7E740F666
S21402CB302443E360E37943F00803E3712B7803F0C0
S21402CB407F032B70CBE740F62543E360C7E740F64A
S21402CB502643FAE7BE6C002005630020026300202D
S21402CB6000630020686D0020C8620020DD6300209C
S21402CB702DE9F74F06460FF0D4F95F4B0546B3F89A
S21402CB80009018805D4BA0EB09041B78A4B2A34268
S21402CB9098BF00234FF000084FF6FF7788BF1B1B95
S21402CBA0564A88BFDBB21370DFF864B1A9EB000304
S21402CBB00093534B5FFA88F2197891420ED80EB161
S21402CBC0FFF732FE4FF6FF739F4200F08E80394623
S21402CBD04C4803B0BDE8F04F0EF05ABFBBF8022037
S21402CBE0002A3CD0484B9BF807201878BBF800A0D8
S21402CBF0042818D00020BAF1000F08BFA24620442D
S21402CC00504523D2BBF80010009B1944ABF8001025
S21402CC10002E4ED002F04802482A4AD10021584639
S21402CC20FFF704FF45E00192F8F704FC30F010032A
S21402CC30019ADFD1FBF746FC344B019AB3F800C0E9
S21402CC408445D7D9ACEB000080B2D4E702F00C00E2
S21402CC50042807D10022ABF800200BF1100B08F1D4
S21402CC600108A6E7510602F0030C02F008000ED5F2
S21402CC7028B3BCF1030F25D1DEB1DBF80C10584601
S21402CC80002908BF4FF44261FFF7F0FC11E040B301
S21402CC90BCF1010F25D11206EED44FF4C862ABF8F0
S21402CCA000209BF8072022F0030242F002028BF8D3
S21402CCB00720BBF80020974228BF1746CDE703207F
S21402CCC08445D9D213060ED50C4B1A780AEB02000D
S21402CCD0844208DA4A44521B0AEB0201ABF80010FF
S21402CCE0E7E70120ECE7012199E7064803B0BDE833
S21402CCF0F04FF8F725B800BF945C0020DD630020F3
S21402CD00DE630020206C002005630020BE6C00203D
S21402CD1040440020F8B500250A4E0B4F3378ECB29B
S21402CD20A34204D8BDE8F8400848F7F719BD07EB58
S21402CD300414A01CF7F714FD201DF7F711FD0135AA
S21402CD40ECE700BFDE630020404400208A5C00203F
S21402CD5070B500240B4D0C4E2B78A34208D81B1B33
S21402CD60DBB22B706BB9BDE870400848F7F7E8BF36
S21402CD7006EB041040F621410134FFF777FCE4B2DB
S21402CD80EAE770BDDE63002040440020206C0020ED
S21402CD90F8B5154EDFF858E035789EF800E0134FE8
S21402CDA0AE454FEA051C07EB051419D0002503F41F
S21402CDB0835343EA1323A1712272E371608027F83A
S21402CDC00C50A58003F0A8FB40F60243E3603378DC
S21402CDD06081013328463370FFF7CAFE2846F8BD45
S21402CDE040F60340FBE700BFDE630020404400201D
S21402CDF02F6D00202DE9F04F344B0D461C78174658
S21402CE0085B05CB9B1F90680DFF8C890DFF8C8A033
S21402CE10DFF8C8B099F80030A34202D805B0BDE8E2
S21402CE20F08F0AEB0416B08800B9708801A90CF0DE
S21402CE30A4FFAA7A9DF80E309A4244D1B8F1000FA8
S21402CE400FDA297A9DF80C202B89914209D82048BE
S21402CE5000780844824236DA521A1B0A1341D9076E
S21402CE6031D538460CF078FFBDF80A3004469A06EB
S21402CE7002D5EB889B06D1D5F37903F00C03042B7D
S21402CE8008D17088F9F786FD00237288194618467D
S21402CE900CF039FC00213046FFF7E8FBFFF7C4FC34
S21402CEA038460EF025FD844208D2337A01228BF8EA
S21402CEB0003029460023384602F0AEFCB8F1000FD7
S21402CEC0ACDA0024A6E70134E4B2A3E7DC63002070
S21402CED02E6D0020DE63002040440020E663002022
S21402CEE008B50FF01EF8074B1B88C01A80B2B0F5C3
S21402CEF0807F05D9BDE80840002103480EF0C8BD72
S21402CF0008BD00BF945C0020206C00202DE9F0478D
S21402CF1088B004460D460CF049FE0146204603F052
S21402CF2083F910F003035FD110F00C0F06D12946E7
S21402CF30204608B0BDE8F047FFF79EBC20460AF040
S21402CF401EFEC30638D420460CF030FE01462046AC
S21402CF5003F06AF9064620460AF00BFF80460230C6
S21402CF600FF0C1F805A9074620460CF006FF06F0AA
S21402CF700C0698F801300C2E0CBF4FF003094FF048
S21402CF800609012113F0010F204618BF4FF00309CE
S21402CF900EF0CAFC174B80461B88A3420FD1B5FA87
S21402CFA085F04009FBF748FC20460AF016FE0022F0
S21402CFB0014607200FF05EF808B0BDE8F08703F0E0
S21402CFC0ABFA824640460EF093FC064640460EF00A
S21402CFD073FCF6B202903A4649462846CDE900A6C8
S21402CFE005AB09F02AF8DFE7012BE5D110F00C0FAC
S21402CFF0E2D19CE78A5C0020002210B5094B1C781F
S21402D000094BD1B28C4201D8002010BD197A814258
S21402D01002D19979022902D010330132F1E70120B8
S21402D020F3E700BFDE6300204044002001460022F2
S21402D03010B5084B1C78084BD0B2844201D80020A9
S21402D04010BD187A884202D198790128F8D0103398
S21402D0500132F1E7DE63002040440020002210B4D3
S21402D0600A4B1C780A4BD1B28C4203D85DF8044BAB
S21402D070FFF7DABB197A814205D19979012902BFF5
S21402D08000211980598010330132ECE7DE6300205C
S21402D09040440020024B1878003818BF0120704721
S21402D0A0DE630020044B1B6813F0300F03D02021F0
S21402D0B030200CF003B9704728480020002310B532
S21402D0C0044608491A4601EA00414FF07F60FFF71E
S21402D0D001F8E30703D5002130200CF0EFF800201A
S21402D0E010BD00BF00007207044B5B8823F4784330
S21402D0F023F08D0303800020704700BF28480020DD
S21402D10008B500220346C3F80220C3F806200B4ADD
S21402D11002301268D1B212F0200F18BF41F010018F
S21402D1201980930701D4FFF74DF8054B1B78023B95
S21402D130032B8CBF1720002008BD00BF2848002004
S21402D1400463002038B505460C46FDF7EDFB98B1A2
S21402D1500E4B187878B10E4B1B681A040FD58CB19B
S21402D16013F0420F00D17DB103F44073B3F5407F54
S21402D1700CBF0020232038BD40F60840FBE740F6EF
S21402D1800B40F8E72046F6E72320F4E7006300208A
S21402D19028480020F0B504468DB007A80D4616466E
S21402D1A009F048F81022002103A8EFF717FC5CB13B
S21402D1B0234603AC03F11007224618685968083361
S21402D1C003C2BB421446F7D1012703A986EA070326
S21402D1D007A88DF81C708DF81D3009F093F980EAC7
S21402D1E0070401A8E4B2ECF773FFB6B101A88DF804
S21402D1F00650ECF799FF64B1002303A907A88DF83F
S21402D2001D3009F08EF90C4B1B78432B01D1F9F730
S21402D210DBF80A4B1D700DB0F0BD01A88DF8075063
S21402D220ECF782FF002CF6D003A907A88DF81D7034
S21402D23009F077F9EFE700BF04630020FF620020E1
S21402D240F0B5012593B007460DA80C4608F0F2FF8C
S21402D25005A90DA8ADF8345009F07EF901A8ECF73F
S21402D26037FF09A90DA88DF835509DF8066009F01C
S21402D27073F90DA89DF8075009F004F970BB731BEB
S21402D280DBB2802B28D91FB1A64225D0A54223D1D6
S21402D29005A90DA809F045F903A8ECF719FF03A89C
S21402D2A08DF80F60ECF740FF0122294609A8FFF728
S21402D2B071FF0BF0E9F801214FF400700CF00EFA42
S21402D2C0FDF71AFBB0F1004F01D9FDF71BFB044B2B
S21402D2D0187808F018FF012013B0F0BD0020FBE715
S21402D2E0FF62002070B50E46144605460320FFF77F
S21402D2F0B7F946F004022946204609F06CF90022E6
S21402D300014B1A6070BD00BF24480020F0B587B0FC
S21402D310078805461022002102A8EFF75FFB3E4B66
S21402D3201B78002B76D1BC055ED407F08403842BD1
S21402D33063D00022394C11461046FFF72BFF17F434
S21402D340045F276005F102061CD0B9040AD53046F0
S21402D35002F09CFA00284ED1236823F4005343F4CB
S21402D3608073236030460CF025F8002842D108F07E
S21402D3705FFF18B9236843F480332360236843F0C1
S21402D3802003236022680DF1060042F40043236066
S21402D390FFF7AAFE12F4805FBDF8063031D043F0E4
S21402D3A02003ADF806302168334611F0400218BF5C
S21402D3B005F123024FF07F60FEF78CFEBDF80630C3
S21402D3C0DA0703D5002130200BF078FF23689B058F
S21402D3D006D5012295F8221005F11200FFF7DAFEB3
S21402D3E000200F4B186006E005F112000BF0E2FF7A
S21402D3F000289AD0292007B0F0BDB80799D5232077
S21402D400F9E723F02003ADF80630FDF77BFAFEF7C6
S21402D41075FCC8E70220EEE70463002028480020D7
S21402D42024480020024B1868C0F30050704700BF23
S21402D430284800202DE9F04F06468946104600216E
S21402D44089B01546984602F0EFFE102807460AD81D
S21402D4506A4B0341DB0706D4C8F340049DB900209B
S21402D46009B0BDE8F08F664B1C78002CF6D0FFF7AB
S21402D470D9FF00280CBF4FF4F0744FF4D074FC4070
S21402D48004F00104EAE74FF0000A18F0010F5346D1
S21402D490524629464FF00500CDF800A00CBF4FF0CB
S21402D4A0080B4FF4027B06F08BFD0028D7D0C8236A
S21402D4B03246009359465346284602F0DDFEADF842
S21402D4C00E000028CBD018F0080A4AD14FF6F773A0
S21402D4D0A7F10F02D2B29E428CBF09230123012A72
S21402D4E001D843F04003474A8DF810301378591C90
S21402D4F011708DF81130002C4FD09DF81030052F8A
S21402D50043F020038DF8103033D03F4B1D78002DAA
S21402D5105AD04FF6F77300259E424FF00F0248D9B5
S21402D520012304A90DF10E00F7F75EFB002896D141
S21402D530002C4DD1BAF1000133463A4618BF0121FC
S21402D540BDF80E00CDF8009009F0E0F9ADF80E0037
S21402D550002884D018F0040F4DD031460BF032F973
S21402D5607EE749460DF10E000CF0DDF80028ADD13D
S21402D57075E70121BDF80E000EF0D6F9012102F082
S21402D58053FE0123834013F0620F1CD11E4B1B78FF
S21402D590E3B14FF6F7731825BEE71B4B25461B78FB
S21402D5A00222002BBCD04FF6F7739E42B8D8052F46
S21402D5B0B6D0BAF1000FB3D19DF8103043F0400355
S21402D5C08DF81030ACE710250F22A9E71825FBE7E7
S21402D5D0BAF1000F0AD002234A46009029460DF1FE
S21402D5E00E00FEF79DFB0028A4D038E741235246E2
S21402D5F0CDF800A0F2E70BF0CDF831E79FFEFEFF74
S21402D6000063002001630020F46200202DE9DF435E
S21402D6101E46144B80461B680F469B0791460A9C83
S21402D6201BD4204614B109F05BF9C0B20622CDE93C
S21402D63002403B460020CDE900890B490CF036FA41
S21402D640024650B10021002E0CBF012303230846D8
S21402D65004B0BDE8D043FFF7EDBE002004B0BDE83D
S21402D660D08300BF284800203C6704002DE9F04F15
S21402D6708DB081468A461F4693469DF85C803AB92D
S21402D68003A8FEF79FFDB0BB00200DB0BDE8F08FEB
S21402D69015460022232110460AF086FBADF80A0042
S21402D6A00028F1D00EF008F90523044618F0100FF2
S21402D6B000F8023B677020D011220021EFF78EF9A6
S21402D6C004F11306032F4FF0080237D159463046AD
S21402D6D0EFF72EF8C8F3801306F10905337209F046
S21402D6E0FBF800283ED000232B706B700123033515
S21402D6F005F8013C36E003ADCBE701261022169969
S21402D700EFF716F806FA07F313F0620F02D104F1E8
S21402D7101206D7E707A808F08DFD05A88DF81C604D
S21402D720ECF7D6FC9DF8162018F0200F9DF817305F
S21402D73008BF134604F11306A374C3E751463046E6
S21402D740EEF7F6FF012306F10802121B28460093A5
S21402D750BDF80A10082392B20EF0CAFD042F06F195
S21402D7601005BCD02D1BA9B20DF10A000CF006F96B
S21402D770002889D118F0040F0BD048460EF0ADFDF4
S21402D780FF281FBF074A32F8103023F4804322F8DE
S21402D7901030434651464846BDF80A20FFF74AFE77
S21402D7A073E700BF2C5C002070B5032690B08DF89E
S21402D7B00760F7F7B3FB18B90224204610B070BD15
S21402D7C002AD2846FEF7FEFC0028F5D01B4B1C686F
S21402D7D014F00204F0D140F20F43194AADF8243097
S21402D7E0136804A8CDF826305368CDF82A3008F01E
S21402D7F021FD95E8030005AB83E80300062304A891
S21402D8008DF81D308DF81060ECF704FC01210DF147
S21402D8102E020DF10700ECF757FB22461A2109A843
S21402D8200AF0C2FA024608B91924C6E701232946B5
S21402D8302046FFF7FFFD0028BFD1F5E72848002065
S21402D840A76300202DE9F04F04460D46002191B053
S21402D8501F2208A89B460791EFF7C0F820460CF057
S21402D860A5F90146204602F0DFFC8DF8110020469D
S21402D8700AF07FFA9DF81130467899068146C6F37B
S21402D8804006204648BF46F002060CF065FA80467F
S21402D89020460EF02DF80022A0EB0803DBB2232B65
S21402D8A028BF232300922146424607A80EF020FDF9
S21402D8B000283AD1A24B9DF81C701B789DF81DA03B
S21402D8C0B3B3FFF7AFFD00280CBF4FF4F0734FF46D
S21402D8D0D073FB40DA072BD5B30729D4082F22D101
S21402D8E0BAF1040F21D1FBF77FFBF0B901234246C0
S21402D8F00093214605200DF1110306F03EFBA0B170
S21402D900053F0D2F11D8DFE817F024001000AF01F5
S21402D910BC01C5011000100010001000100010001D
S21402D920CB01F901F901052F07D011B0BDE8F08F40
S21402D930102F05D1BBF1000FF7D0FBF755FBD5E74B
S21402D940FBF752FB0028D1D0052FCFD0112FCDD018
S21402D950EBE7BAF1050FE8D820460AF06DF9029017
S21402D96009F102000EF0BFFB82460DF11200FFF72E
S21402D970BBFB01239DF81D8003FA08F313F0620334
S21402D98003932DD0BDF812309D0722D5B407CCD50F
S21402D990FBF72AFB0DF11E000BF00CFDB8F1030F8E
S21402D9A004469DF82EB02FD10DF12F050AF072FB1A
S21402D9B0824540F03181032EB7D19DF836100DF125
S21402D9C01E02003918BF01210DF12E0008F0A9FF32
S21402D9D0ABE7FBF709FB0028DCD1002EA5D0D9E780
S21402D9E0FBF702FB68B10DF11E000BF0E3FCB8F189
S21402D9F0030F04464FF0000B40F082800DF12E0517
S21402DA00D4E7002E91D0EEE74E4B1B6898072AD536
S21402DA10FF2208210DF137000AF0CAFA814610BB30
S21402DA20034601460DF137020220FEF753FB0AF0C9
S21402DA3031FB82450DF137070DF12F0523D04FF646
S21402DA40F7739A4540F2ED800022082128460AF034
S21402DA50AFFA002800F0E580002259460DF11E00BC
S21402DA60FFF798FB61E70DF137070DF12F053846F2
S21402DA700BF04CFC002848D00AF00CFB824540F024
S21402DA80CC804FF000092846F7F7D2FD002800F0B8
S21402DA90C480B8F1010F5BD0B8F1040F7FF445AF34
S21402DAA00BF057FC10B1032E7FF43FAF002C7FF42F
S21402DAB03CAF3A4602210DF11E00FFF713FC224B43
S21402DAC01B7863B1FFF770FEFEF7C4FD022806D18D
S21402DAD00120FEF7B9FD01210846FEF741FC1B4B6B
S21402DAE01B78022B20D10321384608F00EFBFEF7E6
S21402DAF0B1FD014600287FF418AFFEF731FC14E7AB
S21402DB000DF136070DF12E05B1E7104B1B78432BAE
S21402DB107FF40BAFB8F1010F7FF407AF0AF0BAFA41
S21402DB2082457AD1C146AEE7412B7FF4FEAE054B65
S21402DB301B6859057FF5F9AEF9F73EFEF5E600BF1C
S21402DB400063002028480020CE63002004630020E3
S21402DB506C4D2B78022B22D02B78412B3FF4E5AE6E
S21402DB603CB9FBF741FA594602460DF11E00FFF793
S21402DB7011FBFBF739FA00283FF4D7AE0BF0E9FBAE
S21402DB80614C98B123681B0502D42B78432B0DD128
S21402DB90B0070BD440F61A40F9F70CF8C5E60BF0BE
S21402DBA0D8FB0028D8D0B207D6D4BEE6206810F03C
S21402DBB0020002D102990BF08BFD2B78112B16D1A5
S21402DBC02368590513D50020FEF7E0FB044600281B
S21402DBD07FF4ABAE0AF0CCFC40F61C40F8F7EAFF46
S21402DBE021462046FEF7BCFBF8F7F0FF9DE6B2079B
S21402DBF001D5FFF757FAB9F1000F9DD008F018FBD0
S21402DC0018B94FF480310BF059FB00223F4B3846CF
S21402DC101A600BF072FB8FE70027039B002B7FF442
S21402DC200EAF4FF6FF73284605A9ADF814300AF07A
S21402DC3024FA20B128460AF001FAADF814004FF68D
S21402DC40FF73BDF8140098423FF46FAE002C0CBF71
S21402DC500423152301930DF11E0300933A4643460F
S21402DC602946FFF703FD60E60DF11D00F7F7E0FC1D
S21402DC7000283FF45AAE022229460020FAF79EFEFA
S21402DC8053E6F3077FF551AE3246284607A90BF056
S21402DC9049FD4AE69DF81D100120FFF7D1FA44E639
S21402DCA0184B1B78022B20D1002D7FF43EAE05A820
S21402DCB0FEF788FA00283FF438AE154B1D709DF823
S21402DCC01D30002B14BF64246524FEF7C3FC032812
S21402DCD006D128462946FEF743FB2846FEF7C0FC37
S21402DCE0214605A808F011FA1FE6043B012BDBD9F2
S21402DCF0284608F001FE0028D6D116E6204608F08F
S21402DD00FDFD12E604630020284800202448002077
S21402DD10CE6300202DE9F34105460E461746984687
S21402DD200BF017FB044640B101233A46314628461B
S21402DD30CDF80080FFF76AFC04460BF00AFB30B110
S21402DD40FFF770FB78B10A4B1B689B010BD40023CC
S21402DD503A4631462846CDF80080FFF757FC002C9D
S21402DD600CBF0446012404F0010002B0BDE8F081B5
S21402DD702848002070B58AB005A808F05BFA02238E
S21402DD8001AA15468DF81430084B03F11006144606
S21402DD9018685968083303C4B3422246F7D12946A5
S21402DDA005A808F0AFFB0AB070BD00BFA3B504001B
S21402DDB0014B1878704700BF696D0020014B188828
S21402DDC0704700BFE66C00204FF6FF732DE9F04364
S21402DDD0994280460D4685B00BD000274FF6FD7956
S21402DDE01C4EEBF767FCFCB2A0420BD84FF6FF7056
S21402DDF01DE0F7F71DFC0028EFD005B0BDE8F043A4
S21402DE000AF048B936F814304B4517D8694620460A
S21402DE100BF0D5FA082241460DF10500EEF730FE6A
S21402DE204FF6FF7360B99D4204D136F8140005B070
S21402DE30BDE8F08326F814500BF09BFA0137D0E7C2
S21402DE409D42FBD036F81430AB4208BF26F8149039
S21402DE50F4E700BF605B00202DE9FF4706460F4649
S21402DE6000254FF6FD79DFF83C80DFF83CA0EBF7A3
S21402DE7021FCECB2A04202D804B0BDE8F08738F824
S21402DE8014304B450CD8694620460BF098FA082207
S21402DE9031460DF10500EEF7F3FD08B90AF80470F5
S21402DEA00135E4E7605B0020CA620020014B33F8CC
S21402DEB010007047605B0020F0B5064600250D4F47
S21402DEC085B0EBF7F7FBECB2A04201D805B0F0BD87
S21402DED037F81430B3420BD1694620460BF0ABFA42
S21402DEE09DF80030022B1CBF4FF6FD7327F8143046
S21402DEF00135E6E7605B002030B585B004460D4686
S21402DF00EBF7D8FBA0420FD9084B33F814204FF694
S21402DF10FD739A4208D8694620460BF08CFA2946C9
S21402DF200DF10500FFF750FF05B030BD605B002025
S21402DF3030B585B00446EBF7BDFBA04219D92046A2
S21402DF40FFF75AF80546B0B9694620460BF037FA8D
S21402DF509DF800302BB1694620468DF800500BF034
S21402DF604CFA4FF6FF720020044B23F8142005B03B
S21402DF7030BD2820FBE740F60440F8E7605B00204F
S21402DF802DE9F0410B7805460E461BB9BDE8F04177
S21402DF90FFF7CEBFEBF78EFBA84231D92846FFF734
S21402DFA02BF878BB374617F8058B4FF6FF713846C5
S21402DFB0FFF70AFF0446384600F01EFAB0FA80F071
S21402DFC04009B8F1000F15D0B8F1030F15D04FF67F
S21402DFD0FF724FF6FD73944208BF1C460B4B314648
S21402DFE023F815400A4B585528460BF006FA00202F
S21402DFF0BDE8F0814FF6FF74F0E74FF6FE74EDE7EA
S21402E0002820F5E740F60440F2E700BF605B0020F8
S21402E010CA6200202DE9FF410D4604464FF6FE78FF
S21402E0200F4F0E0AEBF746FBA04204D8FF24204609
S21402E03004B0BDE8F08137F8143043450CD1694688
S21402E04020460BF0BCF99DF80520EBB29A4203D1AC
S21402E0509DF80630B342EAD00134E4B2E2E700BFEC
S21402E060605B00202DE9F04F0C46174698460025C7
S21402E0704FF6FD7B87B09DF840A0DFF85C900190DC
S21402E080EBF718FBEEB2B04201D8FF2616E039F8DD
S21402E09016205A451ED8304602A90BF090F93FB911
S21402E0A09DF80920424515D19DF80C20524511D104
S21402E0B044B939F81620019B9A420BD1304607B074
S21402E0C0BDE8F08F082220460DF10D01EEF7D8FCD0
S21402E0D00028F3D00135D3E7605B002010B5144664
S21402E0E00BF06DF92046BDE8104008220149EEF714
S21402E0F01FBB00BFA76300202DE9FF470746154652
S21402E1000846082224491E46EEF7BAFC04460028B2
S21402E1103FD14FF6FF7ADFF88490EBF7CBFA5FFA3F
S21402E12084F880450BD385B3384605F0E7FF012512
S21402E1300C9B18700120357004B0BDE8F08739F8E2
S21402E140183053451FD0694640460BF038F97A78A6
S21402E1509DF801309A4216D17A88BDF802309A426A
S21402E16011D13A799DF804309A420CD108220DF169
S21402E1700501781DEEF784FC28B9002DD7D140465C
S21402E18005F0D7FFD3E70134C7E7FF2005F0D1FF3C
S21402E190CEE70020D0E700BFA7630020605B002028
S21402E1A0F0B50025154E164F85B0EBF783FAECB2A4
S21402E1B0A04201D805B0F0BD694620460BF0FFF834
S21402E1C09DF80030032B06D90023694620468DF8B9
S21402E1D000300BF012F99DF8002062B14FF6FD7385
S21402E1E04FF6FE71032A08BF0B4626F814300023AA
S21402E1F001353B55D9E74FF6FF73F6E7605B002023
S21402E200CA620020F8B50E4604464FF6FF770C4B5E
S21402E2100C4D1B7803EB430305EB8305A54202D89E
S21402E22000242046F8BD2388BB4206D00822314689
S21402E230A01CEEF725FC0028F3D00C34EEE700BF56
S21402E240306D0020A05A0020044BFF211A780448A3
S21402E25002EB42029200EEF7C1BB00BF306D002017
S21402E260A05A0020F8B504460C4B0D461B78104603
S21402E270A3420DD90C27022117FB04117C43084E3A
S21402E28008223144EEF754FA335B00202B80F8BDA7
S21402E2900023136053604FF6FF73F6E7306D0020DD
S21402E2A0A05A002038B504464FF6FD75FFF704FE67
S21402E2B00022084B1878084BD1B2884200D838BDE5
S21402E2C033F80C1C0132A14208BF23F80C5C0C3355
S21402E2D0F2E700BF306D0020AC5A002070B505464C
S21402E2E00E460846FFF7DEFF31462846FFF76CFD6E
S21402E2F029460648FFF786FF00B970BD044624F893
S21402E3000C6B0BF036F829462046F3E7A05A00209D
S21402E31010B5082286B023490446EEF7B1FB20B9B1
S21402E32006B0BDE8104009F0B5BE082220461E49D8
S21402E330EEF7A6FB20B91D4BB3F8680006B010BD79
S21402E3400023012221464FF6FF700093FFF78AFE54
S21402E350FF2806D0164B33F810004FF6FB73984290
S21402E360ECD903A8FEF7CCFE58B9BDF80C305B0614
S21402E37007D5082221460DF10E00EEF781FB002894
S21402E380DCD021460B48FFF73DFF40B14FF6FB724B
S21402E3904FF6FF730088904288BF1846CEE74FF6C6
S21402E3A0FF70CBE7A7630020E65600207C560020CD
S21402E3B0605B0020A05A002070B5002204464FF68B
S21402E3C0FB7608460A4B1D780A4BD1B28D4201D81D
S21402E3D0002009E01988B14207D8A14205D10822D7
S21402E3E0991CEEF7A5F9012070BD0C330132ECE75B
S21402E3F0306D0020A05A002037B5014605460E486B
S21402E400FFF700FF044640B1807A29460BF037F842
S21402E41080F00100C0B203B030BD03460090012276
S21402E42029464FF6FF70FFF71DFEFF2816BF034B67
S21402E4302046185CE9E700BFA05A0020CA62002006
S21402E4402DE9F341224B04461B780F4683421546BC
S21402E45038D9FEF7EBFDB8BB4FF6FD739D421D4E55
S21402E4600ED004EB440326F823504FF6FF739D426A
S21402E4701FD12046FEF7F2FD002002B0BDE8F08173
S21402E4800DF10601384609F0F8FD4FF6FF72BDF8A9
S21402E49006303846934218BF1D460C236343F55296
S21402E4A006EB0308FFF7A8FFB0FA80F0400988F8E9
S21402E4B00A000C2303FB0460082239460230EEF7FA
S21402E4C037F9D9E72820D8E740F60540D5E700BF58
S21402E4D0306D0020A05A002038B504460D46FFF7DE
S21402E4E0BBFC21460448FFF78DFE00B938BD857295
S21402E4F021460C30F7E700BFA05A00200023074A47
S21402E5001370074A1370074A118801B11380064B2D
S21402E5101A880AB100221A80704700BFE063002002
S21402E520DF6300209A5C0020985C00202DE9F04F03
S21402E5303C4C1D46238887B00746884610469DF801
S21402E54040605BB952B10BF032FA20804FF4FA61A8
S21402E550354807B0BDE8F04F0DF09ABADFF8D8900C
S21402E560B9F80040002C49D020460DF0C1F9C0F39E
S21402E570470620460DF0A0F9DFF8C0A00296BAF8CA
S21402E5800030DFF8BCB00193BBF8003004460093BD
S21402E59000222B46012025490BF088FAADF816001A
S21402E5A0E8B1012504EB4606B4420DD1BDB9BDF86B
S21402E5B01630A3B12A464146384600F06FF9ABF84A
S21402E5C00050AAF800500AE0012321461A460DF12F
S21402E5D01600F6F709FB023405460028E4D00023AD
S21402E5E0134AA9F800301378013BDBB21370002BF4
S21402E5F0ACD107B0BDE8F04FFFF780BF0D4C2378D3
S21402E60023B90DF083FB08B901232370324629464D
S21402E6100520F7F70DFA0028EBD1207007B0BDE809
S21402E620F08F00BF9A5C0020406C00204267040016
S21402E630E0630020DF630020985C0020345C00204A
S21402E640365C002030B5154D87B02C889CB9234621
S21402E6504FF4A07248F2380103A80AF0ECFF2146F4
S21402E6602046FAF7E3FA22460D4B009403A9FFF779
S21402E6705DFF07B030BD204609F07BFB04300DF08D
S21402E68032FD03A9044628880BF077FB002300938B
S21402E69020462A8803A900F0AFFAEAE79A5C00202F
S21402E6A000F8FF0737B5002001A9FAF7BFFA0D4CAC
S21402E6B0014623780C4D7BB10C4B019A1878FAF779
S21402E6C0CBFA2078F8F74CFC002323702B7008480E
S21402E6D0F6F736FB03B030BD2B78002BF7D0FFF7EA
S21402E6E0B1FFF4E7E2630020E0630020E16300206C
S21402E6F0406C002008B50548F6F732F80448F6F7ED
S21402E7002FF8BDE808400348F6F72AB89A5C0020BE
S21402E710985C0020965C00202DE9F04F89B089466F
S21402E7200446CDE905239DF84870139E30B316F8CB
S21402E73001ABBAF1000F23D00AF1FF34A400E4B211
S21402E7403146012008F020F9C00E1BD1DFF838B19F
S21402E7503146012008F018F99BF80050344422791B
S21402E760BDB1002F47D180234846CDE90277CDE9D7
S21402E77000773E4A059900F091F83CE08246DFE7D2
S21402E7805446DDE71B28ECD93146012008F0FCF898
S21402E790E7E7DFF8F880FF2A00EA08080BD14246CE
S21402E7A0E379A179607901EB032189B209B0BDE86A
S21402E7B0F04FFAF751BA2E4909688B070AD5FE2A96
S21402E7C035D101230135EDB2202D4FEA43030AD19C
S21402E7D0FF250AE0294628460792FAF727FA48450F
S21402E7E0BFD1079AEBE79845ECD1224B1B78FF2B5B
S21402E7F004D0AB4204D009B0BDE8F08FFF2DFAD0AA
S21402E80029460020F4F7B2FF0028F4D09BF8003027
S21402E8106479002BEFD1FFF771FE17484FF41051C1
S21402E8200DF036F9154B8BF800501C70E3E7052AFD
S21402E83097D8BAF1010F94D8B8F1000F91D0002FF3
S21402E840D9D17379002BD6D00D49098821B9082B66
S21402E85028BF08230B490B70434648461292DDE94F
S21402E860051209B0BDE8F04FFFF760BE426704002C
S21402E870284800206A6D0020406C0020E1630020DA
S21402E8809A5C0020E0630020E263002000F8FF07A5
S21402E890014B1880FFF7D6BE985C00200CB42DE919
S21402E8A0F04F8BB014AA0E4652F8041B0746099284
S21402E8B0002940F08F80BDF85400ADF822000028F1
S21402E8C000F0A18033794FF6F778002B40F086806F
S21402E8D047458CBF4FF009084FF008084C4B1C7890
S21402E8E0FF2C40F08380B6F90230002BA9BF494BBB
S21402E8F0347A1C780134A2BFE4B21C7044F080045F
S21402E900DFF81CB12246002101F0A2FC9BF8003081
S21402E910BDF82200002B6CD0DFF808A14FF00009EA
S21402E920BAF8003007930CF0E3FF0546BDF8220064
S21402E9300CF0C2FFEBB2CDE90193FF23CDE9030948
S21402E94000932246334639460798FCF7B5FB4FF646
S21402E950FF7305468BF80090AAF80030382D33D1A5
S21402E9603246394640460DF1220307F0CDFF002815
S21402E9704BD04FF6F7739F4226D8B6F9023070880E
S21402E980002B21DA48F204022349244B4FF00008F8
S21402E990904214BF8946994609F07CFB49460346D5
S21402E9A08A220120CDF800800BF080F8814658B10B
S21402E9B02246414601F04CFCFF2332463946404689
S21402E9C0CDE90098FCF7DAF928460BB0BDE8F04F1F
S21402E9D002B0704701200BF046F86EE70023474569
S21402E9E08CBF4FF006089846337177E7FF221A70FD
S21402E9F086E7CDE900033246FF2339464046FCF758
S21402EA00BDF90546AAE71925DEE70546DCE700BF9D
S21402EA106C6D0020E463002053670400486704001E
S21402EA20E36300209C5C002070B54FF400330024A2
S21402EA300546164688B0ADF81A100DF10F0204A965
S21402EA400593ADF81840ADF81C4004948DF80F40BD
S21402EA5007F039FF9DF80F3028460193049B044ABD
S21402EA60009305A93346FFF719FF08B070BD00BF33
S21402EA704C67040030B54FF48035002487B0039508
S21402EA80BDF82850CDE900128DF81030074A03462B
S21402EA9003A9BDF82C008DF81140ADF81250ADF860
S21402EAA01440FFF7FBFE07B030BD00BF58670400F6
S21402EAB0B1F1006F2DE9F04314462CBF39223822FB
S21402EAC08BB01D464FF00003ADF81E204FF48002B7
S21402EAD02CBF4FF001099946FF2C0646ADF81C30B4
S21402EAE00892ADF824304FEA11471FFA81F80FD189
S21402EAF009F0E1FDB9F1000F19D1154ACDE9020579
S21402EB0043463046CDE9007407A9FFF7C7FE1AE070
S21402EB10FE2C0AD109F0CFFD0130C0B209F0D6FDB5
S21402EB20B9F1000F12D00B4A02E0E8B2F8E70A4A3F
S21402EB30CDE9030501233046CDE90174CDF8008006
S21402EB4007A9FFF7ABFE0BB0BDE8F083034AD5E793
S21402EB5050670400566704004F67040057670400B6
S21402EB604FF498124FF0806310B586B0CDE90323B8
S21402EB700023ADF8143009F08DFA0446F8F796FA39
S21402EB80054B01900093054A234603A94FF6FD70F4
S21402EB90FFF784FE06B010BDA76300205C67040082
S21402EBA008B5064B1B78022B02D0043B012B03D878
S21402EBB0FFF7D6FF002008BD0220FCE70463002012
S21402EBC030B500244FF4806587B0CDE900128DF889
S21402EBD01030084A034603A94FF6FD708DF811401F
S21402EBE00394ADF81250ADF81440FFF757FE07B085
S21402EBF030BD00BF606704002DE9F04F99B00E46A5
S21402EC0005460CA91046CDE90A329DF888700AF02E
S21402EC1071FCBDF83090804648460CF069FEB6F9A5
S21402EC2002300446002BB6F806A0B6F802B004DAA4
S21402EC3000228D4B1A70002049E048460CF058FE20
S21402EC404045F5D3A4EB0804E3B2002F18BF4FF4F7
S21402EC50A07A152B099328BF15230024013308F147
S21402EC60FF324946DBB292B2009412A80DF040FB86
S21402EC706FEA4B436FEA53437C499DF84820086885
S21402EC804968ADF83E300DAB03C3ADF84040ADF871
S21402EC903C40ADF842A0ADF84420BBF1000F24D1B1
S21402ECA00DF14900F6F7C4FCA0B109F0F3F95C4691
S21402ECB080460DF151060DF149030A9A96F8009026
S21402ECC0012A2CD14FB384F0010404F0010019B0DC
S21402ECD0BDE8F08F0DF149000AF01BFD4FF6FF74F8
S21402ECE0011B4C4280464C41E3E7BBF1010F57D172
S21402ECF0BDF8498009F0CEF980450AD040460DA9F4
S21402ED000AF00AFD80F00104E4B20DF14B060DABE9
S21402ED10D3E7574B0DF14B06CFE70A9CD5E75FB317
S21402ED2044BBB9F1010F25D830D109F0B3F909F087
S21402ED30B1F92246804671784D4B0291002101209E
S21402ED40CDE900814B490AF0B1FEADF8320088B138
S21402ED5024BBB9F1010F0CBF0D210C210DF13200BD
S21402ED600AF00CFE024628B92846BDF832300FA932
S21402ED70FFF794FD0120AAE7B9F1010F04D1002C98
S21402ED80D3D081227178D8E7002CFAD1B9F1010FDD
S21402ED9094BF002201227178D201CEE70C21DDE772
S21402EDA00A9B002B7FF447AF7388342B4BD1099B09
S21402EDB0092B7FF440AF002F7FF43DAF9DF95160E1
S21402EDC03A46B41008210DF1490004F0200409F077
S21402EDD0EFF8A0B1284B1B78012B3FF42CAF274A43
S21402EDE0274BB2F868201B68AA421DD0DA001BD552
S21402EDF0C8232846234A0FA9FFF750FD1BE70DF14B
S21402EE004900F6F715FC0028E4D10DF149000AF096
S21402EE1080FC4FF6FF739842EAD02146F9F778FE57
S21402EE2003460028E4D1E4E75B0201D5002E08DAA7
S21402EE3000232846134A0FA9FFF730FD124B1C7019
S21402EE40F9E68D23D5E7099BCDE905A204930DF1DA
S21402EE504903CDE9028331462846CDE900790B9B6A
S21402EE600FAA00F03DF8E6E6D863002090F0030013
S21402EE70A763002064670400056300207C56002018
S21402EE8028480020161D04006B6D0020024B1878DF
S21402EE9040F08000704700BFE4630020014B1880FA
S21402EEA000207047EE6C00204FF6FF710346028882
S21402EEB01B798A4217BF074901200A8041881EBF74
S21402EEC0054A00201180FF2B1EBF044A0020137043
S21402EED0704700BFEA6C0020E86C0020E563002063
S21402EEE02DE9F04FA1B09946BDF8AC302D9F0D9399
S21402EEF09DF8B03004460E93BDF8BC3038460F93EA
S21402EF009DF8C0304E88884615469DF8A8B01093E6
S21402EF100DF0E9F8112E824671D809F0BBF850457B
S21402EF2076D0062E10D14FF6FD72924526D0BBF152
S21402EF30000F10D100228023CDE900A229462046E8
S21402EF40BC4AFFF7ABFC06E0BBF1000F03D1032E71
S21402EF5007D8012E09D80022B74B1A7021B0BDE897
S21402EF60F08F043E022EF6D8E4E780232946204698
S21402EF70B24ACDF800A0FFF791FCECE7B04B1B7845
S21402EF805E074CD409F086F8002603463246012076
S21402EF90A84900960AF08AFD3B79ADF866000F9301
S21402EFA00028DBD0DDE90E320D9803EB42090CF0A7
S21402EFB09FFC5FFA89F909F105085FFA88F880452F
S21402EFC0CCD241460D9801F02FF9109008EB40087C
S21402EFD00D980CF08DFC8045C0DADDE90F32134344
S21402EFE0DBB2002B40F03482BBF1000FB6D1D8461C
S21402EFF042460421BDF8660001F02AF974E1904AFF
S21402F0003A2E127812D948F23B039E4207D013E0FA
S21402F0108B4A127850070BD5321F022A08D8B8F846
S21402F020063043F48043A8F8063097E71B2E1DD817
S21402F030B21E91B213295FD9109B494602930F9BC9
S21402F0403046CDE900B30E9A234607F043FC0F285C
S21402F05084D10122784B1A70794B1B789B0740F1BA
S21402F0602783BBF1000F7FF479AFD8E7A6F11C0126
S21402F0701E29E1D801A050F821F000BFC7F6020011
S21402F08039F0020039F002005DEF020039F00200AA
S21402F090B5F40200B5F4020039F0020039F00200BD
S21402F0A039F0020039F0020039F0020039F00200AD
S21402F0B039F0020039F0020039F0020039F002009D
S21402F0C039F0020039F0020039F0020039F002008D
S21402F0D0E7F40200E7F4020099F6020039F00200B3
S21402F0E039F00200BBF6020039F0020017F7020000
S21402F0F02DF702003BF70200132A9DD801A151F812
S21402F10022F000BF55F10200E5F1020003F2020010
S21402F1101BF3020085EF020039F0020039F002000C
S21402F12039F0020039F0020039F0020039F002002C
S21402F13039F0020039F0020039F0020039F002001C
S21402F14039F0020039F002005FF4020039F00200E2
S21402F150F3F6020000231A938DF866300DF166036B
S21402F16022460E99484600931AAB07F0ADFB08F00C
S21402F17091FF0646EAF7AAFA162894BF4FF002094C
S21402F1804FF02209F7F792FF2E4B0746B3F800A07E
S21402F190FBF7EAFD2C4B80464FF6FF70B3F800B043
S21402F1A00AF06FFA294B9DF866201988244B1B78C3
S21402F1B013F002031CBF264B1B780B921A9ACDE95A
S21402F1C00701CDE9093240232946CDE901932046BD
S21402F1D00023CDE9058BCDE9037A1E4A0096FFF798
S21402F1E05DFBBBE608F056FF1B4B1C4A1B88CDE9AD
S21402F1F02A0300232946204621B0BDE8F04FFFF738
S21402F2004DBBBE781AA9731EDBB2EF2B304627D948
S21402F210F22E25D005F0AFFE822608F03BFF002333
S21402F2202946CDE90003034A33462046FFF736FB5C
S21402F23094E600BF48670400D863002053670400C2
S21402F240C5620020EE6C0020EA6C0020E86C00200C
S21402F250E56300206A670400EC6C00207767040010
S21402F26005F089FE002856D008F014FF9DF86C20A1
S21402F2709DF86E100492BDF86A2049000392BDF80C
S21402F2806820C9B2CDE901629DF86D20034652009E
S21402F290D2B208320A44009201200022C6490AF07D
S21402F2A005FC9DF86D30ADF866008DF863300028D9
S21402F2B03FF454AE4FF0000801230DF163011A46E5
S21402F2C00DF16600F5F790FC074600287FF446AE7F
S21402F2D09DF86330FAB293420CD89DF86E308DF8E2
S21402F2E06330B8F1000F02D0BDF8663036E04FF05A
S21402F2F00108E1E74146304605F03FFE0123ADF83E
S21402F3006400022219A90DF16600F5F76DFC0137BB
S21402F3100028DDD022E683267FE708F0BBFE0646FD
S21402F32005F04AFE3346009000220120A3490AF067
S21402F330BDFB00283FF412AE00273E46ADF868003B
S21402F34005F03AFE5FFA87F840450DD832460421AA
S21402F350BDF8680000F07CFFBDF868300022294640
S21402F3602046FFF79BFAF9E5404605F002FEFF2825
S21402F3708DF866000BD0012301361A460DF16601A0
S21402F3801AA8F6B2F5F730FC00287FF4E7AD01378D
S21402F390D6E75046B7F8029005F0EBFDFF288DF849
S21402F3A0640000F0E2811AA905F0E5FDBDF86830B8
S21402F3B04B4507D04FF6FF72914540F0D6811904AF
S21402F3C000F1D3819DF86D3012930E9B0533DBB2AC
S21402F3D013930F9B149300234FF0000911934B468F
S21402F3E013E017934900139BC9B219440D9889B2CA
S21402F3F00AF0FFFA4FF0000A179B159012995FFA6F
S21402F4008AF28A4216D309F10109149A5FFA89F13F
S21402F4109142E6D39DF86E201292169A1392002B12
S21402F42040F09581119B002B40F09F81109B149316
S21402F4300123D1E711999DF86400179305F09DFD0D
S21402F440159A179B0AF1010A824208BF0123D5E7E3
S21402F45009F106095FFA89F3B046169386E1BD1CE8
S21402F46029465046BC7A06F0B8FD01222946504687
S21402F47009F0B6FA50460AF018F928460AF049F991
S21402F4803A88824207D04FF6FF72904203D00CF0C1
S21402F49024FF0AF02AF984F00804C4F3C0042146C3
S21402F4A02846FFF719F82146284621B0BDE8F04F56
S21402F4B007F039BABBF1000F7FF450AD12073FF5E3
S21402F4C0AEAD33463A462946204601F08FF900286B
S21402F4D07FF444AD842329462046394A21B0BDE84C
S21402F4E0F04FFFF7DBB90F9897F8008009F085FE1A
S21402F4F000210746204601F0E3FC312EA7EB000769
S21402F500FFB240F0D5804FF0000A01205346524623
S21402F510CDE9008A2B490AF0C9FAADF86600002840
S21402F5203FF41CAD162251461AA8EDF757FA1AA850
S21402F53009F039F84FF0FF33DFF894B0CDE91C3309
S21402F5409BF80090B9F1000F02D14FF0010A55E086
S21402F5501D4E33796F2B02D90026324625E05046DF
S21402F5601CA9F6F73DFF0028F6D0184BB6F8009017
S21402F570B3F86830B9F1000F2CD1003B18BF012355
S21402F5805B0143F004038DF87A3002238DF87B305A
S21402F59073881B0A49461EA88DF87D300CF0A5FD1F
S21402F5A0B8F1000F65D0002601220221BDF86600E0
S21402F5B000F04EFE32461CE57B67040048670400F6
S21402F5C0161D040083670400F85B00207C560020AA
S21402F5D0FE620020B3EB090318BF01235B0143F070
S21402F5E005038DF87A3002238DF87B300F238DF8D1
S21402F5F07C30CDE70AF1010A5FFA8AFA0AF1FF3691
S21402F600F6B230460CF06FFEC307F3D59BF8003017
S21402F61019EB030F04D009F101095FFA89F9E9E74A
S21402F620584B1CA918783044C0B2F6F7D9FE002809
S21402F63092D030460AF06AF8814630460CF053FE05
S21402F640C0070FD416238DF87A304F4B1B78013340
S21402F650DBB20F2B28BF0F238DF87C304B4B33F8D1
S21402F660163096E730460CF03EFE8107EAD41223A7
S21402F670E9E7BDF866000CF03BF91630B84292DCBA
S21402F680012316221AA90DF16600F5F7ADFA002835
S21402F6907FF464AC012660E712073FF5C0AC3B4638
S21402F6A0224629460F9801F0F9F800287FF456AC56
S21402F6B0BBF1000F7FF452AC0CE7BBF1000F7FF4F6
S21402F6C04DAC802307E708F0E5FC50457FF446ACD6
S21402F6D0B81CF5F7ADFF00283FF440AC08F0DAFCA2
S21402F6E0064608F0D7FC2A4B2A4ACDE92A033346B7
S21402F6F080E538460CF0F7FC09F0C3FF00283FF41B
S21402F7002DAC2A90002329462046234A21B0BDE884
S21402F710F04FFFF7C3B84B462A4621460020CDE9F4
S21402F7202AB721B0BDE8F04FFEF7F6BF4B462A4691
S21402F73021460120CDE92AB7F3E75B464A46294629
S21402F74020462A9721B0BDE8F04F07F0F1B8012312
S21402F75019A91A460DF16600F5F746FA00287FF455
S21402F760FDAB08F101085FFA88F8013605F024FCC3
S21402F7705FFA86FA50453FF60CAEB8F1000F3FF43A
S21402F78033AC35E4366D0020CD6300202A5C0020C1
S21402F790A76300208867040053670400F8B5164B79
S21402F7A004461D88154B20F8025B196879B10822B9
S21402F7B0ECF7BEFF124B0C201B78124EA372124BB4
S21402F7C019780023DAB2914205D8FF2209E0C4F87C
S21402F7D002104160EEE7013300FB03F7F75BAF422E
S21402F7E0F0D10A4BE2721B782373094B1B786373C2
S21402F7F0084B1B682361F8BDAA5C002098570020BE
S21402F800E6630020945A0020306D0020CA63002070
S21402F810C963002084570020F0B589B006460C461E
S21402F82015460AF099FA0DF10A02014630460AF028
S21402F8304AF9144F0346F0B901223A702288BDF8FD
S21402F8400A102AB102460090072004F096FB90B1F7
S21402F85003A8FFF7A3FFBDF80A000CF049F8064616
S21402F860BDF80A000CF028F821460090F3B22846AC
S21402F87003AA06F0DCFB0023034A3B70136009B0C0
S21402F880F0BD00BFE763002098570020142230B571
S21402F8908BB005460DEB02011548DEF723FC10BBC4
S21402F8A0BDF81430DA0720D413F0060FC3F3410272
S21402F8B008BFC3F341220F4B0DF116019C5C68464C
S21402F8C02246EDF729FABDF8263004F128026A44EA
S21402F8D002F8283C02341B0A02F8273C69462A46EC
S21402F8E0E0B209F06EFA0BB030BD2320FBE700BF92
S21402F8F0703214E0BBB5040010B58AB0ADF826200D
S21402F9000022CDE9052204920CAA02924FF6FF725B
S21402F9100446AC2101200192064A039004FB012210
S21402F920603200924CF620010DF1260209F0FDFE2F
S21402F9300AB010BD7C56002010B54FF6FF741E4A62
S21402F9408AB0B2F86800B2F85E10A042ADF826009F
S21402F950B2F85C304FF6FD70ADF8241018D0814234
S21402F9604FF0000094BF48F660014CF66001CDE906
S21402F9700500CDE90300CDE9010094BF09AA603273
S21402F98000920DF12602042009F0CFFE0AB010BD47
S21402F99081424FF000008CBF603209AA00928CBFF1
S21402F9A04CF6604148F66041CDE90500CDE903001A
S21402F9B0CDE90100014AE6E77C560020E656002023
S21402F9C000B50E4B0022B3F85E308BB0ADF8243093
S21402F9D04FF6FF73CDE90522CDE90322CDE90122D8
S21402F9E009AA00924FF400610DF126020720ADF835
S21402F9F0263009F09AFE0BB05DF804FB7C56002018
S21402FA00202A10B5144614D8012A04D10C88B4F55D
S21402FA10004418BF0124620030B10748ECF788FEA4
S21402FA20064B00201C7010BD0548ECF781FE054B06
S21402FA30F7E72120F7E700BFAC5C0020E863002070
S21402FA40EC5C0020E96300202DE9F04710461746DB
S21402FA500CF049FBDFF814A1DFF814919AF8003095
S21402FA6099F800200546134302D10020BDE8F0872E
S21402FA7010F4406800F0400619D186BBB0F5804FFE
S21402FA805CD24FF4807400239AF80000344AD9B24C
S21402FA9088425DD8002399F80000324AD9B28842DB
S21402FAA0E3D932F8021B0133A142F7D155E0F81C24
S21402FAB00CF019FB4FF6FF73984214BF0124022480
S21402FAC086B1052605F44043B3F5004F44F008041A
S21402FAD024D0B5F5804F23D244F4807420E0444607
S21402FAE00326EFE7B5F5804F4FF00506F4D3B8F5D9
S21402FAF0406F14BF02200820304438440CF0F3FA5A
S21402FB00194B05F44045B3F85C3083420CBF44F011
S21402FB10080444F00404B5F5004F01D144F0800413
S21402FB20B8F5006F0ED1B8190CF0DDFA0E4BB3F82B
S21402FB305E308342A7D144F01004A4E7444603266D
S21402FB400220D9E7B8F5406F08BF44F020049AE7D0
S21402FB5032F8021B0133A14299D1012086E700BF89
S21402FB60EC5C0020AC5C00207C560020E9630020A0
S21402FB70E86300202DE9F04F104685B016469846F9
S21402FB800CF0B1FA5D4F00F00803B7F85C100446BB
S21402FB9000F00709F01C02930391B7F85EB00CF070
S21402FBA0A2FA06F1050A054650460CF09CFA0346F0
S21402FBB04FF6FF70854218D00399A1EB050CDCF1D5
S21402FBC0000545EB0C056D004FF6FF718B420ED11A
S21402FBD045F004050CF09AF8029B6BB1B9F1000FE0
S21402FBE011D0422005B0BDE8F08F0125ECE79B4519
S21402FBF008BF45F00805EDE7B9F1030FF1D8DFE8D5
S21402FC0009F0021B795D0CF081F808B9A807E8D55F
S21402FC1024F00804A4B2B4F5004F05D0B4F5624F40
S21402FC2002D0B4F5404FDCD10025294697F8A8202B
S21402FC30002008F07CF83CE0D7F88030E3B90021D9
S21402FC4032460846FFF700FFD8B948F6410224F0CC
S21402FC5038039BB29342C4D10A2D49D0062DC0D197
S21402FC6097F87730023B012BBBD8F3F745FD002807
S21402FC70B7D140F6040505E04146304698470028CD
S21402FC80DDD00825E20648BF45F08005A30648BF3A
S21402FC9045F4805505F00C03042BC6D1F01D0CF07C
S21402FCA022FA97F8A8303246009341462B4608F0CF
S21402FCB013F808B30E9B1880002093E7A90705D116
S21402FCC04FF6FF73B7F85C209A428AD104F4406379
S21402FCD0B3F5006F0AD0B3F5406F82D108225046C2
S21402FCE00749ECF7CDFE00287FF47BAF0C25C9E769
S21402FCF00425C7E7432075E7192073E77C560020E2
S21402FD00DC560020034B1A781AB1FF2A04BF0022E1
S21402FD101A707047EB63002070B5084C084E2378C3
S21402FD20F55C1DB13E2107480AF0D2F9FF2223787E
S21402FD302846F2540023237070BD00BFEA630020F9
S21402FD40EB6300208C670400034B044A1B78D05CEC
S21402FD50FF3818BF01207047EA630020EB630020DB
S21402FD600023074A07491360074A1360074A1360CD
S21402FD70074A11600121074A1170074A136070474B
S21402FD80A8570020B5980300A4570020A0570020CB
S21402FD90606C00206D6D0020B05700200E2A70B5F2
S21402FDA00C4606461546194603D9FFF7D9FF5020DA
S21402FDB070BD012807D10020F3F7B8FCB0B1FFF7F9
S21402FDC0CFFF2120F4E780220021224B1A70224B1B
S21402FDD01960224B1B684BB134200BF0E1FD204B1F
S21402FDE0188018B9FFF7BCFF0120E1E724F0FF6393
S21402FDF023F4FF231BB1FFF7B3FF4F20D8E774B9F4
S21402FE002046F3F7ADFC0124032510F0800F43B221
S21402FE101BBF00F01F039C409C4044F07844002027
S21402FE20104B24F078441E700F4B10491D70104B77
S21402FE301C60104B1870104B1A68F4F71FF818B1B4
S21402FE40FFF78EFF0420B3E79DF810200B4B1A70C5
S21402FE50AEE700BFEC630020AC570020A05700209E
S21402FE602C5D0020F1630020EF6300206101030097
S21402FE70B0570020F0630020A8570020ED63002052
S21402FE807FB5244B00251A7801232348234903FA19
S21402FE9002F200781A440A60ADF80E5020B3984277
S21402FEA036D11F4C1F4B20781B680DF10E01984768
S21402FEB01D4EBDF80E20307092B11C4B29460093A1
S21402FEC0284602230195F4F713F83278237822B1F4
S21402FED0012A12BF1B230133DBB2237004B070BDAC
S21402FEE0013818BF0120F0E778235A43013A0A6026
S21402FEF008220F490BF09AFC0B49094A0978137835
S21402FF0021B1012912BF1B230133DBB21370E5E7CF
S21402FF101846E3E7EF630020F1630020B4570020A1
S21402FF20F0630020606C00206D6D00209D010300D0
S21402FF3099BC0300024B1868003818BF01207047AE
S21402FF40A057002037B505461C460BF0DFFE68B901
S21402FF5074B1084B1A60084B0A461C6001232946F6
S21402FF6000930323FFF71AFF03B030BD4D20FBE7D3
S21402FF702520F9E79C570020A457002013B5044615
S21402FF800BF0C4FE58B962B1074B1A6001230A4649
S21402FF90009321460323FFF701FF02B010BD4D2058
S21402FFA0FBE72520F9E700BFA05700202DE9F04126
S21402FFB00446DDE906861D469DF820700BF0A6FE77
S21402FFC088B99EB1A2B10B4B01201A600A4B0A46B1
S21402FFD0C3F80080094B21461E602B460697BDE8F3
S21402FFE0F041FFF7DBBE4D20BDE8F0812520FBE7A0
S21402FFF02120F9E7606C0020A8570020A4570020B3
S2140300000148F4F7ADBB00BF2C5D00202DE9F0419D
S2140300100020F3F7A1FE114B114C1E68114B2088EC
S2140300201D68114B114FD3F8008010B13978F4F7DF
S21403003071FD00203870FFF793FEF4F7ABF90EB1AD
S2140300404046B0473DB12088A84700232380BDE83B
S214030050F0410BF0E3BFBDE8F08100BFA4570020DA
S2140300602C5D0020A0570020B0570020F26300202C
S214030070F8B52F48F4F764FE2E4B187830BBF3F729
S2140300806FFB2D4F06463B6803B32C4B2C4D1C6869
S21403009024B195F900301A461946A047294B1B6828
S2140300A083B1294C2378312B0CD8284B18880BF0B6
S2140300B003FC23785A1C22702A78C25423785A1CCD
S2140300C02270C65480232B7000233B60204C237879
S2140300D01A2B22D81F4A1278012A09D100211E4A58
S2140300E0156825FA03F0C007DAB20ED501B12270FF
S2140300F00020F3F735FB2178884212D10022174BF4
S2140301001A70FFF7BDFE40B9F8BD0133D8B21A28FE
S2140301104FF00101E5D90A442270BDE8F840FFF725
S21403012075BF0020F3F72EFB0028E7D0F5E700BFE6
S214030130646C0020F1630020AC5700209C5700201D
S214030140EC630020A0570020F26300202C5D002003
S214030150F06300206D6D0020B0570020EE63002092
S21403016008B50B4B187880B90221F3F7CDFA094B83
S2140301701B782BB100214FF6FF720846F3F7A6FA59
S214030180BDE808400448FFF773BF00210846ECE7C4
S214030190F1630020ED630020646C002038B5144B37
S2140301A00C461D78012D21D181B90846F3F7D8FAFC
S2140301B0104A05FA00F013680F4923EA0003136098
S2140301C020462A46BDE838400BF030BB0B4A13786E
S2140301D00133DBB2022B137004D9BDE8384008485C
S2140301E0FFF746BFFFF74CFE0028F6D138BD00BF29
S2140301F0F1630020B057002099BC0300EE63002093
S214030200646C002038B50C4605460BF071FBA04223
S21403021003D82D21034809F05BFF28460BF04CFB5F
S214030220204438BDA067040070B506460D460BF0A3
S21403023043FB044648B130460BF05AFBA84203D8AA
S2140302403521024809F044FF605D70BDA0670400D5
S21403025070B50C46064615460BF04AFBA04203D87B
S2140302603E21044809F034FF30460BF025FB00B16D
S214030270055570BDA06704002DE9F0438FB007460F
S2140302800C4615461E469DF85880F8F755F920B1DA
S214030290F4F796FE08B144F400544D4B1B7813B99B
S2140302A024F40074A4B2200509D546B9284604A947
S2140302B0F5F750F9002846D024F40064A4B2ADF84C
S2140302C01840ADF81A5007F0E5FE424BADF81C0097
S2140302D0B8F1000F02D01A78424501D293F8008095
S2140302E03D4AE105137848BF0DF1210103F10103EF
S2140302F0DBB2137058BF08A922058DF81E808DF84F
S2140303001F3006D53368083141F8083C736841F856
S214030310043CE30407D5314A0831136841F8083C26
S214030320536841F8043C0DF11808A1EB08005FFA86
S21403033080F9002148460BF033FB064628B9002017
S2140303400FB0BDE8F08304AEB9E70BF0B5FA41464B
S2140303504A46ECF7E1FC30460BF0CAFA80463046D4
S2140303600BF0AAFA0023024600934FF6FF7004230D
S2140303705FFA88F107F0B0FCADF80E000028DED077
S21403038040F201131C421AD14FF6F7739D4216D85A
S2140303900BF0AEFA0DF10E010446284600F090FD70
S2140303A0BDF80E000BF0A4FAE4B2A04207D9BDF8DC
S2140303B00E0007F0DEFC437843F004034370BDF8F9
S2140303C00E003A4601210BF0C3FABDF80E00B7E75C
S2140303D0006300202A6D002002630020A76300202C
S2140303E0F0B50829D58889B028D00C2926D0AE04C4
S2140303F024D405F040030B43424C267816B105F08F
S214030400200423432FB2002FB8BF43F080030329F1
S21403041020D11223AC068DF80430937A10D48DF8CD
S21403042005300DF1060401A9621A012392B2F4F70E
S214030430DBFBB0FA80F0400909B0F0BD0B46DBE702
S21403044032228DF805308DF80420002EE9D00DF108
S2140304501304E8E70C298DF804300ABF138953798F
S2140304608DF80530548805BF1B0A8DF806308DF8C5
S21403047005300DF1070318BF0DF106031C70240A9F
S2140304805C70148802399C70240ADC701479012984
S2140304901C7111D8917A002F597131DA0221128911
S2140304A09971DA71120A03F109041A72002EBAD08E
S2140304B0AB06B8D50534B6E7A9071AD4002F0CDA6D
S2140304C0117A51B1917A59711189127A03F108049C
S2140304D092B102229A71D971E8E70B4C217801F1A7
S2140304E0010C84F800C091729C1D002F5971DDDA4F
S2140304F0EAE7917A9C1DF8E70122090A9A71EAE76E
S2140305009C1DD3E70063002001630020014B188085
S214030510704700BF2E5D0020014B1888704700BF50
S2140305202E5D00202DE9F84307460BF0FFFC054639
S2140305301B480BF076FE1B4B60B31C683C1B2C441D
S214030540A4B20022184BDFF868901B78174D03EB14
S214030550830399F8006005EB43055FFA82F8464586
S2140305600AD9AB8805F10A00A34216D90A23B21AA0
S21403057029465A43ECF7DCF8013689F80060AC806C
S214030580B8F1000F03D1394605480BF081FA284627
S214030590BDE8F8833C461D60D3E705460132DCE739
S2140305A0846C0020B8570020F3630020C65B00204D
S2140305B0F46300201FB5154A154C1378013BDBB2D4
S2140305C013706168206801AA03C221891180114A49
S2140305D01278D21805D00A2320465A43E118ECF7BE
S2140305E0A7F89DF806301B070DD0BDF80C00FFF7E3
S2140305F099FF03468288ADF8082001AA03CA128829
S214030600186059601A8104B010BD00BFF363002060
S214030610C65B0020F4630020002108B5084B094898
S2140306201970094B1970094B1A7802EB82025200B3
S214030630ECF7D4F9BDE808400548F4F781BB00BFE2
S214030640F4630020C65B0020F3630020346D0020B3
S214030650846C0020F8B50024084D094F094E3B78FA
S2140306603178E2B20B449A4204F1010400DBF8BD90
S2140306702846F4F775F80A35F1E700BFC65B002095
S214030680F4630020F363002010B5064C207828B1ED
S214030690054808F09AF810B1034B188810BDFFF709
S2140306A089FFF3E7F3630020C65B002008B50A4A18
S2140306B00346107860B1094A1088984209D121B9D7
S2140306C09378103323F00F039370FFF773FF012023
S2140306D008BD0020FCE700BFF3630020C65B0020D4
S2140306E02DE9F74F00260BF021FCDFF8F890B24611
S2140306F099F80070B3463A46DFF8EC801FFA80FE9E
S214030700B8F800C0344CAEEB0C039BB201932378CD
S214030710324D009303EB830305EB4303ACEB0E0C64
S2140307205FFA86FEBE4515D3BAF1000F01D0009BD3
S2140307302370BA422AD3002F37D00A222378C8F868
S214030740000002FB03532648998803B0BDE8F04F28
S2140307500BF09EB9B3F804E001998E4512D84FF01A
S214030760010A009993F802E001310EF1FF3EC9B287
S214030770013AA3F804B083F802E00091D2B20A3338
S2140307800136CDE7E644A3F804E0F8E789F800204D
S2140307904AB10A222378C8F8000002FB0353104824
S2140307A099880BF075F9237813B903B0BDE8F08F79
S2140307B0FFF76AFF06460028F5D007F00EFA014653
S2140307C0304607F0FFFF20B100212888FFF76EFFB1
S2140307D0E9E740F60241F8E7F3630020C65B002032
S2140307E0846C0020F4630020B85700202DE9F04104
S2140307F092F808801F4608F1FF33DBB2EF2B05465D
S2140308000E46144688B00BD982238DF80E30314637
S21403081028469DF80E30204AFEF740F8012037E0C0
S2140308200E22002104A8ECF7D9F8B4F809308DF8A5
S2140308301180ADF81230E37A03F07F02032A08D062
S214030840012B24D103238DF81030A389ADF815307E
S2140308500EE0032B14BF022301238DF81030E36848
S214030860CDF815302369CDF81930237D8DF8143073
S214030870A7F121014A420DF10E034A410093214696
S2140308800DF10F0304A8FDF737FC0028BFD10020A5
S21403089008B0BDE8F08100BF161D04002DE9F04F37
S2140308A000241D7895B0CDE9020104922346224622
S2140308B00120CDE90054404909F0F8F8ADF81E00D0
S2140308C0F8B1A346264627460DF120090DF1380A4E
S2140308D0E8F7F0FE5FFA84F8404516D83A46022158
S2140308E0BDF81E00FFF7B4FC32460421BDF81E0017
S2140308F0FFF7AEFCDDE903100022BDF81E30FDF75E
S214030900CDFF012015B0BDE8F08F4A4640460AA940
S214030910FDF7E4FB9DF8282022B12DB1013DEDB291
S2140309200137FFB20134D3E7BBF1000FF8D199E8E2
S21403093003009DF829308AE803008DF84030BDF89F
S2140309402A30032A8DF841304FEA13238DF84230BC
S21403095017BF032301238DF843309DF82C30DDF8B1
S2140309603110DDF82D0014BF8DF84C308DF8433070
S21403097011AB03C302980CBF4FF00E084FF01508D7
S21403098008F03BFC0590BDF81E000AF0B1FF059980
S21403099000EB080399420BDB0123424651460DF157
S2140309A01E00F4F721F90028ABD10136F6B2B7E7FB
S2140309B04FF0010BB4E700BF8367040038B5054664
S2140309C00D4B0E481C88F4F7A7F9012D0CD10C4BE0
S2140309D01C88FA21614358B1884209D28408012C45
S2140309E0204638BF012038BD022D08BF0224F0E799
S2140309F002480BF04DF8F2E7C25B002014470020D4
S214030A00C05B0020012208B5054B06481A7000217A
S214030A100BF03EF8BDE808400020FFF7CFBF00BF4D
S214030A20EB620020144700201E4B73B51A8802F1B0
S214030A3008039BB2012B02D81B4B1B7823B902B0C9
S214030A40BDE87040F4F77CB90024184B184D1C70B1
S214030A50184B1C702B787BB14FF6FC73164E009325
S214030A60224623462146308808F0EDFD4FF6FD73F7
S214030A702C70338001200FE0104B1046197807F0D6
S214030A809FFE0028F6D10C4B1A884FF6FD739A4248
S214030A90F0D0012302202B7002B0BDE87040FFF7B0
S214030AA08DBF00BFC45B0020EB620020EE62002017
S214030AB0EC620020ED620020BE5B0020EF620020A7
S214030AC0012808B50AD002280CD020B9084B1870A4
S214030AD00848F4F735F94FF0FF3008BDBDE8084085
S214030AE0FFF790BF0020BDE80840FFF767BF00BFD1
S214030AF0EB6200201447002002280CD859B1064A9E
S214030B0013780133DBB21370044A12789A4202D880
S214030B100220FFF7D5BF7047ED620020F062002089
S214030B2038B5A0F61343012B04460D4615D80E4AD6
S214030B3013780133DBB213700C4A12789A420CD83E
S214030B404FF6FD720A4B00201988914201BF00221E
S214030B501D80084B1A70FFF731FF29462046BDE873
S214030B60384005F068BA00BFEE620020F16200204C
S214030B70BE5B0020EC62002000234FF6FD71054AA1
S214030B801370054A1370054A1180054A1370054A07
S214030B9013707047EE620020ED620020BE5B0020FB
S214030BA0EC620020EB62002030B5094B02461B784E
S214030BB033B1084B084C19780023D8B2884201D3C6
S214030BC0FF2004E0013334F823509542F5D130BDBD
S214030BD0336D0020F36200209E5B00200022FF217D
S214030BE0044B05481A70054B1970054B1A7892008A
S214030BF0EBF7F4BEF3620020A25B0020F262002053
S214030C00336D0020F7B58DF807100DF10701044684
S214030C1003F01FFA234B1D78002D41D02046FFF723
S214030C20C3FF214EFF283178204B05D1204A107888
S214030C3085422DD9451C1570884219D01C4A1B4D78
S214030C4092F800C00022D7B2BC450CD92F4697F8BD
S214030C5003E00132864505F10405F4D102B203EB45
S214030C608202D278FA7002B203EB8202D17030703D
S214030C7002B203EB820123F82240FF228A709DF81A
S214030C800720FF2A02D003EB8203987003B0F0BD5F
S214030C900A46104603EB8202D278FF2AF9D1CBE745
S214030CA0FF20F3E7336D0020F2620020A25B0020F2
S214030CB0F36200202DE9F843FFF776FFFF2804468A
S214030CC069D04FF6FF72354F03B2DFF8DC80344E3F
S214030CD027F8232098F80050A54202D10020BDE84B
S214030CE0F883337820B28100A34207EB800090F8A4
S214030CF003E010D00023294A5FFA83F94D45944652
S214030D0006D99CF803900133A14502F10402F3D1FE
S214030D108CF803E001E086F800E0013DEDB22A1B03
S214030D20D2B2043192003944EBF702FD88F8005042
S214030D303378FF2B04D0A34224BF03F1FF33337071
S214030D4000214FF6FF70154BCAB2AA420CD30023FC
S214030D504FF6FF71134ADCB2AC42BBD2013332F812
S214030D6023008842F7D1B5E79A78A2420BD11880C0
S214030D70DA78FF2A04D0A24224BF02F1FF32DA70E7
S214030D8001310433E0E7FF2AF2D0A24224BF02F186
S214030D90FF329A70ECE72D20A1E700BFA25B00208C
S214030DA0F26200209E5B0020F3620020F8B51C4B25
S214030DB005461B78084673B3FFF7F6FEFF2804467E
S214030DC029D02846FFF7F0FEFF2806D0154B164E0F
S214030DD01A780023D9B2914218D3FF212846FFF789
S214030DE011FFFF28014616D00546104F23B207EB26
S214030DF0830237F823009678FFF704FFA84208BF5C
S214030E00FF25FF2E214608D12846F8BD013316F8E4
S214030E1023108142DED1FF25F6E73446E6E700BF1E
S214030E20336D0020F3620020A05B0020A25B00204D
S214030E302DE9F04180460E461F46002386B001A8E2
S214030E4014469DF830508DF80330FEF7A7FCADF836
S214030E5004802EB13368CDF806307368CDF80A30B7
S214030E6038460AF029FD0DF103034219214601A86D
S214030E7005F0EDF89DF8033093B931464046E8F7A0
S214030E800DFE0E4B1B785BB10B2C09D8FF21404699
S214030E90FFF7B8FE064605EB4404E4B2A54202D1CA
S214030EA006B0BDE8F0812946384608F0A2FD314673
S214030EB0FFF7A8FE02350646EDB2EFE7336D0020D6
S214030EC000232DE9F3470DF107028DF8073004469A
S214030ED00E4603F0A9F89DF80730054663B9204689
S214030EE0FFF762FE04465EB130880AF001FD5FFA42
S214030EF080F8FF2C45D10025284602B0BDE8F087D0
S214030F00B046F6E701320C2AF5D02DB207EB85057D
S214030F10AD78FF2DF6D112F0FF0AECD04FEA4A0562
S214030F200235EDB2002EE7D0304605EB080108F097
S214030F3025FD0028DFD1524641463088FFF788F961
S214030F400AF1FF3208F1010108F102093088D2B232
S214030F50C9B25FFA89F9FFF77BF924B207EB840479
S214030F60A478FF2CC8D023B2494637F8232030880C
S214030F7008F04FFD0028BED109F102095FFA89F98E
S214030F80EBE725460022014FBFE700BFA25B002028
S214030F9008B5D4F725FDD4F727F900F04AFAD5F7B4
S214030FA015FDBDE80840D3F7CDBE10B5044601884D
S214030FB00120D4F7D3FDE3880BB9C823E38010BD23
S214030FC037B50446D4F7D8FD658885420ED8A18880
S214030FD0E288814205D3431B5343491BB3FBF1F31A
S214030FE09AB280B240EA024003B030BD0022F8E76E
S214030FF070B50C46088800F04BF994F84430054663
S21403100083420FD004F11C06304600F07CF984F8C6
S214031010445000F07CF9618BA0643046BDE8704014
S21403102000F06CB970BD38B5044690F84410837868
S214031030826CCB1A59425941D3F7EEFEE37893B14B
S214031040257985B900F063F90346A268218A04F17D
S2140310501C009C1A8C4236BF52182946D11ABDE88A
S214031060384000F04BB938BD09B100F0FDB800F0C8
S21403107005B938B58388044603B3E3780088A178B6
S21403108004F10C05A3B10023B1FA81F1E370490919
S214031090FFF7EAFF4FF6FF72A388218993421CBF2E
S2140310A003F1FF33A3802846BDE8384000F026B995
S2140310B00123E370FFF7D8FFE188F4E738BD10B5E6
S2140310C0044681780088FFF7CFFF0123E3700023EF
S2140310D0A38010BD10B581780446B1FA81F100886B
S2140310E04909FFF7C1FF0023E370A38010BDFFF794
S2140310F0F1BF70B50446054600262B4655F8040B8B
S21403110010B11B1B0C2B00DD70BD237C8680002BCF
S214031110F3D0637C13B1FFF7D2FFEEE7FFF7DAFFF6
S214031120EBE7FFF7E6BF70B5044605464FF6FF76D6
S2140311302B4655F8040B10B11B1B0C2B00DD70BDA2
S2140311408388B342F4D04FF4FA724FF6FF73114616
S214031150D3F7B6FEECE709B100F086B800F08EB818
S21403116010B50446C0600830D4F76CFE2179208899
S214031170B1FA81F14909FFF7EEFFA37943B121796B
S2140311806088B1FA81F1BDE810404909FFF7E3BF73
S21403119010BD00F0A9B80346184613F8012B8A427F
S2140311A001D0002AF8D1704710B53B2104460068E9
S2140311B0FFF7F1FF0022034603F8012B20682360A4
S2140311C010BD10B540B1421E0A24002012F8013F9C
S2140311D0303BD9B2092900D910BD04FB0030F5E72E
S2140311E008B500F07EF808B540F2BA420021102098
S2140311F0D4F732FC41F2E823584340F6FF7300F27B
S214031200FF70B0FBF3F080B208BD50F80C3C23B17E
S21403121050F8041C30F80E0C18477047084619B1EE
S214031220FF21103002F027BE704773B505460E4601
S2140312306DBA1446D4F738FDADF804507EB1012CD0
S21403124004D0032C09D00022012101E0224602210A
S21403125001A8D6F7C9FD02B070BD0022F7E7042146
S21403126032460DEB0100F4E707B540BAADF80400CB
S21403127001A8D6F7EDFD03B05DF804FB07B540BA49
S214031280ADF8040001A8D6F70FFE03B05DF804FB23
S214031290002307B540BAADF804000DF1030101A819
S2140312A08DF80330D6F72CFE9DF8030003B05DF8E7
S2140312B004FB007800F0DF03552B07D0642807D023
S2140312C0663818BF4FF0FF30C0B270470120704732
S2140312D00320704718B12D280CBF01200220704749
S2140312E0704708B502F0BBF908B500F083F8BDE80F
S2140312F0084004F07ABE50E9023018470A46083020
S214031300FF2102F0AFBDFF21083002F0BCBD08B5D7
S2140313100AF061FEBDE8084009F084BB13B500245B
S2140313200DF107008DF8074003F036FE40B99DF82F
S2140313300700033803288CBF0020012002B010BD2D
S2140313402046FBE72DE9F041044600274FF00C0E3C
S2140313508F4202DB0020BDE8F0812078904204D162
S214031360002594F80780454502DB01370C34EFE788
S2140313700EFB05F6D4F808C00CEB06003CF8066036
S2140313809E42E8D00135EEE7F0B585B005460E4639
S2140313901746D4F7ADFD0446A0B131462846D4F728
S2140313A05FFD83783A46002BA36831460293A37801
S2140313B0284601934FF0000300930CBF802340237D
S2140313C0E4F712FE05B0F0BD08B51288D4F790FD19
S2140313D050B10279BDF80C309A4207D8816802985A
S2140313E0EBF7A6F9002008BD8620FCE78920FAE77C
S2140313F0D4F780BE002004F074BE08B504F0D9FE0E
S214031400002814BF0320002008BD10B50446FFF7CC
S21403141085FF20B12046BDE81040DFF783BD10BD31
S21403142008B5FFF77BFF18B1BDE80840DFF76CBDD2
S21403143008BD704708B502F0FAFBFFF7A9FDD4F71D
S214031440BFFE6420DFF77EFD6420DFF76BFD02F04E
S214031450F0FBD3F7A5FC08F03FFFF8E7F8B5D0E9B3
S2140314600176437B04460D4613B133463E461F467C
S214031470FFF74DFF012D206438460ED1D3F786FDC6
S2140314803046D3F7A7FD257360784FF47F42BDE857
S214031490F8404FF48171FFF777BF022D05D1D3F7DC
S2140314A099FD3046D3F772FDEDE7D3F793FD30464B
S2140314B0D3F790FD0025E6E738B5037B04468B4259
S2140314C00D4607D190F844305BB3BDE8384048304A
S2140314D0FFF719BFFFF71BFF216C431AC72B0CD866
S2140314E00123C83184F8455084F84430091A04F1BE
S2140314F04800BDE83840FFF701BF0DB1237B2BB989
S21403150029462046BDE83840FFF7A8BF00212046FD
S214031510FFF7A4FF0123C82184F8455084F844301C
S214031520E5E738BD90F84510FFF7C6BF0121FFF782
S214031530C3BF0221FFF7C0BF0021FFF7BDBF4FF6B1
S2140315400173994210B5044602D10021FFF7B4FF98
S2140315502046BDE81040D4F7CFBF032910B5044694
S2140315602BD0007B30B9012903D002290CBF012000
S214031570FF2010BD032A07D8DFE802F00208101484
S21403158001291CD002291FD0FF20F2E70029FBD136
S214031590B4F85C20012A12D0022AF4E704290ED0FC
S2140315A00529F0E7042914D0052914D00029EBD126
S2140315B0B4F85C20111F0129ECD80220D9E75A1E83
S2140315C0534253415800D4E7022B0CBF022001209C
S2140315D0CFE70020CDE70120CBE730B587B005463F
S2140315E00C46D4F775FD012820D11CB1611E4B4271
S2140315F04B4158006B784FF480728DF804304FF4EB
S2140316008273ADF806304FF48173ADF808300123CA
S2140316108DF80B30002385F8900001A8CDE903234D
S2140316208DF80A408DF81430D4F78AFD07B030BD24
S21403163041680346C978027B99B98168C97899B924
S214031640002A08BF0321D5F719B89B7B002B0CBFD4
S21403165001210221F7E79B7B002B0CBF022101210E
S214031660F1E7012AF1D17047012AF4D17047042922
S21403167010B5044604D831B1BDE81040D5F782B89A
S21403168005290DD010BD037B5522002B08BF03216F
S214031690A0F85C1040781221FFF776FE2046EBE7B1
S2140316A043681A8A83681A82E6E70123037303787A
S2140316B0013343734FF44073C3810323037400233E
S2140316C0A0F85C3080F89030704738B504460D4675
S2140316D001B945890123E373FFF719FEFA2202FBDA
S2140316E0050020612089BDE838405043FFF78DBED2
S2140316F010B50446806BD8B1E278022A04D0636B37
S2140317005B7972B984F83C3094F83C306BB1FFF7E0
S214031710D6FC60784FF60272BDE810400621FFF74C
S21403172033BEB3FA83F35B09ECE7FFF7D3FCF0E7CA
S21403173010BD10B50446406BD3F728FC2046BDE821
S2140317401040FFF7D5BF10B50446406BD3F742FCF5
S2140317502046BDE81040FFF7CBBF10B50446406BEC
S214031760D3F75EFC2046BDE81040FFF7C1BF10B5B7
S2140317700446002206214078FFF706FEA378022BD4
S21403178001D0FF2B04D12046BDE81040D5F756BB49
S21403179010BD4FF60273994210B5044601D1FFF708
S2140317A0A7FFE378022B02D02046FFF7A1FF2046CF
S2140317B0BDE81040D5F742BB10B5D0F8A4407CB1C5
S2140317C003791BB14079D5F7F7FB48B9A3883BB932
S2140317D032222046BDE8104001231146D3F770BBE2
S2140317E010BD10B50446FFF7E7FFA278237982B948
S2140317F013B12046D5F706FC2046D5F743FC032352
S2140318006078A4F86C305522BDE810401221FFF72B
S214031810BBBD012B02D12046D5F7F4FBA379012BE0
S21403182002D12046D5F72EFC0123E9E710B58378CD
S2140318300446ABB9FFF7C0FFA3788BB9237913B17E
S2140318402046D5F7FFFB2046D5F760FC04236078D7
S214031850A4F86C305522BDE810401221FFF794BD62
S214031860B4F86C30022B0DD02379032B02D120461B
S214031870D5F7C8FBA379032B02D12046D5F702FC84
S2140318800023E4E72046D5F783FCF9E782788368EC
S2140318905AB9DB78002B14BF03230423A0F86C305B
S2140318A0552212214078FFF76FBD1A7922B9DB78EB
S2140318B0003B18BF0123F1E70223EFE77FB50023C0
S2140318C09E6A0446B6F5804F0D460CD201A8D5F79E
S2140318D00FFE039B5B0506D529462046336C04B0F2
S2140318E0BDE87040184704B070BD00239B6AB3F58B
S2140318F0804F05D21B6BB3F5804F01D29B68184708
S2140319004FF4817070471FB500239A6AB2F5804F73
S21403191004D340F2011005B05DF804FB126BB2F578
S214031920804FF6D2012201A8CDE902338DF80420B8
S214031930D5F7DEFD039BDB03EBD5029B1A0EE8D03F
S214031940012A03D1C3F307430A2BE2D900239B6A78
S2140319501B6B1B6C9847DEE708B50AF001FDB0FA6F
S21403196080F0400908BD134610B542B103439B07F8
S21403197007D10AF0F1FCB0FA80F0400910BD01204F
S214031980FCE70020FAE700230360704703680B6058
S21403199001607047036813B90B600160704718460F
S2140319A0F8E70346006818B102681A60002303606C
S2140319B0704710B538B132B129B100230139D45C70
S2140319C014B90023037010BD8B42FAD200F8014B02
S2140319D00133F4E7034638B10020814204D01A5C91
S2140319E002B970470130F8E770474FF0FF31FFF751
S2140319F0F1BF70B50C461646054660B15AB151B1F3
S214031A00FFF7F3FF844206D9211A32462844BDE87D
S214031A107040FFF7CEBF70BDFEE7FEE700239A4295
S214031A2000D1704710B550F8234041F823400133E6
S214031A309A42F8D110BD10B588B004460E980092AD
S214031A4007900D98224606909DF8300005900B9857
S214031A5004909DF8280003900020CDE901300B4642
S214031A600121D6F7F9FA08B010BDD6F7A1B9436934
S214031A70426CD91C143AB1FBF2F103EBC1000330FC
S214031A80B0FBF2F00230704738B505460C46FFF758
S214031A90EEFF6A6CE31D143AB3FBF2F3013304EB77
S214031AA0C30402FB004038BD38B5054644692146E9
S214031AB0FFF7EAFF6A6CE31D143AB3FBF2F3013354
S214031AC004EBC304204438BDF7B507460E4600258D
S214031AD07C6CA819644280EA06031C4003D02C469B
S214031AE0204603B0F0BDFB6B01225B6901A9984752
S214031AF0019B0133F4D10435EAE770B505460C467D
S214031B00D8F748F9EB6B2046BDE87040DB6818470A
S214031B1070B50025044686B00562E369AB4202D879
S214031B20206A06B070BD666C2068E36B05225B69AD
S214031B3001A906FB0500984701A800F022FC00F067
S214031B4045FC10B1236A013323620135E5E738B556
S214031B500446456C006804F1400305FB0101E06B95
S214031B6000F041FC05462046FFF7D2FF284638BD65
S214031B70F0B50546002687B0EC69013CB44203D8AD
S214031B800C46204607B0F0BD01B14C1E6F6C2868AA
S214031B90EB6B05225B6901A907FB0400984701A8C4
S214031BA000F0EFFB00F012FC0028EAD121460136D4
S214031BB0E2E7F0B504460D46466CE36B006887B073
S214031BC005225B6901A906FB0500984701A800F0FA
S214031BD0D8FB00F0FBFB20B101A800F0A9FB07B07F
S214031BE0F0BD29462046FFF7C3FF0646676C20680C
S214031BF0E36B05225B6901A907FB0600984701A86A
S214031C0000F096FB431CEAD0B54238BF0130E6E746
S214031C102DE9F0434FF6FF79D0F8248004460E46AC
S214031C20C84514BF45460025002787B0E369BB4275
S214031C3002D807B0BDE8F083E26B2368606CD2F885
S214031C4014C000FB0530052201A9E04701A800F0F7
S214031C5098FB022806D0C8450CD1721C294620469C
S214031C60FFF775FFE3690135B5FBF3F2013703FBB5
S214031C701255DBE729462046FFF79BFFB0F1FF3FEF
S214031C8014BF024632460132E8E70368F0B5CC1AC1
S214031C90436C0646B4FBF3F4002587B0F369376854
S214031CA05A1E9542706C08D3706C336800FB043080
S214031CB007B0BDE8F04000F094BB0134B4FBF3F288
S214031CC003FB1244F36B05225B6901A900FB047056
S214031CD0984701A800F055FB00F078FB0028E3D1F5
S214031CE00135DBE710B423F0030422449B070A44C0
S214031CF0436C18BF04325B4281EA0204234203D0DA
S214031D005DF8044BFFF7C1BF10465DF8044B704700
S214031D102DE9F041D0E90A369E42044686B028D122
S214031D201422C369456802FB1355284606B0BDE86E
S214031D30F0812068676C331AB3FBF7F3E26B07FB9B
S214031D400300D2F8148001A90522C04701A800F0B9
S214031D5018FB012804D0636C1D44013B3340ED1A85
S214031D6031462046FFF791FF0646A36AB342E0D109
S214031D70DBE70025F9E708B508301346D1E900127A
S214031D80D7F78EFF012008BD13B50C460021217638
S214031D900093616813462246D6F766FB18B1E37DC7
S214031DA003B1A07EA075A07D02B010BD73B5164624
S214031DB000F108050C46284609680DF1070200F0F5
S214031DC098F9032E06D16368834203D12846216817
S214031DD000F076F9012002B070BDD01E009B42428F
S214031DE04241187E824211D11A688A420ED85A6836
S214031DF08A420BD35A6901325A61D3E903028242FB
S214031E003FBF986840F8221001321A6101207047DC
S214031E1010B5032A029C07D1A26A5340626C524251
S214031E20134201D100F04CF9012010BD08B5C36878
S214031E3000209847BDE80840D7F7B4BF012814BF71
S214031E400420022070B5002442431C70CC7D101D74
S214031E5002F002024CB91AB1012220F003001A70F4
S214031E6000F108034868184470BD1AB1012220F037
S214031E7003001A7000230C7E01F12005DAB29442A7
S214031E8001D80020F0E735F833205E1C824206D9DD
S214031E9001EBC30300F10802D8691044E4E73346B4
S214031EA0801AEBE773B5054690F842601C46304649
S214031EB00DF10303FFF7C2FFEB6B012E5B690DD138
S214031EC0324601A998479DF8033013B1BDF8063092
S214031ED00193BDF80430236002B070BD0122214691
S214031EE002B0BDE870401847F0B5054600244868C0
S214031EF0EB6B87B00E4601225B69029402A9083099
S214031F009847274695F84230012B40F0AC80632C67
S214031F1000F2AB80612C08D805AB22463146284632
S214031F20FFF7C0FF9DF814305BB3224605AB31467E
S214031F3028468DF81070FFF7B5FF95F84220059BED
S214031F40012A7FD14FF6FF72934256D0082205A985
S214031F5004A800F062FA059B9DF81010C3F307224D
S214031F6091424AD1DBB2029A1A44029245E0DCD08F
S214031F7005AB224631462846FFF794FFBDF81430DA
S214031F80D2E795F84230012B39D1612C2ED8224660
S214031F903146284603ABFFF785FF3146284604AB98
S214031FA0621CFFF77FFF3146284605ABA21CFFF7EE
S214031FB079FF102208230DEB02010DF107008DF8BF
S214031FC0073000F02AFA102205A90DF1070000F0E9
S214031FD024FA039BDAB24AB99DF80720B2EB132F13
S214031FE004D1DDE9043203EB0243029395F8423051
S214031FF0012B14BF012302231C44013482E7302C37
S214032000F4D822463146284603ABFFF74BFF31464A
S214032010284604AB621CFFF745FF102320220DEB76
S21403202003010DF107008DF8073000F0F6F9039B66
S2140320309AB2002ADAD19DF80720B2EB134FD5D116
S214032040049BD2E70133D8D0102205A90DEB02007A
S21403205000F0E3F9059B9DF81010C3F30742914285
S214032060CBD19BB27FE7312C81D9029807B0F0BD64
S21403207013B500240194049C0094D6F7E7FE02B03F
S21403208010BD13B501240194049C0094D6F7DEFE1C
S21403209002B010BD00234FF0FF3230B544689C42B7
S2140320A002D10023037230BD016801EBC30541F87A
S2140320B033206A600133F2E7C0E90012FFF7EABF94
S2140320C0002370B545689D4210D0046854F8332049
S2140320D004EBC306B2F1FF3F09D0C2F313029142E9
S2140320E005D14FF0FF3244F83320726070BD0133E0
S2140320F0E9E70023F0B545689D4202D14FF0FF3073
S2140321000EE00468DE0054F83340671C09D0C4F3BD
S2140321101307B94205D1240D147003683344586875
S214032120F0BD0133E8E7704770B5940022460546D4
S2140321300E460AF011F9431C0AD058B92246314616
S2140321402846EAF79DFC002814BF3D20002070BDFA
S2140321506E20FCE77120FAE713B5044601A8D8F70A
S2140321606DFF9DF8063023804FF480736380D8F7A5
S21403217073FF6060002002B010BDD8F7E3BE08B559
S214032180D8F7D4FE002008BD10B5044644EA010380
S21403219013F00303084609D1934201D1002010BD72
S2140321A054F8231040F823100133F5E72146920034
S2140321B0EAF7B2FDF2E710B504460AF0D1F8431C7D
S2140321C010D088B9D8F748FF234620F003002044F0
S2140321D0984201D1002010BD53F8042B0132F7D0EA
S2140321E03E20F8E76E20F6E77120F4E7704713B554
S2140321F00023044601461B220DF107008DF8073025
S21403220000F00BF922689DF80730B3EBD26F0CBFD2
S2140322100120002002B010BD13B50023044601467A
S21403222020220DF107008DF8073000F0F6F80DF1C7
S21403223007001A22211D00F0F0F862689DF80730A7
S214032240B3EB926F0CBF0120002002B010BD0068F4
S214032250431C584258417047006810F07E0F0CBF6D
S214032260C0F3C160002070470068C0F3D310704706
S214032270006800F07E00B0FA80F0400970470368FB
S21403228013F07E0F14BF042008207047036813F072
S2140322907E0F03D1406820F07C40704713F078002F
S2140322A01CBF03F07F03D81F7047006800F07F0051
S2140322B07047032809D0022803D1C1F10201C8B22E
S2140322C0704700290CBF07200020704737B5054626
S2140322D001F10C0443696946012220469847BDF87C
S2140322E00030012201932046AB6901A9984703B049
S2140322F030BD37B501F10C04436901226946054632
S214032300204698474FF6FF72009B99B291420DD133
S2140323106FF30F0343F4254343F0A5030193012210
S2140323202046AB6901A9984703B030BD0020FBE700
S21403233037B5044600251B22011D0DF107008DF855
S214032340075000F06AF860689DF80720B2EBD06F7C
S21403235003D120F0784003B030BD0DF107001B22F7
S21403236004F108018DF8075000F057F8A0689DF8AF
S2140323700730B3EBD06F01D1C043EAE74FF0FF302D
S214032380E9E74BF29A22036810B5B2EB134F044603
S21403239013D19BB2012B13D1FFF7CAFF01300CD028
S2140323A04FF6FF72E068B2EB104F4FEA104309D1C5
S2140323B080B2C01A18BF012010BD2368013303D0B2
S2140323C00420F9E70220F7E70320F5E701288CBF8E
S2140323D0002001207047033801288CBF002001200D
S2140323E07047143070472DE9F04105469846036957
S2140323F008460E4617469847044638B943463A46B3
S21403240031462846D7F73EFD044618B131462846DE
S214032410FFF75CFF2046BDE8F0811F2A0B689EBFCE
S2140324204FF0FF3191408B43590801F055315B1A49
S21403243003F033319B0803F033330B44017803EB8B
S21403244013130A444FF0013103F00F334B43A2EB4F
S21403245013620270704708B507F06CFDBDE80840CC
S2140324600021D7F719BE02210320D8F713B8704707
S21403247070477047704770B5054614460E4609F018
S2140324805AFC2B685C4034405C402C60BDE87040CE
S21403249009F04CBC10B5002422B1032A0CD003600B
S2140324A0047110BD11F4000218BF4FF07F4221F0F3
S2140324B07F4313430C0EF2E721F0FF03CCB2EEE7A3
S2140324C030B5012400F5805345685C60CB784A78C4
S2140324D05B0443EA02230A7813438A78120402F45D
S2140324E080321343C0F89830EB075CBF00F500500A
S2140324F0446030BD70B501260C46054600F5005312
S2140325005E600B78497803F0070343EAC103E1787A
S21403251043EA0123A178090101F030010B43036765
S214032520C36AA17923F48B3323F4807343EA01430C
S2140325302179090201F4E0610B436179090301F48F
S21403254080510B43C3621146FFF7BAFF05F580536C
S2140325505E60E37903B1EE6070BD08B50A6FC96FBC
S21403256002F00702FFF796FF08BD13B5044601A85D
S214032570D8F764FD042C04D8DFE804F0061603102D
S2140325801300002002B010BD40F29C4040F2BA4354
S2140325909DF80520012A08BF1846F3E740F6B83031
S2140325A0F0E74FF41660EDE740F2E240EAE74FF05B
S2140325B050234FF400321A6770474FF0B0435A68FF
S2140325C012B19A6A002AFAD17047012200F58053A5
S2140325D05A60CB43934003F00A034361416111B948
S2140325E000F500504260704783695B06FCD5C16303
S2140325F0704770B5054614460E4609F09CFB2B68DB
S2140326005C4034405C402C60BDE8704009F08EBBF3
S2140326100122417803788A4030214B4342F210016D
S21403262003F1A04303F570335A50704730B50022C8
S214032630044600F0FC05A31803F00303581921FA17
S21403264000F3DB0704D50132042AF4D14FF0FF3040
S21403265030BD0020704700207047002070470020E0
S214032660704701207047012070470F207047EBF733
S2140326709BB9002307B5CDE90033012369464FF024
S214032680FF308DF8023004F05DFD03B05DF804FB07
S2140326900020704710B508B9212010BD0029FBD0D3
S2140326A0036813F0704205D1C3F30E030B607BB1CE
S2140326B00020F2E703F05044B4F1004F05D0B2F126
S2140326C0304F02D0B2F1404FE6D103F07F03EDE77F
S2140326D04368002BE0D00B60EAE737B50C460546A7
S2140326E010B9212003B030BD0029FAD0002301A978
S2140326F00193FFF7CFFF0028F3D12968019A11F061
S214032700704102F1030222F0030201D12260E9E7DD
S214032710AD68B1F1004FC5F38033C5F3403504D13E
S21403272003EB450353432360DCE7B1F1204F01D1AC
S2140327302B44F7E7B1F1304FFAD0B1F1404FF7D061
S214032740CFE737B50C460546002800F088800029F9
S21403275000F0858000230B60036803F070430B6072
S214032760C26822B1032A7AD143F080630B60AB6858
S2140327709A014AD403F08073EA680AB9002B6ED133
S214032780226822F0407213432360EA68032A05D1C5
S2140327902A69F62A63D962F317432360AB681B04DE
S2140327A042BF236843F400432360EB68032B1FBF39
S2140327B023682A6862F30E0323602B68AA68002B3B
S2140327C02BDB12F4C84F4AD12B6803F0704303F196
S2140327D00043B3F1804F05D2530542BF236843F449
S2140327E0806323600023284601A90193FFF752FF65
S2140327F0002834D12B6813F070421FD12368019A46
S21403280062F30E03236003B030BD03F04073B3F1ED
S214032810407F18BF4FF00073AEE7500402F4005138
S21403282005D4E1B1236843F400532360CCE723685F
S21403283043F4804323600029C6D0F3E703F05043F4
S214032840B3F1004F05D0B2F1304F02D0B2F1404F92
S21403285005D1019B5A1E236862F30603D2E72120A3
S214032860D1E738B131B101234B604FF0005300205C
S2140328708B6070472120704737B50C46054608B96C
S214032880212017E00029FBD001234B60C368ABB9B6
S21403289001A90193FFF721FF0028F1D1019B6A6983
S2140328A09A4209D32A69002AEAD0226043F00053E9
S2140328B00020A36003B030BD1D20FBE7032BDFD150
S2140328C00023F5E7436813B9416070475B685A68AD
S2140328D0012AFBD159607047FFF7DABE08B5FFF748
S2140328E0D7FE002814BF6FF09200002008BD1346E1
S2140328F0428870B50732072A0C464FEAD20101D048
S214032900A14222D146680588202218460021EAF70C
S21403291065F8360A0346DEB9BCB141F201029542B8
S21403292005D0B5F5885F02D0B5F5905F02D10020DB
S2140329305C6070BDB5F5105F0DD1182C03D0202C4C
S21403294001D0102C01D11C60F1E76FF08600F0E790
S2140329506FF08B00EDE76FF08500EAE7F0B51C46F5
S214032960436806461B0A0F46154689B035D12246EC
S2140329702946FFF7BCFF68B9EB1C23F00303C4E941
S2140329800307636145B9202200212046EAF726F8AB
S2140329906FF0860009B0F0BD014620226846EAF7CC
S2140329A01DF829466A463046FFF7A1FFDDE90065B4
S2140329B0DDE9062302990028E5D12768B742E2D16C
S2140329C06668AE42DFD1A5688D42DCD1A16991422B
S2140329D0D9D1E2699A42DDD0D5E76FF08B00D9E70B
S2140329E0D8F772BFD9F782B8704700207047002027
S2140329F07047C3681944836853F8210030F8023BD4
S214032A0013607047012310B580F8883003780446B6
S214032A1053B100F05BFA21462046D9F757F9204612
S214032A20BDE8104000F047BA10BD38B50D46044661
S214032A30D9F734F96B682046C4F8B032A96800F0B9
S214032A4098F94FF0FF332046C4F8B432FFF7CDFFB2
S214032A5038BDD0F8B43210B50133044601D0002097
S214032A6010BD00F0C1FAC4F8B4020130F7D194F8EF
S214032A70B80280F00100F3E708B5D9F74BF908BDB3
S214032A800A7801382D2A0ABF012200228918D9F7AD
S214032A909DB907281BD8DFE800F0060A0D101315AA
S214032AA004170120704700220820D9F78FB90022A7
S214032AB01020FAE700222020F7E70820FFF7E0BF00
S214032AC01020FBE72020F9E70846D9F7E1B90020F4
S214032AD070472DE9F74307280C46DDE90A7690464A
S214032AE01D4608D8013806280AD8DFE800F01D2757
S214032AF0303A44574A00212850D003B0BDE8F0834B
S214032B00002220461146E9F735FF3368C0B205EBCD
S214032B1083013A6845F82300013348F822103360EE
S214032B203B6801333B60E8E7002220461146E9F79D
S214032B3021FF336880B205EB8301EAE700222046D3
S214032B401146E9F717FF336805EB8301E1E7002237
S214032B5020461146EAF7FEF9336840B205EB8301D7
S214032B60D7E7002220461146EAF7F4F9336800B2A5
S214032B7005EB8301CDE7002220461146EAF7EAF982
S214032B80E1E7002389461E461D468DF8063019F8F0
S214032B90013F7D2B06D125702D0A65703B6848F8EA
S214032BA02340BDE7202BF2D006F00102013612B90E
S214032BB08DF80430EBE71022002101A88DF80530CC
S214032BC0EAF7C8F9631901359870ADB2DFE72DE966
S214032BD0F04F9B46002385B08B4581468846924638
S214032BE0CDE902336DDC1E461A4619F80340212C44
S214032BF00AD81F2C05D8103C072C98BF46F00106B0
S214032C0000E001220133F0E7FF2CFBD15B4432B135
S214032C10013B434551DD2B2005B0BDE8F08F4EB197
S214032C20013B4345F7DC164635463746454504DB48
S214032C300020F1E79845F7D0EDE75D453BDB19F853
S214032C400730202B18D109EB07035B78FF2BE2D163
S214032C50CEB920465AF82510FFF71BFF98B303ABEF
S214032C60019302AB00932046DDE90E235AF82510A4
S214032C70FFF72FFF0135D9E7212B0ED109EB070309
S214032C805B78FF2BC7D1029B5AF825200E990126A5
S214032C9041F8232001330293ECE7A3F11004072C39
S214032CA002D91C460137D3E709EB07035B78FF2BF2
S214032CB0B1D1E4B2CCE70624CAE700252F462E4658
S214032CC0B4E72120A8E72620A6E72DE9F04F07461C
S214032CD00E4615469846044685B0DDF84490DDE971
S214032CE00FAB206808B3DAF80020D8F800108A4241
S214032CF01BDA0E9B53F82210D4F78EFF48BBDAF884
S214032D0000200132CAF800206268117BFE291BD11D
S214032D100E9B1068012100932A464346CDE902B96B
S214032D20CDF804A0FFF7D1FF04462B7843B999F8F2
S214032D3000302BB97EB101233C4689F800302B7056
S214032D40204605B0BDE8F08F01238BF800302B70CA
S214032D50EBE70C34C5E73446F2E710B504462368C0
S214032D6003B910BD237A13B92046D9F7C7F80C3434
S214032D70F5E710B541B10A7932B901249C300C71DC
S214032D80FEF704FE204610BD0020FCE72DE9F041C7
S214032D90BAB005460AAA084603A900F062F9044633
S214032DA0B0B90DF10A0301930DF10B038DF80A0078
S214032DB000930AAA284604AB03A9D9F747FA9DF855
S214032DC00A20B2B158B19DF80B302BB1D9F796F85B
S214032DD020463AB0BDE8F081FFF7BFFFF8E7D5F825
S214032DE09C50002DF4D0A86808B1FFF7B6FF2D68F5
S214032DF0F7E710B346681AAB06F10C070DF1A808FF
S214032E0001933846049B0399CDF800800AAAFFF77E
S214032E10DEFE04460028DBD1039B05A8CDE9063871
S214032E20049B0595CDE90837DBF782FA05A83368D6
S214032E30984705A800F07EFFCAE72D24C8E710B51B
S214032E400446AC30E9F746FC04F1AB031A1800203D
S214032E50934200D110BD13F8011F0029FAD00A29A6
S214032E6008BF0130F4E770B50023012400F1AC0677
S214032E70D0F8AC52AC420FD3AC30B3F5007F10D3CE
S214032E80012070BD0D6801350D60156801351560AC
S214032E90F55C01330A2D02D0B3F5007FF2D301347B
S214032EA0E6E7C15C0A29EBD00029E9D011680133B3
S214032EB001311160E1E710B50021D0F88C200446FB
S214032EC0E9F78CFD0023C4E9243310BD73B504462B
S214032ED000F1AC0580212046FEF77CFD4FF400711F
S214032EE006462846FEF776FD0136C0F50070864294
S214032EF020461FD8E9F7EEFB06462846E9F7EAFB25
S214032F0001362946421CA819E9F712FC2046E9F7C0
S214032F10E1FB214602462846E9F7FEFE2046E9F78E
S214032F20D9FB0A23204480F8AC300023C4F8AC3223
S214032F3002B070BDFFF783FF0023C4F8AC02CDE9EF
S214032F40003338B194F8AC3023B16946204601AA61
S214032F50FFF789FF0022009B234483F8AC20B9E7E0
S214032F604B1C73B5044619D1D0F8AC3213B1013BF0
S214032F70C4F8AC3200252046E9F7ACFBA84217D8C4
S214032F802046FFF798FFD4F8AC322BB10023CDE9E7
S214032F90003394F8AC30B3B902B070BD0129FBD14D
S214032FA0FFF74DFFD4F8AC328342F5D20133DFE7A7
S214032FB0082000F028F8202000F025F8082000F06C
S214032FC022F80135D7E76946204601AAFFF74BFFEB
S214032FD0009D04F1AC06019BAB42DDD9715D204632
S214032FE0D9F754FA0135F6E707B500200DF10701C6
S214032FF000F0EAF820B99DF8070003B05DF804FB7B
S2140330004FF0FF30F9E710B5C1B20446002000F0D8
S214033010CBF800280CBF20464FF0FF3010BD0FB48E
S21403302007B504AA52F8041B00200192D9F7DCFB6B
S214033030002003B05DF804EB04B0704710B54C1CD9
S2140330400B460119045D222C03D07B2C01D05C2C8B
S21403305005D1D21A1844E9F76BFB012010BD0020F6
S214033060FCE72DE9F047054691468846E9F732FB2B
S2140330702A4606461346197801322029FAD0C9F89B
S21403308000305C1B01236FF0404AC8F80030A642AC
S21403309001D8002014E02F5D29197B2F12D0222F90
S2140330A02ED1D8F80030621C53442A4449F8232012
S2140330B0012C09D911F8013C13F0DF0F04D02120AD
S2140330C0BDE8F0877D27F3E701342B5DBB4209D1CA
S2140330D02B195B7813F0DF03F1D1222F00D12B5588
S2140330E00134D4E75C2B07D1324621462846FFF746
S2140330F0A5FF0028E3D0013E0134A642E5D8DEE76B
S2140331005C2F08D1324621462846FFF797FF002852
S214033110D5D0013EE4E7202FE2D10022631CB34260
S2140331202A55DDD2EA18EB5C202BD9D0D8F800302C
S2140331300F2B05DC49F823200133C8F80030CFE70E
S2140331401E20BDE700F000B800207047D4F752BD3C
S21403315040B2D9F7C5BA70B50C46154610B9D9F7BB
S21403316037FB38B143682BB12A462146BDE8704089
S21403317000681847232070BDF7B50D4616461C4653
S21403318038B9D9F725FB04B901AC20B9232003B01D
S214033190F0BD03B901ACC768002FF7D0234632460B
S2140331A029460068B847F2E707B501228DF80710ED
S2140331B00DF10701FFF7CFFF03B05DF804FB0B46E5
S2140331C001461846FFF7F0BF00230122FFF7D4BFDE
S2140331D00EB403B503AA52F8041B0192D9F704FBF5
S2140331E002B05DF804EB03B0704780F8991070479F
S2140331F090F89900704790F89600704713B5044608
S2140332000DF10701007D06F00DFF9DF8073043B171
S214033210236DD4E912020244934218BF184602B043
S21403322010BD3022237D534303F1A04303F58023CF
S214033230DB6EEEE70023506910B5903000F8043CCF
S2140332401446FEF7AEFB08B1D9F744FB63681BB11F
S21403325000212046A2689847002010BD90F89430BD
S21403326070B505460C46C3B10B69B3F5006F16D8A7
S21403327008F06EFD95F88C30064665614BB1214625
S21403328005F19000FEF786FB304608F05CFD002053
S21403329070BD2046D9F71EFBF6E70E20F8E721207F
S2140332A0F6E792F8543037B5144633B1936D0BB145
S2140332B0D06D9847002384F8543094F89A301BB3A3
S2140332C02046D9F7A5FAF8B1236E132120465B688A
S2140332D098471025236E20461B680DF10701984773
S2140332E078B99DF8073003F0FD02112A05D1A3F142
S2140332F011025342534184F8A030013D15F0FF05F7
S214033300E8D12046D9F714FB002084F8540003B014
S21403331030BD2DE9F04790F8949004460D461646C6
S214033320B9F1000F40F08A8090F8998008F010FDFC
S21403333094F89530074673B194F898305BB184F8E7
S214033340959008F0F8FC01218146084606F060FFD8
S214033350484608F0EBFC384608F0F5FC2E44B54228
S21403336005D1236E012120469B68984750E094F8C8
S2140333709A30002B3DD0207DD4F7FCFF2046D9F7AA
S21403338065FA0746207DD5F715F897BB08F0E0FCED
S2140333900746207DD4F7EEFF2046FFF72FFFA26CEB
S2140333A000F1FF39914538BFE36C94F854A038BF59
S2140333B003F1FF33207D38BF02EB0309D4F7FAFF8E
S2140333C0BAF1000F12D14B46D4F89C1099420BD099
S2140333D013F80129112A01D0132A1CD1A2F11103D3
S2140333E05A425A4184F8A020C4F89C90384608F004
S2140333F0AAFC94F8A030002BB9D0B8F1000F12D174
S214033400236E20465B6815F8011B98470028A6D054
S2140334100020BDE8F087A26C9A4282BFE36C03F1FA
S214033420FF339B18D2E72B780A2BE9D1236E0D21A5
S21403343020465B6898470028E2D0E9E70E20E8E7D5
S214033440F8B504460D4608F083FC94F89630064615
S214033450ADB17BB994F8983063B108F06CFC0121E8
S2140334600546084606F0D4FE284608F05FFC01230E
S21403347084F896303046BDE8F84008F064BC002B6C
S214033480F8D008F058FC07462946012006F0C0FE8F
S214033490384608F04BFC84F89650EBE738B548B14D
S2140334A00024056808F054FCC5E9164408F04BFCF4
S2140334B0204638BD2220FCE770B50468054694F81C
S2140334C0946086BBFFF7EAFFD9F782F9854202D1FB
S2140334D03046D9F771F9236E93F91000D9F75EF9E0
S2140334E0236E93F91000D9F72BF9236E93F9110085
S2140334F0D9F754F9236E93F91100D9F721F9207DF2
S21403350006F070FD207DD4F7B5FED4F791FE0023B8
S214033510C5E90033C5E90533EB60236E2046BDE8F5
S2140335207040DB6818470F2070BD0068D9F700BAF3
S2140335302DE9F041044608F00BFC94F89530054657
S21403354003F0FF08A3B90127236E41469B68204674
S214033550984784F8957008F0EEFB064641463846D1
S21403356006F056FE304608F0E1FB022384F8A1304D
S2140335702846BDE8F04108F0E6BBD0F8A4309A69C7
S214033580120643BF5B6A00200B701B20704710B502
S2140335900446D0F8A42093695906FCD5002394F872
S2140335A0AA101A4694F8A900D7F76EF9002394F8E0
S2140335B0AC101A4694F8AB00D7F766F994F8B13016
S2140335C0DA0707D5002394F8AE101A4694F8AD0030
S2140335D0D7F75AF994F8B1309B0707D5002394F828
S2140335E0B0101A4694F8AF00D7F74EF90122D4F874
S2140335F0A400002100F50053DA64FEF7E6FF00207E
S21403360010BD08B5D0F8A400FEF7EEFF002008BDF5
S2140336100122D0F8A43019B103F58053DA64704759
S21403362003F50053DA649A6470470068D0F8A43050
S2140336309A6CD20708D5012103F5005291649B6961
S2140336409B0601D5FFF774BF704708B508F06EFCFC
S214033650FA23B0FBF3F080B208BD0420704740F2B3
S2140336600160D9F751BF70470120704700207047AB
S21403367049BA89B280EA0103C3F30312534018031D
S21403368080B258405B0103F4FF535840704708B5B7
S214033690DAF708FB58B1A0F15903042B06D8042B1C
S2140336A004D8DFE803F00404040304005C2008BD28
S2140336B0DAF750BC7047F8B50C468D1807355242FA
S2140336C01540A5F108070646384600F0DEF9A1883E
S2140336D0381B628801EBE00189B2A2EBE00225F811
S2140336E0041C25F8062CA288C310AAB1A4EBC202B8
S2140336F0B2F802C0D18003EB0C015180E28892B18C
S214033700D31A9BB204EBC20425F8023CA380B36829
S2140337100344B3603846F8BD15F8082C42F002029D
S21403372005F8082CEAE725F8022CF0E72DE9F04F18
S2140337304FF0000887B09946531C109B0546174662
S21403374014BF14460824CDF81480002B00F0C48060
S214033750C3F80080002900F0C18042688A4240F224
S214033760BD80073121F0070608F0F2FA05AACDE975
S214033770008282463A464B463146284600F089F98F
S214033780059F834607B130B9504608F0DCFA192086
S21403379007B0BDE8F08FB7F8028029694FEAC80280
S2140337A0C0EBC8080139B8F1270F296179D9B9F1F7
S2140337B0000F50D1864206F1080847D02246394604
S2140337C02846FFF778FF04460590A044404600F0DD
S2140337D05CF9059906F10F004A88C308A2EBD002EC
S2140337E0A8F80220CA88A8F80430002A30D0D31AD2
S2140337F09BB201EBC202A8F8063093808B88F608CA
S214033800A380B8F804303A46E380414600232846AE
S214033810668000F0A5F9AB680833AB60237843F005
S214033820010323702B6901332B616288AB68504612
S21403383003EBC203EA68AB60934288BFEB6008F011
S21403384082FA109B083400201C60A1E73C46BCE7C4
S214033850A8F80620D2E707EB08042046039200F0F8
S21403386014F90BF10703DB080599638008F10703D6
S214033870DB08A380CB8893B1DB00039AD81D821A9A
S2140338805A44C2F3CF020B44E2809A80A38808F11D
S214033890FF384FEAD808A1F80280CB80BBE7E38065
S2140338A0F4E7B9F1010F1BD107F10803B3FBF4F2F8
S2140338B004FB1233B3B1224639462846FFF7FBFE14
S2140338C0044623783A4643F0010323702146012336
S2140338D0284600F045F9A8E7222059E7212057E7B4
S2140338E08642E8D13C46ECE707B500224FF0FF31AD
S2140338F001AB0192D9F78CFF019803B05DF804FB86
S2140339002DE9F74F04460D46002900F0AB80D0E9B9
S214033910056808F01DFA15F8082C35F8067CD30759
S214033920019000D537B9019808F00DFA012003B0CD
S214033930BDE8F08FA368D4F810A035F8049CA3EB79
S214033940C70E0AF10103A5F1080C791CC4F808E0B8
S2140339502361B9F1000F7BD0ACEBC90393F800B039
S21403396002F002021BF0010F67D1002A66D1B3F8FA
S2140339700290DA88A2EB0902012A69D1B91CAEF1DA
S21403398008024944C4F810A0A26035F802ECBEF160
S214033990000F61D0D4E900200CEBCE0A02EB00093D
S2140339A0CA4559D21CF83EC052461CF0010C15D12C
S2140339B0AEEB0707012F11D1BAF80270AAF802C0BE
S2140339C001373944BAF80670002F43D00AEBC70212
S2140339D02769013F2761A768083FA76015F8087C99
S2140339E0013927F0010705F8087C002725F8067C2F
S2140339F05980197867F3000119707AB3C3F1070188
S214033A001144C1F3CF01D98091804EB3B34227D37B
S214033A107288002A08BF1E46B8F1000F06D0434539
S214033A2004D8B8F80220002A18BF43460198C4E910
S214033A30056308F088F9002079E74AB115F8082CE1
S214033A40494422F0020205F8082C00229A809CE7DB
S214033A5063469AE73A46BBE70022BFE7DA80D4E735
S214033A601E46D9E7222062E710B50446D9F7E8FEDA
S214033A702146BDE81040FFF743BFFFF7F5BF0846F2
S214033A80FFF732BF0846FFF7F8BF00230360436023
S214033A907047F0B5D0E90554561C08BF0822002B22
S214033AA04FF0000008BF2C46069F3860002C38D025
S214033AB09DF814606588F60006EBC505C2F1000C98
S214033AC02078C00708D523BBE08898B104EBC00470
S214033AD0658806EBC505F3E78D42F4D35BB904F1BD
S214033AE00800B0FBF2FE02FB1E00C0B10844A84269
S214033AF0EAD83C60F0BD082A11D06088013004EB98
S214033B00C000A0EB010E0EEA0C0EA0EB0E008542E1
S214033B10EFD2A0880028EDD0A4EBC004D8E708466F
S214033B20E7E72046E6E703460069C0B10AB951B99C
S214033B301A6810460378DB0711D531B9C3885BB121
S214033B4000EBC300F6E79A69F3E7012904D18388FB
S214033B5023B1A0EBC300EDE700207047184670477B
S214033B602DE9F041D0E90554074688461646ABB121
S214033B70954200D00ABB424600213846FFF7D3FFE2
S214033B80B442054600D02EB9424601213846FFF717
S214033B90CAFF0446C7E90554BDE8F081954208D03C
S214033BA08D4228BF0D46B44205D0444538BF44462F
S214033BB0F0E70D46F7E74446ECE79442EAD1E3E73D
S214033BC070B500261C46C3E90001C3E90266C3E9D3
S214033BD005001E611A775E62FFF757FF23690139F6
S214033BE0C908013341802361A36830460833A360C4
S214033BF0E3680833E36070BD002307B568460093A7
S214033C008DF80430D6F736FE03B05DF804FB10B526
S214033C1008F091F8044606F099FA2046BDE81040ED
S214033C2008F084B870474FF4C870D9F769BED9F75F
S214033C301BBF00F01CB87047704708B503F0BFF809
S214033C4003F0C7F803F0CEF803F0DDF8BDE808404C
S214033C5003F0ECB8704708B503F0ACF803F0ABF824
S214033C6003F0AAF803F0AAF8FFF7F4FF08BD08B5B7
S214033C7003F0DDF803F0DCF803F0DCF8BDE80840F9
S214033C8003F0DFB87047012070472DE9F34112F0C7
S214033C9001050446884622D110F0030525D12F4698
S214033CA05208BA4209D1D7F741F90026B74204EBC6
S214033CB0860008D1D7F746F911E054F827300133C8
S214033CC00CD10137EDE7042258F826300DEB02013C
S214033CD0019308F041FB30B1D7F734F93D25284668
S214033CE002B0BDE8F0810136E0E70125F7E770474B
S214033CF0B0F1006F0FD300F07843B3F1006F0CD030
S214033D0000F06040B0F1404F09D0B0F1604F14BFEF
S214033D1004200320704700207047012070470220CC
S214033D207047002070471AB111B180B2DAF712B9A2
S214033D302120704701F016BEE3F7CEB9FFF78FBC1C
S214033D40D0E9023253F8223000211878E2F71CBE7D
S214033D50704702F04AB901F09ABDC3688268013B16
S214033D60DBB252F823305B78652B02D10020E5F7EF
S214033D705BB96E2B01D10120F9E7662B01D1022036
S214033D80F5E7704710B5D0E90232044653F82230FF
S214033D90187802F004FAE368A268013352F8233075
S214033DA0BDE81040187802F0F8B910B50446C0B262
S214033DB0DBF788FA200ABDE81040DBF783BAD0E9C0
S214033DC0023253F822301878DBF784BB02F09FB92F
S214033DD0E3F71EBE08B501F078FEBDE80840E5F738
S214033DE011B8D0E9023253F82230186801F06BBEDE
S214033DF00020E5F70DB90120E5F70AB90221DBF744
S214033E00FFBA0321DBF7FCBA0521DBF7F9BA08B5DD
S214033E1001460C20DBF7D0FABDE80840DBF75EBAB4
S214033E2008B501460020DBF7C7FABDE80840DBF714
S214033E3055BA07B5C2688368043253F822300121A5
S214033E401B880DF10602ADF806300023DCF75CF89C
S214033E5003B05DF804FB08B508F06FF8BDE808404A
S214033E60F1F738BB10B51446DCF76EFB2146BDE808
S214033E70104007F00DBE08B5DCF766FBBDE808404A
S214033E80002107F005BE08B5DCF75EFBBDE8084079
S214033E90F0F756BF08B5DCF757FBBDE8084008F057
S214033EA0C0B908B5DCF750FBBDE80840F0F734BFEF
S214033EB07047704708B508F040F8FFF7FAFF03F0BD
S214033EC025F8BDE80840DCF78DBB70470120704736
S214033ED00120704708B5DCF731FC00280CBF04202E
S214033EE0012008BD70472DE9F34104460D461646EA
S214033EF01F46DDF8208008F0BBF83B4632462946CD
S214033F002046CDF8008003F003F83B4632462946A8
S214033F102046CDF80080FFF7E5FF02B0BDE8F0418C
S214033F2001F020BD2DE9FF4704460D4616461F4601
S214033F30BDF830809DF83490DDF838A008F098F886
S214033F403B46324629462046CDE9019ACDF8008005
S214033F5000F0E0FF04B0BDE8F04701F003BD704792
S214033F6008B508F085F802F0D6FFFFF7F8FFBDE8BE
S214033F70084001F0F7BC012070472DE9F7430446DB
S214033F800D4616461F469DF8289008F071F83B46E6
S214033F90324629462046CDF80090FFF7ECFF8046D0
S214033FA03B46324629462046CDF8009002F0B4FF41
S214033FB001F0D8FC404603B0BDE8F083012070470B
S214033FC02DE9F74304460D4616461F469DF82890EE
S214033FD008F04EF83B46324629462046CDF8009078
S214033FE0FFF7ECFF80463B46324629462046CDF88F
S214033FF0009002F092FF01F0B5FC404603B0BDE826
S214034000F083F8B504460D4616461F4608F030F80A
S2140340103B4632462946204602F080FFBDE8F8407C
S21403402001F0A0BC00207047F8B504460D461646BE
S21403403008F01EF8324629462046FFF7F3FF0746E8
S21403404032462946204602F06AFF01F08BFC3846CA
S214034050F8BD38B504460D4608F00AF8294620464A
S21403406002F05EFFBDE8384001F07CBC10B50446A4
S21403407007F0FEFF204602F054FF2046FDF7B8F98E
S214034080BDE8104001F06EBC704738B504460D46D7
S21403409007F0EEFF2946204602F055FF2946204644
S2140340A0FFF7F2FFBDE8384001F05CBC704770B51F
S2140340B004460D46164607F0DBFF324629462046E1
S2140340C002F043FF324629462046FFF7EFFFBDE8DE
S2140340D0704001F047BC704738B504460D4607F0FC
S2140340E0C7FF2946204602F032FF29462046FFF73F
S2140340F0F2FFBDE8384001F035BC704738B50546D9
S21403410007F0B6FF284600F0D2FE044601462846CE
S21403411001F069FF01F026FC204638BD38B5044699
S2140341200D4602F016FF29462046FFF7E6FF38BD88
S214034130704738B5054607F09BFF2846E2F778FF39
S21403414004460146284601F04CFF01F00BFC2046CE
S21403415038BD38B504460D4602F0FCFE2946204617
S214034160FFF7E6FF38BD704710B5044607F080FF3B
S214034170204602F0F0FE2046FFF7F5FFBDE81040AC
S21403418001F0F0BB704738B504460D4607F070FFE4
S2140341902946204602F0E1FE29462046FFF7F2FFB5
S2140341A0BDE8384001F0DEBB704770B504460D46E7
S2140341B0164607F05DFF32462946204602F0CEFE3D
S2140341C0324629462046FFF7EFFFBDE8704001F070
S2140341D0C9BB704738B504460D4607F049FF294664
S2140341E0204602F0BCFE29462046FFF7F2FFBDE854
S2140341F0384001F0B7BB704738B504460D4607F0A4
S21403420037FF2946204602F0ABFE29462046FFF735
S214034210F2FFBDE8384001F0A5BB704710B5044671
S21403422007F026FF204602F09CFE2046FFF7F5FF28
S214034230BDE8104001F096BB704710B5044607F082
S21403424017FF204602F08EFE2046FFF7F5FFBDE877
S214034250104001F087BB7047704770B504460D46A3
S214034260164607F005FF32462946204602F07DFE35
S214034270324629462046FFF7EFFFBDE8704001F0BF
S21403428071BB704710B5044607F0F2FE204602F0F5
S2140342906DFE2046FFF7F5FFBDE8104001F062BB58
S2140342A0704738B504460D4607F0E2FE2946204619
S2140342B002F05DFE29462046FFF7F2FFBDE83840D0
S2140342C001F050BB704770B504460D46164607F01E
S2140342D0CFFE32462946204602F04BFE324629469A
S2140342E02046FFF7EFFFBDE8704001F03BBB704789
S2140342F02DE9F34104460D4616461F46DDF8208099
S21403430007F0B6FE3B46324629462046CDF80080E7
S21403431002F030FE3B46324629462046CDF8008062
S214034320FFF7E5FF02B0BDE8F04101F01BBB0E202E
S21403433070470E20704738B5044607F099FE2046AE
S214034340FFF7F7FF0546204602F015FE2046FFF767
S214034350EEFF01F007FB284638BD0020704700201B
S214034360704738B5044607F083FE2046FFF7F7FF8D
S2140343700546204602F000FE2046FFF7EEFF01F05A
S214034380F1FA284638BD704708B507F071FE02F00B
S214034390F4FDFFF7F8FFBDE8084001F0E3BA00209C
S2140343A070477047704708B5DCF79AFA00280CBFC9
S2140343B00420012008BD70470B6810B5DA7B2AB9C4
S2140343C0DC7C1CB9DCF7B0FA204610BD8120FCE784
S2140343D008B5DCF7C1FABDE80840DCF7CBBA70478E
S2140343E0DCF7BABADCF7C6BA082808D84FF48B73DA
S2140343F0C34013F0010F0CBF21200020704721207B
S21403440070470121DCF79CBB0221DCF799BB042132
S214034410DCF796BB0821DCF793BB1021DCF790BBD7
S21403442008B500F026F808B1002008BDDCF7D4FB79
S2140344300028F9D1DCF7E2FB0120F6E7152808B5DA
S21403444003D1BDE80840DCF7CDBB01F044FE60B9FC
S214034450E2F748F9032806D100F009F828B9BDE8C1
S2140344600840FFF7DDBF0028EBD008BD70470020EB
S21403447070470020704708B5DCF7A6FDFA23B0FBAB
S214034480F3F008BD0321DCF7CFBD01207047D0E968
S214034490023253F822301878DCF7D0BF086810B51C
S2140344A0C37B2BB9C47C1CB9DCF7F8FF204610BDD0
S2140344B08120FCE7D0E9023253F822301878DDF782
S2140344C02FB8704730B50546044615F8100B85B06F
S2140344D0029565691D44CDE900250B46A21D61883A
S2140344E001F0DBFD05B030BD704710B492F80A4109
S2140344F092F8053103EB04230B8100235DF8044B8C
S2140345001A4601F0C8BD1FB50446084671B12178A6
S214034510FF290BD0238B029363690193237C0093BB
S2140345206288A31DE2F7A0FDFF23237004B010BD2D
S2140345300868C37B73B9C37C032B0BD8DFE803F08F
S21403454002080406DDF7E4BADDF714BBDDF744BB67
S214034550DDF7F2BA81207047704770470020704736
S214034560137810B5032B0CD15479CBB29C4208D1E7
S2140345709379B3EB112F04D153781B1A5842584141
S21403458010BD0020FCE77FB505460E4600246946AD
S214034590E0B201F02EFD28B96A4631462846FFF7F9
S2140345A0DFFF18B90134202CF1D1002004B070BD10
S2140345B0FFF7E9BF0868C37B9BB9C37C052B10D8FC
S2140345C0DFE803F0030D070B0905DDF7A5BBDDF7F1
S2140345D0DFBDDDF73BBCDDF78BBDDDF709BDDDF7E2
S2140345E0DDBB812070470020704730B5102587B0AB
S2140345F001AA00210195FEF7FCF904462A4600218C
S21403460002A8E8F7EBF92A46214602A8E8F790F84D
S214034610012102A8DDF79AFF07B030BDDDF728BFFA
S2140346207047FFF7FDBF0B68DA7B5AB9DB7C012BBB
S21403463004D0022B04D02BB9DEF79ABBDEF7A4BB5B
S214034640DEF7AEBB81207047002307B5012101A822
S2140346500193D3F727F908B9D2F760FF012003B017
S2140346605DF804FB08B502F0E8F9052803D0003826
S21403467018BF012008BD0220FCE77047D0E90232CC
S21403468053F822301878003818BF0120DFF7F0BE41
S214034690DFF7F4BE00207047002070477047FF2006
S2140346A07047FF20704700207047002070470020A7
S2140346B07047704706207047DFF79EB908B508684D
S2140346C0DFF770FE6FF0FF0008BD70B50D460446B9
S2140346D000212846164601F02AF932462080022198
S2140346E0284601F024F9324660800421284601F06A
S2140346F01BF90023A360E3606060082070BD0346D7
S21403470041B181424FF0640005D94343B3FBF1F056
S214034710C0B2704708467047DFF7BEBEE0F7A4BCDA
S214034720E0F7AEBDB0F5807F05D0A0F50073584224
S2140347305841400170470820704730B599B00D4680
S21403474069461446E0F700FD30B915B1BDF80230EE
S2140347502B600CB10D9B236019B030BD2DE9F04FD3
S21403476089B00F46914604A905AA80461E46FFF760
S214034770E4FF044630BB30800DF10C0ADDE904B3D8
S2140347809B451FD2062259464046CDF800A006ABED
S214034790E0F7F6FCD0B9039B062B17D13588DDF876
S2140347A01A304D450DD2BDF8182027F83520358828
S2140347B007EBC50253605B4401350633358004932B
S2140347C0DCE7F8D9204609B0BDE8F08F0124F9E705
S2140347D02DE9F0418EB00E46174601A90022044685
S2140347E09846FFF7AAFF70B9062220460DF102038A
S2140347F002A9FFF7B3FF30B90546BDF80210019CC6
S214034800EBB28B4201D301200CE00EAA02EBC303EA
S21403481053F82C2C33F8303C0634B34205D13C60B5
S214034820C8F800200EB0BDE8F08101351444E7E770
S21403483070B50024012602F0DAF8E5B2C26806FA7B
S21403484005F59542234604F10104F4D3D8B270BDAE
S21403485070B586B0E0F7B8FA00F11006E5F712FE79
S21403486000240546142201A9301902F0C7F81CB922
S2140348709DF80430FF2B16D0002303F118026A4478
S21403488012F8142CFF2A06D11C44601E90FBF5F088
S21403489080B206B070BD2B44DBB2132BEDD91434B3
S2140348A0B4F5826FDED14FF0FF30F2E7E0F7C8B819
S2140348B007B504220DEB020102F0A0F8019803B03D
S2140348C05DF804FB37B5054608460C46FFF7F0FFD0
S2140348D0A84206D0042220460DEB02010195E5F717
S2140348E023FE03B030BD07B50B46009200210246F7
S2140348F00120E0F731F903B05DF804FB08B50121A8
S214034900E0F768F8BDE80840E5F7BCBFE0F7ACBBE6
S21403491008B5FFF7F3FF002008BD08B513460A469F
S21403492001461846E0F7ACF980F00100C0B208BDB6
S21403493000207047704708B1E0F7B8BC704730B442
S214034940DDE902451DB1029430BC00F0A8B930BCC5
S21403495070471F2804D8142200F5A030D9F7C2BB2D
S21403496070471F2804D8142200F5A030D9F7E6BBF9
S2140349707047152808B505D1FFF7DCFFBDE80840EA
S214034980E0F7D4BD08BD7FB51422002101A8E8F7DF
S21403499025F82023142201A94FF4A03001F03AFC95
S2140349A007B05DF804FB0020704713B500230C46E0
S2140349B01A460146CDE90033E0B2E1F76DFB02B0DB
S2140349C010BD13B500231446019001220093E0B2F4
S2140349D0E1F762FB02B010BDD0E9023253F8223091
S2140349E01868E1F7D1BC194491420ADC421800204A
S2140349F003B9704712F8011D013B01EB0020DBB23F
S214034A00F6E7002070472DE9F04F07460E4614469A
S214034A104FF0000A85B00093009B1A785FFA8AF37A
S214034A209A4203D8002005B0BDE8F08F009A07EB42
S214034A30040802EB430393F8019093F802B019F0CD
S214034A40400309F03F0504D06319B34217DC2B4635
S214034A5034E0042D07D865B1AB1E022B0BD8DFE874
S214034A6003F01F3746003E2D4DD03F2D5FD03D2D22
S214034A7061D00320D7E7B4424FF00105E7D319F01E
S214034A80800F65D00E9B2A4603EB0B000021E7F749
S214034A90A5FF3446002323449CB20AF1010ABBE770
S214034AA0A31CB342EBDC0223324621463846FFF70B
S214034AB09AFF0223ADF80A000DF10A0801930E9B34
S214034AC02A4603EB0B004146E8F726F9019BE2E78B
S214034AD0E31CB3423ADC0323324621463846FFF74B
S214034AE082FF0425032303900DF10C08E6E7231D3C
S214034AF0B342C4DC0423324621463846FFF773FF2D
S214034B0004230390F0E7731E9C421FDA0223324607
S214034B1021463846FFF767FF4FF6FF7380B2984289
S214034B200EBF0223023083B21A1996420EDB0E9A88
S214034B3042F80B80AFE7B44208D298F80030FF2B58
S214034B400CBF01230133E218B242F0DD042596E7D9
S214034B50022068E710B5144686B01A4618810A9BE9
S214034B600291CDE9034301230193099B0146009378
S214034B700320BDF82030E1F7CBFC06B010BD1FB50F
S214034B8000240294079C0194BDF818400094FFF794
S214034B90E1FF04B010BD2DE9F0410E461746054669
S214034BA086B098B391B38AB34FF0000802A95FFAB0
S214034BB088F001F01EFA044640B99DF80830032B2E
S214034BC008D008F10108B8F1200FEFD1204606B04F
S214034BD0BDE8F0819DF809202B799A42F1D1BDF802
S214034BE00A206B889A42ECD19DF80C30BDF80D0074
S214034BF06B7128812B4622464FF6FF71CDE900677D
S214034C00FFF7BDFF0028DCD00446DFE72124DDE7FD
S214034C1010B586B00A9C04949DF824400394BDF80E
S214034C20204002940124CDE9003413460A46014687
S214034C300620E1F76DFC06B010BD1FB50446084616
S214034C40194600230094CDE90123079BBDF81820DD
S214034C50FFF7DEFF04B010BDF0B5022805460E468A
S214034C6014461F468BB00AD106A9F0B201F0C1F96B
S214034C7098B99DF8193023719DF81C306371119B08
S214034C80224604930023CDE902330193109B314659
S214034C90009328463B46E1F73BFC0BB0F0BD13B54B
S214034CA000240194049C0094FFF7D6FF02B010BDC5
S214034CB02DE9F0450646884614469A460027012500
S214034CC08BB006A9F8B201F094F920BB9DF8183012
S214034CD0012B19D19DF8192033799A4214D1BDF8C6
S214034CE01A2073889A420FD19DF81C30324673718E
S214034CF0B9B2CDE9030ACDE9010043460220009488
S214034D00E1F706FC054610B90137202FD9D128460E
S214034D100BB0BDE8F0850546F9E70023FFF7C8BFEB
S214034D2010B50446E2F7CCF90021631E04F10F0226
S214034D3013F8010FFF2808BF19709342F8D1002318
S214034D40237410BD0020704770B506461D46E2F773
S214034D502DF8044608B9212070BD3046E2F7F2FA72
S214034D600028F8D0A0682A46FF21FFF77BF89DF8B5
S214034D701030002063719DF81430A371ECE713B56F
S214034D809DF81040CDE9003413460122FFF7DCFFFF
S214034D9002B010BD08B5E2F709F828B18068FF2114
S214034DA0FFF771F8002008BD2120FCE70122FFF77A
S214034DB0F1BF1FB50B466A460146184601F00FF9C8
S214034DC06A460823002032F8021B013B13F0FF0358
S214034DD080EA0100F7D1012838BF012080B205B070
S214034DE05DF804FB2DE9F04F87B0DDE9109B05461F
S214034DF08846484619461F461446BDF848609DF83F
S214034E004CA0FFF7D6FF042D0346ABF800001AD8D4
S214034E10022D1DD9042D07D04FF2F222A18891420C
S214034E2022D1E28891071FD5E17A0022CDE9013726
S214034E3020463346CDE90392CDF800A001F01EF9D3
S214034E4007B0BDE8F08F6A1F012A11D92120F7E7C2
S214034E5000224146CDE9119228462246109707B014
S214034E60BDE8F04F01F019B94FF6FF760C21DCE7E9
S214034E70052D0ED10023E17A0022CDE90137CDE9D5
S214034E8003920091234652464146304601F0E9F824
S214034E90D6E74FF2F222A188914204D1E288920724
S214034EA001D5E17AE8E74FF6FF760C21E4E7F0B5A3
S214034EB085B00546E1F73EFC48B16B88B3F5006F55
S214034EC005D1681D05B0BDE8F04000F0CBBC284610
S214034ED000F0E1FC0446C8B9E7B26946384601F07B
S214034EE088F878B99DF8006066B92946384601F017
S214034EF084F820B140F60443984207D08C26304607
S214034F0005B0F0BD0134202CE6D1F7E78D26F6E791
S214034F10E1F7F4BD2DE9FF4704460D460146184662
S214034F2017461E46BDF830809DF83490DDF838A04D
S214034F30DCF732FCD0B92146284601F0FCF83346AC
S214034F403A4629462046CDE9019ACDF80080E1F796
S214034F5077FE33463A4629462046CDE90D9ACDF8E4
S214034F60308004B0BDE8F04701F0D4BF04B0BDE81C
S214034F70F087E2F70DB8E1F7C5BFE1F7E9BF10B573
S214034F80044601F0E4F8082201462046BDE8104036
S214034F90E7F7CEBB01F0DDB8002101F0DAB801F087
S214034FA0ECB80020704720207047EFF773BBEFF78D
S214034FB0BDBBF1F767BE7047E2F736B970B5064674
S214034FC00C46154600F04CF850B13CB135B12046BE
S214034FD000F0B3FC013080B2A84200D9002070BDB7
S214034FE0304600F043F840B1002CF7D0012DF5D938
S214034FF0204600F0A7FC0230EDE73046E2F774F8EF
S214035000EAE7F8B5BDF8185010B3967855B9D478D2
S214035010A6F14107012F07D8621ED2B200F0ACFDFD
S2140350200020F8BD2C46F3E7433E012E04D8A21E0B
S21403503092B200F0B9FDF3E7D27813B90DB1AA42E4
S21403504006D811B9E7F7CAFCEAE7E7F771FBE7E723
S2140350508920E6E7413803288CBF002001207047EB
S214035060413801288CBF00200120704743380128AF
S2140350708CBF002001207047002070470020704737
S21403508002884B8893420BD1007B0A7910400AD0E2
S214035090B3F57C4F06D30889B0FA80F04009704711
S2140350A000207047012070470988D388994208D1A9
S2140350B00388B3F57C4F06D21089B0FA80F0400916
S2140350C0704700207047012070472DE9F0471546CA
S2140350D00446B8B149B1EAB100264FF0140AB04607
S2140350E090F80490F3B2994501D800240AE02768A3
S2140350F00AFB06773846FFF7C3FF013628B13C465E
S214035100A5F800802046BDE8F0877B8943441FFA54
S21403511083F8E7E71446F5E72DE9F84F0F461646FA
S2140351200446D0B159B132B34FF000084FF00C0B20
S214035130C146B0F808A01FFA88F39A4501D80024A0
S2140351400BE065683A460BFB085520462946FFF7F1
S214035150ABFF28B12C46A6F800902046BDE8F88F92
S2140351602B7908F1010813F0300F02BFEB784B449C
S2140351701FFA83F9DFE71446EFE7F0B587B00E466C
S21403518014461F4604AA05AB03A90546E2F782F8B0
S21403519008B30EB1049B3360FCB1049E002233882F
S2140351A06988287800F03DFBC8B1327912F0100305
S2140351B00AD0F3783246CDE900430023698828787D
S2140351C0FCF702F907B0F0BD324620460599009772
S2140351D0FFF717FFF6E78620F4E72046F2E77E2080
S2140351E0F0E71FB51C460023ADF80A20BDF81820CB
S2140351F08DF80400ADF80610ADF80C2069461A4683
S21403520001A800938DF80840FFF7B7FF009804B095
S21403521010BD70B586B00D4605AB04AA03A90446B7
S214035220E2F738F8E0B1049E0022338861882078DC
S21403523000F0F9FAB0B1337913F0100308D00095F3
S2140352400023324661882078D0F726FF06B070BD6B
S21403525000933246012329460598FFF7D2FEF5E769
S2140352608620F3E77E20F1E7F0B5054600244FF0ED
S214035270140E90F804C0E0B2844501D8002011E073
S2140352800EFB04F62F68B819BE5BB14210D12AB1E3
S214035290802A08D190F90C70002F09DAB6F57C4FF6
S2140352A000D32BB9F0BD402A02D1077B7F06F5D485
S2140352B00134E0E70121E1F729BF08B513460022D0
S2140352C0E2F752F8003818BF012008BD08B51346A8
S2140352D04022E2F749F8003818BF012008BD08B598
S2140352E013468022E2F740F8003818BF012008BDB5
S2140352F008B540220023E2F737F8003818BF01202C
S21403530008BD08B580220023E2F72EF8003818BF40
S214035310012008BD0023E2F727B80021E2F794B87E
S21403532010B504460121E2F78FF82046BDE8104089
S21403533001F024BE7047F8B516461F469DF81820A0
S214035340BDF81C300546E2F70FF878B10421E2F702
S214035350F5F8044650B1284600F010FB3A463146AD
S2140353602846A047BDE8F84000F0FCBAF8BD2DE992
S214035370F74F1E46DDE90C9B074688461446BDF8E4
S21403538038302AB3B9F1000F22D00EB392F804A036
S21403539099F80020504612F0080F0CBF80224022D6
S2140353A06188E1F7E1FF98B10821E2F7C7F80546FF
S2140353B070B1504600F0E2FA33462246414638467C
S2140353C0CDE9009BA84703B0BDE8F04F00F0CABA8A
S2140353D003B0BDE8F08FF8B5BDF8187016461A4648
S2140353E03B460446E1F7C0FFE0B177B90221E2F796
S2140353F0A5F80546B0B1204600F0C0FA314620466F
S214035400A847BDE8F84000F0ADBA1021E2F796F8D9
S214035410054638B1204600F0B1FA3A4631462046F2
S214035420A847EEE7F8BD73B5BDF8184016461A460A
S21403543023460546E1F798FFB8B1C4B92021E2F741
S2140354407DF8044670B1284600F098FA099B314669
S214035450009328469DF820309DF81C20A04704465C
S21403546000F080FA204602B070BD8624FAE70024D6
S214035470F8E72DE9F04186680446007800F07EFAE6
S214035480002514273279EBB29A4203D8BDE8F041DF
S21403549000F068BA7B4332682078D15A02EB0308DF
S2140354A000F0C3F901214046E2F748F8034608B185
S2140354B0207898470135E5E72DE9F04F1C4689B07B
S2140354C09DF84C30BDF8488001939DF850309246C5
S2140354D002932246434607460D46E1F745FF8DF8FD
S2140354E014700646ADF816508DF81840ADF81AA09D
S2140354F0ADF81C8018B9012009B0BDE8F08F05A9E6
S214035500FFF7BEFD0028F6D000252F46A8462C46FA
S21403551034E00C231FFA85F903FB09F93288736814
S214035520B2F57C4F03EB090B1AD333F80900504549
S2140355302ED3019BA3422FD900F0BCF99BF802009F
S214035540E2F7A8FC029B43B19BF8043013F0010F6B
S2140355500CBF05200720E2F79DFC0134A4B21BE034
S21403556033F809205946ADF81A20304605AA0393A6
S214035570FFF79AFD039B0028D7D101353289ABB2DA
S2140355809A42C6D804EB0800C31B58425841B3E7F7
S21403559008F101081FFA88F80137BFB2EDE710B526
S2140355A0012488B006949DF83C4005949DF8384045
S2140355B004949DF8344003949DF8304002940B9C69
S2140355C00194BDF828400094E2F7FCF808B010BD3B
S2140355D02DE9F04786B0BDF83880DDF83C909DF89D
S2140355E040A0CDF80080CDE9019A04460D46164644
S2140355F01F4600F014F9B8B1431EDBB2012B10D8D6
S21403560000230122811E48424841CDE90432CDE9F8
S21403561002A03B46324629462046CDE90089FFF7DD
S214035620BEFF06B0BDE8F0870120FAE730B50024D8
S214035630012587B0CDE9044503959DF82C500295C6
S2140356400A9DCDE90045FFF7AAFF07B030BD30B588
S2140356500024012587B0CDE9044503959DF828501D
S2140356600094CDE901354023FFF799FF07B030BD1D
S21403567010B5012486B0CDE90444002403949DF8B4
S21403568028400294099C0194BDF820400094FFF73B
S21403569086FF06B010BD1FB5089C03949DF81C40FA
S2140356A00294069C019400240094E2F787F904B060
S2140356B010BD704702292DE9F84F0746884604D8DF
S2140356C04FF0000A5046BDE8F88F0C9D1BBB012423
S2140356D00270E3F793FC4FF000099DF82830385525
S2140356E004F1020A01343B550B9A5FFA89F3D45C42
S2140356F0002CE7D0732C18D82E464C2C56F804BB37
S21403570046D0532C1DD0622C4DD1AC8805F108062B
S214035710002213461EE00429D2D942F00402437045
S2140357201B0A032402708370D3E7A4F17503032BCB
S214035730C6D8763C2E1D022C52D8DFE804F0565A03
S21403574058006B6805F108069CB2DBB2B3F1FF02A2
S21403575018BF01220AEB040111448845B0DB50460A
S2140357601146002949D102EB0A031FFA83FA5CB1FA
S214035770BBF1000FA4D0224607EB0A005946E7F711
S214035780CBFA54441FFA84FA354609F10109ABE70C
S2140357904FF6FF726B6805F108069CB294422346E7
S2140357A029D00222D6E76C2C05D1584600F0CAF859
S2140357B0841CA4B2ACE7732C04D1584600F0BDF8A1
S2140357C0441CF6E7A4F13003DAB2092A01D89CB2E6
S2140357D09EE7A4F14103062B3FF672AF373CE8E79A
S2140357E0012200242B68A346B4E70222F9E703222A
S2140357F0F7E70422F5E70022ACE700F1010C0139D4
S2140358003B54C9B21B0A1FFA8CF0AAE70020E2F742
S214035810C9BA0022E2F7E6BA0023E2F7F9BA012092
S214035820704701207047012070477047002070477B
S2140358300020704700207047002070470020704704
S2140358400020704770470E207047002070470020E6
S214035850704700207047002070477047FF2070474E
S2140358600E207047842070477047002070477047AB
S21403587000207047002070470020704700207047C4
S21403588000207047002070470020704770470E20A6
S214035890704700207047002070470020704770470D
S2140358A070470E207047704700207047812070476E
S2140358B07047704738B50546C0B2E2F7EBFA0446C0
S2140358C0280AE2F7E7FA14B1002808BF00242046A6
S2140358D038BDF8B50546C0B2E2F7DCFA0446C5F3B0
S2140358E00720E2F7D7FA0746C5F30740E2F7D2FAEE
S2140358F00646280EE2F7CEFA24B12FB136B10028B9
S21403590008BF00242046F8BD3C46FBE73446F9E7CB
S21403591010B4CC18944203DC5DF8044BFFF763B86D
S21403592000205DF8044B70470423FFF7F1BF08B56A
S2140359300223FFF7EDFF80B208BD0078FF2808BFFB
S2140359400020704708B502220021FFF7F0FF4FF64C
S214035950FF73984208BF002008BD003818BF012017
S214035960400070470020704708B5FFF7A3FCFF28E8
S2140359704FF0FF3018BF0020C0B208BD08B5FFF7D0
S214035980F3FFFF280CBF2120002008BDF8B506460C
S2140359900C4615461F4600F011F810B12544AC42DC
S2140359A000D1F8BD3946304614F8012BE2F760FB08
S2140359B0F5E7014600220220E2F7EEBA012070471F
S2140359C037B50546E0F782FD044601950CB98120FC
S2140359D01CE0237823B12046E0F780FD0446F5E774
S2140359E02B6862685B889A42F5D1A368EA7B99B212
S2140359F072B12A8A9142EED16A7DB2EB134FEAD195
S214035A000020E36801A998478128E4D003B030BD9D
S214035A104FF6FF72EEE72DE9F84304460F4690462D
S214035A2099460BB3012A1FD80C20E7F7A9FA0646B6
S214035A3010B91920BDE8F8831020E7F7A1FA18B9C2
S214035A403046E7F7A5FAF4E70123002547EA0847B7
S214035A5070600570C0F80C904460876033803046F1
S214035A60E0F72CFD2846E5E72120E3E738B50446B2
S214035A70436808460D469847B4F90830002B02DB06
S214035A802B78042B06D1002320466360BDE83840FC
S214035A90E2F790BE38BD30B54FF48A5587B0ADF8FF
S214035AA016200DF116041A46029543B1002301226F
S214035AB0CDE90033234600F01BFA07B030BD01944E
S214035AC001240094F7E7FFF7EBBEFFF7BEBE002006
S214035AD0704708B500F0FFFA20B900F046FB08B996
S214035AE0DFF7F0FEFFF7D2FEBDE80840FFF7DBBEA8
S214035AF00020E3F7C5BA0021E3F762BB0022E3F711
S214035B0021BB1FB5D2880B4612F0200F4FF6FD714E
S214035B1014BF49245224ADF80610510544BF083C6F
S214035B20E4B2110544BF083CE4B2120444BF023C8D
S214035B30E4B2032805D8DFE800F0020F161CADF820
S214035B400630BDF80600FFF789FEFF281CBF241A9F
S214035B50E4B2204604B010BD02AA0DF10601D8B285
S214035B6000F077FAEDE7D8B200F045FAADF8060094
S214035B70E7E7013CE4B2E4E7F8B5064617460D4608
S214035B8081B10C78FF2C0BD00846FFF7D6FEB8423F
S214035B9028BF3846C4B22246691C701CE6F7C8FD07
S214035BA03470F8BD0C46FBE770B5044615460E4642
S214035BB011B94170017070BD0B78FF2B05D14B787E
S214035BC0FF2B02D103704370F5E73046FFF7BAFEAA
S214035BD0A84228BF284685B22A46B11CA01CE6F771
S214035BE0A7FD25702D0A6570E5E7F0B523B9013AE0
S214035BF0531C2FD1002020E0042AFBD800231C4688
S214035C00551E6E1C1AD1042A10D00121D200501E34
S214035C1001FA00F020421EBF914049420C4318424D
S214035C201EBF4FF0FF3101FA02F213439C421EDC03
S214035C30B4BF4FF0FF30002040B2F0BD40B1465D28
S214035C40EF00BE4034434E5D013DBE403343D8E7CC
S214035C500646F5E78C5C38B90346A34202F1FF32E9
S214035C60C6D24FF0FF30E8E7835CA342F5D90120A4
S214035C70E3E7283807288CBF0020012070471D283B
S214035C8010D004D840B11C2804D0552070471E38C5
S214035C900128FAD81A2901E00B390F298CBF5520A1
S214035CA0002070470829F9E7002000217047F7B560
S214035CB09DF820400546082C104619469DF824609A
S214035CC036D8002213462C44AC4208D106F0FD0415
S214035CD0382C0ED10096FFF7E7FF03B0F0BD14F89B
S214035CE0017D1B0243EA12631202BA1843F1000352
S214035CF0EAE7392E10D107EE100A07EE902AB4EE23
S214035D00E77AF1EE10FACCBF77EE677A77EEC77ACA
S214035D10002117EE900AE0E7824273EB010403D2F8
S214035D20801A61EB0301D8E7101A63EB0101D4E78D
S214035D3000200146D1E738B5C36814461944836882
S214035D4053F821501AB12846E6F7C4FC20702846BB
S214035D5038BD2DE9F3411D4617460DF107029DF8A0
S214035D602040FFF7E8FF9DF807608046AE4228BF55
S214035D702E460CB1AD1BECB2224600213846E6F7A0
S214035D802DFE324641463819E6F7D2FC304602B0BD
S214035D90BDE8F0812DE9F3411D46174601AA9DF89B
S214035DA02040FCF726FE019E8046B5423CBF2E46A9
S214035DB0019504B1AC1B224600213846E6F70EFED9
S214035DC0324641463819E6F7B3FCF0B202B0BDE8F6
S214035DD0F08173B50024154601AA1E460194FCF70C
S214035DE008FE019B072B0AD92146CCB216B1C4F193
S214035DF00704E4B2425C013108292A55F5D1D8B22A
S214035E0002B070BD1FB5030A8DF80E30032300934E
S214035E1003AB8DF80D0000F0BCF805B05DF804FB8D
S214035E201FB58DF80F100421030A8DF80E3000916C
S214035E3003AB8DF80D0000F0ACF805B05DF804FB7D
S214035E40F0B589B016689DF83C50CDF809608DF81A
S214035E5011305668BDF83830012D109FBDF8444008
S214035E60CDF80D60ADF812308DF8145014D0032D14
S214035E7019D13B68CDF815307B68CDF819309DF8FD
S214035E8048308DF81D3016230093BDF84C2002AB26
S214035E9000F07FF809B0F0BD8DF81540240A0F23F3
S214035EA08DF81640F0E70120F4E71FB504460846D0
S214035EB011461A4602238DF80D100093214603ABB4
S214035EC000F067F804B010BD10B514461A460B6808
S214035ED086B0CDF80D304B683421CDF811300A2347
S214035EE0009303AB8DF8154000F053F806B010BDD1
S214035EF02DE9F0410546B6B00F4616461C469DF8FA
S214035F00F080E3F777FB2B0A03A98DF80C008DF8D6
S214035F100E30084623468DF80F703F0A8DF8116041
S214035F2072008DF80D508DF8107004EB4606B342E0
S214035F3001F102011FD1D2B2931DDBB23D99D833D2
S214035F406B44073203F8CC8C4FEA4806D3B201EB16
S214035F50480850FA82F2414502F1020211D1334455
S214035F60009006212846BDF8F820DBB2E3F74CFB89
S214035F7036B0BDE8F08133F8024B0C71240A4C713D
S214035F80D5E731F8024B02F8024C240A02F8014C1A
S214035F90E1E72DE9F0411C4605460E4617469DF8F7
S214035FA01880E3F727FB207043463A4631462846D7
S214035FB00694BDE8F041E3F727BB0020704770471F
S214035FC0D7F7FABB70477047704770477047002093
S214035FD0704770477047002070477047704702F05D
S214035FE0F0BEFEF7B6B8FEF799B803F033BAF7F784
S214035FF09FBF03F020BAF7F759BFF7F7C1BFF7F70C
S2140360007BBFFEF760B9FEF7AFB8FEF7BCB8F4F790
S214036010F3B9F4F7F7B9F3F757B9F2F779BAF2F732
S2140360207DBAEEF751BFFEF7F9B8FEF7BEB8FDF737
S2140360305ABFFEF7E1B8FEF7CDB830B4BDF8084056
S2140360409DF80C50CDE9024530BCFDF76BBFFDF75C
S214036050D8BFF8F707B9E3F727BBF8F7CDB9F7F7D3
S21403606019B870B49DF80C40BDF810509DF8146034
S2140360700394CDE9045670BCF5F71EB870B49DF8CA
S2140360800C40BDF810509DF814600394CDE90456F7
S21403609070BCF5F751B8F5F73BB910B49DF804405A
S2140360A001945DF8044BF5F78BB810B49DF80440E3
S2140360B001945DF8044B01F075BF01F075BFFDF761
S2140360C0E4BFFDF7F4BFFEF707B8F0F789BFF1F7B3
S2140360D0CBBDF1F79DBDF0F7AFBD02F0A1BAF1F766
S2140360E053B902F0E3BAF1F7B3BAF0F785BEF1F7A6
S2140360F0C1BDF1F743BDF1F759BDEFF799BCFEF704
S214036100F7B8FEF7AAB8FEF7BDB8FEF7CAB800F0B0
S2140361100BBC00F004BCF6F7F3BFF4F7FDBDF6F7CF
S214036120CDBFF7F7F3B8F4F7C7BDEEF7B9BEF6F78A
S214036130E9B9FFF745BFFAF7DFBCFEF725B9FDF768
S21403614095BFFEF77AB801F003BDE3F70BBAEFF796
S2140361506BBAEEF765BF01F09DBF01F06DBFEEF7BA
S214036160B3BFEFF7F1B9EFF7F5B9EEF721BFE3F7F2
S21403617015BAE3F727BAE3F7FFB9EEF7CFBEE3F7AF
S21403618005BAF8F791BE01F055BF01F01CBFEEF754
S214036190CBBEEFF733BAEEF713BFE3F7A3BAE3F7D3
S2140361A09BBAF8F785BCF8F771BE03F05FBA03F045
S2140361B065BAF8F7F5BCF8F771BE00F063B900F0FE
S2140361C0A1B900F0C9B900F0A0BA00F010BB00F006
S2140361D079BAE3F77DBF00F0E6B900F013BA00F032
S2140361E029B810B51C4601F0C4FD05F07CFF00235A
S2140361F0000A237000F0020010BD002208B50B460B
S2140362001146FFF7EEFFC0F3400080F0010000F0F8
S214036210010008BD00207047704700207047704794
S2140362200020704770470E20704701207047704764
S2140362300120704714220021E6F7D0BB704770B5E3
S21403624005460C468AB0252200210DF10300E6F729
S214036250C5FB6B68CDF81D30AB68CDF821302346FF
S21403626001AC03F11006224618685968083303C2C6
S214036270B3421446F7D101236A7B8DF8023012F03D
S214036280040F0CBF4FF480734FF4A073110748BF7D
S21403629043F48063ADF80030930748BFBDF8003081
S2140362A0684644BF43F00803ADF80030F4F73EFAFF
S2140362B00AB070BD30B5427B0D46D10704468BB09D
S2140362C007D5407801A9F4F797FAD8B12D200BB07B
S2140362D030BD9307FAD5C2F3800310074FEA831342
S2140362E0ADF8023044BF43F48063ADF80230BDF826
S2140362F00220201D0AB10DF1020201A902F07EFD63
S2140363000028E3D001AB03CB9DF81430A1602373C0
S214036310BDF810306060590642BF627B42F004024B
S21403632062735A0542BF627B42F0080262731B0720
S21403633042BF637B43F0020363732B4606AC2246DD
S21403634003CA59600AA98A421860144603F108036F
S214036350F5D10020BBE7F0B504460D4693B02522E1
S21403636000210DF12300E6F739FB6368261DCDF8FF
S2140363703D30A3680DF1240CCDF841302B4605F1D2
S2140363801007624618685968083303C2BB4294462E
S214036390F7D105238DF82230637B61785B0103F424
S2140363A00073FF29ADF8203018D1002301A91A463F
S2140363B0304600F0C7F99DF80510FF290DD10023DC
S2140363C001A91A46184600F0BDF99DF80510FF29E5
S2140363D003D11C26304613B0F0BD6170002008AA16
S2140363E000F09BFA06460028F4D1607801A900F075
S2140363F02FFA2B4603AD2A4618685968083303C29A
S214036400BB421546F7D1637B6078DB0648BF9DF831
S2140364101C3001A944BF63F07F038DF81C3000F0E5
S2140364202EFAD7E710B504468AB02422002101A825
S214036430E6F7D4FA637B590744BF4022ADF8102031
S2140364401A0742BFBDF8102042F48062ADF8102050
S214036450DB070FD5607801A9F4F7CEF910B12D202C
S2140364600AB010BD01AB03CB637B606043F002034D
S214036470A160637304A9201D02F0C2FC0028EED0BD
S2140364800020EDE71FB5694600F066F8002818BF40
S2140364902D2005B05DF804FB73B50D46144606467D
S2140364A0E3F744FA6B881A071AD5224631461020BA
S2140364B002F087FC2046E3F739FA6B88D90717D52D
S2140364C00023224601210DF107008DF80730E3F77C
S2140364D0FBFC6B88002B0CBF2120002002B070BD94
S2140364E0DE06EAD522460821281DE3F7EDFCE1E7A0
S2140364F09A0701D50223E4E75B07EAD50323E0E71F
S2140365000F2070471FB50C46694600F025F8102289
S21403651021466846E6F7B4FAB0FA80F0400904B0BC
S21403652010BDB8B1B1B14388A3B90378013B082BBA
S21403653010D8DFE803F00507090B0F0F0F0F0D0048
S214036540E3F7C4BBE3F71EBCFFF779BEFFF703BF51
S214036550E3F7AABD2120704738B50D4609B300B34B
S2140365600378013B082B1AD8DFE803F0050D101358
S214036570191919191600E3F7E1FB0446284602F039
S21403658020FE204638BDE3F71DFCF6E7FFF792FE34
S214036590F3E7E3F74DFCF0E7E3F790FDEDE721249F
S2140365A0ECE72124EDE770B586B0064601A80C4655
S2140365B01546FFF73FFE04238DF804301CB1206810
S2140365C0616802AB03C3294601A88DF80560FFF78F
S2140365D0A8FF06B070BD70B586B0044601A80D4688
S2140365E01646FFF727FE0323206861688DF80430FC
S2140365F002AB8DF8116003C3294601A8FFF791FF8C
S21403660006B070BD0022FFF7E6BF30B5437B0446F5
S21403661013F001020D468BB007D0407801A9F4F7BA
S214036620EBF870B12D200BB030BD9B07FAD5ADF853
S214036630022001A90DF10202043002F0DFFB00285C
S214036640F0D000210E22A81CE6F7C8F9BDF81030DA
S2140366502B80039BAB60BDF81230AB819DF81430E2
S214036660237301AB03CB6060A1600020DBE770B54A
S214036670437B0446DB070E468AB003D42D25284603
S2140366800AB070BD6946407800F045F90546002813
S214036690F4D1DDF81D300E226360DDF821300146AB
S2140366A0A360637BB01C43F002036373E6F796F9BB
S2140366B0BDF80030069A43F004033380059BB260AE
S2140366C07360DCE70B4610B504461022002118461B
S2140366D0E6F784F92278032A09D0042A0DD0022A81
S2140366E011D101462046BDE81040E3F74DBD0146F3
S2140366F02046BDE81040FFF788BF01462046BDE8A8
S2140367001040FFF7B4BF262010BDF8B5074608466D
S2140367100C4616461D46FFF78DFD04232370637B48
S214036720314643F00103204667706373FFF714FF97
S21403673008B12D20F8BD29462046FFF7C3FF0028E1
S214036740F8D0F6E7F8B5054608460C461F46164643
S214036750FFF770FD0423237025B108222946E018AD
S214036760E5F7E6FF637B43F0020363734EB93246F5
S2140367700121284600F0DAF8FF28607007D12D20A3
S214036780F8BD31462046FFF7E7FE0028F7D1637BC6
S21403679043F0010363730DB90020F1E7002FFBD02C
S2140367A039462046FFF78EFFF6E7F8B50C46074650
S2140367B0084616461D46FFF73DFD03232046394689
S2140367C000F8043B0822E5F7B3FF637B314643F04A
S2140367D0020320466373FFF7BFFE08B12D20F8BD02
S2140367E029462046FFF76EFF0028F8D0F6E7F8B5EF
S2140367F0074608460C4616461D46FFF71BFD0323B1
S2140368002370637B314643F001032046677063734E
S214036810FFF7A2FE08B12D20F8BD29462046FFF754
S21403682051FF0028F8D0F6E718B18022012100F0C6
S2140368307DB8FF207047002307B51A461946009314
S214036840F5F7DCFCB0FA80F0400903B05DF804FB12
S2140368500B4610B519220446FF211846E6F7BEF884
S2140368607E2C01468CBF04F5C43004F583304FF00C
S2140368701902BDE8104088BFAD30D7F733BC7E2879
S21403688088BF00F5C4304FF0190294BF00F583307B
S214036890AD30D7F753BC30B589B00D46FFF7C4FF0C
S2140368A0FF2804460DD001A9FFF7D2FF28686968C0
S2140368B001AB03C3204601A9FFF7E1FF002009B09F
S2140368C030BD2D20FBE770477047002070477047A8
S2140368D00F2070470F207047002070470F20704727
S2140368E0002070470020704784B08DE80F0000201A
S2140368F004B0704770477047002070477047002009
S214036900704770470020704701207047704700208B
S2140369107047012070470E2070470E2070470E20E8
S21403692070470020704770470E207047FF2070475F
S21403693070477047002070477047704770470020C5
S214036940704770470020704700207047002070474C
S214036950704770470020704700207047704700203C
S21403696070470020704770470020704710B500241A
S214036970E3B210B9C3F10303DBB20134042CCA54E7
S2140369804FEA1222F4D110BD10B50B784C788A78F2
S214036990C97828B9104622460446084619460346CF
S2140369A042EA012043EA042343EA004010BD70474D
S2140369B0E3F79CBC08B5D0F7B3FE002814BF8620C7
S2140369C0002008BD08B5D1F77BF8003818BF0120B2
S2140369D008BD08B5D1F734F8003818BF012008BD44
S2140369E008B5D1F7B9F8003818BF012008BD08B5B7
S2140369F0E3F75CFDBDE80840E3F70ABD70B504465F
S214036A000D461646E3F752FD0420E3F7F3FC324641
S214036A1029462046FFF7DDFF04460220E3F7EAFC9B
S214036A20204670BD08B5E3F741FDBDE80840D0F742
S214036A30EBBFE4F769B8E4F749B808B5E4F746F8F6
S214036A4020B1BDE808400020E4F77EB9112008BD58
S214036A5010B5044608B1E4F759FA2046BDE81040DD
S214036A60FDF70BB810B50446006A10B1616AFFF76C
S214036A70EFFF0020C4E9080010BD38B50446FFF751
S214036A80F1FF237E012B0FD0023B012B0FD8E369C6
S214036A90012B14BF6FF096050025282200212046FF
S214036AA0E5F79CFF284638BDE369002BF1E76FF056
S214036AB09605F2E718220021E5F790BF70472DE907
S214036AC0F84F9846DDE90B490D9B15469A0706468F
S214036AD00F4623D02A460A9B03EB040A1444A24219
S214036AE020D10D9B9B0705D5A2EB050AD14505EBE7
S214036AF00A0420D82046BDE8F88F434639462020AE
S214036B00B0470AF1010ACA450AEB0B02F5D3A9EB13
S214036B1004024C4588BF00222A44DCE7A246A5EBC4
S214036B20040BF0E702F1010B434639461AF8010D50
S214036B30B0475A46D3E74346224639462020B04755
S214036B400AF1010AD2E72DE9F047DDE90D7616F0E2
S214036B50020F9DF82880DDE90854DDE90BCE1FD12E
S214036B6006F001094FB1B9F1000F06D0B8F1000FD6
S214036B7002D116F00C0F00D0013F4FF0300A02E0AE
S214036B8005F804A00134A64501D9202CF8D1B9F1A3
S214036B90000F05D04FF03009BC4201D2202C2DD176
S214036BA016F0100F1FD016F4806F2CD15CB374450B
S214036BB001D0BC4227D1B4F1010E23D0BCF1100F93
S214036BC046D1023C16F0200F28D1202C28D04FF0B7
S214036BD0780C05F804C00134202C21D04FF0300C7B
S214036BE005F804C00134202C1AD0B8F1000F23D0C6
S214036BF04FF02D0C05F804C0013412E005F804909C
S214036C000134C9E77446BCF1100FDBD0BCF1020FA8
S214036C10E2D1202C04D04FF0620CDAE7202C08D106
S214036C202024CDE90A76CDE90854BDE8F047FFF7FE
S214036C3046BF4FF0580CCCE716F0040F02D04FF0C7
S214036C402B0CD7E716F0080FEBD04FF0200CD1E74C
S214036C50BCF1020F7446C1D1DDE72DE9F04391B0D4
S214036C60189D1A9E1D9F0DB927F010077C0500D5A9
S214036C7015B317F0200F14BF4FF0410E4FF0610EFF
S214036C80AC4600250DF12008AEF10A0EBCFBF6F962
S214036C9006FB19C95FFA89F4B9F1090F94BF3034BA
S214036CA07444E4B2B44508F8014B05F10105BCFB96
S214036CB0F6F401D3202D10D11C9C069705941B9C3B
S214036CC0CDE903649DF86440CDE9015408AC009413
S214036CD0FFF739FF11B0BDE8F083A446D6E72DE9E8
S214036CE0F04F95B0269ECDE90A23DDE91E74DDE953
S214036CF0229B57EA040308BF26F010067205CDE967
S214036D00080102D557EA040337D016F0200F14BF44
S214036D104123612300250DF1300AA3F10A08214619
S214036D204A465B463846E5F747FAD2B2092A94BF85
S214036D30303242444F45D2B274EB0B0405F10105E1
S214036D400AF8012B01D3202D14D1259B0696059313
S214036D50249BDDE90801CDE903939DF88030CDE956
S214036D6001530CAB0093DDE90A23FFF7ECFE15B0E5
S214036D70BDE8F08F07460C46D1E70025E5E708B1E6
S214036D8000F014B8704710B1D1E9003118477047C6
S214036D9038B5441E14F8015F25B90A2000F006F83A
S214036DA0284638BD284600F001F8F3E701460020E0
S214036DB0FCF7FAB970477047EDF786BC704708B51D
S214036DC0FCF7C0F9D0F7ACFCBDE80840D2F7D8BF53
S214036DD0704708B5D0F7ECFFFAF747FEBDE8084062
S214036DE0E3F764BB08B5FBF777FDE4F7C3F8FBF7F7
S214036DF04FFCE4F7E9FCE4F745FCE4F7C7FBBDE822
S214036E000840D7F749B908B5D4F7CAFBFBF72FFCF8
S214036E10D4F7D2FBFBF72DFCD9F740FBD9F7E8FBF9
S214036E20D9F700FDBDE80840D9F71EBC7047704788
S214036E30E4F7D2BB08B5FDF70EF8BDE80840FDF74A
S214036E4039B87047E4F7CEBC07B5002203461146AF
S214036E5001200092D8F798FC03B05DF804FB07B551
S214036E6000920B46027D81898068FDF7CCFD0038D1
S214036E7018BF0120C00103B05DF804FB08B500206D
S214036E80DFF7B4FF0020E1F74BFD0020D9F79AFEA9
S214036E900020DAF731F90020DAF732FB0020DAF7C0
S214036EA017FE0020DBF73AFB0020DDF723FE002069
S214036EB0DEF796FB0020DFF77DF9BDE808400020EB
S214036EC0DFF768BA08B50120FDF782FA0120D9F783
S214036ED0D9FFBDE808400120DAF7FABD08B502205D
S214036EE0E0F776F80220DFF76FFA0220E2F724F8DD
S214036EF00220FFF7A0FD0220FDF708FD0220DEF7C3
S214036F006FFBBDE808400220DFF708BDDAF7FEB8DE
S214036F10FDF7FEBF7047704770477047704770476E
S214036F20704710B50446DFF713FC2046FDF786FAD4
S214036F302046DBF7F3FD2046DCF734FD2046BDE8AC
S214036F401040FDF716BDFDF730BDFDF73ABDDFF780
S214036F503BB970477047FDF795BA7047704770475F
S214036F6070477047704705F082B870477047DFF781
S214036F70C5B9704770477047704770477047CEF77C
S214036F80D9BFFEF77DBC704700207047FEF77ABC7A
S214036F90FEF783BC7047431E012B03D9031F5842D9
S214036FA0584170470120704700F021BC4FF4D0725F
S214036FB00021E5F713BD70B50446E7F767FD054600
S214036FC0A8B9A169F1B1238AD3B1204604F110020E
S214036FD0E7F70AFC38BBE16919B3638AA3B1204615
S214036FE004F1120200F0CAFA78B1054603E0002362
S214036FF0A3612361E361002328466361236270BDB6
S214037000A061E8E72082E6E7E361216A0029F2D07F
S214037010A28A002AEFD02046E38ABDE8704000F03B
S2140370206FBA6182F1E76582E561DEE711B9D0F8F0
S214037030DC1021B1CB6813B18B68D88970474FF643
S214037040FF707047E6F706BE10B50C461146E6F726
S21403705027FEE8F755F8012801D1002010BD002CC3
S214037060F7D10520FAE700F0CFB900F0E3B970B521
S21403707000232425D0F8DC00C4689C4201D12120DB
S21403708070BD826805FB0322D6898E4202D8128A17
S2140370908A4201D20133F0E70020F1E7F8B506464D
S2140370A00D46E6F773F8D8B94FF6FF734FF0240C86
S2140370B0EF68C1B28F4208D81C4621463046E6F731
S2140370C01BFA00F09AFB2046F8BDAA680CFB0122C7
S2140370D0D4899C4202D2002CEFD023460130E8E745
S2140370E00024F0E7C08D70470A7838B50546104689
S2140370F0FFF751FF60B14C782046FFF74CFF38B1DD
S2140371002243530704D42846BDE83840E7F714B8AB
S214037110212038BD10B504460878FFF73CFF58B168
S2140371204A781046FFF737FF30B1042A04D02046CA
S214037130BDE81040E7F71EB8212010BD00F0E8B800
S214037140E7F780BB084600F008BBE6F7BFBE38B5D6
S21403715004460D4600F08EF850B129462046E6F761
S214037160CBF930B929462046BDE83840E6F776BE67
S2140371700E2038BD70B516460C4604F0DCFD3146CD
S21403718005462046EAF758F80446284604F0CEFD9E
S214037190204670BD00F032B970B5044600200E4696
S2140371A000F027FBD4F8F0503DB1002331462046CB
S2140371B0AC46BDE870401A4660472B46012231466E
S2140371C02046E7F7E3F8284670BD38B504464888F6
S2140371D00D4600F00EFBD4F8F0302BB929462046B6
S2140371E0BDE83840E6F7E0BF022038BD00F003BB39
S2140371F000F03CB9E6F700BDE8F7F8BF70B5BDF898
S2140372001060054606B16BB1334428469BB200F0C6
S21403721077F9044620B91EB13146284600F0ABF98B
S214037220204670BD2124FBE7E8F766BBC0F8EC10E8
S21403723000207047E7F7F2B900F05EB910B4BDF866
S214037240044001945DF8044B00F09FB80B4610B55C
S21403725014461846A1689288E5F75EFDE168034682
S21403726031B1A0886288121A92B21844E5F754FD29
S214037270002010BD0346408A18B1188A003818BF8C
S214037280012070470846E9F7BDB800F0ECBA00F0F5
S214037290EABAE9F7C9BA084708B5E6F7F5FCC0B293
S2140372A008BD022A01D800F0E2B921207047022A5D
S2140372B001D800F0EDB921207047022A01D800F06A
S2140372C0F9B921207047E8F709B80846E8F724B863
S2140372D000F018BA00207047002070477047D0F8B7
S2140372E0943003F06003402B0DD0602B03D0203B7B
S2140372F058425841704749B10B68012B06D9486973
S21403730040F00100704740F20110704700207047BC
S214037310F7B504461046D4E954C7DDE908268CEAD7
S214037320020587EA06010540194085EA0C057940FF
S214037330C4E95451002523F4004106EA010320F072
S214037340010043F40073024043F00203CDE9005505
S214037350EAF73CFE94F824309A0713D5D4F8543150
S2140373609B050FD54FF48811204600F058FB94F880
S2140373702430024665F3410384F8243020460B4646
S214037380E6F756FC002003B0F0BDF0B587B01C4608
S2140373901746BDF830601AB90024204607B0F0BD82
S2140373A0002BF9D00029F7D001AAE8F7A5FA0028A0
S2140373B0F2D0BDF80630A2199A42BDF80850C4BFF1
S2140373C09B1B9CB2B54212D90399AD1BADB2314497
S2140373D0A5420391ADF808500DD22A463846E5F784
S2140373E09BFC0499621B7819E5F796FCD5E704998C
S2140373F0761B3144049122463846F5E70846E9F7FA
S214037400BBBE0220E9F706BA08B5D0F8E4304BB1A4
S2140374101A68022A06D993F825204AB1186AB0FBDF
S214037420F2F008BD4FF446624C210020E6F7C6F89A
S2140374300020F6E7D0F8E42008B57AB11368022BEB
S2140374400CD9536A13F47F4FC3F3072106D0126A8D
S214037450DBB253438B42B3FBF1F006D2002040F677
S2140374607F424C21E6F7AAF8002008BD0346D0F871
S21403747030010860B3F8343100208B80704790F8F1
S21403748030310C2B14BF90F82B00FF20704738B513
S2140374900C464FF400610546EBF73CFE70B17CB139
S2140374A095F81E3173B94FF480724FF480712846F5
S2140374B0EBF71CFE003818BF012038BD2202F4E7A4
S2140374C02246F2E70020F8E74FF48071EBF722BE7E
S2140374D008B54A024FF40071EBF708FE002008BD1A
S2140374E008B58A024FF48061EBF700FE002008BD62
S2140374F04FF40071EBF70EBE062300208B71704726
S214037500B2F5805FF8B50F460646154619462ED8DF
S2140375109A422CD33F2A26D9B2FA82F40122C4F126
S2140375201F03DBB29A4092B2AA422CBFC4F11904DD
S214037530C4F11A04E2B20124931DDBB29C40A4B248
S214037540AC4212D096F8F5309BB9012096F8243059
S21403755060F3C71386F824303846E7F7E1FF0020C8
S2140375603762B582F8BD0022ECE70020EEE7212063
S214037570F8E70E20F6E70846E7F7F2BF70B50546CC
S2140375800E46144602B313883F2B1DD9B3FA83F372
S214037590C3F11901C9B2062901D8192B12D006293D
S2140375A028BF062101238A1DD2B29340304623808A
S2140375B0E7F7DEFF23882846EE616B82E8F762F87A
S2140375C0002070BD0021EDE72120FAE710B5144630
S2140375D008460121E9F7A6FC2046BDE81040012134
S2140375E0E9F7A0BCF8B504460E46174604F0A3FB1D
S2140375F03A46054631462046E9F752FF04462846F2
S21403760004F094FB2046F8BD022070470320704721
S214037610E9F7F8B810B50023E7F778FB044608B98E
S214037620EAF7F2FE204610BD704770B505460E46D3
S214037630144600F0E3F831462846FFF72FFD00F026
S214037640DDF8230704D50B2C9CBF24F00804A4B252
S21403765021462846E6F71EFB00224FF40031284653
S214037660EBF744FD002070BD8021EBF753BD7FB5DB
S214037670531C05AAADF81410029202210022DBB2B5
S214037680CDE900211146EBF74FFD07B05DF804FB8B
S2140376907FB5531C05AAADF81410029204210222EA
S2140376A0DBB2CDE9002100220121EBF73DFD07B057
S2140376B05DF804FB1FB5531C029100220821CDE997
S2140376C000210122DBB21146EBF72EFD05B05DF873
S2140376D004FB07B591F82830009391F82B3091F806
S2140376E0292091F82A10E7F7BFFD03B05DF804FBE5
S2140376F010B50446E6F7C8FA01462046BDE8104032
S214037700E6F7C8BA002914BF21200020704738B511
S214037710054610460C46E7F72DFED5B1D5F8E03002
S214037720BBB15B69ABB1421ED2B2FD2A13D90A685C
S214037730013204BF6FF001020A600A68FF281A606C
S21403774007D16268013202D16FF00102626062689B
S2140377505A60002038BD0128F2E738B50546E9F738
S214037760C7FE04460021A878E7F76CFE204638BD1E
S2140377702DE9F74F01251C469DF830300646019348
S2140377800368174603F0070306339D4005F1FF38E9
S2140377900B46A1B1416804EA080BA5EB0B0A41F0BE
S2140377A00059524509EB0B0114D952461846E5F722
S2140377B0B3FA49467A1B5A445044E5F7ADFA019B9F
S2140377C02BB13C4448EA050804EA0804F46003B015
S2140377D0BDE8F08F1846F0E737B500251446009548
S2140377E0FFF7C6FF204603B030BDE7F73FBC0020D7
S2140377F0704700207047002070477047704730B5C9
S21403780049000446056812B102291FD90339C90382
S21403781095B9E1B1B1FA81F3C3F12003C3F10F00C7
S214037820012838BF012003F01F03D940A94201D91C
S21403783001384908216030BDB5FA85F339B1B1FA8C
S21403784081F29B1A002BE9DC0F20EFE700210F20C3
S214037850F0E7012805D9023818BF4FF0FF30C0B251
S21403786070470120704708B5E9F726F9BDE80840D8
S214037870E9F74AB938B50446FFF7F5FF0546FFF7BB
S214037880F2FF431BA342FAD338BD38B50D46044670
S214037890E9F712F935B1844200D90139204601F0DF
S2140378A0030138BD844238BF0131F7E708B501212B
S2140378B0FFF7EBFFBDE80840E9F726B90B0C23F406
S2140378C08053B3F5284FF7B50D468FB2064699B2E7
S2140378D016D04AF60103994214D04AF60203994297
S2140378E012D0B1F5204F14BF04240324D6F8E03099
S2140378F00BB1196851B9D6F8DC3093B928680EE095
S2140379000024F3E70124F1E70224EFE72346684661
S2140379103A46E9F755F9DDE90003002BEBD103B04E
S214037920F0BD19680029E9D0234668463A46E9F7C8
S21403793047F9DDE90003002BE0D1F0E702F002BBD4
S2140379400204C0F3891307D56FEA83536FEA935390
S21403795013F5007F18B206D0A3F1C8006FF4FF73C7
S2140379609842B8BF184670474FF0384359699A692A
S21403797003F500530A405A6170470E207047EAF732
S21403798037BFEAF735BFEAF733BFEAF731BF08B5C3
S2140379900846EBF753FB08BDEAF72ABF02207047F9
S2140379A00220704700207047012070470020704770
S2140379B00E20704700207047E7F7A2BB0846114623
S2140379C00122FFF741BB70B505460C4611461A4621
S2140379D0EBF7E6FB06682B462046B446BDE8704048
S2140379E0604710B5EBF7DCFBBDE81040836818472B
S2140379F0FFF710BEE7F7ACBAFFF7A9BBE6F7B6BFCB
S214037A0070B504460D4616464FF4881100F01CF870
S214037A10324629462046BDE87040E7F7CBBC38B56A
S214037A2005460C4604F087F9D5F890301C40D5F887
S214037A308C302343C5F88C3004F078F9211E18BF28
S214037A4001210020490238BD38B504460D4604F02E
S214037A5072F9D4F890301D40D4F88C3023EA05052B
S214037A60C4F88C5004F062F9284638BD38B504468D
S214037A700D464FF48811FFF7E7FF29462046BDE879
S214037A803840E7F7BFBC73B50D7806460C4635B3EA
S214037A9004238DF804302379304601A98DF8053088
S214037AA0FFF738FB0546B8B92278A37952BB8DF8A1
S214037AB00430E379304601A98DF80530FFF714FB4F
S214037AC0054648B923783BB161883046E6F76CFD36
S214037AD001213046FFF7DBFC284602B070BD29467D
S214037AE0FFF7D5FC29463046FFF7F2FC2946304619
S214037AF0FFF7F6FC2378002BCAD123798DF80430E0
S214037B006379C9E702228DF80420D3E7FFF7E0BCC8
S214037B10FFF7EEBC0020704710B50446EBF7DAFB20
S214037B2021460020ECF72AFABDE81040002000F0BA
S214037B302BB970470120704708B5EDF74DF880F074
S214037B400100C0B208BD4FF0FF30FFF79EBB704781
S214037B500020704710B50C4603F0AEFE048010BD3F
S214037B6038B50C46154603F0A7FE03881DB11C4323
S214037B70A1B2018038BD23EA040189B2F9E708B54A
S214037B8003F09AFE008808BD08B503F095FEC0789A
S214037B9008BD08B503F090FE008800F00C0008BD91
S214037BA008B503F089FE008800F00C00031F584256
S214037BB0584108BD38B5054603F07EFE0446284600
S214037BC0FFF7EEFF30B904F1100004F08CFA00F46E
S214037BD0406038BD4FF40060FBE738B5054603F058
S214037BE06BFE04462846FFF7DBFF014648B9103410
S214037BF02046042203F0A0FD2044BDE8384004F0EC
S214037C0072BAA08838BD10B50C4603F055FE8480C2
S214037C1010BD38B5054603F04FFE04462846FFF769
S214037C20BFFF30B904F1100004F05DFA00F44040E1
S214037C3038BD4FF40060FBE738B5054603F03CFE5D
S214037C4004462846FFF7ACFF014648B910342046E1
S214037C50062203F071FD2044BDE8384004F043BA21
S214037C60A08838BD38B5054603F026FE04462846E8
S214037C70FFF796FF014608B1201D38BD10340622D3
S214037C80204603F059FD2044F7E708B503F014FE39
S214037C90007A08BD08B503F00FFE90F9090008BD89
S214037CA008B503F009FE807A08BD08B503F004FEA4
S214037CB0C06808BD10B50C4603F0FEFD047210BD87
S214037CC010B50C4603F0F8FD447210BD10B50C4613
S214037CD003F0F2FDC46010BD2DE9F8430F4680465D
S214037CE0002107F110001646994603F059FE044694
S214037CF0D0B103F0E1FD0546204603F0F9FD00216F
S214037D0002462846E4F76AFE00232046AB7049F095
S214037D100401FFF71FFFA5F804802EB13A4631464B
S214037D2005F11000E4F7F8FF2046BDE8F883F8B540
S214037D3005460F461020002103F032FE0446B0B17C
S214037D4003F0BAFD0646204603F0D2FD00210246A4
S214037D503046E4F743FE002339462046B370FFF768
S214037D60F9FE25B12A460121204603F0F1FD2046FF
S214037D70F8BD08B503F0A0FD103008BD08B503F044
S214037D80B7FD1038C0B208BD0020ECF71FB808B521
S214037D90ECF77AFA002008BD4088C0F30C000330E5
S214037DA0800840000430704770B50E4605461146FD
S214037DB0304603F0F5FD044635B128B103F07CFDEB
S214037DC032462946E4F7B4FC204670BD0088B0FA74
S214037DD080F04009704738B505880022044604F051
S214037DE0F8F905B1258038BDF8B507460D46008875
S214037DF00021164603F098FDB042044605D12946F5
S214037E003846BDE8F840FFF7E6BF0021204603F0FA
S214037E108BFDB04205D02046002103F085FD0446C5
S214037E20F3E72A462046002103F092FD3246284611
S214037E30BDE8F840002103F08BBDF8B5058807467A
S214037E407DB1CCB22146284603F06EFD8542064638
S214037E5009D100233B8000222146304603F078FDFB
S214037E6035462846F8BD214603F05EFD2146024608
S214037E70284603F06DFDEEE72DE9F04707888246B6
S214037E80884614465FB3384603F032FD3D46064641
S214037E90E4B22146284603F047FD4045814616D105
S214037EA0214603F041FD21460246284603F050FDD5
S214037EB0474504D1454508BF0025AAF800500022CF
S214037EC02146404603F044FD3046BDE8F08787422E
S214037ED0FAD003F00DFD30444D4686B2D9E73E4650
S214037EE0F2E700220123C0E900237047F8B50446F1
S214037EF00127002603F02CFF23683BB903F023FF7A
S214037F0000226368012B0ED16360F8BD1D691F61F3
S214037F10266003F018FF012DF2D02B462D691E6153
S214037F20012DFAD1E6E719691A610B46EAE70368F9
S214037F3023B94068012803D0ECF7EEBE0020704753
S214037F404FF0FF307047F8B5054603F0EFFF012307
S214037F5006460027A8602B7303F0FAFE2B6802463A
S214037F607BB11C692169A1420CBF2F60196127618F
S214037F70104603F0E8FE012C08D0204663689847B5
S214037F80EAE76C68012C04D103F0DDFE00232B73B3
S214037F90F8BD6169711AB1F1004FF5D821696960BE
S214037FA02361E5E7022070470220704700207047F0
S214037FB00144884201D10120704710F8013B9342E7
S214037FC0F7D00020704770B50146064692B00020F1
S214037FD0EBF7ACFB044670B9FDF7EFFF0546014629
S214037FE06A462046EBF7E8FE6A46294620468DF8A1
S214037FF00260ECF797F9204612B070BD00B593B057
S214038000FDF7DBFF6A4601460020EBF7D5FE9DF938
S214038010020013B05DF804FB00B593B0FDF7CDFF87
S2140380206A4601460020EBF7C7FE9DF8000013B032
S2140380305DF804FBEBF784BE012070477FB54FF66F
S214038040FF7101AAEDF7DAF820B1BDF80C0007B00E
S2140380505DF804FB4FF6FF70F9E708B51046EEF738
S21403806093F8BDE80840EEF74DB970477047704780
S2140380707047704770477047704738B54FF6FF75BF
S2140380800D800C46F6F744F92080A8420CBF2D203D
S214038090002038BD002100B593B06A460846EBF7CA
S2140380A08BFEBDF8060013B05DF804FB002110B587
S2140380B092B004466A460846EBF77EFE00216A46FF
S2140380C00846ADF80640ECF72DF912B010BD0021B6
S2140380D000B593B06A460846EBF76EFEBDF804009B
S2140380E013B05DF804FB002110B592B004466A464F
S2140380F00846EBF761FE00216A460846ADF80440E1
S214038100ECF710F912B010BD70472DE9F04F87B0A9
S2140381100C4691460746FFF73CFD0546661C30466F
S21403812003F0E1FF042D40F090803846FFF721FE70
S2140381300378092203F00303012B14BF022303234E
S21403814001212046039303F0F7FA0922002105468E
S214038150204603F0F1FA21788DF817000139002242
S214038160204689B2FFF720FE04EB09088346F0B1E8
S2140381704FF0010A2A460146CDF800A003980DF1F8
S2140381801703FBF71DFF0228054626D1584603F0C2
S214038190AFFB00222070C0B2431E00929BB2524631
S2140381A05946304604F0A4F82378534423703846DF
S2140381B0FFF7E5FC020424D498F8013021789B07E6
S2140381C01FD50139A1EB09013A464046C9B2F0F77B
S2140381D099FF23781844207013E020B920702846AE
S2140381E007B0BDE8F08F032809D1404603F07BFFB4
S2140381F020F4007189B2404603F077FFD7E70428DE
S214038200D5D10125002220462178FFF7CDFD07466C
S2140382100028E4D04FF000080146434601224046BA
S214038220CDF80080FBF7CCFE022819D1384603F0C0
S2140382305FFBC2B2013A207093B239460122304640
S214038240CDF8008004F054F8C9E780F0800520F0EC
S214038250800081B23046C5F3C01503F046FFD1E770
S2140382600028BCD12070BAE708B50020FFF764FCED
S21403827080F00100C0B208BD0A4608B501460020DA
S214038280EDF70AFAB0FA80F0400908BD0020ECF7D3
S2140382907DB900210846EBF721BE0020FFF74ABC54
S2140382A070B5044603F01FFF04220021064620464D
S2140382B003F042FA204403F016FF0322054600218A
S2140382C0204603F039FA204403F00DFF4FF6FF7300
S2140382D00540ADB29D4214D1F30712D50622002104
S2140382E0204603F029FA204403F0FDFE0446EDF78A
S2140382F045FA844214BF02240624EDF739FA2040D7
S21403830070BD2046FCF72DF8C400E4B2F5E708B5C7
S214038310FFF7C6FF003818BF012008BD01207047CD
S21403832010B50446FEF71BFB08B9FEF71AFB030558
S2140383300FD40C231B2B01D1002009E020FA03F1F4
S214038340C90703F1010206D5DBB2E31A58425841C6
S21403835010BD0B23F9E71346ECE710B50C46098866
S21403836019B90846F7F72CFB2080012010BD08B585
S21403837010461A4600F08CFABDE8084003F04FBEDC
S21403838070B504460D46164692B06A46EBF714FDE2
S2140383906A46294620468DF81F60EBF7C3FF12B0E6
S2140383A070BD10B50C46EDF7C5FD2046BDE8104080
S2140383B0EDF7D6BC0129F8B505460C461DD00329B2
S2140383C01ED0052920D0072922D000260024002706
S2140383D00120EBF743FC304485421DDA0320EBF71C
S2140383E03DFC2044854219DA0520EBF737FC384478
S2140383F08542B4BF07200520F8BD6FF00406E5E705
S2140384006FF004040526E2E700266FF00407DFE7B3
S214038410002405272646DBE70120EDE70320EBE7EC
S21403842038B14379490023F00C0301F00C010B43E8
S2140384304371704710B5044678B1417940884908BE
S21403844001F006010131000AFFF7B4FF02460146B8
S2140384502046FFF7E5FF104610BD0722FBE738B5B9
S2140384600D46EDF755FD044608B9002038BDFFF765
S214038470E1FF002DFAD1237913F00703F5D09842D4
S21403848038BF1846C0B2F1E7EDF750BF0022EEF74B
S21403849073B80021012208B5EEF76EF8401A18BF2C
S2140384A0012008BD38B51546FFF7F0FF04462846F9
S2140384B003F002FF84B1FF2804D0626822FA00F3B7
S2140384C0DB0701D5012038BD0123834013436360D6
S2140384D0E3780133E370F5E72046F4E7EEF7A6BA50
S2140384E010B503F0E9F900F11004204603F0FBFD94
S2140384F020F4007189B22046BDE8104003F0F5BDB4
S2140385002DE9FF411546019101218DF80D301B0A17
S2140385108DF80E309DF82C308DF80C008DF80F304A
S21403852028460423009103AA9DF828809DF83070FE
S2140385309DF8346001F016FB044670B12946FFF738
S21403854062FBB8F1000F02D12046FFF7C9FF2FB137
S21403855046B93146204601F0D0F80024204604B040
S214038560BDE8F081002220461146EEF7E5F9F4E770
S2140385704FF47A70EEF73ABB08B5ECF7E1FBBDE8CB
S21403858008400020EEF738BC00B58BB06846EEF71F
S21403859009FB009BBDF8060004A90693EEF7A8FAAC
S2140385A00BB05DF804FB1FB504466846EEF7FAFA0F
S2140385B002AB03CB2060616004B010BD1FB5062379
S2140385C004468DF80C30EEF771FD00238DF80D0090
S2140385D0CDE9003301210223204603AA01F0C2FAA3
S2140385E004B010BD38B5002208210546FFF7E0FCAD
S2140385F0044698B9FFF74EFD22464FF6FF71EEF795
S214038600ADFF2846297CEEF727FC287C6A69E989B2
S214038610F0F722FBEEF798FB204638BD0120FCE777
S21403862070B50C4605460120EFF724FB237B4BB1C0
S214038630FFF730FD014623462A46BDE87040012079
S214038640EEF7AABF4FF6FE71F5E7F8B50E460746F6
S214038650FFF78FFB054603F046FD00F44040B0F5F8
S214038660404F14BF0022062202F10A03EB5C0B32D2
S2140386705C0004F00E045B08144403F03803384629
S2140386801C44FFF77BFB844208D2001BC2B20F2AAE
S21403869028BF0F2230462919E4F73EFB2046F8BDD3
S2140386A0ECF74EBB40F62740F0F754B8FF224FF6E0
S2140386B0FF71F0F783B907B500210DF10700F0F756
S2140386C0B5FA9DF8070003B05DF804FB13B504463E
S2140386D001A90020F0F7AAFA019A01462046F0F70E
S2140386E0BBFA204602B010BDF0B50F46002187B096
S2140386F0044608461646F0F799FA012305460DF197
S2140387000A008DF808408DF80930FFF74CFF092C56
S2140387101DD131460DF1120003F0E7FC05AB002135
S21403872002AA9B1A2846CDE90011DBB2642101F0A8
S21403873019FA0546E0B1092C15D1F0F7D7FA044625
S21403874088B12846F0F7E6FA204607B0F0BD314672
S2140387500DF113008DF812704FF6FF7503F0C5FC8C
S2140387600DF11503DBE7284600F014F80446EBE7A3
S2140387700446E9E738B504460D4603F0B7FD40B1B5
S214038780AC4206D0204603F0A8FDBDE8384000F012
S214038790ACBF38BD10B50446FFF7EBFA023003F062
S2140387A0A2FC4FF6F7739842204603D9BDE8104063
S2140387B0F0F72ABCF0F76AFCB0FA80F0400910BD67
S2140387C0012070470022F0F757BB70B504460088B7
S2140387D0FFF7CFFA0546043003F085FC0646A81CCF
S2140387E003F081FC054603F09CFB3046F1F734FEAC
S2140387F030B92846F1F730FE10B1284603F076FD6F
S214038800A378002023F00F03A37070BD70B5054650
S214038810FFF7AFFA0646284601F0C8F90146284690
S214038820F7F702FD04462846FFF7D7F94FF6F77326
S214038830984208D8337803F00303012B05D1A31E0F
S2140388405842584170BD0120FCE70020FAE741F288
S214038850033330B585B00D46ADF808300446FFF750
S21403886019FC8DF80A00FFF715FC0021000A8DF8A5
S2140388700B0005232046CDE9001102AA8DF80C5003
S21403888001F070F910B12146FFF79CFF05B030BD2B
S2140388902DE9F041044617460D46E1B13F294FF056
S2140388A0000600D135462046FFF773F9082814D191
S2140388B00121204603F038F8064603F019F804466B
S2140388C0304602F0F9FF3B4601462A46E0B2BDE8D1
S2140388D0F041FDF716BC0126E5E72046FFF759F9F8
S2140388E0024630B9BDE8F0414FF6FF71012003F0B0
S2140388F0C1BB2046FFF75EF9B0F5006F0ED12046E8
S214038900FFF76BF94FF6FF739842014617D0002D19
S2140389100CBF03200520002203F0ACFB29462046AB
S214038920EEF7C2F868B929462046F1F733FD40B999
S214038930324629462046BDE8F041F0F7EBBC01205D
S214038940E9E7BDE8F0817047704737B54FF6F6752F
S214038950FDF736FB431E9BB2AB420446F8D8EDF751
S214038960D7FA0028F4D169462046ECF7F3FD002831
S214038970EED0204600F09AFE0028E9D12046FFF705
S21403898088FD0028E4D12046F1F766FD0028DFD1F4
S214038990204603F0ABFC0028DAD12046FDF71BFB8C
S2140389A00028D5D1204603B030BD73B504460E4625
S2140389B0F1F752FD054688B92046F1F7A7FD214693
S2140389C02B460D224FF6FD70009500F0A1F83146B8
S2140389D0204602B0BDE87040F1F75ABD02B070BD44
S2140389E0F7B504460D461746FFF754FB0646002D1B
S2140389F03FD04FF6FB739C423BD82046F1F72CFD45
S214038A0008B1A64235D02046F1F726FD10B1012065
S214038A1003B0F0BD2046FDF7DEFAC0B1A642F6D09D
S214038A20F4B169462046ECF795FD0246C0B9082125
S214038A306846FFF7BDFA98B9082269462846E4F760
S214038A401FF868B129462046FFF7AFFFDFE7A642C7
S214038A50E6D12846ECF7ECFD10B900F03DFED6E76C
S214038A603FB121462846EDF7F9FB21462846F5F7A0
S214038A7035FC0020CCE737B5054614460C2914D838
S214038A80DFE801F02C132C1313130713131313240B
S214038A9024006946ECF75EFD18B901216846F5F730
S214038AA01BFD41202946F8F73BF8D4B12046FFF7D3
S214038AB060F9023003F017FB4FF6F773984210D9AC
S214038AC0204603B0BDE83040F0F754BB40F61440F0
S214038AD040F613430B2908BF1846E3E700F0EDFD05
S214038AE0E3E703B030BD1FB50346084603218DF800
S214038AF00D308DF80C1001230021ADF80E20CDE9C2
S214038B00003103AA042301F02DF805B05DF804FB39
S214038B102DE9F34106460F4614461D469DF8208070
S214038B20FFF7B8FAB04207D100222146384602B012
S214038B30BDE8F041FFF79FBF3A4631462046FFF7B0
S214038B40D2FFADF8060060B10D2C05D100224FF61A
S214038B50FF71282003F08EFA35B9BDF80600FFF73B
S214038B6019FE02B0BDE8F0810123424629460DF105
S214038B700600ECF739F8BDF80630002BEDD1F0E728
S214038B80F7B50C460546FFF7F4F8611C064628467B
S214038B90F7F74AFBA11C0746284600F02AFF0146C2
S214038BA004463846FDF745FA0D2F34D12046F1F733
S214038BB053FC78B1301D03F096FA04462846F6793E
S214038BC0FFF73AF831460246204603B0BDE8F040C8
S214038BD0FFF768BCB01C03F086FA4FF6F7739842AB
S214038BE002D92846F0F7C6FA2046F1F78FFCFFF7BE
S214038BF051FAA04205D1002003B0BDE8F040FFF7CC
S214038C00A2BE6B46B068F16803C369462046F1F717
S214038C103FFC03B0F0BD2A463946204603B0BDE804
S214038C20F040FFF728BF14220021E3F7D7BE2DE953
S214038C30F04F11F00F0704460E4615468FB05CD171
S214038C400120E1F715FA09A8FDF7F4FA092309A8A4
S214038C508DF82430FDF7F2FA09A8E1F7DBF901A94C
S214038C6009A8FDF779FC26F00F08A84404F11009BB
S214038C7004F10F0A454511D1236901A93344236141
S214038C8009A8FDF74EFC0020E1F7F2F9B6F1005F04
S214038C9028BF272738460FB0BDE8F08F05AA23461E
S214038CA096469446186859680833ACE803004B4563
S214038CB06246F6D12B46224605F1100B53F8041BE9
S214038CC05B4542F8041BF9D1714609A8FDF729FC58
S214038CD009A8E1F79FF9224621460120E1F784F926
S214038CE0013D631E13F8012F15F8011F534582EA51
S214038CF001021A70F6D15D46BCE70227CAE7F0B553
S214038D00174685B005460C46102200216846E3F751
S214038D1065FEBFB3C4B30F2C04F00F0608D924F0C6
S214038D200F043A4621462846FFF781FF40BB2744F7
S214038D30324639466846E3F7EFFF80222F6906F18D
S214038D40100337446B44B7F5005F03F8102C2F610C
S214038D50C6F110061AD3062E1FDDFB001A0E8DF879
S214038D600A201A0C5BBA8DF80B20ADF80C306A4655
S214038D7010212846FFF75BFF00202B69103B2B6171
S214038D8005B0F0BD3E46D8E72646D6E7022E04DDFC
S214038D90FB005BBAADF80E30E9E76A4610212846B9
S214038DA0FFF745FF2B691022A3F110040021684644
S214038DB02C61E3F713FEB7F5005F4FEAC403CDD289
S214038DC0E7E770B50E46054686B001A81446FFF7DA
S214038DD02AFF3246294601A8FFF791FF2246054699
S214038DE001AB05AE1C4603CCB4421060516023466B
S214038DF002F10802F6D1284606B070BDF1F7DEBBD5
S214038E000A460021F1F7DABBF0B58BB00C4601A990
S214038E10F1F7D4FB054680B325220021E01CE3F7D7
S214038E20DDFD0123A3700E23BDF810702380FA0521
S214038E3010D523464FF4877206AE23F8042B0DF1A4
S214038E40280C324603CA624518605960164603F179
S214038E500803F6D13B0605D5238843F08003238019
S214038E60069B636001AB03CB039BC4F81D00C4F8E9
S214038E702110A361F2F786FD606128460BB0F0BDB2
S214038E8030B505460C4687B001A8FDF7D3F9286828
S214038E90696802AB03C39DF8113043F002028DF8F4
S214038EA0112074B12288510644BF43F006038DF89F
S214038EB01130530542BF9DF8113043F008038DF877
S214038EC0113001A8FDF7AEFAB0FA80F0400907B0FA
S214038ED030BD2DE9F3410F460546164602F008FD60
S214038EE04FF00008C41BE4B2294623463A463046F0
S214038EF0CDF8008003F0FCF90121284602F014FDAA
S214038F0088B10121284602F00FFD074602F0F0FC67
S214038F100546C3B2424630193946CDF8008003F001
S214038F20E7F92544ECB2204602B0BDE8F0812DE90E
S214038F30F04F85B00C46054691461F464FF0010A92
S214038F40DDF838809DF83CB002F0D2FC22463B4662
S214038F5029460646CDF800A0484603F0C9F951460F
S214038F60284602F0E1FC3C4418B35146284602F07A
S214038F70DBFCF6B2B442814610DAE7B2F31BDBB28F
S214038F80404622462946CDF800A003935F4403F0EB
S214038F90AFF9039BBF1B984407F0FF0B0123002286
S214038FA00E9349465B46404605B0BDE8F04F03F0D6
S214038FB09FB95B4622462946CDF838A0F3E72DE94C
S214038FC0F041002686B0074608460C4615469846E6
S214038FD0CDE9026604968DF8146002F089FC411B05
S214038FE0CBB20D2B28BF0D232A462146009602A896
S214038FF003F07EF9424602A93846F1F735FC0646E9
S214039000294620469DF80820F7F722F9304606B091
S214039010BDE8F0812DE9F04F0E46CBB001210546A1
S21403902017461C4602F080FC23463A4629468146EC
S21403903006A8FFF7C4FF0DF1280A00EB070B5246FC
S214039040314628465FFA8BFBFFF743FFB34503D24F
S21403905000204BB0BDE8F08FABEB06085FFA88F84C
S21403906008F104039842F3DB331F18440423C4B205
S2140390700193A31BDBB20093524643460021CDF86F
S21403908008A006A8E0F764FF0028E1D1A4EB0B04D0
S2140390900AEB0803E4B2524628463146009301948D
S2140390A04346FFF744FF39462846F7F7BDF83946E7
S2140390B000F0F8022846F7F7CBF80121284602F01D
S2140390C033FC002818BF4D462846ADF8165002F06C
S2140390D00FFC011FC9B20DF1160000F04FFC012072
S2140390E0B7E72DE9D841064600F060FD411C04466B
S2140390F089B2304600F02DFD98B394B3214630462E
S214039100F7F792F800F00C03042B074629D000F07B
S2140391100308B8F1020F00D11BBB384600F0B0FDC0
S2140391203B060444A4B216D5611C304689B200F04F
S21403913010FDB0B121463046F7F776F8B8F1010FC7
S214039140014600F003030CD0032B0AD0384600F088
S214039150A6FD03199CB221463046BDE8D84100F06F
S214039160F8BC0020BDE8D881F8B5064600F0E0FC60
S214039170054604463046FEF7FCFD43785B0718D5E4
S214039180AC1CA4B22146304600F0E3FCB8B1294635
S2140391903046F7F749F80746691C304689B2F7F7B1
S2140391A043F81FB1874201D8FF2808D104EB4704D0
S2140391B0A4B221463046BDE8F84000F0CABC002001
S2140391C0F8BD13B5044601A8F1F7A6FDBDF80430B3
S2140391D0DA0710D49B0707D410220021204602B0DA
S2140391E0BDE81040E3F7FABB224621461020FFF7FE
S2140391F0E8FD0028F0D102B010BD024608B5F1F72D
S214039200B3FD510544BF0838C0B2130544BF083840
S214039210C0B208BDF0B5D30705460C468BB04AD599
S214039220008800F0C3FC00230646029314B9CDE978
S214039230034403AC002208212046FEF7B9FEA8B17A
S2140392402888FEF796FD023002F04DFF21460746BA
S214039250ECF780F950B1002240231146384600F05F
S21403926005FA40F6094528460BB0F0BD3146288876
S214039270F6F7DAFF10F0030F0CBF01260026F1F70E
S214039280E1F946EA4000C0B200900021204602AB56
S21403929005AAF2F7B3FF0546F1F7D4F90028E2D0A2
S2140392A0002DE0D000212046009602AB05AAF2F777
S2140392B0A5FF0546D7E740F60A45D4E700231A4636
S2140392C0F2F708BF30B58BB005AD04462846FCF769
S2140392D0B1FF0223284601A98DF81430FDF73CF9A7
S2140392E0234601AA144603CCAC42186059602246B2
S2140392F003F10803F6D10BB030BD08B500230246D0
S21403930019461846F2F7E6FE012008BD37B50446AF
S2140393106846F2F757FF054648B1082221466846D5
S214039320E3F7AEFBB0FA80F0400903B030BDFF228E
S21403933008212046FEF73CFE034628B106212846B0
S214039340FFF7BCFF0120F0E722460146F2F7C2FE14
S214039350F8E707B56846F2F735FF10B16846FDF73C
S2140393606AFA00F0010003B05DF804FB0120F3F78E
S214039370FFBB704730B50124054689B003A8FCF748
S21403938059FF01A88DF80C40E0F7A2FE9DF80620D1
S2140393909DF80730AA4209D0AB4209D103A88DF83D
S2140393A00D40E0F737FE012009B030BD0024F5E795
S2140393B00020F9E700221021FEF7FABD70477FB5BB
S2140393C00D4600F582300D22694600F58070D4F70D
S2140393D089FE6B462A4602AE1C4603CCB442106096
S2140393E05160234602F10802F6D120681060237903
S2140393F0137100236B7304B070BDF0B585B06A4675
S21403940005460B46164601F10807144618685968C0
S214039410083303C4BB422246F7D118680D222060E6
S2140394201B7905F582303146237100F58070D4F739
S21403943085FE05B0F0BD38B504460D46E0F73AF9AB
S214039440A04205D920462946FFF7B9FF002038BDBC
S2140394502820FCE730B5002485B08DF80040E0F7FF
S21403946029F9E5B2A84204D8F4F79AFE002005B01D
S21403947030BD69462846FFF7C0FF0134EFE738B52D
S2140394800446002002F027FFFF2805460FD002F00F
S2140394902AFF10F0010009D0284602F024FF4008F6
S2140394A040EAC17080F0010000F0010038BD04F00E
S2140394B00100FBE70146F8B506460020F4F7AAFDCF
S2140394C0FF2801D00120F8BDE0F7E4F800240546A4
S2140394D0871CE0F7E3F8E3B2984201D80020F2E7EE
S2140394E035F82430B34203D117F82430002BE9D1E2
S2140394F00134EEE738B50D460121044602F014FAAE
S21403950030B10121204602F00FFA2880012038BD31
S21403951020462C8000F020FC0130C0B2F7E72DE98E
S214039520F04788B00746894610460DF10A011D46E6
S2140395309046FFF7DFFF4FF0000ABDF80A600446C7
S2140395403046CDE905AACDF81BA002F0D1F9031BDE
S214039550DBB20B2B28BF0B2322463146CDF800A0E7
S21403956005A802F0C5FE48F21F039D4243D00BD860
S21403957085F40043012B15D923464246494628461F
S2140395800097FDF7A5F933E048F23A039D42F3D17D
S214039590FEF780FDB8422BD02246414605A8FDF7CC
S2140395A0C8F925E09DF8143013BBBDF81D40DDF85F
S2140395B01500DDF8191003AB03C3204603A9E0F733
S2140395C06DFA0122204603A9FFF70AFAA7420646C8
S2140395D00ED0012103A8F4F77FFF48F201039D4252
S2140395E006D12EB9334632463946204600F058FC9B
S2140395F008B0BDE8F0879DF81450002DF8D12F462B
S2140396009DF815800234EAB24245F1D2D200D2B2B6
S21403961022440823314692B2009703A8CDE9037784
S21403962002F066FE03A800F074F802F056FE00F09F
S2140396305CF80135E7E710B5002441808480048098
S214039640C280038110BD13B5BDF81040CDE90034C8
S2140396500023F5F70FFA02B010BD13B5BDF810409E
S21403966001900094F5F706FA02B010BD07B5009313
S2140396700123FFF7F2FF03B05DF804FB0123F5F7C0
S2140396809FBA38B50546EFF731FB0446E0F71EF8F8
S214039690A40144EA4020284038BD704770470020A4
S2140396A07047FF20704700207047704700207047C0
S2140396B04FF6FF70704700207047704700207047D2
S2140396C0704700207047704700207047002070479F
S2140396D070477047002070477047704700207047F8
S2140396E04FF6FF70704717207047704770477047F4
S2140396F0704770477047012070470120704700206D
S2140397007047002070477047704770474FF6FF70EA
S21403971070474FF6FF707047002070470020704771
S214039720002070477047002070472DE9F04F002750
S21403973085B081460C467E2039469846BDF83CB037
S2140397409DF844A0BDF84C500192ADF80E7002F09F
S21403975027F90646002800F0AA8002F0ADF839463D
S2140397607E22E3F73BF9304602F0A6F80090304637
S21403977002F0A2F8B9F1FF0F0CBF274644F0030727
S2140397803B0A14F44062077043705FD14FF0080839
S214039790C31C184642460199E2F7CAFF034604F47F
S2140397A04044434484B1790606D419464FEA1B2243
S2140397B001F802BB5A700B46B4F5004F56D0A4F519
S2140397C0404254425441E400224618460E99E2F7BA
S2140397D0AFFF009A03462044A0EB02085FFA88F81E
S2140397E09DB14FF47C521A53841C284602F064F849
S2140397F08346284602F07CF8C5B22A4659462046D8
S214039800E3F78AFA60190235EDB2B9F1FF0F2FD0EC
S2140398105246109900F8019BE3F77EFA08F101011E
S2140398205AFA81F129443046EBF774F90C210022E9
S214039830FF0007F0800710463943FEF778FAADF8C5
S2140398400E00E8B9002005B0BDE8F08FB2F5006F52
S21403985080F803804FEA182880F8048000F1050397
S21403986014BF4FF008084FF0020892E70224ABE754
S21403987008EB0A0129443046EBF74CF90821D6E7F2
S214039880304602F019F80446304602F031F8012358
S214039890024621460DF10E00EBF7A6F90028D1D1BA
S2140398A00121BDF84820BDF80E0002F051F8BDF8BE
S2140398B00E00C8E710B50C46098821B90846F6F726
S2140398C07FF8208008B1012010BD0220FCE72DE9B7
S2140398D0F04780460F460646002402F1FF39BC4295
S2140398E002D219F8015F25B9A6EB080080B2BDE8DD
S2140398F0F0879A46A5F13102012A5AF8041B10D8BC
S2140399003246322D02F8011B06D10134A4B2A74217
S21403991032D30912B21C7170013453461646A4B2F0
S214039920DDE7342D0CD10334BC42DDDA0B0A31708B
S21403993073700B0C090EB370321DF170A4B2EBE713
S214039940A5F13302062A0DD8303DADB22B19BB4222
S214039950CADA2A463046013CE2F7EAFE15FA84F4F0
S2140399607219EBE7A5F14102062A01D8373DECE769
S2140399709D8803F1080AE9E71646B5E770B505467C
S21403998000880C4601F0B4FFA04228880AD201F0F2
S214039990AFFF0023221A19462846BDE8704092B24C
S2140399A0EBF722B92146EBF7B5F8002070BD38B5C2
S2140399B0054601F081FF0446284601F099FF002280
S2140399C001462046BDE83840FEF7EEB9F8B5164620
S2140399D00C461D46BDF8187001F06EFF0444304671
S2140399E001F06AFF3A4641192046BDE8F840E2F71F
S2140399F09FBE70B50C46013189B20646F6F714FCD5
S214039A00214605463046F6F70FFC00EB052080B2EC
S214039A1070BD1FB50123ADF80C2000930A46022340
S214039A20014603A802F064FC05B05DF804FB0FB41E
S214039A3037B5069D0021A8B201F0B2FF044601F037
S214039A403BFF2CB1002207AB0193D1B28D4205D860
S214039A50204603B0BDE8304004B0704753F8041BFB
S214039A6081540132F1E773B504460D4640200021C8
S214039A70164601F095FFADF8060001F01DFFBDF890
S214039A80063013B9002002B070BD402133462A4683
S214039A902044FFF71CFF211889B20DF10600FFF7DB
S214039AA06DFF0028EED1BDF80600ECE70EB403B553
S214039AB003AA52F8041B0192FFF7D5FF02B05DF824
S214039AC004EB03B070472DE9F7430F4601218146A7
S214039AD0164601F029FF054658B1FFF768FF3080A8
S214039AE088B9284601F004FF68B1192003B0BDE821
S214039AF0F083484601F0FCFEFF2FA0EB0704E4B218
S214039B0014D014B934800020F0E72A4621462846AC
S214039B10FEF74AF980460028E7D03B464A462946E0
S214039B200094FFF753FFA6F80080ECE70120DDE77B
S214039B3008B5FEF71EF9437803F001001A074CBF79
S214039B4010300830DB0644BF0830C0B21030C0B255
S214039B5008BD10B50C4601F0CBFEA04234BF002072
S214039B60012010BD7FB514460091024641F209213B
S214039B7041F609209DF820601D46002E18BF0146B9
S214039B80099B0020F6F778FBADF80E0010B900200D
S214039B9004B070BD01232A4621460DF10E00EBF7F3
S214039BA023F80028F3D1BDF80E00F1E738B50546D3
S214039BB0FFF7BEFF0446284601F09AFE631C9BB2DD
S214039BC083420FD82846FEF7D4F843785B0707D5B9
S214039BD021462846F6F728FB013004EB4004E4B29E
S214039BE0204638BD0024FBE71FB5ADF80E0001F094
S214039BF07FFE0446BDF80E00FFF7D8FF00F10E0304
S214039C00DBB2BDF80E200146E01A80B20090104683
S214039C10FFF7DCFEA4F10E0189B20DF10E00FFF78B
S214039C20ADFE04B010BD4278034612F0080006D01D
S214039C30D20702D403F10800704703F10900704706
S214039C4037B505460C46FEF794F8437813F0100232
S214039C5012D09CB103F001021B074FF00003294604
S214039C60009320464FF0080354BF1832203202F008
S214039C703FFB012003B030BD1046FBE72046F9E763
S214039C8000F00303012B08D0C30606D400F00C0033
S214039C900C2814BF0820092070470220704703468B
S214039CA011F0030005D003F00303022B14BF0220B8
S214039CB003207047F8B50C46064601F019FE631CF0
S214039CC0834202D900252846F8BD21463046F6F7DA
S214039CD0ABFA0746FFF7D4FF3B060546F3D5044425
S214039CE0304601F005FEA4B2631C9BB28342E9D85A
S214039CF021463046F6F798FA01463846FFF7CFFF77
S214039D002844C5B2DFE770B506460D46FFF7D2FF17
S214039D10044610B90024204670BD29463046F6F79F
S214039D2083FA8206F7D5304601F0E2FD2544ADB24C
S214039D306B1C9BB28342EDD829463046F6F774FA7D
S214039D4000F01803082B14BF05340634E4B2830668
S214039D5044BF0834E4B2DEE738B50546FFF726FF0E
S214039D60044608B9002038BD01462846FFF7CBFF56
S214039D700028F7D02044C0B2F5E72DE9F04387B0BA
S214039D8005460C46FDF7F5FF804602F0ACF907469C
S214039D902846FFF70BFF064601462846FFF78AFFCD
S214039DA00022034600922946324602A802F0A0FA91
S214039DB09DF8086006F00C030C2B06F003090BD085
S214039DC0B9F1010F59D0F10657D49DF809300DF1BA
S214039DD00A050020637107E0FF230DF10900637194
S214039DE002F081F90DF10B05208198F80130DA07AE
S214039DF004D508F1020002F076F92081B9F1010FCB
S214039E005FFA89F83DD0F3063BD4284602F06BF997
S214039E106080A81C02F067F9053515F8013C208020
S214039E2023712B78B006A37206F0400348BF43F0B5
S214039E302003390627D543F40073F80448BF43F4D8
S214039E408063390548BF43F400633206E38011D5C7
S214039E506A7812F003020DD06FEA43436FEA534366
S214039E60A978B8F1020FE3800B4611D1EB7841EAEB
S214039E700321218107B0BDE8F083FF230DF1090517
S214039E80A7E7FF23CCE77A0648BF43F48073D4E7FB
S214039E90012A04BF0B029BB22381EBE7F6F79EBEB3
S214039EA00BB1F6F707BF0AB9F6F780BFFF21F6F73F
S214039EB0A9BE431C08BF0020E3F7C6BF034B586880
S214039EC0C0F30800003818BF0120704700ED00E01B
S214039ED0014B1868704700BF68670020084B1B6F6C
S214039EE003F00703022B04D0032B05D0012B05D068
S214039EF0FEE7044B18687047034BFBE703487047BD
S214039F00008000506867002070670020002D310134
S214039F1008B5FFF7E3FF054B1B6FC3F301330133AC
S214039F20B0FBF3F0024B186008BD00BF0080005082
S214039F30646700200048704700B4C40400487047B4
S214039F40002D3101014B1868704700BF7067002071
S214039F50174A9368C3F304430C2B0AD8DFE803F0CD
S214039F600B0909090909072119091B1D1F001148B7
S214039F70704700207047936803F04073B3F1807F07
S214039F8011D0B3F1007F10D0002B0B4818BF002070
S214039F9070470A4870470A4870470A4870470A4895
S214039FA070470A4870470A4870470A48704700BF18
S214039FB00040015A405DC60000093D00C0EA210189
S214039FC080BA8C010048E801005A62020024F400BB
S214039FD080841E0040420F00014B1868704700BF84
S214039FE06C6700200A4A08B5127852B107280AD8C7
S214039FF0084A02EB00131B7B3BB1D0F755FF00204A
S21403A00008BD0548FCE70548FAE70548F8E700BF3A
S21403A010595D0020F8350020028000F0018000F032
S21403A020078000F00B4A10B512780C4662B1072879
S21403A0300CD859B1084A02EB00131B7B43B1D0F787
S21403A04045FF2070002010BD0448FCE70448FAE7EB
S21403A0500448F8E7595D0020F8350020028000F038
S21403A060018000F0078000F00B4A10B512780C460A
S21403A07062B107280CD859B1084A02EB00131B7BC0
S21403A08043B1D0F73BFF2060002010BD0448FCE737
S21403A0900448FAE70448F8E7595D0020F83500203D
S21403A0A0028000F0018000F0078000F007B500F0A2
S21403A0B07DFC6A4600F0D8FC18B14721034800F03F
S21403A0C007F8DDE9000103B05DF804FB13CC0300D9
S21403A0D038B504460D460B46024607490020F9F7F5
S21403A0E077F801F02AFF01F02AFE29462046BDE84C
S21403A0F0384001F020BF00BFF4CF03000229F8B5B3
S21403A10096BF104B00245C5C012805460E4608D01B
S21403A110022809D008B944F002040B4B1F6837B96C
S21403A120F8BD44F00804F8E744F02004F5E77B683C
S21403A1301A68144203D0314628465B6898473F683E
S21403A140EDE700BF466D0400D03D002038B5104D46
S21403A1502B78ABB10F4C23781BB100F031FA0023F8
S21403A1602370002001F0EFFE0B4C50B100F07AFA9A
S21403A1700023012120782B70FFF7C0FF01232370F3
S21403A18038BD0122054B1A702278054B1A70F7E783
S21403A190635D0020615D0020685D0020645D002033
S21403A1A0655D00200E490B78FF2B01D198B17047EF
S21403A1B00BB990B97047002814BF0122FF2213443D
S21403A1C00B7060B1074B1B78012B08D9064B1B7825
S21403A1D02BB9FFF7BBBF1A46F1E70122EFE770473B
S21403A1E0675D0020685D0020645D002010B501F007
S21403A1F0A2FD064B04461B781BB1BDE8104001F0D8
S21403A20095BDFFF7A3FF2046F7E700BF605D00207C
S21403A21002282DE9F04147D029480378FF2B41D186
S21403A220002941D11A461344DBB2037000293BD000
S21403A230244E3278012A37D9002B3ED001F07BFD1D
S21403A240214F04463B780BB3204D2B781BB90122D4
S21403A2502A701F4A1370DFF87C8098F8003023B109
S21403A26000F0AEF9002388F80030204601F05EFDCA
S21403A270012001F068FE01F05EFD2B7804461BB159
S21403A28000F0F0F900232B7000233B70204601F00A
S21403A2904DFD01243078A04206D02146FFF72EFF5D
S21403A2A0347001E013B931B9BDE8F081002914BF59
S21403A2B00122FF22B7E70122B5E70224EAE700BF3F
S21403A2C0675D0020685D0020635D0020605D002000
S21403A2D0645D0020615D00202DE9F04385B0EFF357
S21403A2E0108572B6AFF3008001F007FF002800F078
S21403A2F09280624E624F337823B10020FFF752FFFD
S21403A30000233370387878B903A900F01FFB04469E
S21403A31050B95C4B039A1B689A4200F28480012072
S21403A320FFF740FF012333703B78002B40F0998002
S21403A330554B1B78002B00F091804FF00208534CCE
S21403A340DFF868912078404507D099F8003013B9B4
S21403A3504146FFF7D3FE84F80080B8F1020F0FD111
S21403A360DFF8248198F8003053B9494B1B7823B99A
S21403A37000F020F90122474B1A70012388F80030B9
S21403A380207800F0F7F899F8003013B1424B1B78A9
S21403A3902370AFF30080284601F0D0FDEFF310855D
S21403A3A072B63E4B1A7852B100221A703A4B207896
S21403A3B01B78984203D101212170FFF79FFE38488E
S21403A3C000F084FA01F0A8FE8046002893D12E4FB1
S21403A3D03B789BB189F80000DFF8B89099F8003015
S21403A3E01BB100F0EDF889F80080002001F0ABFD0A
S21403A3F0002839D000F036F900233B70337823B1B8
S21403A4000020FFF7CFFE0023337000212078FFF7EC
S21403A41075FE00232370AFF30080284605B0BDE821
S21403A420F04301F08BBD1F4BD3F8008000F048F9D2
S21403A430039B80449845BFF472AF00F03BF982005B
S21403A440039942F0020292B2CDE900422346164A2D
S21403A450A1EB0801124801F078FD65E700F09CF8CF
S21403A4606BE74FF001086AE7012000F083F82846FF
S21403A47001F064FDEFF3108572B6B6E7625D002067
S21403A480675D0020D83D0020635D0020685D0020E6
S21403A490665D0020615D0020655D00205E5D002036
S21403A4A0DC3D0020D43D0020EDA10300645D0020C8
S21403A4B010B501F040FC0022054B1C781A7001F021
S21403A4C035FC00F005FBE4B22043C0B210BD00BF6C
S21403A4D05F5D002038B501F02EFC094B05461B785E
S21403A4E0012B04D801F022FC0024204638BD054B7E
S21403A4F01C6800F0E5F80444284601F017FCF4E76E
S21403A500685D0020D43D00201549164A0B6F10B530
S21403A51003F007031360144A144C9269032B02F0EA
S21403A5200200C2F34002227017D0D1F8203103F0A4
S21403A5300703022B11D0D1F8803203F001030C4A33
S21403A540137048B143B9064BD3F8003103F0030345
S21403A550591E4B424B41137010BD0123EFE700BF5A
S21403A56000800050383E002000C001506D5D002082
S21403A5706E5D0020012805D00238012808D8002087
S21403A580D0F758B9034A136923F00403136130BFA5
S21403A590704700BF00ED00E0044B054AD3F82031B6
S21403A5A003F007031360F7F764BF00BF0080005093
S21403A5B0403E00200122014B1A7070476C5D00205C
S21403A5C0F8B51F4B1B78002B39D01E4C2378B3B934
S21403A5D01D4B9A6DD10302D5DA6D92072FD49B6D6E
S21403A5E0DB072CD401F0F7FC184B194A1860136FDD
S21403A5F023F0070343F003031367FFF789FC01F017
S21403A600EAFC124B134D1B68134EC01A2B78134FDC
S21403A61056F8232046F82300111A3A681048521AAF
S21403A6200A213A600932B2FBF1F20133DBB202606F
S21403A630B3FBF1F201FB12332B7000232370F8BD3A
S21403A6406E5D00206B5D002000C00050303E002091
S21403A650008000506A5D0020083E0020043E002073
S21403A660003E002008B5F7F705FF0D4A0D49136FA6
S21403A670096823F007030B4313670B49D2F820310D
S21403A680096823F007030B43C2F82031074B1B78F6
S21403A69013B10122064B9A62BDE80840FFF738BCA7
S21403A6A000800050383E0020403E00206E5D0020B3
S21403A6B000E00050014B1878704700BF6E5D002025
S21403A6C0054B187818B1054B186800EBD000044BFF
S21403A6D01B681844704700BF6E5D0020003E0020D4
S21403A6E0343E002008B50D4B1A7892B100221A703A
S21403A6F00B4A136F23F0070343F001031367D2F8E3
S21403A700203123F0070343F00403C2F82031FFF798
S21403A710FFFB0122034B5A6708BD00BF6C5D002098
S21403A7200080005000E000500D490B68A0B10022E5
S21403A730A3B1834203D1836822B90B6003E01A46B0
S21403A7409B68F5E7936083680BB9002070475A69E6
S21403A75041690A445A61F8E722207047022070478D
S21403A7604C3E002010B501F052FC0A4C0A4B196807
S21403A7702368C31A09B9206010BD002BFBD04A69B1
S21403A7809A423ABF9B1A0022D21A4A6128BF002374
S21403A7908968EFE7483E00204C3E002038B5154D4B
S21403A7A02B682BB35B69A3B1134A022014681C44BD
S21403A7B000F086FA204600F045FA00230F492A687F
S21403A7C00B7022B1D08880070AD501230B700020B6
S21403A7D038BD022000F074FA022000F093FAECE78A
S21403A7E09268002AF3D050690344012BEAD9EEE7B6
S21403A7F02220EDE74C3E0020483E0020705D0020FE
S21403A800C38870B504460D463BB9FFF763FE854221
S21403A810064602D2F9F7FBF935460E4A6561136818
S21403A82083B91460A3600CE02D1A98681946656115
S21403A830034618B15869A842F6D929B18C60A360BB
S21403A84023B970BD0021F5E71460A3605A69521B53
S21403A8505A61F6E74C3E002070B50D469DF814107D
S21403A860164601710499BDF81820016000210446BC
S21403A870C0E903368160C28006BB01F0C8FB2844EA
S21403A880A0613DB9E368656113B120462168984726
S21403A890C6B1354601F04FFA0646FFF763FF294671
S21403A8A02046FFF7ADFF084B1B689C4201D1FFF71C
S21403A8B075FF3046BDE8704001F038BA01F0A7FBDB
S21403A8C03044DDE770BD00BF4C3E0020F8B50546BA
S21403A8D0D0B101F030FA0646FFF744FF0B4B28468B
S21403A8E01F68FFF721FF044620B1304601F01EFA29
S21403A8F02046F8BDAF42F8D1FFF750FF2228F4D127
S21403A900022000F0E9F9F0E72224F1E74C3E0020AC
S21403A91038B50C460546A8B1A1B100230B7001F06B
S21403A92017FA0121084B1B6833B901F00CFA002013
S21403A93038BDAB4204D121702278002AF9D0F4E75F
S21403A9409B68F1E72220F3E74C3E0020F8B5064665
S21403A9500F4601F0FDF900250446124B1B6823B988
S21403A960204601F0F0F91B2011E05A691544DA88F5
S21403A970B2420DD101F04BFB0B4E3368C01AA8420E
S21403A9800AD3002320463B6001F0DDF90020F8BD22
S21403A990FF2EEFD09B68E2E701F039FB33682B44C8
S21403A9A01B1AEFE74C3E0020483E002070B501F02E
S21403A9B0CFF9064601F02BFB084B044601201D6821
S21403A9C001F015FB18B101F022FB044601353046B1
S21403A9D001F0B9F92046294670BD00BF543E002059
S21403A9E0014B1868704700BF503E00200B4B70B5F4
S21403A9F01B68044683420D460ED340F2E73000211F
S21403AA00074B4FF47A721E680023E4FB0601E1F756
S21403AA10D3FB2860002070BD2120FCE7443E0020C5
S21403AA20503E00200F4B10B51A689AB14FF47A7156
S21403AA30531E1342A0FB01010ED1B2FA82F2C2F1F9
S21403AA401F04531CD243E04001FA03F3184321FAD0
S21403AA5002F20243104610BD0023E1F7ADFB0246A7
S21403AA60F8E700BF503E002038B5164B1446834225
S21403AA70154B8B4123D3154B1A6802B34FF47A75E3
S21403AA80A0FB050305FB0131531E134211D1B2FA95
S21403AA9082F3C3F11F055A1CDB4301FA02F2E840B6
S21403AAA021FA03F310431843E940C4E900010020E8
S21403AAB038BD0023E1F780FBC4E90001F7E7212056
S21403AAC0F6E700BFEFA7C64B37894100503E00208C
S21403AAD010B501F03DF9034B1C7801F034F9E4B2EC
S21403AAE0204610BD6F5D002008B5084B1B7803F0A9
S21403AAF0FF004BB101F06FFA054B1B689B69C01A48
S21403AB0002288CBF0020012008BD00BF705D002016
S21403AB104C3E0020C2072DE9F843044607D5464AB3
S21403AB20136801331360FFF71DFEFFF737FEA30715
S21403AB307FD501F00DF94FF0000805464646FFF7AE
S21403AB4011FE3E4F3C680CB16369A3B100223C4B37
S21403AB50012E1A7003D118F0020F18BF1E70FFF7EC
S21403AB601DFE222802D1022000F0B6F82846BDE8D2
S21403AB70F84301F0E8B823465A693AB91A792179B5
S21403AB80914288BF1C469B68002BF5D1284601F0EE
S21403AB90DAF82569002D38D001F039FAA269A0EB5E
S21403ABA002084FEAE873A84573F100032EDB236916
S21403ABB01344A36101232269CAB1C3B9A38BB5EBBE
S21403ABC0080533B1E28B13449BB2B3F57A7F28D2E0
S21403ABD0E38301F0BDF8804629462046FFF710FEC2
S21403ABE0A369226940461344A36101F0ACF8E36805
S21403ABF013B1204621689847B4F8068001F0A8F8F8
S21403AC0001360546FFF7AEFD9CE7A84601F0A0F81F
S21403AC1081462046FFF788FD484601F094F8002356
S21403AC20C9E7A3F57A73E383A369013D013BA361F7
S21403AC30CFE7BDE8F88300BF543E00204C3E00201B
S21403AC406F5D002010B5044601F075F84FF0B04272
S21403AC50936A1907FCD4136A116C5269120704D459
S21403AC60CA1A032A01D899420ED1E21A022A98BFB9
S21403AC70DC1CB4F1FF3F38BF013C4FF0B043082261
S21403AC801C6403F580539A6101F050F8054A137863
S21403AC903BB14FF0B041CB6B43F00203CB630023D1
S21403ACA0137010BDF36C002007B5044B01A9187987
S21403ACB001F0E7F8019803B05DF804FB506A04005E
S21403ACC000F001038207034A48BF43F00803936179
S21403ACD0704700BF00100058820700F001030AD532
S21403ACE00121064A43F0080311704FF0B041CA6BC6
S21403ACF022F00302CA63024A93617047F36C002092
S21403AD0000200058830742BF0822014B5A61704750
S21403AD100010005873B502AB164603E90600044656
S21403AD2000F052FF0546204600F05EFF9DF8002027
S21403AD308DB1202C33780ED8012B2ED84FF6FF7505
S21403AD402D4803EB4313234430F81310A94202D0D3
S21403AD50013120F81310294B294E33F8141036F816
S21403AD601400814232D34FF6FF75A9424FF0010516
S21403AD7002D0013123F8141004F0FD01092927D16C
S21403AD80998AB68A0A44B242B4BF9A829E8233F83C
S21403AD901430834227D202B070BD022BDBD14FF6AC
S21403ADA0FF704FF6FF75144B33F81410814218BF2B
S21403ADB0013104F1210018BF23F8141033F81010E2
S21403ADC0A9421CBF013123F81010C4E70025D0E7C1
S21403ADD01D2CDCD1598F8E18864203DA01390A44BA
S21403ADE05A87D4E75887002DD5D1204602B0BDE850
S21403ADF0704001F027B900BF745900204C5A002058
S21403AE00F859002038B50D46044600F0A1FF064A5F
S21403AE1013889BB22DB123431380BDE8384000F05E
S21403AE2092BF23EA0403F7E7525C00200022034B99
S21403AE3001214FF480701A70FFF7E4BFA16300206E
S21403AE4008B5054B1868FCF7B7FD00F00300C31EF2
S21403AE505842584108BD00BF7856002038B504460E
S21403AE6001F09CF90C4B05461978187981420FD0EE
S21403AE70631E082B0CD8DFE803F0050D0B0D0B0D36
S21403AE800D0D0D0000220146044B1868FCF792FDD9
S21403AE90284638BD0022F7E7216D002078560020AB
S21403AEA038B54FF0FF300C46FFF703F80A4B05465C
S21403AEB01868FEF7FEFF641B241A20B210F1630F16
S21403AEC006DB10F1240F05DA64308000C0B238BD0B
S21403AED00020FCE7FF20FAE77856002008B5134B5E
S21403AEE01B78062B04D040F621011148FFF7F0F833
S21403AEF0104B1B881B0704D440F622010C48FFF7AF
S21403AF00E7F80D4B2A201978FFF7A8FF0021082041
S21403AF10FFF778FF0222094B1A70094B1868E8F707
S21403AF2089F9BDE8084001F07AB800BFA1630020A4
S21403AF30C0660400525C00209E630020506D002013
S21403AF407856002010B50E4C236823B940F6A3416B
S21403AF500C48FFF7BDF82068013001F0C4F800F094
S21403AF60070003280AD1246809220121204600F09D
S21403AF70E3FB205C031F5842584110BD0020FCE74A
S21403AF8068560020C066040038B50C4640B1002160
S21403AF900420FFF737FF01F042F8012C1DD038BD1F
S21403AFA0244B1B889B07F6D50129234A2FD11178FA
S21403AFB069B30139C9B2117011B92020FFF722FF16
S21403AFC000210220FFF71EFF04221C4B00211C4811
S21403AFD01A7000F05DFD01F022F81A4C206801306B
S21403AFE001F081F800F44060B0F5006F1FD12468CB
S21403AFF001210422204600F09FFB204401F073F851
S21403B0000146BDE838400022202001F033B8002175
S21403B0100D4D02201170FFF7F5FE2B78FF2B04D0A1
S21403B02040F299610948FFF753F82C70B3E74FF6DF
S21403B030FF71E6E7525C0020A0630020A1630020B6
S21403B040986A002068560020516D0020C0660400F0
S21403B05038B5134C05462388580709D5FFF7F0FE85
S21403B06001460720FFF7FAFEFF210120FFF78CFFBA
S21403B070238899070BD50B4B284619788A1F51420C
S21403B0805141FFF7EBFE01210020FFF77DFF2388E8
S21403B0901B0703D5BDE83840FFF720BF38BD00BF08
S21403B0A0525C0020A1630020F7B5124CD4E900657A
S21403B0B086EA020C85EA03070CEA000C0F405CEAFA
S21403B0C0070E15D086EA0C067D40C4E90065CDE977
S21403B0D000230B46084902460868FCF72FF838B1E8
S21403B0E04FF4FD71054803B0BDE8F040FEF7F0BF2E
S21403B0F003B0F0BDA815002078560020C0660400F3
S21403B10008B50A4B1B88DB0604D440F647010848FB
S21403B110FEF7DEFF00211020FFF774FE002000F08C
S21403B1206BFBBDE8084000F07ABF00BF525C00200E
S21403B130C06604002DE9F04F5706804614461D46A8
S21403B14091B005D5FFF77CFE01460120FFF786FE8A
S21403B150EE0403D500212D20FFF780FEA00224D5A0
S21403B1604046FCF7D5FC0146F8B94020FFF74AFEF7
S21403B17040460AA9FCF7A9F8B8B99DF83030022B67
S21403B18040F0D980BDF8280001F0A7F8FF2808D1C1
S21403B1904046FCF798F840B901214020FFF732FEFD
S21403B1A003E001F09EF80028F2D1A10305D5FFF7CE
S21403B1B047FE01460320FFF751FEE20104F08076C6
S21403B1C040F1C080854B1B889B072DD5844E306885
S21403B1D0FCF710F840BB834B834F18703B78FF2B6C
S21403B1E004D040F257618148FEF772FF4FF0000922
S21403B1F000210220FFF706FE87F800907C4F3B787D
S21403B200062B07D101210820FFF7FCFD494628201D
S21403B210FFF724FE3B78052B06D100212B20FFF7F2
S21403B2201DFE3068E8F706F800F0F9FE220717D58A
S21403B2306B4F0321386805AAFBF7F6FF064620B9CD
S21403B24040F2C9616948FEF743FF9DF81430072BA7
S21403B25000F0D080FFF7F4FD01460420FFF7FEFD63
S21403B260E10505D5FFF7ECFD01460420FFF7F6FDE3
S21403B27014F4863F05D0FFF7E3FD01460220FFF7EF
S21403B280EDFDA20113D5FFF7DBFD01460820FFF70E
S21403B290E5FD00210420FFF7B5FD554B1B78012B78
S21403B2A003D14F4B1868E7F7C5FF00F0B8FE14F05C
S21403B2B0084F09D0FFF7C4FD01460720FFF7CEFD70
S21403B2C0FF210120FFF760FEA30009D5FFF7B8FDB5
S21403B2D001460620FFF7C2FDFF210120FFF754FEBB
S21403B2E0A70705D53D4B1B881E0701D5FFF7F6FDBF
S21403B2F06C0603D500210A20FFF7B0FD280602D509
S21403B3000120FCF716FCE90540F1858140460AAAB0
S21403B31005A9FCF74DFB9DF81430222B00F06D8138
S21403B32000F28281152B40F26A8140F60A112F48FB
S21403B330FEF7CEFE6FE1032B7FF437AF0AA800F0CB
S21403B340C8FF30E705F0020756EA07030DD0284B7F
S21403B35026201978A1F1060EDEF1000141EB0E015D
S21403B360FFF77CFD0121304611E004F0805656EAD3
S21403B37007030FD01E4B26201978A1F1060CDCF12B
S21403B380000141EB0C01FFF769FD02213846FFF788
S21403B390FBFD4BE704F0884151EA060309D0144B42
S21403B3A0272019788F1F79427941FFF757FD02212D
S21403B3B0D9E705F008030B4302D02320FFF74EFD21
S21403B3C0680703D500212420FFF748FDE9077FF52A
S21403B3D02DAF00212520FFF741FD27E7525C002013
S21403B3E078560020A0630020516D0020C06604003C
S21403B3F0A1630020314638680AAAFBF71BFF20B179
S21403B4004FF4DA619E48FEF763FEBDF816303868DF
S21403B41002330AA9ADF82C30FBF70EFF20B140F239
S21403B420DF619748FEF754FE00230093314604235A
S21403B430386804AAFBF702FF042804D040F2E4614C
S21403B4408F48FEF745FEDFF8589299F80030C3BBE5
S21403B4500DF1110000F047FE00F00700022830D17E
S21403B460FFF7EEFC01460920FFF7F8FC854B1B7837
S21403B470062B23D1844B9DF813201B789A421DD1AB
S21403B4809DF8353023B940F2FA617D48FEF720FE79
S21403B4900DF1110000F027FEC0F3001631462920F7
S21403B4A0FFF7DCFC00210820FFF7ACFC774B1E708F
S21403B4B0FFF748FD10B93868E7F7BCFE00F0AFFDAC
S21403B4C0CEE6BDF816000121083080B200F068FA17
S21403B4D0039030B9FFF7B4FC01460420FFF7BEFC27
S21403B4E0ECE700F0E9F905AA014606463868FBF7DB
S21403B4F0ADFE99F800A0BAF1000F22D106F1010BB8
S21403B500584600F0F0FD83065AD53868FCF700FB72
S21403B5100746FFF795FC05370146F8B2FFF79EFC92
S21403B520584600F0E0FD00F007000328584F2DD0E2
S21403B53001210420FFF766FC4FF0FF30FBF7A5FE62
S21403B540386000225349BDF816300978F718F154CD
S21403B5509DF83630BB709DF83730FB700A9B190E8A
S21403B5603971190C7971FB71190A99F80030B971A0
S21403B57023B9737892B343F020037370002000F06E
S21403B58069F97870039800F071FA97E701210922A8
S21403B590304600F0D1F8305C01210428C9D1FFF70A
S21403B5A031FC4FF0FF30FBF770FE3B4B38601B88D7
S21403B5B05806C6D551464020FFF724FC0122C1E7B2
S21403B5C0FFF73EFC01460920FFF748FC2D4B1B788E
S21403B5D0012BB6D13868E7F72DFEB2E723F0200338
S21403B5E0CBE701227E33DBB202FA03F313F00A1F22
S21403B5F031D113F0011F3FF498AE27202CE001222F
S21403B60002FA03F3254A1A402ABB13F0041FF4D1A7
S21403B610DA077FF58AAEAB052FD50121802011B05E
S21403B620BDE8F04FFFF7EEBB652B1AD8622B12D896
S21403B630452B0CD8422B0ED8352B06D8322B0AD8DE
S21403B640252B08D9322BD8D06FE6422BFBE7552B98
S21403B65005D8522BF7D92620FFF7FAFCDBE7622B37
S21403B660F1E7952B3FF661AE812BBAD8722BC4D087
S21403B670733B022B3FF659AEEDE711B0BDE8F08FF2
S21403B680C0660400A16300209D630020506D002067
S21403B69064560020526D0020525C00203A003800A9
S21403B6A0A4630020024B1878B0FA80F04009704774
S21403B6B0A163002008B5064B4FF0FF311868FCF76E
S21403B6C09DF90028B8BF033040F3870008BD00BFCC
S21403B6D07856002008B5074B1868FBF7C4FC30B152
S21403B6E0054BB3FBF0F083B20BB1184608BD01203F
S21403B6F0FCE700BF7856002040420F0038B5102004
S21403B7000C460121FFF77EFB064B1D68FFF7E2FFA1
S21403B710012200FB04F1044B2846FCF754F90020F1
S21403B72038BD00BF7856002001B103000148FEF77C
S21403B730CFBC00BFDA660400032A70B5144602D8ED
S21403B7402C4B985C70BD81F0010519B90D2A07D101
S21403B750FF20F7E70D2A03D100780538C0B2F1E7DA
S21403B760084400F0C0FCC5F1040110F4406602462C
S21403B770C9B209D1042C0846E4D0052C16D112F020
S21403B780400F18BF0846DDE7C5F10603042CD8B200
S21403B790D8D0B6F5006F03D1C5F10805E8B2ECE7DB
S21403B7A0B6F5406FE9D1C5F10E05F7E712F440414F
S21403B7B007D1062CC6D0072CC4D0082C13D10130D1
S21403B7C0CCE755065CBF831CD8B2062CBAD0B1F5BD
S21403B7D0004F02D1831CD8B2EDE7B1F5404FEAD152
S21403B7E000F10803F7E7130744BF0530C0B20C2C7B
S21403B7F0A8D9ADE704B40400AC2370B5094C0546DC
S21403B80003FB00435E6D26B940F2FD310648FEF7A2
S21403B8105FFCAC2303FB0544002363653346BDE8A6
S21403B820704018477C5600201767040010B40C4677
S21403B8301146AC22064B02FB0033586D20B95C65FB
S21403B8405DF8044BFFF75ABF02205DF8044B7047C0
S21403B8507C560020AC22034B02FB003393F8A8006F
S21403B860704700BF7C56002028B1034B1B68C01AE4
S21403B8704010013080B270473C57002030B1044B73
S21403B88000F100401B68013803EB4000704700BF1F
S21403B8903C570020064B1B68834206D8054B1B68A3
S21403B8A0834294BF0020012070470020704700BFEA
S21403B8B03C5700203857002010B5044608B900202E
S21403B8C010BD00F079FC20B940F2CD410748FEF7E1
S21403B8D0FFFB2046FFF7D2FF0028F0D00388DB0BE0
S21403B8E014BFD0F80A000830EAE700BFEE6604008B
S21403B8F010B508B9002010BDFFF7C0FF044600F0DE
S21403B90052FC20B94FF49D610648FEF7E1FB002C7C
S21403B910F0D02388DB0B0ABF60882089C0F30C00B5
S21403B920E9E700BFEE66040038B5FFF7A7FF0D464C
S21403B930044650B100F037FC20B940F241510348A9
S21403B940FEF7C6FB023534F8150038BDEE66040074
S21403B95070B5FFF793FF0C4616460546B0B100F0E8
S21403B96022FC20B940F24D510C48FEF7B1FB30469D
S21403B970FFF784FF00F017FC20B940F24E5107484A
S21403B980FEF7A6FB023425F8146070BD40F2525150
S21403B990BDE870400148FEF79BBB00BFEE6604009F
S21403B9A02DE9F8430746884600F05FFB20B940F2CE
S21403B9B08E512A48FEF78CFBFC1CA408284B640017
S21403B9C00434B7F5005F1E68A4B204D340F2955161
S21403B9D02248FEF77DFB00F0BBF9224981460B683F
S21403B9E07BB9214B1D68761BC6F34F06B44227D995
S21403B9F00025484600F0A7F92846BDE8F843FFF7B8
S21403BA0033BFB8F1000F11D0174A15685A1BC2F39B
S21403BA104F029442ECD81448620005EB44040460D9
S21403BA20B8F1000F0FD113440B600CE0F61AC6F3FF
S21403BA304F0676B940F2A6510848FEF749FBD7E70A
S21403BA4005EB44041C6000236F80AB80EB802B80E7
S21403BA50CFE7B442CCD8044A1568DCE7EE660400A8
S21403BA6040570020285700203857002038B5054691
S21403BA7000F06EF9044629460448002200F0A9FBAC
S21403BA802046BDE8384000F05EB900BF585C002091
S21403BA9082684B4B2DE9F0419A4204460E460568F0
S21403BAA015D121B140F213114648FEF711FB00F001
S21403BAB04FF923691BB92B682BB924612C60BDE8A9
S21403BAC0F04100F040B91A6922611C61F6E700F004
S21403BAD02DFA8046FEF7F2F920B14FF495713948F6
S21403BAE0FEF7F6FA6FF000439E4221694BD22B7B9A
S21403BAF008EB0602002B4DD0AB6893424AD1531C89
S21403BB00002949D06169994242D01EB9521AB2F14E
S21403BB10004F3DD9636123696E689C4203D19D2122
S21403BB202848FEF7D5FA2F460023B4420BD0002B45
S21403BB3041D172696169891AB1F1004F32D832690D
S21403BB40374694422CD12269BD420CBF6A603A61E3
S21403BB507BB92669B44203D1B8211A48FEF7B8FA6E
S21403BB603B46012E05D062697169521AB2F1004F45
S21403BB7023D99D420BBF6B681A69236122610CBFF0
S21403BB806C601C6104E0434431B162699342C1D1E5
S21403BB90BDE8F0811346B3E76A6822616C60B9E7D3
S21403BBA01646C6E7A8EB0202B2F1004FC7D93B46DA
S21403BBB037463669B9E71F46F9E733463669D0E7AD
S21403BBC00D4D0200026704000823064A12F8011B03
S21403BBD0814205D0013B13F0FF03F7D118467047A7
S21403BBE001207047B5B404000823064A12F8011B67
S21403BBF0814205D0013B13F0FF03F7D11846704787
S21403BC0001207047ADB4040010B508220749044666
S21403BC10E0F736FFB0FA80F04FF6FF73228940094B
S21403BC2040009A4208BF40F0010010BDC6B40400AD
S21403BC3030B504460D4685B002B9084A1068516807
S21403BC4001AB03C301AB03CB20602046ADF80C5019
S21403BC501B886160238105B030BD00BF90F00300F0
S21403BC60002270B50A4B1C780A4BD5B2AC4202D8F8
S21403BC7000200C7008E01E880132864205D30D7042
S21403BC801B881B1A5842584170BD1233EDE700BF9C
S21403BC90FE620020F85B002010B5164B187860B1E2
S21403BCA0154C2368CBB14FF4707200201349FFF78D
S21403BCB0BDFD2368013B236010BDFFF7FBFC104965
S21403BCC0104A91F90040136884420B4C03F10103B8
S21403BCD013602368B8BF087053B90B4800F0A1FA85
S21403BCE00028E9D1BDE8104001460748FFF7D0BE5B
S21403BCF00822DAE7F1630020B457002099BC03005A
S21403BD00EC630020AC570020646C0020054B1B68D6
S21403BD102BB9054B1868003818BF0120704701205F
S21403BD20704700BFA4570020A057002010B962B682
S21403BD30BFF36F8F7047EFF3108072B670473023F0
S21403BD4083F31188704780F31188BFF36F8F7047B2
S21403BD50EFF31180302383F3118870470020704778
S21403BD604FF4004070474FF47A70704701224178D1
S21403BD7003788A4030214B4341F2100103F1A0437C
S21403BD8003F570335A507047B0F5802F24D010D87F
S21403BD90B0F5003F22D006D828B3B0F5803F14BFD5
S21403BDA0012048207047B0F5403F14BF01202C20E7
S21403BDB07047B0F5302F13D008D8B0F5E02F11D068
S21403BDC0B0F5202F14BF012010207047B0F57F0F69
S21403BDD014BF0120062070474B2070472A20704767
S21403BDE0112070472120704708B570B100F022F883
S21403BDF04FF098435A6CD202FCD5586D10F470205D
S21403BE0004D0BDE80840FFF7BFBF212008BD08B532
S21403BE1028B128220021E0F7E1FD002008BD2120FB
S21403BE20FCE7036A042B9FBF00EB83020133D16058
S21403BE3003627047036A052B14D84FF09842116CBF
S21403BE40C902FCD504339B0013650168103B1160DF
S21403BE504168116050F8081F11604FF09842034480
S21403BE60984200D1704750F8041F1160F8E78368C2
S21403BE7013B9816070475B685A68012AFBD1596021
S21403BE80704709B100F008B822207047012100F07E
S21403BE9046B8002100F043B870B506460D46FFF7D6
S21403BEA057FF04461D2E37D8DFE806F00F18361C5A
S21403BEB01E203622243636362628362A2C2E3036B0
S21403BEC036363634363636363632FEF707F800263A
S21403BED028602046FFF737FF304670BD0120CEF7B7
S21403BEE043FAF4E70320FAE70420F8E70C20F6E722
S21403BEF00220F4E70620F2E70720F0E70820EEE743
S21403BF000520ECE70920EAE70A20E8E70D20E6E744
S21403BF101020E4E70B20E2E700202126D8E70020E4
S21403BF20704708B5FEF7C2F880B208BD08B5FEF73D
S21403BF30BDF808BD704742DE7047704710B962B659
S21403BF40BFF36F8F7047012070472DE9FF410E4600
S21403BF50174698460546A0B10024C461FEF7B6FC12
S21403BF60BDF82C30284602939DF828302246CDE9AA
S21403BF70008331463B46FEF76FFC204604B0BDE81F
S21403BF80F0812220FAE72DE9F0419846002386B097
S21403BF900E46174605468DF81730C0B1C3610DF13E
S21403BFA01701FEF7B5FC9DF8174094B9BDF8343079
S21403BFB0284602939DF830302246CDE90083314669
S21403BFC03B46FEF749FC204606B0BDE8F08122203A
S21403BFD0FAE70320F8E738B5FFF7BAFE054600F0A0
S21403BFE016F804462846FFF7AEFE204638BD4FF047
S21403BFF0B04301285B6904D0022805D1C3F3C0000F
S21403C000704703F0010070470020704770474FF0F9
S21403C010B0439A6A1207FCD4186A7047704708B58B
S21403C020FFF7FCFF00F01DF808BD10B5FFF783FE11
S21403C030012104460846FEF7EBF82046BDE810400B
S21403C040FFF774BE10B5044600F012F82046FAF760
S21403C0508AFF2046F8F7FFF8BDE81040F9F782BCE0
S21403C060704708B5FFF7FCFF08BD0120704770470F
S21403C0700020704730B589B00446ADF806108DF839
S21403C0801020FFF7A1FD05462046FFF7ADFD03464A
S21403C0909DB1BDF80600ABB900F0C8F8FF2808BF8D
S21403C0A000200DF10F038DF80F001A462046049961
S21403C0B00593FEF72FFE09B030BD0028F5D00DF12D
S21403C0C00603F2E700F0B2F8FF280ABF0023034690
S21403C0D018468DF80F30BDF806308DF81800ADF809
S21403C0E01A3006ABE1E7008870470170090A417011
S21403C0F07047012070470120704710B5DFF766FAD6
S21403C1000446D4F71BFB0440D4F7EAFBE4B204402E
S21403C110FFF7EFFF204010BD38B5FEF7C9F9044618
S21403C120DFF766FB04282DD0022808BF44F001047D
S21403C1300025E4B2F7F791FA042825D0022808BFB1
S21403C14044F00104E4B2F8F72EF904281ED00228BE
S21403C15008BF44F00104E4B2F7F7BCFE042817D086
S21403C160022808BF44F00104E4B2FFF7C4FF042822
S21403C17010D0022808BF44F0010485F0010504EA44
S21403C180050038BD0125D5E70125DCE70125E3E7F2
S21403C1900125EAE70020F4E7FF20704708B5FFF71C
S21403C1A0FBFF002008BD08B520B1FFF773FB00F0C6
S21403C1B0010008BD0120FAE708B5FFF75FFBBDE8FD
S21403C1C00840FFF7F0BF008810B1C9B2FFF7ACBB59
S21403C1D070472DE9F041B0F8008006460C46D5B20C
S21403C1E0B8F1000F11D029464046FFF79DFB2246C3
S21403C1F0074629464046FFF7ABFB3A462946204604
S21403C200FFF7A6FB3480BDE8F0810F46F5E703464B
S21403C2101B8808468B4202D00021FFF785BB00200F
S21403C22070470069003818BF012070470020704728
S21403C230F8B506460D46FFF7E7FC0328044621D06B
S21403C2402846FFF7E1FC032807461BD010F002033D
S21403C25018D1A0070DD5F90716D401233C43E207EE
S21403C26004D431892A89914218BF002303F00100C0
S21403C270F8BD082229463046E0F702FCB0FA80F300
S21403C2805B09EBE70020F3E71846F1E770B50D46C8
S21403C29000210646FFF797FF044630B1FFF70CFB75
S21403C2A001462846FFF7C4FF08B1204670BD214665
S21403C2B03046FFF7ACFFEFE707B50DF10701FFF7D1
S21403C2C0CFFC20B19DF8070003B05DF804FBFF2008
S21403C2D0FAE700207047FF207047FF207047FF20D3
S21403C2E070470020704700200021704700207047E9
S21403C2F02DE9F84307460846154688461C469DF82A
S21403C3002090FFF7D9FA4619A4B19EB14046FFF72D
S21403C310EFFA254485420FDC2246B9F1000F06D119
S21403C32031463846E0F704FA0020BDE8F88339467C
S21403C3303046F7E72120F8E71D20F6E70000000067
S21403C340F8B500BFF8BC08BC9E467047F8B500BFFA
S21403C350F8BC08BC9E4670475FF800F0C165002035
S21403C3605FF800F0256500204465766963652074F0
S21403C370797065206368616E6765206465746563BC
S21403C3807465643A202564202D3E2025640D0A003A
S21403C39050726573732064657465637465640D0A0F
S21403C3A0004D756C746920707265737320646574D0
S21403C3B065637465643A2025640D0A0052656C65EE
S21403C3C06173652064657465637465640D0A004C67
S21403C3D06F6E67207072657373206465746563742B
S21403C3E065640D0A0072656C61795F7374617274BB
S21403C3F05F6C61746368696E675F70756C73653ACA
S21403C40020616E6F746865722070756C7365206941
S21403C41073206163746976650D0A0072656C6179D1
S21403C4205F6F6E0D0A0072656C61795F6F66660DED
S21403C4300A0072656C61795F746F67676C650D0AD5
S21403C4400057726974696E6720636F6E666967204A
S21403C450746F206E763A2025730D0A0053697A6549
S21403C4603A2025640D0A004661696C656420746F82
S21403C470207772697465204445564943455F434FA8
S21403C4804E4649475F4441544120746F204E562C14
S21403C490207374617475733A2025642E202862799C
S21403C4A07465733A202564290D0A00737563636502
S21403C4B07373210D0A004661696C656420746F20EE
S21403C4C072656164204E565F4954454D5F44455638
S21403C4D04943455F434F4E4649472C207573696E63
S21403C4E0672064656661756C7420636F6E66696742
S21403C4F020696E73746561642C207374617475733C
S21403C5003A2025642E202862797465733A202564C0
S21403C510290D0A005573696E6720636F6E66696737
S21403C5203A2025642063686172732066726F6D0D0E
S21403C5300A25730D0A0072636F31797A62313B54B0
S21403C54053303034462D4C49444C3B424130753BC6
S21403C550534230753B4944303B425443313B4D3B99
S21403C560004E6574776F726B2073746174757320F5
S21403C5706368616E67656420746F2025640D0A0026
S21403C5804D616E75666163747572657220746F6F44
S21403C590206269670D0A004D6F64656C20746F6FC7
S21403C5A0206269670D0A00496E697469616C697A6D
S21403C5B0696E67205A6967626565207769746820C3
S21403C5C025642073776974636865732C202564205B
S21403C5D072656C6179732C20256420636F766572AF
S21403C5E02073776974636865732C20256420636FF2
S21403C5F0766572730D0A00436F6E66696720706115
S21403C60072736564207375636365737366756C6CA8
S21403C610790D0A00726561642076657273696F6EC0
S21403C62020666F726D206E6577206C6F6361746928
S21403C6306F6E0D0A004661696C656420746F20771F
S21403C64072697465206C6173745365656E566572A2
S21403C65073696F6E20746F204E562C2073743A20C5
S21403C66025640D0A004F6C642076657273696F6EDD
S21403C6703A2025640D0A0043757272656E7420763F
S21403C680657273696F6E3A2025640D0A005245532E
S21403C690455420414C4C210D0A0068616C5F67705D
S21403C6A0696F5F63616C6C6261636B3A2065787473
S21403C6B069206C696E6520256C64207374617475DB
S21403C6C07320256C750D0A0068616C5F6770696F6F
S21403C6D05F63616C6C6261636B3A206E6F20667297
S21403C6E065652045585449206C696E65730D0A00CC
S21403C6F02F776F726B7370616365732F74757961CF
S21403C7002D7A69676265652D7377697463682F731D
S21403C710696C6162735F746F6F6C732F73696D708E
S21403C7206C69636974795F73646B2F2E2E2F2E2EBC
S21403C7302F7372632F73696C6162732F68616C2F3A
S21403C7407A69676265652E630044726F7070696EFE
S21403C75067206F6C64204F544120696D6167652CB8
S21403C7602063757272656E74206F66667365743ABD
S21403C77020256C750A00556E6B6E6F776E20636F9F
S21403C78076657220636F6D6D616E643A2025640D65
S21403C7900A00556E6B6E6F776E20636D642025649A
S21403C7A00D0A00427574746F6E2070726573732081
S21403C7B064657465637465642C20627574206E6F9B
S21403C7C020627574746F6E2069732070726573735C
S21403C7D065640D0A00427574746F6E206C6F6E6725
S21403C7E02070726573732064657465637465642C66
S21403C7F020627574206E6F20627574746F6E206984
S21403C80073206C6F6E6720707265737365640D0AB0
S21403C810004E6F20636F7665722073776974636862
S21403C82020636F6E66696720696E204E562C2075EE
S21403C83073696E672064656661756C74730D0A00B0
S21403C840417474726962757465206368616E6765A6
S21403C850642C2065703A2025642C20636C757374F1
S21403C86065723A2025642C20617474723A2025641C
S21403C8700D0A00506F6C6C20636F6E74726F6C3AA7
S21403C8802073656E64696E6720636865636B2D69E4
S21403C8906E0D0A005A434C20616374697669747995
S21403C8A02C20656E746572696E67206661737420EA
S21403C8B0706F6C6C0D0A00506F6C6C20636F6E7437
S21403C8C0726F6C3A20636865636B2D696E207265C0
S21403C8D073706F6E73652C20666173743D25642CCC
S21403C8E02074696D656F75743D25640D0A00506F7D
S21403C8F06C6C20636F6E74726F6C3A20666173742F
S21403C90020706F6C6C2073746F700D0A00506F6C20
S21403C9106C20636F6E74726F6C3A20736574206C50
S21403C9206F6E6720706F6C6C20696E7465727661CB
S21403C9306C3D256C750D0A00506F6C6C20636F6E32
S21403C94074726F6C3A207365742073686F72742008
S21403C950706F6C6C20696E74657276616C3D2564CD
S21403C9600D0A00506F6C6C20636F6E74726F6C3AB6
S21403C97020636865636B2D696E20696E74657276D5
S21403C980616C207772697474656E3D256C750D0A4B
S21403C99000506F6C6C20636F6E74726F6C3A206914
S21403C9A06E76616C696420636865636B2D696E20BF
S21403C9B0696E74657276616C2C2072657665727426
S21403C9C0696E670D0A00506F6C6C20636F6E74722D
S21403C9D06F6C3A206661737420706F6C6C20746998
S21403C9E06D656F7574207772697474656E3D256422
S21403C9F00D0A00506F6C6C20636F6E74726F6C3A26
S21403CA00206661737420706F6C6C2074696D656F3B
S21403CA1075742C20737769746368696E6720746F06
S21403CA20206C6F6E6720706F6C6C0D0A00556E6B12
S21403CA306E6F776E204C6576656C4374726C2063FC
S21403CA406F6D6D616E643A2025640D0A00556E6B3A
S21403CA506E6F776E204F6E4F666620636F6D6D61E7
S21403CA606E643A2025640D0A00496E646578206179
S21403CA707420777269746520617474723A20256431
S21403CA800D0A004E6F2073776974636820636F6EB8
S21403CA9066696720696E204E562C207573696E672B
S21403CAA02064656661756C74730D0A00496E766161
S21403CAB06C69642072656C61795F696E6465782061
S21403CAC0256420696E204E562C2072657365747437
S21403CAD0696E6720746F2064656661756C740D0AF1
S21403CAE0003E2000556E6B6E6F776E206572726F18
S21403CAF07200496E70757420627566666572206989
S21403CB00732046554C4C004D6178696D756D206EEB
S21403CB10756D626572206F6620617267756D656EEE
S21403CB20747320657863656564656400546865207E
S21403CB30617267756D656E74206973206E6F7420FD
S21403CB40666F726D617474656420636F7272656379
S21403CB50746C7900496E636F7272656374206172D8
S21403CB6067756D656E74207479706500496E636FC2
S21403CB707272656374206E756D626572206F6620CF
S21403CB80617267756D656E7473004E6F20636F6DAB
S21403CB906D616E6420666F756E640075696E7438B9
S21403CBA0002A00756E6B6E6F776E0077696C646330
S21403CBB0617264006865786F707400737472696E6E
S21403CBC0676F70740075696E7433326F70740075B6
S21403CBD0696E7431366F70740075696E74386F7071
S21403CBE0740068657800737472696E670075696EA1
S21403CBF07431360075696E743332002E2E2E200083
S21403CC0068656C70000A25730A25732573002573FF
S21403CC102008002F776F726B7370616365732F74D0
S21403CC207579612D7A69676265652D7377697463B3
S21403CC30682F73696C6162735F746F6F6C732F73A5
S21403CC40696D706C69636974795F73646B2F706C5C
S21403CC506174666F726D2F736572766963652F6C88
S21403CC6065676163795F68616C2F7372632F6261B6
S21403CC7073652D7265706C6163656D656E742E6386
S21403CC80002573203D2025346C7800526573657447
S21403CC902063617573653A205761746368646F67D0
S21403CCA020657870697265642C206E6F2072656CDF
S21403CCB06961626C6520657874726120696E666F5F
S21403CCC0726D6174696F6E0A0052657365742063D2
S21403CCD0617573653A205761746368646F67206390
S21403CCE06175676874207769746820656E68616E1D
S21403CCF063656420696E666F0A00496E73747275A5
S21403CD006374696F6E20616464726573733A202579
S21403CD10346C780A005265736574206361757365B5
S21403CD203A204173736572742025733A256C640A3E
S21403CD300052657365742063617573653A204861B4
S21403CD407264204661756C740A00484653522E5628
S21403CD5045435454424C3A206572726F7220726592
S21403CD606164696E6720766563746F7220746162AE
S21403CD706C6520666F7220616E20657863657074DB
S21403CD80696F6E0A00484653522E464F5243454437
S21403CD903A20636F6E666967757261626C652066BA
S21403CDA061756C7420636F756C64206E6F7420619C
S21403CDB0637469766174650A00484653522E444587
S21403CDC04255474556543A206661756C7420726521
S21403CDD06C6174656420746F206465627567202DCA
S21403CDE020652E672E2C2065786563757465642030
S21403CDF0424B50540A005265736574206361757321
S21403CE00653A204D656D6F7279204D616E61676579
S21403CE106D656E74204661756C740A00496C6C65AA
S21403CE2067616C2061636365737320616464726514
S21403CE3073733A2025346C780A00434653522E25E2
S21403CE40730A0052657365742063617573653A20CF
S21403CE50427573204661756C740A0041646472659A
S21403CE607373206973206F6620616E20696E737416
S21403CE7072756374696F6E2061667465722062757D
S21403CE8073206661756C74206F6363757272656474
S21403CE902C206E6F74207468652063617573652E2D
S21403CEA00A00434653522E286E6F6E6529206C6F18
S21403CEB06164206F722073746F72652061742061E1
S21403CEC06E20696C6C6567616C206164647265735F
S21403CED0730A0052657365742063617573653A203F
S21403CEE05573616765204661756C740A00526573F5
S21403CEF065742063617573653A20446562756720BF
S21403CF004D6F6E69746F72204661756C740A006D9E
S21403CF1061696E005468726561640048616E646C92
S21403CF206572002573206D6F6465207573696E677F
S21403CF3020257320737461636B202825346C782056
S21403CF40746F2025346C78292C205350203D2025DF
S21403CF50346C780A002575206279746573207573BE
S21403CF6065642028257525252920696E20257320CC
S21403CF70737461636B20286F7574206F6620257544
S21403CF8020627974657320746F74616C290A005388
S21403CF9050206973206F7574736964652025732048
S21403CFA0737461636B2072616E6765210A00496E54
S21403CFB07465727275707473206163746976652024
S21403CFC0286F72207072652D656D707465642061BC
S21403CFD06E6420737461636B6564293A0A004E6F4E
S21403CFE020696E74657272757074732061637469F8
S21403CFF076650A000D0A5B4153534552543A25732E
S21403D0003A25645D0D0A004941434356494F4C3A5D
S21403D01020617474656D7074656420696E737472D0
S21403D020756374696F6E2066657463682066726FD5
S21403D0306D2061206E6F2D6578656375746520615C
S21403D040646472657373004441434356494F4C3AD4
S21403D05020617474656D70746564206C6F61642000
S21403D0606F722073746F726520617420616E20691D
S21403D0706C6C6567616C2061646472657373004DE4
S21403D080554E53544B4552523A20756E7374616332
S21403D0906B2066726F6D20657863657074696F6E5A
S21403D0A02072657475726E206361757365642061A2
S21403D0B063636573732076696F6C6174696F6E0062
S21403D0C04D53544B4552523A20737461636B696EE9
S21403D0D0672066726F6D20657863657074696F6E1E
S21403D0E0206361757365642061636365737320767B
S21403D0F0696F6C6174696F6E004D4D415256414CB9
S21403D10049443A204D4D415220636F6E7461696EF7
S21403D110732076616C6964206661756C7420616443
S21403D120647265737300494255534552523A2069F7
S21403D1306E737472756374696F6E2070726566655C
S21403D1407463682063617573656420627573206613
S21403D15061756C74005052454349534552523A2008
S21403D16070726563697365206461746120627573A8
S21403D170206661756C7400494D50524543495345CA
S21403D18052523A20696D70726563697365206461F3
S21403D190746120627573206661756C7400554E5316
S21403D1A0544B4552523A20756E737461636B696EC5
S21403D1B067206F6E20657863657074696F6E207282
S21403D1C0657475726E20636175736564206461743B
S21403D1D06120627573206661756C740053544B4509
S21403D1E052523A20737461636B696E67206F6E20C8
S21403D1F0657863657074696F6E20656E74727920E6
S21403D200636175736564206461746120627573205D
S21403D2106661756C74004246415256414C49443A25
S21403D220204246415220636F6E7461696E732076A6
S21403D230616C6964206661756C74206164647265F0
S21403D240737300554E444546494E5354523A207420
S21403D2507269656420746F206578656375746520EC
S21403D260616E20756E646566696E656420696E73AB
S21403D2707472756374696F6E00494E565354415405
S21403D280453A20696E76616C696420455053522096
S21403D2902D20652E672E2C20747269656420746FAA
S21403D2A02073776974636820746F2041524D206D34
S21403D2B06F646500494E5650433A2065786365703F
S21403D2C074696F6E2072657475726E20696E74650C
S21403D2D0677269747920636865636B732066616936
S21403D2E06C6564004E4F43503A20617474656D70EC
S21403D2F074656420746F2065786563757465206152
S21403D30020636F70726F636573736F7220696E73D9
S21403D3107472756374696F6E00554E414C49474E7F
S21403D32045443A20617474656D7074656420616E5B
S21403D33020756E616C69676E6564206D656D6F72CE
S21403D34079206163636573730044495642595A45AD
S21403D350524F3A20617474656D7074656420746FFF
S21403D36020657865637574652053444956206F724B
S21403D3702055444956207769746820646976697332
S21403D3806F72206F662030002F776F726B73706139
S21403D3906365732F747579612D7A69676265652D88
S21403D3A07377697463682F73696C6162735F746FF4
S21403D3B06F6C732F73696D706C69636974795F73CF
S21403D3C0646B2F706C6174666F726D2F7365727603
S21403D3D06963652F746F6B656E5F6D616E616765FC
S21403D3E0722F6C65676163792F7372632F736C5F3B
S21403D3F0746F6B656E5F6D616E616765722E630039
S21403D4002F776F726B7370616365732F74757961B1
S21403D4102D7A69676265652D7377697463682F7300
S21403D420696C6162735F746F6F6C732F73696D7071
S21403D4306C69636974795F73646B2F706C6174666F
S21403D4406F726D2F736572766963652F746F6B6584
S21403D4506E5F6D616E616765722F6C656761637978
S21403D4602F7372632F736C5F746F6B656E5F6D6182
S21403D4706E75666163747572696E672E63004375B5
S21403D4807272656E7420436F6E6669673A20253044
S21403D490780053657420434341206D6F64652074A0
S21403D4A06F2025643A2025307800656E61626C65CE
S21403D4B0640064697361626C6564006F75742863E5
S21403D4C06C69656E742900696E20287365727665CB
S21403D4D07229004D464720537472696E673A2025B9
S21403D4E073004170704275696C646572204D4647DF
S21403D4F020436F64653A20307825303458006E6FC9
S21403D5006465205B004164646974696F6E616C20B6
S21403D510696E746572666163657300202025643ADC
S21403D520200070616765205B25645D206368616E1B
S21403D530205B25645D20707772205B25645D006E3A
S21403D5406F7420616374697665006572726F72200A
S21403D5503078253038580070616E4944205B307847
S21403D560253034585D206E6F64654944205B3078FF
S21403D570253034585D20007870616E205B3078006B
S21403D580706172656E744944205B30782530345878
S21403D5905D20706172656E7452737369205B2564D7
S21403D5A05D006E6F646554797065205B0053656338
S21403D5B07572697479206C6576656C205B253032EC
S21403D5C0585D006E6574776F726B20737461746553
S21403D5D0205B253032585D200042756666657220F2
S21403D5E062797465733A202564202F2025640045EC
S21403D5F07020636E743A20256400657020256420CD
S21403D6005B656E64706F696E742025732C20646589
S21403D610766963652025735D20006E776B205B2536
S21403D620645D2070726F66696C65205B30782530A8
S21403D63034585D206465764964205B307825303441
S21403D640585D20766572205B3078253032585D0051
S21403D65020202020257320636C75737465723A202E
S21403D66030782530345820004E776B20636E743A3A
S21403D670202564006E776B202564205B25735D0090
S21403D6805072696D617279202870726F29002020AC
S21403D6906E6F646554797065205B30782530325838
S21403D6A05D002020736563757269747950726F66C6
S21403D6B0696C65205B3078253032585D0045502014
S21403D6C025643A20257320004572726F723A202033
S21403D6D0556E6B6E6F776E20656E64706F696E74D1
S21403D6E02E00456E61626C65206576656E742064F7
S21403D6F06562756720696E666F20696E20436F7278
S21403D7006520434C4920636F6D706F6E656E7400C1
S21403D7106F6E6C7920636F6F7264696E61746F727B
S21403D720732063616E20666F726D0A006A6F696E9E
S21403D730203078253038580A006C656176650025F8
S21403D74073203078253032580A0072656A6F696E26
S21403D7500072656A6F696E446966664465766963D6
S21403D7606554797065006578742E2050414E2049C3
S21403D770443A20004E574B206F70656E3A2025754D
S21403D78020736563004E574B20636C6F73656400AC
S21403D79066696E64206A6F696E61626C653A2030F2
S21403D7A078253032580066696E6420756E75736529
S21403D7B0643A20307825303258004368616E6769D2
S21403D7C06E6720746F206368616E6E656C202564D7
S21403D7D03A2030782530325800696E76616C696479
S21403D7E0206E6574776F726B20696E64657800537C
S21403D7F0686F72742049443A203078253034582CA8
S21403D8002045554936343A20002C2050616E204975
S21403D810443A203078253034580053746172746566
S21403D82064206D756C74692D70687920696E7465F3
S21403D8307266616365004661696C656420746F2077
S21403D84025732025732030782530325800546572AE
S21403D8506D696E61746564202573203078253032D7
S21403D86058004B65657020616C697665207375702A
S21403D870706F727420656E61626C65642E006661FB
S21403D880696C656420746F20736574206B656570BE
S21403D89020616C697665206D6F64652E0073756311
S21403D8A06365737366756C6C79207365742074682E
S21403D8B065206368696C642074696D656F75742090
S21403D8C06F7074696F6E206D61736B2E006661698D
S21403D8D06C656420746F20736574207468652063B8
S21403D8E068696C642074696D656F7574206F7074F5
S21403D8F0696F6E206D61736B2E00646973636F7658
S21403D90065720053657276696365202573792064B2
S21403D9106F6E652E004D61746368202573792066EB
S21403D920726F6D203078253034582C206570202592
S21403D93064004E574B2041646472657373207265AE
S21403D94073706F6E73653A2030782530345800490B
S21403D9504545452041646472657373207265737030
S21403D9606F6E73653A20002320207479706520203B
S21403D970206E776B20206C6F6320202072656D20ED
S21403D9802020636C75732020206E6F646520202032
S21403D99065756900202025642020202030782530F6
S21403D9A034582020307825303458202030782530DD
S21403D9B03458203078253034582000736C5F7A69E9
S21403D9C0676265655F6765745F62696E64696E67E3
S21403D9D0204572726F723A203078253038580A0024
S21403D9E02564206F662025642062696E64696E670D
S21403D9F073207573656400656E61626C6564207080
S21403DA0072696E740064697361626C656420707217
S21403DA10696E7400616464206C696E6B206B657953
S21403DA20004552523A2043616C63756C61746564B9
S21403DA302043524320646F6573206E6F74206D61BC
S21403DA40746368004552523A20496E7374616C6C75
S21403DA5020436F6465206D75737420626520382CCF
S21403DA602031302C2031342C206F72203138206244
S21403DA707974657320696E206C656E6774680045FB
S21403DA8052523A204145532D4D4D4F2068617368DD
S21403DA90206661696C65643A203078253032580018
S21403DAA0536574206A6F696E696E67206C696E6B66
S21403DAB0206B6579007365742062696E6420256443
S21403DAC03A2030782530327800454D505459005569
S21403DAD04E494341004D324F4E45004D554C544937
S21403DAE0003F2020202000496E6465782049454584
S21403DAF04520416464726573732020202020202013
S21403DB0020204E574B496E6465782020496E204688
S21403DB1043202020202054544C28732920466C612F
S21403DB2067202020204B65792020202000256420B4
S21403DB3020202020002020256420202020202020B4
S21403DB400020202530385820200020307825303417
S21403DB5058202000496E6465782049454545204194
S21403DB6064647265737320202020202020202049BF
S21403DB706E204643202020202054797065202041C3
S21403DB8075746820204B6579002D20202020200006
S21403DB9025632020202020256320202020200069C4
S21403DBA06573005741524E494E473A20205245412D
S21403DBB044494E47204F46204B45592056414C5525
S21403DBC045532044495341424C4544204259204D35
S21403DBD0464720544F4B454E004E574B204B6579D6
S21403DBE0002573206F75742046433A202530385835
S21403DBF000257320736571206E756D3A2030782585
S21403DC00303258002573206F75742046433A20251A
S21403DC103038780054432025732000257320546140
S21403DC20626C650025642F256420656E74726965D1
S21403DC307320757365642E005472616E7369656E26
S21403DC4074204B657900256420656E7472257320F5
S21403DC50636F6E73756D696E6720256420706163EC
S21403DC606B65742062756666657225732E00574968
S21403DC704C4C0057494C4C204E4F5400547275730D
S21403DC80742043656E74657220257320616C6C6F17
S21403DC90772074727573742063656E746572207270
S21403DCA0656A6F696E73207573696E672077656C36
S21403DCB06C2D6B6E6F776E206B65792E00536574D3
S21403DCC02074696D656F757420666F722054727563
S21403DCD073742043656E7465722072656A6F696E2D
S21403DCE073207573696E672077656C6C2D6B6E6F2A
S21403DCF0776E206C696E6B206B657920746F2025B8
S21403DD0064207365636F6E64732E004552524F52E0
S21403DD103A20002573737461636B206D75737420EA
S21403DD20626520646F776E2E0052656164696E6764
S21403DD3020416C6C6F7765640048617368696E6731
S21403DD40206F6E6C7900736C5F7A69676265655FD6
S21403DD506B65795F73657474696E67735F743A2075
S21403DD603078253034580020205065726D697373FF
S21403DD70696F6E733A202573004572726F723A208C
S21403DD804661696C656420746F2067657420636FF1
S21403DD906E6669672C207374617475733A203078E5
S21403DDA025303858004661696C65643A203078251A
S21403DDB0303858004D73673A20636C75732030789B
S21403DDC0253034582C20636D642030782530325843
S21403DDD02C206C656E202564006275666665723A53
S21403DDE02000454D4245525F002573534543555227
S21403DDF04954595F4C4556454C3A20253032580015
S21403DE0025736572617365206B65792025643A20F6
S21403DE1030782530385800636D64206E6F74206246
S21403DE2075696C74007372632065702025303278D0
S21403DE302C20636C757320253034780073656E640C
S21403DE40696E6720746F206D756C74696361737493
S21403DE502062696E640025733A2065703A20256453
S21403DE602C20636C3A203078253034582C2061748B
S21403DE7074723A20307825303458002C207376722A
S21403DE803A2025630025733A20726561643A203090
S21403DE907825303278002C207376723A2025632C4E
S21403DEA02064747970653A20307825303258004102
S21403DEB07267756D656E7420617420696E6465782B
S21403DEC03A202564206973206F7574206F6620726C
S21403DED0616E676500436F6D6D616E6420616C7281
S21403DEE065616479206275696C742E202043616EC7
S21403DEF06E6F7420736574204D4647207370656398
S21403DF006966696320636F646520666F7220636F5A
S21403DF106D6D616E642E004D464720436F64652029
S21403DF2053657420666F72206E65787420636F6D18
S21403DF306D616E643A203078253034580055736529
S21403DF40204E6578742053657175656E636520533E
S21403DF50657420666F72206E65787420636F6D6DCE
S21403DF60616E643A20307825303258004469736114
S21403DF70626C652044656661756C742052657370C7
S21403DF806F6E73652053657420666F72206E6578B6
S21403DF907420636F6D6D616E643A2030782530327D
S21403DFA058004552523A2072656164696E67206173
S21403DFB07474726962757465202530327800455230
S21403DFC0523A206174747269627574652073697A53
S21403DFD06520256420746F6F206C61726765206608
S21403DFE06F7220627566666572004572726F723A6A
S21403DFF020617474726962757465204944203078B0
S21403E00025303458207265706F727461626C6520B7
S21403E0106368616E67652069732073697A65202576
S21403E02064422C206275742025644220656E7465F4
S21403E0307265640A006E6F20636D64004572726FCA
S21403E040723A20434C492053656E64206661696CBE
S21403E05065642C207374617475733A2030782530A8
S21403E0603858004572726F723A2020455549363447
S21403E07020617267756D656E7420697320656D70B7
S21403E080747920616E64206C6F6F6B757020627993
S21403E090206E6F6465204944206661696C65642E52
S21403E0A00047726F757000556E696361737400552F
S21403E0B06E62696E642025732025733078253032AE
S21403E0C05800526571756573743A20005A444F20A0
S21403E0D073696D706C652064657363207265712067
S21403E0E025303278005A444F206E6F64652064658D
S21403E0F07363207265712025303278005A444F20AE
S21403E1006D6174636820646573632072657120258E
S21403E110303258005573696E67206D79206C6F63D3
S21403E120616C20455549363420666F7220646573EA
S21403E1307420455549363420696E2062696E6469D9
S21403E1406E67005A444F2062696E642072657120C0
S21403E1502530327800636C7573746572206C696D54
S21403E1606974207265616368656400696E76616CC4
S21403E170696420706167653A202564206F722063A6
S21403E18068616E6E656C3A202564004368616E674D
S21403E19065206368616E6E656C2073746174757355
S21403E1A03A20307825303278006475726174696F6E
S21403E1B06E206D75737420626520696E2072616EC1
S21403E1C067652030202D203500636F756E74206DD3
S21403E1D075737420626520696E2072616E676520B0
S21403E1E031202D2038007363616E2073746174755B
S21403E1F07320307825303258006E6574776F726BF3
S21403E200207570646174652073657420737461741B
S21403E210757320307825303258004163746976650B
S21403E220204550207265717565737420737461742C
S21403E23075733A20307825303258004C51492054B3
S21403E24061626C6520726571756573743A20307807
S21403E250253032580042696E64696E6720546162E5
S21403E2606C6520726571756573743A203078253055
S21403E2703258004C65617665202573307825303238
S21403E2805800506F776572204465736372697074C3
S21403E2906F72202573307825303258005573696EB7
S21403E2A067206D79206C6F63616C20455549363461
S21403E2B020666F7220646573742045554936342092
S21403E2C0696E20756E62696E64696E6700526F755B
S21403E2D07465205461626C6520257330782530326E
S21403E2E058002F776F726B7370616365732F747545
S21403E2F079612D7A69676265652D737769746368DA
S21403E3002F73696C6162735F746F6F6C732F7369BD
S21403E3106D706C69636974795F73646B2F70726F69
S21403E320746F636F6C2F7A69676265652F617070AF
S21403E3302F6672616D65776F726B2F636F6D6D6F8E
S21403E3406E2F736C5F7A69676265655F7379737442
S21403E350656D5F636F6D6D6F6E2E630045787465D4
S21403E3606E64656420526573657420696E666F3AE1
S21403E370203078253034582028257329002F776FCE
S21403E380726B7370616365732F747579612D7A6927
S21403E390676265652D7377697463682F73696C614B
S21403E3A062735F746F6F6C732F73696D706C6963E0
S21403E3B06974795F73646B2F70726F746F636F6CBD
S21403E3C02F7A69676265652F6170702F6672616D5B
S21403E3D065776F726B2F636F6D6D6F6E2F7A6967DC
S21403E3E06265655F6170705F6672616D65776F7297
S21403E3F06B5F736C6565702E63005374617920617F
S21403E40077616B65207768656E206E6F74206A6F20
S21403E410696E65643A20257300466F7263656420EF
S21403E42073746179206177616B653A202020202020
S21403E4302020202020257300466F7263696E6720B4
S21403E44064657669636520746F20737461792061EF
S21403E45077616B6500416C6C6F77696E67206465E6
S21403E4607669636520746F20676F20746F20736C02
S21403E470656570002F776F726B7370616365732FBA
S21403E480747579612D7A69676265652D737769742A
S21403E49063682F73696C6162735F746F6F6C732F3D
S21403E4A073696D706C69636974795F73646B2F70DD
S21403E4B0726F746F636F6C2F7A69676265652F611D
S21403E4C070702F6672616D65776F726B2F636F6DF9
S21403E4D06D6F6E2F7A69676265655F737461636BD0
S21403E4E05F736C6565702E630052583A20526573ED
S21403E4F06574546F466163746F72794465666175BB
S21403E5006C747343616C6C6261636B00657A7370E1
S21403E51020636F756E74657273206661696C6564DB
S21403E52020257500657A73702052657365742054D0
S21403E53068726573686F6C64206572726F722025EB
S21403E5407500657A7370205365742054687265731A
S21403E550686F6C64206572726F722025750025756E
S21403E560292025733A2025750053657474696E67F0
S21403E570205468726573686F6C6420636F6D6D6199
S21403E5806E64003F3F3F004D616320527820426334
S21403E590617374004D616320547820426361737421
S21403E5A0004D6163205278205563617374004D619A
S21403E5B063205478205563617374004D616320545F
S21403E5C078205563617374205265747279004D61C7
S21403E5D063205478205563617374204661696C0028
S21403E5E04150532052782042636173740041505364
S21403E5F0205478204263617374004150532052784C
S21403E600205563617374004150532054782055633A
S21403E61061737420537563636573730041505320AD
S21403E620547820556361737420526574727900417F
S21403E6305053205478205563617374204661696C87
S21403E64000526F757465204469736320496E69745C
S21403E6506961746564004E65696768626F7220411C
S21403E66064646564004E65696768626F722052650C
S21403E6706D6F766564004E65696768626F722053D6
S21403E68074616C65004A6F696E20496E64696361E4
S21403E69074696F6E004368696C64204D6F766564B9
S21403E6A000415348204F766572666C6F770041537E
S21403E6B048204672616D65204572726F7200415341
S21403E6C048204F76657272756E204572726F7200BF
S21403E6D04E574B204643204661696C757265004170
S21403E6E05053204643204661696C7572650041535A
S21403E6F04820584F66660041505320556E61757426
S21403E700686F72697A6564204B6579004E574B20B3
S21403E71044656372797074204661696C75726573BB
S21403E72000415053204465637279707420466169D2
S21403E7306C75726573005061636B65742042756611
S21403E74066657220416C6C6F63617465204661690F
S21403E7506C757265730052656C61796564205563E8
S21403E7606173740050687920746F204D41432071A3
S21403E77075657565206C696D69742072656163687B
S21403E7806564005061636B65742056616C696461EF
S21403E79074652064726F7020636F756E74004E57D5
S21403E7A04B207265747279206F766572666C6F772C
S21403E7B000434341204661696C757265730042727B
S21403E7C06F616463617374207461626C652066753F
S21403E7D06C6C00505441204C6F2050726920526577
S21403E7E07100505441204869205072692052657167
S21403E7F000505441204C6F205072692044656E6966
S21403E800656400505441204869205072692044656D
S21403E8106E69656400505441204C6F205072692025
S21403E8205478204162727400505441204869205045
S21403E8307269205478204162727400416464726580
S21403E840737320436F6E666C6963742053656E74CE
S21403E8500043534C205278207363686564756C6577
S21403E860206661696C6564000D0044656275672007
S21403E8707072696E742067726F75702025730A0054
S21403E88057726F6E6720706172616D657465720A88
S21403E890005363686564756C65206D6F7665206EDE
S21403E8A0776B0025732025643A202564004D617834
S21403E8B0206D6F7665206C696D697420726561637F
S21403E8C0686564206E776B2025643A2025640045CE
S21403E8D06E642044657669636520506F6C6C2049CE
S21403E8E06E666F726D6174696F6E00454D42455278
S21403E8F05F454E445F4445564943455F54494D453D
S21403E9004F55543A20202020202020256400506FA5
S21403E9106C6C20636F6D706C657465642063616CEA
S21403E9206C6261636B3A2025730020204375727214
S21403E930656E7420506F6C6C20496E7465727661D8
S21403E9406C20287173293A202020256C640020202F
S21403E9504C6F6E6720506F6C6C20496E74657276D0
S21403E960616C20287173293A202020202020256CF2
S21403E9706400202053686F727420506F6C6C2049BB
S21403E9806E74657276616C20287173293A20202094
S21403E9902020256C6400202057616B652054696D28
S21403E9A0656F757420287173293A20202020202053
S21403E9B0202020202020256C6400202057616B65D2
S21403E9C02054696D656F7574204269746D61736B4D
S21403E9D03A20202020202020202030782530385848
S21403E9E000202043757272656E7420417070205447
S21403E9F061736B733A2020202020202020202020C3
S21403EA002030782530385800202043757272656EA2
S21403EA107420506F6C6C20436F6E74726F6C202082
S21403EA2020202020202020202573002020446566F7
S21403EA3061756C7420506F6C6C20436F6E74726FCC
S21403EA406C20202020202020202020257300466FC5
S21403EA507263696E672064657669636520746F20E8
S21403EA6073686F727420706F6C6C00416C6C6F7798
S21403EA70696E672064657669636520746F206C6FC2
S21403EA806E6720706F6C6C00534C5F5A4947424563
S21403EA90455F41465F4C4F4E475F504F4C4C0053CB
S21403EAA04C5F5A49474245455F41465F53484F527C
S21403EAB0545F504F4C4C00706F6C6C206E776B201D
S21403EAC025643A203078253032580046696E642033
S21403EAD0616E642042696E6420496E69746961746C
S21403EAE06F723A20436F6D706C6574653A203078A8
S21403EAF025303258005374617274207461726765EE
S21403EB00740046696E6420616E642042696E6420F8
S21403EB105461726765740025733A2025733A203072
S21403EB20782530325800467261676D656E7461747D
S21403EB30696F6E2052582077696E646F7720736909
S21403EB407A652073657420746F202564002F776FB1
S21403EB50726B7370616365732F747579612D7A694F
S21403EB60676265652D7377697463682F73696C6173
S21403EB7062735F746F6F6C732F73696D706C696308
S21403EB806974795F73646B2F70726F746F636F6CE5
S21403EB902F7A69676265652F6170702F6672616D83
S21403EBA065776F726B2F706C7567696E2F6672610F
S21403EBB0676D656E746174696F6E2F667261676DDB
S21403EBC0656E746174696F6E2E630052583A204105
S21403EBD0646447726F7570526573706F6E736520E9
S21403EBE03078253032582C2030782530345800526F
S21403EBF0583A205669657747726F75705265737019
S21403EC006F6E7365203078253032582C2030782587
S21403EC103034582C20220052583A204765744772E5
S21403EC206F75704D656D6265727368697052657352
S21403EC30706F6E7365203078253032582C2030780C
S21403EC40253032582C00205B3078253034585D0050
S21403EC5052583A2052656D6F766547726F757052DB
S21403EC606573706F6E7365203078253032582C20AC
S21403EC703078253034580065705B253032585D2077
S21403EC8069645B253034585D00436C656172696E58
S21403EC906720616C6C2067726F7570732E00455227
S21403ECA0523A204661696C656420746F206372650E
S21403ECB06174652062696E64696E67202830782502
S21403ECC030325829004552523A2042696E64696EC2
S21403ECD067207461626C652069732066756C6C00CE
S21403ECE04552523A2077726974696E67206E616D79
S21403ECF06520737570706F72742025303258005219
S21403ED00583A2041646447726F7570203078253016
S21403ED1034582C20220075760052583A20566965DE
S21403ED207747726F757020307825303458007576C3
S21403ED307300766965775F67726F75700047726FE9
S21403ED407570733A206661696C656420746F20730E
S21403ED50656E6420257320726573706F6E73653AF3
S21403ED6020307825303258006765745F67726F7598
S21403ED70705F6D656D626572736869702072657326
S21403ED80706F6E73650064656661756C745F72653B
S21403ED9073706F6E73650052583A204765744772F6
S21403EDA06F75704D656D6265727368697020307833
S21403EDB0253032582C007575620047726F75707374
S21403EDC03A206661696C656420746F2073656E64AF
S21403EDD02025733A203078253032580052583A208E
S21403EDE052656D6F766547726F7570203078253083
S21403EDF03458004552523A204661696C6564207463
S21403EE006F2064656C6574652062696E64696E67FD
S21403EE102028307825303258290072656D6F766564
S21403EE205F67726F75700052583A2052656D6F7641
S21403EE3065416C6C47726F7570730052583A204187
S21403EE40646447726F757049664964656E74696673
S21403EE5079696E67203078253034582C2022004399
S21403EE6068616E6E656C206E6F742076616C696483
S21403EE703A20256400616464005072696D6172799A
S21403EE80002573206D61736B206E6F7720307825B5
S21403EE90303858005365636F6E64617279004D6154
S21403EEA0736B206E6F742076616C69643A202564F8
S21403EEB0007072696D617279007365636F6E646169
S21403EEC072790025733A20536574202573206D618B
S21403EED0736B20746F203078253038580053746174
S21403EEE07475730025733A2025733A004368616E80
S21403EEF06E656C206D61736B3A00202020202831EC
S21403EF002920307825303858205B00202020202800
S21403EF10322920307825303858205B0053746174CA
S21403EF20653A203078253032582028257329004347
S21403EF30757272656E74206368616E6E656C3A20D6
S21403EF40256400546F74616C20626561636F6E7331
S21403EF503A202564004A6F696E20617474656D708B
S21403EF6074733A202564004E6574776F726B207352
S21403EF70746174653A203078253032580053746FC4
S21403EF80700025732053746F702E2020436C6561C8
S21403EF906E696E672075702E0042726F61646361DE
S21403EFA07374696E67207065726D6974206A6F6921
S21403EFB06E0054727573742063656E746572206C8C
S21403EFC0696E6B206B657920757064617465207358
S21403EFD074617475730025733A205741524E494E37
S21403EFE0473A20736C5F7A69676265655F73657419
S21403EFF05F696E697469616C5F7365637572697462
S21403F000795F7374617465206661696C65642E202C
S21403F010436F6E74696E75696E6720776974686F7F
S21403F020757420696E7374616C6C20636F64652EEF
S21403F030004572726F723A20696E7374616C6C204D
S21403F040636F6465207365747570206661696C65AB
S21403F050642E20497320616E20696E7374616C6C34
S21403F06020636F646520666C6173686564206F6EE9
S21403F070746F20746865206465766963653F00D0A5
S21403F080D1D2D3D4D5D6D7D8D9DADBDCDDDEDF00D0
S21403F090FFFFFFFFFFFFFFFF005A696742656541F9
S21403F0A06C6C69616E636530390025733A20697349
S21403F0B07375696E67207363616E206F6E202573A8
S21403F0C0206368616E6E656C7320286D61736B20B8
S21403F0D03078253038582900257320697320616CF1
S21403F0E0726561647920696E2070726F67726573EA
S21403F0F073005374617274004578616D696E696E4E
S21403F1006720626561636F6E206F6E206368616E51
S21403F1106E656C20256420776974682070616E497B
S21403F120642030782530345800546869732062654B
S21403F13061636F6E206973206E6F742070617274E2
S21403F140206F66207468652063757272656E74201E
S21403F1506368616E6E656C206D61736B2028307812
S21403F16025303858292E2047657474696E67206EDB
S21403F17065787420626561636F6E2077686F736568
S21403F180206368616E6E656C206269746D61736B73
S21403F190206973207365742E004572726F723A206D
S21403F1A0257320636F756C64206E6F7420617474AE
S21403F1B0656D7074206A6F696E3A20307825303238
S21403F1C058004E6F20626561636F6E73206C6566D0
S21403F1D074206F6E2063757272656E74206D617332
S21403F1E06B2E204D6F76696E6720746F206E657880
S21403F1F074207374617465002573206A6F696E6981
S21403F2006E6720307825303458206F6E206368612F
S21403F2106E6E656C202564002573205374617465D7
S21403F2203A202573004572726F723A202573206365
S21403F2306F756C64206E6F742073657475702073BD
S21403F240656375726974793A2030782530325800D0
S21403F2504572726F723A205363616E20636F6D70EE
S21403F2606C6574652068616E646C65722072657483
S21403F27075726E6564203078253032580025732009
S21403F2807363616E20636F6D706C6574652E2042C8
S21403F2906561636F6E732068656172643A202564E6
S21403F2A000257320737461636B20737461747573C4
S21403F2B020307825303258002573206E6574776FBA
S21403F2C0726B206A6F696E65642E002573207472F4
S21403F2D079696E67206E657874206E6574776F72D1
S21403F2E06B2E004E6F6E65005363616E205072691D
S21403F2F06D617279204368616E6E656C7320616E12
S21403F300642075736520436F6E66696775726564FE
S21403F310204B6579005363616E205072696D61728C
S21403F32079204368616E6E656C7320616E64207528
S21403F330736520496E7374616C6C20436F6465005B
S21403F3405363616E205072696D6172792043686100
S21403F3506E6E656C7320616E64205573652043651D
S21403F3606E7472616C697A6564204B6579005363C9
S21403F370616E205072696D617279204368616E6EAA
S21403F380656C7320616E64205573652044697374DD
S21403F39072696275746564204B6579005363616EA8
S21403F3A0205365636F6E64617279204368616E6E85
S21403F3B0656C7320616E642075736520436F6E669B
S21403F3C0696775726564204B6579005363616E20C7
S21403F3D05365636F6E64617279204368616E6E6510
S21403F3E06C7320616E642075736520496E73746157
S21403F3F06C6C20436F6465005363616E20536563D2
S21403F4006F6E64617279204368616E6E656C7320FB
S21403F410616E64205573652043656E7472616C6912
S21403F4207A6564204B6579005363616E2053656388
S21403F4306F6E64617279204368616E6E656C7320CB
S21403F440616E6420557365204469737472696275CE
S21403F450746564204B6579005363616E205072694E
S21403F4606D617279204368616E6E656C7320616EA0
S21403F470642055736520416C6C204B657973202896
S21403F480696E7374616C6C20636F64652C206365AE
S21403F4906E7472616C697A65642C20646973747225
S21403F4A069627574656429005363616E20536563EE
S21403F4B06F6E64617279204368616E6E656C73204B
S21403F4C0616E642055736520416C6C204B657973BF
S21403F4D02028696E7374616C6C20636F64652C20DE
S21403F4E063656E7472616C697A65642C20646973F3
S21403F4F0747269627574656429004F6E2F4F666671
S21403F500207365742076616C75653A202530325811
S21403F5102025303258004552523A2072656164699C
S21403F5206E67206F6E2F6F66662025303258004F49
S21403F5306E2F6F666620616C7265616479207365F1
S21403F5407420746F206E65772076616C7565005441
S21403F5506F67676C65206F6E2F6F66662066726FC7
S21403F5606D202530325820746F20253032580045E0
S21403F57052523A2077726974696E67206F6E2F6FE6
S21403F5806666202530325800496E7374616C6C656C
S21403F590642054797065202842617365293A2020D7
S21403F5A0307825303258004361706162696C697443
S21403F5B06965733A20202020202020202020203038
S21403F5C0782530345800426F6F746C6F61646572CF
S21403F5D02056657273696F6E3A202020202030789B
S21403F5E0253034580053656375726520426F6F7417
S21403F5F06C6F61646572204B65793A202020202069
S21403F6002000426F6F746C6F6164696E6720666179
S21403F610696C65642100446F776E6C6F6164206665
S21403F62061696C65642E0044656C6574696E672059
S21403F6306661696C656420646F776E6C6F61642CB9
S21403F640207374617475733A20307825303258000D
S21403F650496D61676520646F6573206E6F74206300
S21403F6606F6E7461696E20616E2055706772616497
S21403F6706520496D616765205461672028307825C9
S21403F680303458292E20536B697070696E67207565
S21403F6907067726164652E00457865637574696E7C
S21403F6A06720626F6F746C6F61642063616C6C6259
S21403F6B061636B2E005374617274696E67204542F2
S21403F6C04C20766572696669636174696F6E00457E
S21403F6D0424C206661696C6564207665726966696A
S21403F6E0636174696F6E2E0045424C2070617373BC
S21403F6F0656420766572696669636174696F6E2EE8
S21403F700002573696E67204F544120636C69656EEC
S21403F71074207374617465206D616368696E650037
S21403F72073746F7070004572726F723A204E6F205A
S21403F730696D61676520617420696E64657820254C
S21403F74064004E6F7420737570706F727465642EE8
S21403F75000436C69656E7420696D61676520717519
S21403F76065727920696E666F004D616E7566204915
S21403F770443A2020202020202020203078253034B2
S21403F7805800496D61676520547970652049443A8D
S21403F7902020202030782530345800437572726557
S21403F7A06E742056657273696F6E3A202030782522
S21403F7B03038580048617264776172652056657206
S21403F7C073696F6E3A20004E410051756572792059
S21403F7D044656C6179206D733A2020202020202018
S21403F7E02020202020256C640053657276657220E5
S21403F7F0446973636F766572792044656C6179201A
S21403F8006D733A20256C6400446F776E6C6F616489
S21403F8102044656C6179206D733A202020202020D7
S21403F820202020256C640052756E20557067726127
S21403F83064652044656C6179206D733A202020202E
S21403F8402020256C64005665726966792044656CD1
S21403F8506179206D733A202020202020202020204C
S21403F86020256C6400446F776E6C6F61642045726C
S21403F870726F72205468726573686F6C643A2020E6
S21403F880256400557067726164652057616974204A
S21403F8905468726573686F6C643A20202020256470
S21403F8A0004F544120446F776E6772616465733A04
S21403F8B02044697361626C6564004F544120446F51
S21403F8C0776E6772616465733A20456E61626C6534
S21403F8D06400426F6F746C6F616420737461746547
S21403F8E03A20257300496E76616C69642045502082
S21403F8F02564207768656E20747279696E67207454
S21403F9006F2073656E64204F5441206D6573736179
S21403F91067652E0053656E64696E6720557067725F
S21403F92061646520456E6420726571756573742E17
S21403F930004572726F723A20204661696C656420D6
S21403F940746F2073656E64204F544120636F6D6D32
S21403F950616E64203078253032582C2073746174BD
S21403F96075733A20307825303258005365727665C1
S21403F9707220756E6B6E6F776E2C2066616C6C6989
S21403F9806E67206261636B20746F20646973636FB4
S21403F990766572792E004D6178696D756D20717587
S21403F9A0657279206572726F727320686974202895
S21403F9B02564292C207374617274696E67207365DD
S21403F9C06172636820666F72206E6577204F5441BC
S21403F9D0207365727665722E0A004170706C7969C1
S21403F9E06E6720757067726164650025733A2069D7
S21403F9F06E76616C6964206F6666736574206375E2
S21403FA007272656E7454696D65283078253038587F
S21403FA1029203E207570677261646554696D652898
S21403FA2030782530385829004F544120436C75737D
S21403FA307465723A207761697420666F7220256454
S21403FA40207300525865642074696D654F75742081
S21403FA5030782530385820732C204D41582074694F
S21403FA606D654F7574203078253038582073004DF7
S21403FA706178696D756D2075706772616465207253
S21403FA8065717565737473206D61646520282564DC
S21403FA902920776974686F757420726573706F6E4A
S21403FAA073652066726F6D207365727665722E00BD
S21403FAB0557067726164696E6720616E79776179E4
S21403FAC0004F5441205365727669636520646973F9
S21403FAD0636F766572792070726576656E74656499
S21403FAE0202D20616E6F7468657220697320616CC7
S21403FAF0726561647920696E2070726F67726573D0
S21403FB0073004661696C656420746F20696E69745E
S21403FB1069617465207365727669636520646973C9
S21403FB20636F766572792E004F5441205365727663
S21403FB3069636520446973636F7665727920696EBD
S21403FB402070726F677265737300436C69656E74B9
S21403FB5020766572696669636174696F6E20666193
S21403FB60696C65642E005369676E6174757265000F
S21403FB70437573746F6D00706173736564004641FB
S21403FB80494C4544004E6F207369676E6174757205
S21403FB906520766572696669636174696F6E207342
S21403FBA07570706F72742C20617373756D696E67F0
S21403FBB020696D616765206973206F6B61792E001C
S21403FBC0257320766572696669636174696F6E2052
S21403FBD025733A20307825303258004D6178696DA8
S21403FBE0756D206E756D626572206F6620646F7723
S21403FBF06E6C6F6164206572726F727320726561DA
S21403FC00636820282564292C2061626F7274696EEC
S21403FC10672E004F544120436C75737465723A2007
S21403FC2073657474696E672049454545206164644D
S21403FC3072657373206F66204F544120636C75732F
S21403FC40746572005061727469616C2066696C65D4
S21403FC5020646F776E6C6F616420666F756E642CBC
S21403FC6020636F6E74696E75696E672066726F6D5A
S21403FC70206F6666736574203078253038580046E2
S21403FC806F756E642066756C6C7920646F776E6C26
S21403FC906F616465642066696C6520696E207374A1
S21403FCA06F72616765202876657273696F6E2030A0
S21403FCB07825303858292E00466F756E642066699D
S21403FCC06C6520696E2073746F726167652077694F
S21403FCD0746820646966666572656E7420766572FC
S21403FCE073696F6E20283078253038582920746859
S21403FCF0616E2063757272656E74207665727369C1
S21403FD006F6E2028307825303858290046696C6590
S21403FD1020696E2073746F72616765206973207340
S21403FD20616D652061732063757272656E742072EF
S21403FD30756E6E696E672076657273696F6E2028BE
S21403FD4030782530385829004E6F20696D61676515
S21403FD5020666F756E6420696E2073746F726167B8
S21403FD60652E004F544120536572766963652044BF
S21403FD706973636F7665727920756E626C6F636BF9
S21403FD8065640049676E6F72696E67207365727685
S21403FD9065722066726F6D206C6F6F706261636B45
S21403FDA020616464726573730049676E6F72696E6F
S21403FDB06720307825303458204F544120736572BD
S21403FDC076657220696E20736561726368206F665C
S21403FDD02054430053657474696E67204F54412062
S21403FDE053657276657220746F20307825303458E8
S21403FDF00044656C6179696E6720256420736563CA
S21403FE006F6E6473206265666F72652073746172C9
S21403FE1074696E67204F544120636C69656E740085
S21403FE2054696D656F75742077616974696E6720B0
S21403FE30666F72206D6573736167652E0042616439
S21403FE40204F544120636F6D6D616E643A203078A5
S21403FE5025303258004F544120636F6D6D616E64D8
S21403FE602030782530325820746F6F2073686F7295
S21403FE707420286C656E202564203C206D696E20F6
S21403FE80256429004F544120636F6D6D616E6420B5
S21403FE9066726F6D20756E7265636F676E697A65DD
S21403FEA06420736572766572203078253034582E58
S21403FEB020204D79204F5441207365727665723A3F
S21403FEC02030782530345800496D616765204E6FC1
S21403FED07469667900476F7420756E65787065631C
S21403FEE07465642025732E20205374617274206415
S21403FEF06973636F766572792E0064656661756CE7
S21403FF0074004F54413A206661696C656420746FCF
S21403FF102073656E6420257320726573706F6E732D
S21403FF20653A2030782530325800496D6167652080
S21403FF306E6F7469667900476F7420756E657870A6
S21403FF4065637465642025732E202049676E6F727F
S21403FF5065642E004F54413A2044656661756C749F
S21403FF6020726573706F6E736520666F7220496DBD
S21403FF70616765206E6F746966792C20737461748B
S21403FF8075732030782530325800496D61676520D7
S21403FF906E6F7469667920636F6D6D616E6400259C
S21403FFA07320756E69636173742C2071756572793D
S21403FFB0696E6700496E76616C6964002573202557
S21403FFC073207061796C6F6164207479706520307A
S21403FFD078253032580025732025733A206F7574C0
S21403FFE0206F662072616E6765206A697474657235
S21403FFF02025640025732025733A207061796C6F81
S2140400006164206C656E67746820646F65736E2720
S21404001074206D6174636820747970652030782567
S21404002030325820282564203C2025642900257376
S2140400302025732064756520746F206E6F6E2D6D99
S21404004061746368696E67206D616E75666163745A
S21404005075726572204944002573202573206475E3
S2140400606520746F206E6F6E2D6D61746368696EA3
S2140400706720696D6167652074797065204944005E
S21404008025732025732064756520746F206D617454
S2140400906368696E67206669726D7761726520763B
S2140400A0657273696F6E0025732025732C20527851
S2140400B02764204A697474657220283078253032A3
S2140400C058292C205069636B6564204A69747465EA
S2140400D07220283078253032582900517565727997
S2140400E0206E65787420696D61676520726573702B
S2140400F06F6E73650025732072657475726E656421
S214040100203078253032582E20204E6F206E6577AA
S21404011020696D61676520746F20646F776E6C6FFD
S21404012061642E00257320746F6F2073686F727479
S21404013020282564203C202564290025733A204E77
S214040140657720696D6167652069732061766169EA
S2140401506C61626C6520666F7220646F776E6C6F7C
S21404016061642E002573206973206E6F7420757386
S214040170696E67206D7920696D61676520696E66B2
S2140401806F2E004552524F523A204E6578742049DD
S2140401906D61676520697320746F6F2062696720DC
S2140401A0746F2073746F7265202830782530385841
S2140401B0203E203078253038582900257320726573
S2140401C07475726E65642073616D652046696C652E
S2140401D056657273696F6E206173206375727265FB
S2140401E06E746C7920696E7374616C6C65642E0031
S2140401F04F544120446F776E677261646573204480
S214040200697361626C65643A2046696C655665720A
S21404021073696F6E20626568696E642063757272B6
S214040220656E7420696E7374616C6C6174696F6E4C
S214040230005374617274696E6720646F776E6C6FB6
S21404024061642C2056657273696F6E203078253091
S2140402503858004572726F723A204661696C65645C
S21404026020746F2064656C65746520696D616765CC
S2140402702E004572726F723A204661696C6564207E
S214040280746F206572617365206F6C642074656D8D
S2140402907020646174612E00496D61676520626C2C
S2140402A06F636B20726573706F6E7365004F544195
S2140402B03A20496D616765426C6F636B5265706F77
S2140402C06E736520636F6E7461696E7320696E76F3
S2140402D0616C6964206F7220696E636F6D706C6503
S2140402E074652064617461005570646174696E6736
S2140402F0204D696E20426C6F636B20526571756584
S214040300737420506572696F6420746F20256420AE
S2140403106D7300446F776E6C6F61642064656C6106
S2140403207920627920736572766572202564206D63
S2140403307300446F776E6C6F61642061626F7274D1
S2140403406564206279207365727665722E00536543
S2140403507276657220646F65736E27742073757089
S214040360706F72742070616765207265717565734D
S214040370742C206F6E6C79207573696E6720626CBE
S2140403806F636B20726571756573742E00536572A6
S2140403907665722072657475726E65642027756E54
S2140403A0737570706F7274656420636C75737465AE
S2140403B07220636F6D6D616E64272E00556E6B6ED2
S2140403C06F776E2025732073746174757320636F62
S2140403D064652030782530325800257320686173B0
S2140403E020646174612073697A6520282564292055
S2140403F0736D616C6C6572207468616E20616374E1
S21404040075616C207061636B65742073697A65200E
S214040410282564292E002573206572726F723A208F
S2140404204578706563746564206F666673657420CA
S2140404303078253038582C2062757420676F742005
S2140404403078253038582E202049676E6F72696ED2
S2140404506700257320696E666F20646964206E6F7A
S21404046074206D61746368206D79206578706563A7
S21404047074656420696E666F2E202044726F7070F7
S214040480696E672E004661696C656420746F207718
S2140404907269746520746F2073746F726167652067
S2140404A06465766963652100446F776E6C6F61647A
S2140404B0005570677261646520656E6420726573AA
S2140404C0706F6E7365005365727665722061626F35
S2140404D07274656420757067726164652C20737429
S2140404E0617475733A20307825303258004572723C
S2140404F06F723A2025732068616420696E76616C99
S21404050069642025733A200066696C6520766572F6
S21404051073696F6E00416464696E67202564206D9C
S214040520732E2064656C617920666F7220696D6D28
S21404053065646961746520757067726164652E0010
S214040540436F756E74646F776E20746F2075706772
S214040550726164653A202564206D730020537461CB
S21404056074653A2020202573002057616974696EEB
S2140405706720666F7220726573706F6E73653A20BB
S214040580257300204E657874204576656E74205475
S214040590696D65723A202564206D73002043757278
S2140405A072656E7420446F776E6C6F6164204F665C
S2140405B0667365743A2030782530385820282564C8
S2140405C02525290025733A206661696C65642070C8
S2140405D0617273696E67204F544120636D642030E6
S2140405E07825303258004F54412044656661756C56
S2140405F07420726573706F6E736520746F20636FFA
S2140406006D6D616E64204944203078253032582C54
S214040610207374617475732030782530325800491D
S2140406206D61676520626C6F636B207265717565BA
S21404063073742074657374206F6E6C7920776F7290
S2140406406B73207768656E207374617465206973B4
S21404065020424F4F544C4F41445F53544154455FDE
S2140406604E4F4E450052616E646F6D2044656C615A
S21404067079206265666F72652073746172740044D3
S2140406806973636F766572696E67204F54412053B1
S214040690657276657200476574204F544120536531
S2140406A07276657220455549004F627461696E2002
S2140406B06C696E6B206B6579005175657279696E2D
S2140406C067204E65787420496D61676500446F77CE
S2140406D06E6C6F6164696E6720496D61676500566C
S2140406E06572696679696E6720496D61676500574A
S2140406F0616974696E6720666F72205570677261EF
S2140407006465206D65737361676500436F756E7409
S214040710646F776E20746F2055706772616465002D
S21404072057616974696E6720746F207570677261AB
S214040730646520766961206F75742D6F662D62611D
S2140407406E64206D656368616E69736D0025733A27
S214040750202564252520636F6D706C6574650049DB
S2140407606D6167652025640020204552524F523A39
S21404077020436F756C64206E6F7420676574206602
S214040780756C6C206865616465722100202048657C
S214040790616465722056657273696F6E3A203078AC
S2140407A025303458002020486561646572204C6505
S2140407B06E6774683A202025642062797465730035
S2140407C020204669656C6420436F6E74726F6C3AC1
S2140407D020203078253034580020204D616E756610
S2140407E02049443A20202020202020307825303408
S2140407F058002020496D61676520547970653A2059
S2140408002020202030782530345800202056657269
S21404081073696F6E3A20202020202020203078250F
S2140408203038580020205A6967626565205665721C
S21404083073696F6E3A20307825303458002020488B
S214040840656164657220537472696E673A20202568
S21404085073002020496D6167652053697A653A20E4
S21404086020202020256C6420627974657300202083
S214040870536563757269747920437265643A2020FF
S21404088030782530325800202055706772616465D0
S21404089020446573743A2020200020204D696E2E73
S2140408A0204857205665723A20202020307825307C
S2140408B034580020204D61782E2048572056657203
S2140408C03A20202020307825303458002020546FD9
S2140408D074616C20546167733A20256400202020DC
S2140408E0205461673A203078253034580020202080
S2140408F02020204C656E6774683A20256C64004599
S21404090072726F723A20436F756C64206E6F742037
S2140409106F627461696E2074616720696E666F2009
S21404092066726F6D20696D6167652E000A25642006
S214040930696D6167657320696E204F544120737436
S2140409406F726167652E00496D6167652064656C2A
S21404095065746525732E004572726F723A202043C3
S2140409606F756C64206E6F74207265616420626CAF
S2140409706F636B3A203078253032582E0A00537451
S214040980617274696E672065726173652066726F42
S2140409906D206F666673657420307825303858206D
S2140409A0746F2030782530385800436F756C642097
S2140409B06E6F7420737461727420455241534521DE
S2140409C020283078253032582900454550524F4D5E
S2140409D020457261736520636F6D706C6574650085
S2140409E02F776F726B7370616365732F747579619B
S2140409F02D7A69676265652D7377697463682F73EA
S214040A00696C6162735F746F6F6C732F73696D705A
S214040A106C69636974795F73646B2F70726F746F3B
S214040A20636F6C2F7A69676265652F6170702F66D5
S214040A3072616D65776F726B2F706C7567696E2F58
S214040A406F74612D73746F726167652D73696D7051
S214040A506C652D656570726F6D2F6F74612D737480
S214040A606F726167652D656570726F6D2D70616755
S214040A70652D65726173652E63002F776F726B73D5
S214040A8070616365732F747579612D7A6967626521
S214040A90652D7377697463682F73696C6162735F1D
S214040AA0746F6F6C732F73696D706C696369747996
S214040AB05F73646B2F70726F746F636F6C2F7A69D9
S214040AC0676265652F6170702F6672616D65776FFA
S214040AD0726B2F706C7567696E2F6F74612D7374EB
S214040AE06F726167652D73696D706C652D656570D1
S214040AF0726F6D2F6F74612D73746F726167652DDD
S214040B00656570726F6D2E63004F54412053696D96
S214040B10706C652053746F7261676520454550524A
S214040B204F4D207761726E696E673A20636F756CFD
S214040B3064206E6F742067657420736C6F7420690C
S214040B406E666F20666F7220736C6F742025642047
S214040B50286572726F7220307825303258292E201C
S214040B6044656661756C74696E6720746F20737073
S214040B70656369666965642061646472657373207D
S214040B806F6666736574730053746F72616765206D
S214040B904472697665723A20202020202020202086
S214040BA0202020204F54412053696D706C652053DB
S214040BB0746F7261676520454550524F4D20506CE6
S214040BC07567696E0052656164204D6F6469667965
S214040BD020577269746520537570706F72743A206A
S214040BE0206E6F00534F4320426F6F746C6F6164C6
S214040BF0696E6720537570706F72743A20202020D7
S214040C0079657300426F6F746C6F6164657220530C
S214040C10746F7261676520537570706F72743A20D2
S214040C2055736520666972737420736C6F74005311
S214040C306C6F7420746F207573653A202020202012
S214040C4020202020202020202020202564004375FA
S214040C507272656E7420446F776E6C6F6164204F99
S214040C6066667365743A202020203078253038581C
S214040C700045424C205374617274204F6666736557
S214040C80743A202020202020202020202030782580
S214040C9030385800454550524F4D20537461727495
S214040CA03A20202020202020202020202020202021
S214040CB030782530385800454550524F4D20456E03
S214040CC0643A2020202020202020202020202020BD
S214040CD020202030782530385800496D616765201B
S214040CE0496E666F2053746172743A202020202067
S214040CF02020202020203078253038580053617674
S214040D0065205261746520286279746573292020F1
S214040D10202020202020202020307825303858001D
S214040D204F6666736574206F6620646F776E6C6FAB
S214040D306164206F666673657420202030782530E1
S214040D403858004F6666736574206F662045424CBB
S214040D50206F66667365743A202020202020203099
S214040D607825303858004F6666736574206F6620A1
S214040D70696D6167652073746172743A202020205F
S214040D80202030782530385800736C5F7A696762A3
S214040D9065655F61665F6F74615F73746F726167C8
S214040DA0655F6472697665725F726561645F6362CB
S214040DB02829206661696C65642100426164206D9F
S214040DC061676963206E756D62657220696E206660
S214040DD0696C653A203078253032582030782530D2
S214040DE03258203078253032582030782530325822
S214040DF0004261642076657273696F6E20696E20A6
S214040E0066696C6520307825303458004572726FF8
S214040E10723A2072656164416E6456616C696461FD
S214040E20746553746F726564496D6167652829201B
S214040E30747269656420746F2072656164206D6FD6
S214040E4072652064617461207468616E2069742020
S214040E50636F756C6420686F6C642E00736C5F7AC5
S214040E6069676265655F61665F6F74615F73746FFF
S214040E70726167655F6472697665725F72656164E4
S214040E805F63622829204641494C454421004C6151
S214040E907374206F666673657420646F776E6C6F08
S214040EA0616465643A203078253038580053746F8E
S214040EB072616765204D6F64756C653A204F5441C6
S214040EC02053696D706C652053746F72616765207A
S214040ED0506C7567696E00496D616765732053745D
S214040EE06F7265643A20202564206F6620310A00FC
S214040EF0253032583A006570202530325820636C0D
S214040F00757320253034582061747472202530346B
S214040F10582073767220256300206D66672025307E
S214040F20325800207265706F7274206D696E2025C9
S214040F30303458206D61782025303458207270740F
S214040F402D6368672025303858002072656365690C
S214040F5076652066726F6D202530345820657020C3
S214040F60253032582074696D656F757420253034C9
S214040F705800636C6561720072656D6F7665006318
S214040F806C656172696E67206C617374207265703B
S214040F906F72742074696D65206F6620616C6C20B6
S214040FA061747472696275746573007465737469C8
S214040FB06E672074696D696E67206F66207661724D
S214040FC0696F7573207265706F7274696E67206FCF
S214040FD07065726174696F6E73002D2D2D2D2D2D25
S214040FE02D2D2D2D2D2D2D2D2D2D2D2D2D2D2D2D28
S214040FF02D2D2D2D2D2D2D2D2D2D2D2D2D2D2D2D18
S2140410002D2D2D2D2D2D2D2D2D002D2D7461626C45
S21404101065207265616473202D2066756C6C20747F
S21404102061626C652D2D00726573756C74203D20AD
S2140410302564206D73002D2D696E6974202F20732E
S21404104063686564756C65207469636B2D2D2D006B
S2140410502D2D6C6F616420636F6E666967757261AF
S21404106074696F6E2064656661756C74732D2D00EB
S2140410702F776F726B7370616365732F7475796104
S2140410802D7A69676265652D7377697463682F7353
S214041090696C6162735F746F6F6C732F73696D70C4
S2140410A06C69636974795F73646B2F70726F746FA5
S2140410B0636F6C2F7A69676265652F6170702F663F
S2140410C072616D65776F726B2F706C7567696E2FC2
S2140410D07265706F7274696E672F7265706F727462
S2140410E0696E672E6300524541445F5250545F4315
S2140410F0464700726561645F7265706F7274696EEC
S214041100675F636F6E66696775726174696F6E0098
S2140411105265706F7274696E673A206661696C65B1
S2140411206420746F2073656E642025732072657363
S214041130706F6E73653A2030782530325800455209
S214041140523A2072656164696E6720636C757374C5
S2140411506572203078253034582061747472696260
S214041160757465203078253034583A203078253028
S2140411703258004552523A207265706F7274696E26
S21404118067206F66204C4F4E4720737472696E67F3
S2140411902061747472696275746520747970652050
S2140411A06E6F7420737570706F727465643A206322
S2140411B06C757374657220307825303458206174E9
S2140411C0747269627574652030782530345800521C
S2140411D065706F7274696E6720456E747279204606
S2140411E0756C6C202D206372656174696E67206E61
S2140411F06577207265706F7274004346475F52507D
S2140412005400202D20646972656374696F6E3A25F4
S2140412103032582C20617474723A253034580020C9
S2140412202020747970653A253032582C206D696E0A
S2140412303A253034582C206D61783A2530345800DD
S2140412402020206368616E67653A00202020746958
S2140412506D656F75743A2530345800636F6E666931
S214041260677572655F7265706F7274696E67002069
S21404127054434C4B2075706461746520616C7265D0
S21404128061647920696E2070726F6772657373008B
S2140412904D616E75616C2054434C4B2075706461CF
S2140412A07465206661696C65642E257300537461E9
S2140412B07274696E672075706461746520747275E3
S2140412C073742063656E746572206C696E6B206B34
S2140412D065792070726F636573730055706461740A
S2140412E065205443204C696E6B204B657900204E74
S2140412F06577206B65792065737461626C697368C1
S21404130065643A00204572726F723A0050617274D6
S2140413106E65723A20005A434C20676C6F62616CAB
S21404132020636C757374657220636F6D6D616E6493
S2140413307300646972656374696F6E0064697363CD
S2140413402D636F6D2D67656E00646973632D636F1F
S2140413506D2D726563006578706563742D726570B3
S2140413606F72742D66726F6D2D6D65007577726978
S2140413707465006E7772697465007265706F727456
S2140413802D726561640073656E642D6D652D612D27
S2140413907265706F72740043726561746573206160
S2140413A020676C6F62616C20646973636F76657224
S2140413B020636F6D6D616E6420666F72207468655D
S2140413C0206173736F6369617465642076616C75FC
S2140413D065732E00636C757374657249641F61745B
S2140413E07472696275746549641F6D61784E756DB3
S2140413F0626572546F5265706F72741F0043726533
S21404140061746573206120676C6F62616C2073651C
S2140414106E64206D652061207265706F727420633F
S2140414206F6D6D616E6420666F72207468652061EE
S21404143073736F6369617465642076616C75657334
S2140414402E00636C757374657249641F61747472DC
S214041450696275746549641F646174615479706562
S2140414601F6D696E5265706F727454696D651F6D79
S21404147061785265706F727454696D651F72657019
S2140414806F727461626C654368616E67651F0043C2
S214041490726561746573206120676C6F62616C208D
S2140414A072656164207265706F7274696E6720631A
S2140414B06F6D6D616E6420666F722074686520615E
S2140414C073736F63696174656420636C75737465A4
S2140414D0722C2061747472696275746520616E641E
S2140414E0207365727665722F636C69656E7420640A
S2140414F06972656374696F6E2E00636C75737465C8
S2140415007249641F61747472696275746549641FF4
S214041510646972656374696F6E1F00476C6F6261FD
S2140415206C207265706F7274696E6720636F6D6D80
S214041530616E6400656E64706F696E741F636C75AB
S2140415407374657249641F61747472696275746534
S21404155049641F6D61736B1F004372656174657324
S214041560206120676C6F62616C2072656164206321
S2140415706F6D6D616E64206D65737361676520744D
S2140415806F20726561642066726F6D2074686520D2
S214041590636C757374657220616E64206174747212
S2140415A06962757465207370656369666965642E1F
S2140415B000636C757374657249641F617474726930
S2140415C06275746549641F004372656174657320AF
S2140415D06120676C6F62616C207772697465206342
S2140415E06F6D6D616E64206D6573736167652074DD
S2140415F06F20777269746520746F20746865206341
S2140416006C757374657220616E642061747472699B
S21404161062757465207370656369666965640063E2
S2140416206C757374657249641F617474726962754B
S214041630746549641F747970651F646174611F0062
S2140416404372656174652061206578706563742DE6
S2140416507265706F72742D66726F6D2D6D65206D78
S2140416606573736167652077697468206173736F47
S2140416706369617465642076616C7565732E0063B6
S2140416806C757374657249641F61747472696275EB
S214041690746549641F74696D656F75741F004372C1
S2140416A065617465206120446973636F7665722092
S2140416B0436F6D6D616E64732047656E6572617409
S2140416C0656420636F6D6D616E642077697468204D
S2140416D06173736F6369617465642076616C7565A4
S2140416E0732E00636C757374657249641F7374613A
S2140416F07274436F6D6D616E6449641F6D617843E7
S2140417006F6D6D616E6449641F0053657473207455
S214041710686520646972656374696F6E20666F72AB
S21404172020676C6F62616C20636F6D6D616E6473AD
S2140417302C2065697468657220636C69656E742014
S214041740746F20736572766572206F72207365728B
S21404175076657220746F20636C69656E742E005310
S214041760657473206120666C616720736F207468EB
S214041770617420746865206170706C696361746953
S2140417806F6E206672616D65776F726B2057494C79
S2140417904C204E4F5420726573706F6E6420746FC5
S2140417A020746865206E657874205A434C206D65F5
S2140417B07373616765207468617420636F6D657305
S2140417C020696E206F766572207468652061697280
S2140417D02E0053657473206120666C616720736FF6
S2140417E0207468617420746865206170706C696325
S2140417F06174696F6E206672616D65776F726B20B7
S21404180057494C4C20726573706F6E6420746F2059
S214041810746865206E657874205A434C206D657331
S21404182073616765207468617420636F6D657320E7
S214041830696E206F76657220746865206169722E01
S2140418400053657473207468652044697361626C20
S214041850652044656661756C7420526573706F6E9E
S2140418607365204672616D6520436F6E74726F6C8B
S2140418702062697420746F2075736520666F722009
S214041880746865206E65787420636F6D6D616E6430
S2140418902069662074686520636F6D6D616E6420D0
S2140418A06973206E6F7420616C726561647920625E
S2140418B075696C742E0064697361626C6544656650
S2140418C061756C74526573706F6E73651F00536533
S2140418D074732074686520666C616720746F207565
S2140418E073652074686520696E6372656D656E74D1
S2140418F065642073657175656E6365206E756D62CB
S21404190065722066726F6D20746865206672616DFC
S21404191065776F726B20666F7220746865206E65DB
S21404192078742072617720636F6D6D616E642E002B
S2140419307573654E65787453657175656E63651F5A
S21404194000436C6920636F6D6D616E6420746F2054
S21404195063616C6C20736C5F7A69676265655F614E
S214041960665F7365745F74696D652066756E63740F
S214041970696F6E20646F63756D656E746564206947
S2140419806E2061662E680075746354696D651F0069
S21404199053657473207468652074776F2062797455
S2140419A065206D616E756661637475726572207309
S2140419B070656369666963206964656E74696669DF
S2140419C0657220746F2075736520666F7220746864
S2140419D065206E65787420636F6D6D616E64206932
S2140419E0662074686520636F6D6D616E642069732C
S2140419F0206E6F7420616C7265616479206275690B
S214041A006C742E006D666753706563696669634916
S214041A10641F006E6F742000534C5F53544154553A
S214041A20535F4E4554574F524B5F555020307825E0
S214041A303034580054727573742043656E7465723E
S214041A4020455549206861732025736368616E6775
S214041A5065642E00534C5F5354415455535F4E45B2
S214041A6054574F524B5F444F574E00534C5F53549A
S214041A70415455535F4E4F545F4A4F494E454400B8
S214041A80534C5F5354415455535F5A494742454556
S214041A905F4E4554574F524B5F4F50454E45443A60
S214041AA02025642073656300534C5F53544154559A
S214041AB0535F5A49474245455F4E4554574F524B2C
S214041AC05F434C4F5345440025733A202573006406
S214041AD0697374726962757465640063656E7472A2
S214041AE0616C697A656400466F726D002573696E71
S214041AF067206F6E2063682025642C2070616E4911
S214041B006420307825303458004572726F723A205B
S214041B1044657669636520646F6573206E6F742010
S214041B20737570706F7274202573206E6574776F8A
S214041B30726B20666F726D6174696F6E004A6F69AE
S214041B406E00496E76616C696420536563757269CC
S214041B5074792050726F66696C653A203078253047
S214041B60325800704A6F696E20666F7220256420B2
S214041B707365633A20307825303258004C696D69B5
S214041B8074696E67206475726174696F6E206F661F
S214041B90207065726D6974206A6F696E2066726F54
S214041BA06D20666F72657665722028323535292079
S214041BB0746F203235340052583A205A444F2C2041
S214041BC0636F6D6D616E64203078253034582C2038
S214041BD07374617475733A20307825303258005324
S214041BE0696D706C650052583A20257320446573FD
S214041BF0632052657370004D61746368002C204D39
S214041C006174636865733A20256400446576696385
S214041C106520416E6E6F756E63653A2030782530A8
S214041C2034580052583A2049454545204164647268
S214041C3065737320526573706F6E73650052583AFD
S214041C402041637469766520455020526573706F31
S214041C506E73652C20436F756E743A202564004EAF
S214041C606F6465002C204D6174636865733A203098
S214041C70782530345800737461636B207665722E51
S214041C80205B25642E25642E25640020257320629F
S214041C9075696C642025645D005A444F0053450002
S214041CA0484100436C757374657200476C6F6261DB
S214041CB06C0025737478203078253038582C200032
S214041CC050726F66696C653A202573202830782533
S214041CD0303458292C20436C75737465723A20305E
S214041CE078253034582C2025642062797465732C4A
S214041CF000205A434C20257320436D642049443AFF
S214041D00202564005072652D52656C65617365000C
S214041D10416C706861203100416C7068612032004B
S214041D20416C706861203300426574612031004262
S214041D3065746120320042657461203300474100B7
S214041D40526573657420696E666F3A203078253064
S214041D50325820282573290064656C6574652062F2
S214041D60696E64696E673A20253032582025303211
S214041D7058000102030405060708090A0B0C0001B3
S214041D8001010101010101010101010057524954F9
S214041D9045204552523A200025736570202530327E
S214041DA05820636C7573202530345820617474721F
S214041DB02025303458206E6F7420737570706F72DF
S214041DC0746564002573696E76616C696420646169
S214041DD07461207479706500257361747472206E62
S214041DE06F74207772697461626C65005752495447
S214041DF0453A206E6F2077726974652C206A757375
S214041E00742061207465737400524541443A20611D
S214041E1074747269627574652073697A6520746F68
S214041E206F206C6172676520666F722063616C6CEC
S214041E30657200636C6E740073727672005257009B
S214041E40524F00202052414D20200020746F6B65B5
S214041E506E200065787465726E2000454E44504FBF
S214041E60494E54202530325800636C7573202F2059
S214041E7073696465202F2061747472202F206D6648
S214041E806720202F74797065286C656E292F207260
S214041E9077202F2073746F72616765202F2064612A
S214041EA074612028726177290025303458202F2049
S214041EB02573202F2025303458202F2000202F2053
S214041EC02530325820282530325829202F202573D3
S214041ED0202F202573202F2000556E737570706F89
S214041EE072746564004F544120524541443A20655B
S214041EF0703A25303258206369643A2530345820C5
S214041F0061747469643A25303458206D736B3A25CD
S214041F10303258206D66636F64653A253034580055
S214041F20524541443A20636C757320253034582C4E
S214041F3020617474722025303458206661696C659B
S214041F4064202530325800524541443A20636C756B
S214041F507320253034582C20617474722025303454
S214041F60582C20646174614C656E3A2025303258D2
S214041F702C204F4B00282563292530325825303233
S214041F8058253032582530325825303258253032CC
S214041F905825303258253032580064697361626CB3
S214041FA065002573642C2064726F7070696E6720F8
S214041FB065702030782530325820636C7573203075
S214041FC0782530345820636D6420307825303258B4
S214041FD00047656E65726174656400526563656981
S214041FE076656400446973636F76657220436F6D2B
S214041FF06D616E647320726573706F6E73652028EE
S214042000636F6D706C6574653A202563292C2025F2
S21404201073204944733A2000307825303258200023
S2140420205F45585400524541445F4154545200574A
S214042030524954453A20636C757320253034582031
S21404204061747472202530345820004641494C206F
S214042050253032580057524954453A20746F6F2041
S21404206073686F727400444953435F41545452007A
S214042070257325733A20636C757320253034580015
S21404208053766320446973633A2000257357616965
S21404209074696E672025642073656320666F7220FA
S2140420A0646973636F7665727920746F20636F6DED
S2140420B0706C65746500537461746520636F727226
S2140420C06573706F6E64696E6720746F20746865DC
S2140420D0207468652072657175657374206E6F74FC
S2140420E020666F756E640A002573636F6D706C6589
S2140420F074652E0A002573536572766963652044F9
S2140421006973636F76657279205374617465206CA5
S214042110696D69747320726561636865640A002575
S21404212073496C6C6567616C2062726F616463618D
S214042130737420616464726573732C2072656D61B8
S2140421407070696E6720746F2076616C6964206FA6
S2140421506E652E0025734661696C656420746F2075
S21404216073656E64206D6174636820646973636F5D
S214042170766572793A2030782530325800257353C4
S21404218074617274696E6720646973636F766572CE
S2140421907920666F7220636C75737465722030786C
S2140421A0253034580025734661696C656420746F65
S2140421B02073656E642073696D706C652064657346
S2140421C063726970746F7220726571756573743AA0
S2140421D0203078253032580025734661696C656472
S2140421E020746F2073656E642049454545206164FC
S2140421F0647265737320726571756573743A203002
S21404220078253032580025734661696C65642074FD
S2140422106F2073656E64204E574B2061646472654C
S214042220737320726571756573743A20307825303F
S2140422303258004572726F723A20257320626164C8
S2140422402073696D706C652064657363726970745D
S2140422506F72206C656E6774682E0025734D657307
S2140422607361676520746F6F2073686F72740025DE
S214042270734D65737361676520746F6F2073686F41
S214042280727420666F72206E756D2E20656E647093
S2140422906F696E74730025734D61746368257320CB
S2140422A0666F756E642066726F6D203078253034E4
S2140422B0582E004572726F723A20257320696E7626
S2140422C0616C6964206C656E6774682028256420D8
S2140422D0213D2025642920666F7220416374697647
S2140422E06520456E64706F696E7420726573706FD6
S2140422F06E7365002573676F742061637469766511
S21404230020455020726573706F6E73650055544394
S2140423102074696D653A2025642F25642F25642072
S21404232025643A25643A256420282530385829003F
S21404233028556E6B6E6F776E20636C75732E205BFC
S2140423403078253034585D29000D0A542530385825
S2140423503A005258206C656E2025642C2065702047
S214042360253032582C20636C757320307825303431
S214042370582000206D6667496420253034580020B4
S2140423804643202530325820736571202530325854
S21404239020636D642025303258207061796C6F613B
S2140423A0645B004261736963004F766572207468EB
S2140423B0652041697220426F6F746C6F6164696E48
S2140423C067002573525820706B7420746F6F2073E7
S2140423D0686F72743A202564203C202564002573B7
S2140423E0525820706B74206D616C666F726D6564F4
S2140423F03A202564203C2025640020204861766528
S21404240020526F7574657220537570706F72740005
S2140424102020456E6420446576696365204F6E6CA3
S21404242079002020456E61626C6564002020446952
S2140424307361626C6564004572726F7220726574B3
S21404244072696576696E6720696E666F20666F725C
S214042450206C6962726172792049442025640025E3
S21404246073206C6962726172792573207072657369
S214042470656E74005A69676265652050726F004223
S214042480696E64696E670053656375726974792052
S214042490436F7265005365637572697479204C697D
S2140424A06E6B204B6579730043424B4520313633BF
S2140424B04B310043424B4520445341205369676ED9
S2140424C0004543430043424B452044534120566550
S2140424D072696679005061636B65742056616C6935
S2140424E064617465005A4C4C0043424B45203238B4
S2140424F0334B3100454343203238334B310043429B
S2140425004B4520636F7265004E4350004D756C74E6
S21404251069206E6574776F726B00456E68616E63D2
S214042520656420426561636F6E20526571004342A4
S2140425304B45203238334B31204453412056657284
S214042540696679004D756C74692D50414E002F777D
S2140425506F726B7370616365732F747579612D7A0E
S21404256069676265652D7377697463682F73696C30
S2140425706162735F746F6F6C732F73696D706C69CF
S214042580636974795F73646B2F70726F746F636FB3
S2140425906C2F7A69676265652F737461636B2F634A
S2140425A06F6E6669672F736C5F7A69676265655FCD
S2140425B0636F6E66696775726174696F6E2E630009
S2140425C02F776F726B7370616365732F747579619F
S2140425D02D7A69676265652D7377697463682F73EE
S2140425E0696C6162735F746F6F6C732F73696D705F
S2140425F06C69636974795F73646B2F70726F746F40
S214042600636F6C2F7A69676265652F737461636B99
S2140426102F6672616D65776F726B2F6165732D65BA
S21404262063622E63002F776F726B737061636573DA
S2140426302F747579612D7A69676265652D7377697C
S2140426407463682F73696C6162735F746F6F6C7305
S2140426502F73696D706C69636974795F73646B2F2B
S21404266070726F746F636F6C2F7A69676265652F1B
S214042670737461636B2F73656375726974792F7AEB
S21404268069676265652D73656375726974792D6D06
S214042690616E616765722D6E6F2D7661756C742E32
S2140426A063004572726F723A20204661696C6564F5
S2140426B020746F20726561642066726F6D204545D4
S2140426C050524F4D2061742030782534582C207396
S2140426D074617475733A20256400454550524F4D15
S2140426E020496E697469616C697A65643A20256369
S2140426F000454550524F4D20427573793A20256364
S214042700005061727469616C20576F726420537450
S2140427106F7261676520436F756E743A2025640096
S214042720416464726573733A2030782534582C20DB
S2140427305061727469616C20576F72643A20307805
S214042740255800636F6E6669726D65640061737305
S214042750756D6564000A454550524F4D20496E66B6
S2140427606F004E6F7420617661696C61626C6520DF
S214042770286F6C64657220626F6F746C6F61646539
S21404278072290050617274204465736372697074B0
S214042790696F6E3A202020202020202020202573D8
S2140427A0004361706162696C69746965733A2020DC
S2140427B02020202020202020202020203078253291
S2140427C05800506167652045726173652074696DB1
S2140427D065202873293A20202020202025640050D4
S2140427E06172742045726173652074696D65202872
S2140427F073293A202020202020256400506172741A
S2140428002045726173652074696D6520286D73298F
S2140428103A2020202020202564005061676520731C
S214042820697A6520286279746573293A2020202005
S2140428302020202020256C00506172742073697A51
S2140428406520286279746573293A20202020202088
S214042850202020256C00576F72642073697A6520E7
S214042860286279746573293A2020202020202020AD
S214042870202564202825702900454550524F4D20B8
S214042880696E69743A2030782558002F776F726B1A
S2140428907370616365732F747579612D7A696762E5
S2140428A065652D7377697463682F73696C616273E9
S2140428B05F746F6F6C732F73696D706C6963697482
S2140428C0795F73646B2F7574696C2F706C756769A8
S2140428D06E2F706C7567696E2D636F6D6D6F6E2FDE
S2140428E0656570726F6D2F656570726F6D2E63000F
S2140428F0556E61626C6520746F20626F6F74206918
S2140429006D61676520617420736C6F7420256C6438
S2140429100A00536C6F74204D616E616765722066A1
S21404292061696C656420746F2065726173652073D9
S2140429306C6F740A004D61782072656164206C695E
S2140429406D69742073657420746F20256420627921
S2140429507465730A004164647265737320202020D2
S214042960202020202020446174610A003078253419
S2140429706C7820202020202020307825780A0046F5
S21404298061696C656420746F207265616420667288
S2140429906F6D20666C6173680A00536C6F74202533
S2140429A06C640A20204164647265737320202020BE
S2140429B0203A20307825346C580A20204C656E67FF
S2140429C074682020202020203A20307825346C5843
S2140429D02028256C64206279746573290A002020F7
S2140429E05479706520202020202020203A20004E94
S2140429F06F2047424C2070726573656E740A005AE5
S214042A0069674265650A005468726561640A004332
S214042A106F6E6E6563740A00426C7565746F6F74CE
S214042A20680A00426C7565746F6F74682061707014
S214042A306C69636174696F6E0A004D43550A004FF2
S214042A407468657220283078256C58290A0020207E
S214042A5056657273696F6E20202020203A203078E5
S214042A60256C580A0020204361706162696C6974A1
S214042A706965733A20307825346C580A0020205053
S214042A80726F6475637420494420203A20003078BD
S214042A9025582000536C6F74204D616E6167657213
S214042AA03A206661696C656420746F20696E697487
S214042AB069616C697A6520626F6F746C6F616465B6
S214042AC07220286572726F72203078253478290A4D
S214042AD00056657273696F6E20202020203A2025E8
S214042AE0640A005061727420202020202020203A9E
S214042AF02025730A004361706162696C69746965B4
S214042B00733A20307825780A00506172742073690D
S214042B107A652020203A20256420420A0050616706
S214042B20652073697A652020203A20256420420AAD
S214042B3000576F72642073697A652020203A202536
S214042B406420420A00536C6F7473202020202020D7
S214042B50203A2025640A004661696C656420746F17
S214042B6020726561642066726F6D2073746F726183
S214042B70676520666C61736820286572726F7220C0
S214042B802564290A00496E76616C696420736C6F4B
S214042B907420256420286D617820736C6F7420255A
S214042BA064290A004661696C656420746F20676551
S214042BB07420696E666F20666F7220736C6F742063
S214042BC025640A00536C6F74204D616E61676572EC
S214042BD03A20736C6F742077726974652066616935
S214042BE06C7572652E2041646472657373206F661B
S214042BF0667365742028256429202B2077726974EF
S214042C0065206C656E6774682028256429206772C1
S214042C106561746572207468616E20746F74616C8B
S214042C2020736C6F74206C656E6774682028256446
S214042C30290A00536C6F74204D616E6167657220BB
S214042C407761726E696E673A20736C6F74202564C0
S214042C50206C656E6774682028256429206E6F745E
S214042C6020616C69676E656420746F2070616765A7
S214042C702073697A6520282564292E2054686520E7
S214042C80656E7469726520736C6F742077696C6CFA
S214042C90206E6F74206265206572617365642E0A07
S214042CA000536C6F74204D616E616765723A2066DE
S214042CB061696C656420746F206572617365202594
S214042CC06420627974657320696E20736C6F742057
S214042CD0256420617420616464726573732030789F
S214042CE025347820286572726F722030782578290A
S214042CF00A004572617365642025642062797465F0
S214042D007320696E20736C6F742025640A00466114
S214042D10696C656420746F2073657420736C6F74BB
S214042D2020746F20626F6F7420286572726F722031
S214042D303078253478290A004661696C6564207405
S214042D406F20736574206C697374206F6620736CCF
S214042D506F747320746F20626F6F742028657272AC
S214042D606F72203078253478290A004661696C65CC
S214042D706420746F20676574206E6577206C6973B1
S214042D8074206F6620736C6F747320746F20626F88
S214042D906F7420286572726F722030782534782913
S214042DA00A00426567696E6E696E6720696D6167C1
S214042DB06520766572696669636174696F6E2E2E26
S214042DC02E002E6661696C65642120284572726F38
S214042DD072203078253478290A002E706173736562
S214042DE0642120426F6F74696E6720736C6F742061
S214042DF025640A00666E692B00666E69006E616E55
S214042E0000666E692D006C696273006273656E6499
S214042E10007265736574007261770073656E645F33
S214042E206D756C7469636173740073656E642D7577
S214042E3073696E672D6D756C7469636173742D6246
S214042E40696E64696E670074696D6573796E630094
S214042E506765742D7074692D726164696F2D636F74
S214042E606E66696700636F6E6669672D6363612DBE
S214042E706D6F6465006576656E747300736563755F
S214042E8072697479007A69676265655F7072696EE3
S214042E907400706C7567696E006E6574006B657996
S214042EA073006F7074696F6E00706C75670063688A
S214042EB0616E67656B6579006368616E67656B0054
S214042EC07A646F007072696E742072656C617465E2
S214042ED06420636F6D6D616E64732E00617474722A
S214042EE0005A646F2072656C6174656420636F6D4C
S214042EF06D616E64732E00726F75746500706F7703
S214042F006572006D676D742D6C7169006D676D7404
S214042F102D62696E64006E6F64650073696D706C13
S214042F2065006965656500756E62696E64006E7736
S214042F306B2D757064006F75742D636C2D6C6973DE
S214042F407400696E2D636C2D6C697374005A646F1B
S214042F5020696E2D636C2D6C6973742072656C61C8
S214042F6074656420636F6D6D616E64732E005A64BD
S214042F706F206F75742D636C2D6C69737420726585
S214042F806C6174656420636F6D6D616E64732E008E
S214042F905A646F206E776B2D7570642072656C6151
S214042FA074656420636F6D6D616E64732E00736365
S214042FB0616E2D6368616E2D6D61736B0073636162
S214042FC06E006368616E5067006368616E005A64E1
S214042FD06F20756E62696E642072656C61746564D8
S214042FE020636F6D6D616E64732E00756E69636128
S214042FF07374006368616E67656B65792072656CCF
S2140430006174656420636F6D6D616E64732E006C0D
S214043010696E6B004F7074696F6E2072656C6174B4
S214043020656420636F6D6D616E64732E00726567F0
S2140430306973746572006469736300696E7374619E
S2140430406C6C2D636F64650062696E64696E672DCF
S2140430507461626C65007072696E742D72782D6D81
S21404306073677300617073726574727900415053AC
S21404307020726574727920666C616720666F72636D
S2140430806520636F6D6D616E647300456E61626C7E
S21404309065732F44697361626C6573207072696E20
S2140430A074696E67206F66205278206D657373614D
S2140430B06765732E00656E61626C650042696E64B6
S2140430C0696E67207461626C652072656C617465F4
S2140430D06420636F6D6D616E64732E005365637553
S2140430E072697479206B6579732072656C61746596
S2140430F06420636F6D6D616E64732E0064656C6529
S2140431007465004E6574776F726B2072656C6174BB
S214043110656420636F6D6D616E64732E00666F72F6
S2140431206D0072656A6F696E2D646966662D6465E6
S214043130766963652D747970650065787470616E60
S21404314069640069736F70656E0062726F61642DE6
S214043150706A6F696E006368616E67652D63686187
S2140431606E6E656C00696E6974006368616E67658F
S2140431702D6B6565702D616C6976652D6D6F646564
S2140431800074696D656F75742D6F7074696F6E2D3C
S2140431906D61736B006D756C74692D7068792D7331
S2140431A074617274006D756C74692D7068792D7312
S2140431B0746F700066696E64006E6574776F726B08
S2140431C02066696E6420636F6D6D616E64732E0095
S2140431D06A6F696E61626C6500756E75736564000E
S2140431E0736C6F742D6D616E6167657200636F75C5
S2140431F06E7465727300656E642D646576696365C6
S2140432002D737570706F72740066696E642D616ECE
S214043210642D62696E6400667261676D656E7461C2
S21404322074696F6E0067726F7570732D736572764E
S2140432306572006E6574776F726B2D737465657254
S214043240696E67006F74612D626F6F746C6F616472
S214043250006F74612D636C69656E74006F74612D04
S21404326073746F726167652D636F6D6D6F6E006F3B
S21404327074612D73746F726167652D656570726F06
S2140432806D0069646C652D736C656570007570649B
S2140432906174652D74632D6C696E6B2D6B65790096
S2140432A07570646174652D74632D6C696E6B2D6B1B
S2140432B065792072656C6174656420636F6D6D61F9
S2140432C06E64730074696D6572006E6F7700436F89
S2140432D06D6D616E647320746F20636F6E74726FAD
S2140432E06C2069646C696E672F736C656570696EB3
S2140432F067206F6620746865206465766963650078
S214043300666F7263652D6177616B65006177616BCB
S214043310652D7768656E2D6E6F742D6A6F696E65A0
S21404332064007265706F7274696E672072656C6192
S21404333074656420636F6D6D616E64732E00636CD8
S2140433406561722D6C6173742D7265706F72742D65
S21404335074696D6500746573742D74696D696E6740
S214043360006F74612D73746F726167652D65657087
S214043370726F6D2072656C6174656420636F6D6D29
S214043380616E64732E0077697065006F74612D73C7
S214043390746F726167652D636F6D6D6F6E207265F5
S2140433A06C6174656420636F6D6D616E6473007028
S2140433B072696E74496D616765730072656C6F61DE
S2140433C0640073746F726167652D696E666F00645E
S2140433D06174612D7072696E74006F74612D636C14
S2140433E069656E742072656C6174656420636F6DC4
S2140433F06D616E64732E0076657269667900626C20
S2140434006F636B2D7465737400706167652D7265E8
S214043410717565737400757067726164652D726585
S21404342071756573740064697361626C652D646F8D
S214043430776E67726164657300656E61626C652D94
S214043440646F776E677261646573006F74612D6272
S2140434506F6F746C6F61642072656C617465642050
S214043460636F6D6D616E6473006E6574776F726BF7
S2140434702D7374656572696E672072656C61746518
S2140434806420636F6D6D616E64732E007072652DBB
S214043490636F6E666967757265642D6B65792D73E7
S2140434A06574006D61736B2072656C61746564206D
S2140434B0636F6D6D616E642E007375627472616302
S2140434C0740067726F7570732D73657276657220FB
S2140434D072656C6174656420636F6D6D616E647390
S2140434E02E00667261676D656E746174696F6E2016
S2140434F072656C6174656420636F6D6D616E647370
S2140435002E007365742D72782D77696E646F772D2F
S21404351073697A65006172746966696369616C2DA2
S214043520626C6F636B2D64726F700046696E642004
S214043530616E642062696E642072656C6174656491
S21404354020636F6D6D616E64732E00696E697469B5
S21404355061746F7200656E642D6465766963652DAB
S214043560737570706F72742072656C617465642014
S214043570636F6D6D616E64732E00706F6C6C2D637B
S2140435806F6D706C657465642D63616C6C626163E9
S2140435906B00666F7263652D73686F72742D706F3F
S2140435A06C6C00656E61626C655F7479706500733F
S2140435B07461636B00617070007A636C006C65679D
S2140435C06163795F61665F646562756700636F75E2
S2140435D06E746572732072656C6174656420636FC3
S2140435E06D6D616E64732E007072696E742D636FF8
S2140435F0756E7465722D747970650073696D706C80
S214043600652D7072696E74007072696E742D7468BC
S214043610726573686F6C6473007365742D74687276
S2140436206573686F6C640072657365742D74687274
S2140436306573686F6C64730073656E642D72657170
S2140436407565737400736563757269747920726541
S2140436506C6174656420636F6D6D616E6473007372
S21404366065742D616C6C6F772D74727573742D632D
S214043670656E7465722D72656A6F696E2D757369F1
S2140436806E672D77656C6C2D6B6E6F776E2D6B6524
S21404369079007365742D616C6C6F772D7472757315
S2140436A0742D63656E7465722D72656A6F696E2D0E
S2140436B07573696E672D77656C6C2D6B6E6F776EA0
S2140436C02D6B65792D74696D656F757400736574FB
S2140436D02D6B65792D726571756573742D706F6CBD
S2140436E0696379006D66672D746F6B656E00617033
S2140436F07300536563757269747920617073207200
S214043700656C6174656420636F6D6D616E64732EA1
S214043710004765742F736574204D464720746F6B9D
S214043720656E2E00656E64706F696E742072656CCB
S2140437306174656420636F6D6D616E64732E0065DD
S2140437406570726F6D207574696C69747920726522
S2140437506C6174656420636F6D6D616E6473005391
S2140437606C6F74204D616E616765722072656C6162
S21404377074656420636F6D6D616E647300626F6F51
S214043780742D736C6F740065726173652D736C6F42
S21404379074006578742D666C6173682D696E666F47
S2140437A000736C6F74732D696E666F005072696E69
S2140437B074732074696D652E005072696E7473207C
S2140437C06174747269627574652E00436C65617207
S2140437D07320746865205A444F206C697374206F94
S2140437E06620636C69656E742028696E2920636C94
S2140437F07573746572732E004164647320636C750C
S214043800737465727320746F20746865206B6E6FB2
S214043810776E20636C69656E742028696E29206350
S2140438206C757374657273206F6E20746869732088
S2140438306465766963652E00436C656172732074F3
S2140438406865205A444F206C697374206F66206341
S2140438506C69656E7420286F75742920636C7573A3
S214043860746572732E004164647320636C7573749C
S21404387065727320746F20746865206B6E6F776E44
S21404388020636C69656E7420286F75742920636CD8
S214043890757374657273206F6E2074686973206420
S2140438A065766963652E0053656E647320616E20C9
S2140438B0757064617465206368616E6E656C2072F1
S2140438C06571756573742E006368616E6E656C1F32
S2140438D00053656E647320616E2075706461746550
S2140438E0206368616E6E656C207061676520726522
S2140438F0712E2054686520737461636B2073656E43
S2140439006473206E776B20656E68616E63656420F1
S2140439107570646174652072657120666F72206EBE
S2140439206F6E2D7A65726F20706167652E0063680E
S214043930616E6E656C1F706167651F005065726608
S2140439406F726D7320616E20656E65726779207381
S21404395063616E2E007461726765744E6F646549A8
S214043960641F7363616E4475726174696F6E1F734E
S21404397063616E436F756E741F0042726F61646399
S2140439806173747320746865204944206F662074DC
S2140439906865206E6577206E6574776F726B206D30
S2140439A0616E6167657220616E6420616374697616
S2140439B065206368616E6E656C732E006E776B4D62
S2140439C0676549641F6368616E6E656C4D61736BF1
S2140439D01F00506572666F726D7320616E20656E8F
S2140439E065726779207363616E206F6E20676976EF
S2140439F0656E206368616E6E656C206D61736B2EF8
S214043A00007461726765744E6F646549641F7363FE
S214043A10616E4475726174696F6E1F7363616E4381
S214043A206F756E741F6368616E6E656C4D61736B43
S214043A301F0053656E64732061206E6574776F7221
S214043A406B20616464726573732072657175657347
S214043A507420666F722074686520676976656E20C8
S214043A604945454520616464726573732E00696533
S214043A7065651F00526571756573747320616E20E9
S214043A8049454545206164647265737320626173B9
S214043A906564206F6E206120676976656E206E6FA0
S214043AA064652049442E006E6F646549641F0053A4
S214043AB0656E647320612073696D706C652064653F
S214043AC07363726970746F7220726571756573744E
S214043AD020666F72207468652073686F7274206144
S214043AE064647265737320616E6420656E64706FBF
S214043AF0696E74207370656369666965642E006414
S214043B006573741F746172676574456E64706F695B
S214043B106E741F0053656E64732061206D61746358
S214043B206844657363726970746F727352657175F5
S214043B3065737420746F2074686520676976656E93
S214043B402064657374696E6174696F6E2077697436
S214043B50682074686520676976656E2070726F6683
S214043B60696C652E006E6F646549641F70726F66BB
S214043B70696C651F0053656E64732061206E6F6404
S214043B80652064657363726970746F722072657100
S214043B907565737420746F206120676976656E207E
S214043BA0746172676574206465766963652E007453
S214043BB061726765741F0053656E64732061205AD2
S214043BC0444F2042696E6420636F6D6D616E64209D
S214043BD0746F20612064657669636520737065631D
S214043BE0696669656420696E2074686520636F6D14
S214043BF06D616E6420617267756D656E74732E00F8
S214043C0044657374696E6174696F6E1F536F757261
S214043C10636520656E64706F696E741F44657374A3
S214043C20696E6174696F6E20656E64706F696E7418
S214043C301F636C757374657249441F72656D6F7487
S214043C406545554936341F6465737445554936349D
S214043C501F0053656E647320616E20616374697619
S214043C606520656E64706F696E7420726571756523
S214043C70737420746F207468652064657669636560
S214043C8020776974682074686520676976656E2095
S214043C9073686F72742049442E0053656E647320F3
S214043CA0616E20756E62696E6420726571756573E7
S214043CB07420666F72206120756E69636173742068
S214043CC062696E64696E6720746F20746865207418
S214043CD06172676574206465766963652E00746135
S214043CE0726765741F736F757263652065756936D0
S214043CF0341F736F7572636520656E64706F696ECA
S214043D00741F636C757374657249441F64657374B9
S214043D10696E6174696F6E45554936341F64657300
S214043D2074696E6174696F6E20656E64706F696E17
S214043D30741F0053656E647320616E20756E62692D
S214043D406E64207265717565737420666F72206187
S214043D50206D756C7469636173742062696E64693E
S214043D606E6720746F20746865207461726765746A
S214043D70206465766963652E007461726765741FD6
S214043D80736F757263652065756936341F736F7556
S214043D9072636520656E64706F696E741F636C75FC
S214043DA07374657249441F67726F757041646472F8
S214043DB06573731F0053656E64732061205A444F05
S214043DC0204D616E6167656D656E74204C65617625
S214043DD06520636F6D6D616E6420746F2074686512
S214043DE020746172676574206465766963652E0065
S214043DF07461726765741F72656D6F766543686972
S214043E006C6472656E1F72656A6F696E1F00536517
S214043E106E64732061205A444F204D474D542D4202
S214043E20696E64202842696E64696E672054616214
S214043E306C6529205265717565737420746F2074DF
S214043E406865207461726765742064657669636565
S214043E502E007461726765741F7374617274496EA0
S214043E606465781F0053656E64732061205A444F5E
S214043E70204D474D542D4C514920284C514920542F
S214043E8061626C6529205265717565737420746F60
S214043E902074686520746172676574206465766949
S214043EA063652E0053656E64732061205A444F2068
S214043EB0506F7765722044657363726970746F72AD
S214043EC0205265717565737420746F20746865205C
S214043ED0746172676574206465766963652E005341
S214043EE0656E64732061205A444F20726F75746542
S214043EF0207265717565737420636F6D6D616E6491
S214043F0020746F20746865207461726765742E006F
S214043F107461726765741F696E6465781F00696EE4
S214043F206465781F65756936341F696E7374616CD1
S214043F306C436F64651F00696E6465781F657569F8
S214043F4036341F6B65791F005443206C696E6B20F2
S214043F506B6579207265717565737420706F6C6912
S214043F6063791F417070206C696E6B206B657920D5
S214043F707265717565737420706F6C6963791F0060
S214043F80426F6F6C3A20616C6C6F77207472757335
S214043F90742063656E7465722072656A6F696E203C
S214043FA07573696E672077656C6C2D6B6E6F776EB4
S214043FB0206B65791F0070726F66696C6549641FB3
S214043FC0636C757374657249641F00746172676507
S214043FD07449641F00456E61626C65732070726973
S214043FE06E74696E67206F66205278206D657373F1
S214043FF0616765732E005365747320746865206268
S214044000696E64696E67207461626C6500696E64CB
S21404401065781F636C75737465721F6C6F63616C6F
S21404402045701F72656D6F746545701F65756936DA
S214044030341F00436C65617273207468652062697E
S2140440406E64696E67207461626C652E00507269D6
S2140440506E7473207468652062696E64696E672086
S2140440607461626C6520746F2074686520636F6D7C
S2140440706D616E64206C696E652E00436C656172BA
S2140440807320616C6C207365637572697479206B38
S2140440906579732E0044656C6574652074686520C4
S2140440A0737065636966696564206C696E6B206B02
S2140440B0657920696E6465782E005072696E747333
S2140440C020616C6C207365637572697479206B6506
S2140440D079732E005465726D696E6174657320740D
S2140440E06865206D756C74692D50485920696E7426
S2140440F0657266616365005573656420746F20732A
S21404410074617274206D756C74692D5048592069F9
S2140441106E74657266616365206F74686572207478
S21404412068616E206E617469766520616E642066CF
S2140441306F726D20746865206E6574776F726B2E6F
S2140441402054686520737461636B207573657320EF
S21404415073616D652050616E4964206173206E61E1
S2140441607469766520726164696F206E6574776F12
S214044170726B2E00706167651F6368616E6E656C96
S2140441801F706F7765721F6F7074696F6E734D6101
S214044190736B20284269742030203D20526F75745A
S2140441A065727320616C6C6F7765642C2042697449
S2140441B02031203D2042726F616463617374206114
S2140441C06C6C6F776564291F00417474656D707438
S2140441D07320746F206368616E6765207468652059
S2140441E06368696C642074696D656F7574206F709C
S2140441F074696F6E206D61736B20746F2066696CD2
S214044200746572206F757420756E64657369726167
S214044210626C652076616C7565732028652E672E42
S214044220206E6F206D6F7265207468616E20332077
S21404423064617973292E0074696D656F7574206FD7
S2140442407074696F6E206D61736B1F0053776974A9
S21404425063686573206265747765656E2064696655
S214044260666572656E74206B65657020616C697630
S21404427065206D6F64657320737570706F727465F6
S21404428064206279206120726F757465722E004B0B
S21404429065657020616C697665206D6F64651F00C6
S2140442A05072696E747320746865206375727265E3
S2140442B06E74204E6F64652049442C20455549365B
S2140442C0342C20616E642050616E2049442E0049CF
S2140442D06E697469616C697A65732061206E6574B1
S2140442E0776F726B3B207468697320697320612052
S2140442F07465737420636F6D6D616E642075736589
S2140443006420666F722074632D737761702D6F75E9
S214044310742074657374696E672E00536574732015
S214044320746865206E6574776F726B20696E646559
S21404433078207573656420627920616C6C206675DC
S2140443407475726520434C4920636F6D6D616E64AD
S214044350732E20204265666F7265206578656375E6
S21404436074696E67206120434C4920636F6D6D61EC
S2140443706E642C20746865206672616D65776F7252
S2140443806B20737769746368657320746F20746830
S2140443906973206E6574776F726B2E202041667485
S2140443A065722074686520636F6D6D616E64206647
S2140443B0696E697368657320657865637574696E7C
S2140443C0672C20746865206672616D65776F726B02
S2140443D0207377697463686573206261636B207405
S2140443E06F207468652070726576696F7573206EC9
S2140443F06574776F726B2E202054686520434C4991
S2140444002075736573207468652073616D65206E0E
S2140444106574776F726B20696E64657820756E7448
S214044420696C2074686520646576696365207265C6
S21404443073657473206F72206974206973206368CF
S214044440616E676564207468726F75676820746847
S214044450697320636F6D6D616E642E0041747465BC
S2140444606D70747320746F206368616E6765206472
S2140444706576696365206F76657220746F206120A7
S214044480646966666572656E74206368616E6E65DF
S2140444906C20676976656E20696E20746865206393
S2140444A068616E6E656C20617267756D656E742EDC
S2140444B000546865206368616E6E656C20746F20B6
S2140444C06368616E676520746F1F0066696E645565
S2140444D06E7573656450616E49640066696E644AFD
S2140444E06F696E61626C654E6574776F726B0050AF
S2140444F065726D697473206A6F696E696E67206F82
S2140445006E20746865206E6574776F726B20666FB4
S21404451072206120676976656E206E756D626572BD
S214044520206F66207365636F6E647320414E44206B
S21404453062726F616463617374732061205A444FBE
S214044540204D676D74205065726D6974204A6F69DA
S2140445506E696E67207265717565737420746F205A
S214044560616C6C20726F75746572732E00412073D3
S214044570696E676C65206279746520696E64696328
S2140445806174696E6720686F77206C6F6E6720743D
S2140445906865206465766963652073686F756C6406
S2140445A02068617665207065726D6974206A6F692B
S2140445B06E696E67207475726E6564206F6E206611
S2140445C06F722E20412076616C7565206F662030F0
S2140445D0786666207475726E73206F6E20706572CE
S2140445E06D6974206A6F696E20696E646566696EAB
S2140445F06974656C792E1F00436865636B73206E5F
S2140446006574776F726B20706A6F696E207374615D
S2140446107475732E00577269746573207468652008
S214044620657874656E6465642070616E2049442004
S214044630666F7220746865206465766963652E000B
S21404464065787470616E69641F0052656A6F696E7E
S2140446507320616E206578697374696E67206E6571
S21404466074776F726B20696E206120736563757250
S21404467065206F7220696E736563757265206D615F
S2140446806E6E657220776974682061206469666658
S2140446906572656E742064657669636520747970E6
S2140446A0652E00426F6F6C65616E206E6574776F61
S2140446B0726B206B657920617661696C6162696CE6
S2140446C06974791F4368616E6E656C206D61736BE7
S2140446D01F416E20656E756D65726174696F6E201C
S2140446E0696E6469636174696E67207468652064C2
S2140446F06576696365207479706520746F207265C9
S2140447006A6F696E2061732E5468652073746163E2
S2140447106B206F6E6C7920616363657074732053CD
S2140447204C5F5A49474245455F454E445F444556AB
S21404473049434520616E6420534C5F5A49474245BD
S214044740455F534C454550595F454E445F44455676
S2140447504943452E1F0052654A6F696E73206120D7
S2140447606E6574776F726B2E00426F6F6C65616E48
S214044770206E6574776F726B206B65792061766145
S214044780696C6162696C6974791F4368616E6E65F1
S2140447906C206D61736B1F004C65617665732061D8
S2140447A0206E6574776F726B2E005475726E73206C
S2140447B07065726D6974206A6F696E696E67206FC2
S2140447C06E20666F722074686520616D6F756E74F6
S2140447D0206F662074696D6520696E646963617410
S2140447E065642E00412073696E676C652062797477
S2140447F06520696E6469636174696E6720686F77A3
S214044800206C6F6E672074686520646576696365DE
S2140448102073686F756C64206861766520706572B5
S2140448206D6974206A6F696E696E67207475726E3E
S214044830206F6E20666F722E20412076616C75653F
S214044840206F662030786666207475726E732070EA
S21404485065726D6974206A6F696E20696E64656638
S214044860696E6974656C792E1F004A6F696E7320D1
S21404487061206E6574776F726B206F6E206120679F
S2140448806976656E206368616E6E656C2C20776948
S2140448907468206120676976656E20545820506FCE
S2140448A077657220616E642050414E2049442E0084
S2140448B0546865206368616E6E656C206F6E207741
S2140448C06869636820746F206A6F696E207468650F
S2140448D0206E6574776F726B1F4F6E652D627974E8
S2140448E065207369676E65642076616C75652069FA
S2140448F06E6469636174696E6720746865205458D1
S21404490020506F776572207468617420746865201F
S214044910726164696F2073686F756C6420626520C9
S21404492073657420746F1F5468652050414E204987
S21404493044206F6E20776869636820746F206A6FFE
S214044940696E20746865206E6574776F726B1F00DD
S214044950466F726D732061206E6574776F726B207C
S2140449606F6E206120676976656E206368616E6E7F
S214044970656C2C2077697468206120676976656E9B
S21404498020545820506F77657220616E6420504121
S2140449904E2049442E00546865206368616E6E6537
S2140449A06C206F6E20776869636820746F20666F6A
S2140449B0726D20746865206E6574776F726B1F4F16
S2140449C06E652D62797465207369676E65642076FA
S2140449D0616C756520696E6469636174696E6720CD
S2140449E074686520545820506F7765722074686127
S2140449F0742074686520726164696F2073686F75CB
S214044A006C642062652073657420746F1F54686537
S214044A102050414E204944206F6E207768696368B1
S214044A2020746F20666F726D20746865206E6574DE
S214044A30776F726B1F005468697320696E697469B6
S214044A406174657320612054434C4B207570646117
S214044A5074652070726F6365647572652E0053709A
S214044A6065636966792074686520616D6F756E7418
S214044A70206F662074696D6520746F207761697491
S214044A80206166746572206F6E652054434C4B201B
S214044A90757064617465206F7065726174696F6E99
S214044AA020636F6D706C65746573206265666F72E3
S214044AB06520626567696E6E696E672061206E6543
S214044AC0772054434C4B20757064617465206F7076
S214044AD065726174696F6E2E0054686520616D6F2F
S214044AE0756E74206F662074696D652062657477D0
S214044AF065656E2073756273657175656E74207472
S214044B00727573742063656E746572206C696E6B5F
S214044B10206B6579207570646174657320696E20F6
S214044B206D696C6C697365636F6E64731F0053659F
S214044B3074206F7220636C656172207374617920CF
S214044B406177616B65207768656E206E6F74206A86
S214044B506F696E656400536574206F7220636C65BC
S214044B60617220666F726365206177616B650044CD
S214044B706973706C61792074686520736C65657000
S214044B802073746174757300464F52205445535411
S214044B90494E4720505552504F534553202D2067B9
S214044BA061746865722074696D696E67206D6574DA
S214044BB07269637320666F72207265706F727469AF
S214044BC06E67207461626C65206F706572617469CB
S214044BD06F6E732E00436C65617273207468652073
S214044BE06C617374207265706F72742074696D657D
S214044BF0206F6620617474726962757465732E0022
S214044C00416464732061206E657720656E747279E2
S214044C1020746F20746865207265706F72742074D7
S214044C2061626C652E00546865206C6F63616C204D
S214044C30656E64706F696E742066726F6D20776837
S214044C406963682074686520617474726962757437
S214044C5065206973207265706F727465641F54688A
S214044C606520636C75737465722077686572652059
S214044C7074686520617474726962757465206973FA
S214044C80206C6F63617465641F5468652049442012
S214044C906F662074686520617474726962757465E1
S214044CA0206265696E67207265706F727465641F32
S214044CB03020666F7220636C69656E742D73696448
S214044CC0652061747472696275746573206F7220EE
S214044CD03120666F72207365727665722D7369640F
S214044CE06520617474726962757465731F546865AF
S214044CF0206D696E696D756D207265706F7274696A
S214044D006E6720696E74657276616C2C206D6561C1
S214044D10737572656420696E207365636F6E647361
S214044D202E1F546865206D6178696D756D207265F7
S214044D30706F7274696E6720696E74657276616CE2
S214044D402C206D6561737572656420696E207365C9
S214044D50636F6E64732E1F546865206D696E696D8B
S214044D60756D206368616E676520746F207468656E
S214044D702061747472696275746520746861742045
S214044D8077696C6C20726573756C7420696E20612B
S214044D90207265706F7274206265696E6720736531
S214044DA06E742E1F0052656D6F76657320616E20DB
S214044DB0656E7472792066726F6D207468652072F1
S214044DC065706F7274207461626C652E0054686539
S214044DD020696E646578206F662074686520726545
S214044DE0706F727420746F2062652072656D6F76C2
S214044DF065641F00436C6561727320616C6C20658A
S214044E006E74726965732066726F6D2074686520AF
S214044E107265706F7274207461626C652E005072D5
S214044E20696E747320746865207265706F7274207E
S214044E307461626C652E00576970657320616C6CD2
S214044E40206461746120696E207468652073746FD1
S214044E5072616765206465766963652E00507269C1
S214044E606E747320617262697472617279206279F9
S214044E70746573206F6620746865204F54412069FA
S214044E806D616765206F6E206469736B2E005468CD
S214044E906520696E646578206F662074686520698D
S214044EA06D61676520746F207072696E7420697412
S214044EB07320646174611F546865206F6666736549
S214044EC07420696E746F20746865204F544120699D
S214044ED06D61676520746861742077696C6C206204
S214044EE065207072696E7465641F005072696E7412
S214044EF07320696E666F726D6174696F6E2061628D
S214044F006F7574207468652073746F7261676520AA
S214044F106465766963652E0052656C6F61642074FF
S214044F2068652073746F726167652064657669636B
S214044F30652E0044656C6574657320746865206925
S214044F406D6167652061742074686520737065639D
S214044F50696669656420696E6465782E00546865C0
S214044F6020696E64657820617420776869636820B8
S214044F70746F20626567696E2064656C6574696E1B
S214044F80672074686520696D6167651F00507269E3
S214044F906E74732074686520696D616765732E008E
S214044FA0456E61626C6573204F544120646F776E62
S214044FB06772616465732E0044697361626C65731D
S214044FC0204F544120646F776E6772616465732E58
S214044FD00053656E647320616E2055706772616459
S214044FE065456E645265717565737420746F2061CF
S214044FF06E204F5441207365727665722E004361AD
S2140450006E206265207573656420746F2064796E03
S214045010616D6963616C6C79207475726E206F665D
S214045020662073656E64696E6720706167652072BA
S21404503065717565737473206F6E2074686520637C
S2140450406C69656E7420736964652C2069662074C7
S21404505068652073657276657220646F65736E2763
S2140450607420737570706F72742074686973206628
S2140450706561747572652E00426F6F6C65616E2093
S21404508076616C7565207475726E696E67206F6ED6
S21404509020283129206F72206F6666202830292048
S2140450A074686520706167652072657175657374D0
S2140450B020666C61671F0053656E647320616E2002
S2140450C0696D61676520626C6F636B2072657175CC
S2140450D065737420666F7220612066696C6520743F
S2140450E06865207365727665722073686F756C6484
S2140450F0206E6F7420686176652E20205465737464
S214045100206861726E657373206F6E6C79202874E4
S214045110657374206361736520392E352E36202D11
S214045120204D697373696E672046696C6529005063
S21404513072696E747320696E666F726D6174696FDE
S2140451406E206F6E207468652063757272656E7467
S214045150207374617465206F6620746865204F54EC
S2140451604120636C69656E7420646F776E6C6F6142
S214045170642E0053746F707320746865204F544116
S214045180207374617465206D616368696E652E00B2
S21404519053746172747320746865204F544120639D
S2140451A06C69656E74207374617465206D616368E0
S2140451B0696E652E20546865207374617465206D6D
S2140451C0616368696E6520646973636F766572737C
S2140451D020746865204F5441207365727665722C7E
S2140451E0207175657269657320666F72206E6577C7
S2140451F020696D616765732C20646F776E6C6F61D0
S21404520064732074686520696D6167657320616ED8
S2140452106420776169747320666F722074686520F1
S21404522073657276657220636F6D6D616E6420744B
S2140452306F20757067726164652E005072696E74B3
S2140452407320746865206D616E756661637475722B
S21404525065722049442C20496D6167652054797035
S214045260652049442C20616E642056657273696F0C
S2140452706E20696E666F726D6174696F6E207468F5
S2140452806174206172652075736564207768656E45
S2140452902061207175657279206E65787420696D59
S2140452A06167652069732073656E7420746F20745B
S2140452B06865207365727665722062792074686505
S2140452C020636C69656E742E00506572666F726D2D
S2140452D073207369676E617475726520766572698A
S2140452E06669636174696F6E206F6E2074686520EA
S2140452F0696D6167652061742074686520737065E4
S21404530063696669656420696E6465782E0054680E
S2140453106520696E646578206174207768696368BF
S21404532020746F20626567696E20766572696669A7
S214045330636174696F6E206F662074686520696D9A
S2140453406167651F00426F6F746C6F6164732074CD
S214045350686520696D6167652061742074686520DE
S21404536073706563696669656420696E6465782030
S21404537062792063616C6C696E6720746865204F7F
S214045380544120626F6F746C6F61642063616C6C4F
S2140453906261636B2E0054686520696E64657820CC
S2140453A0617420776869636820746F206265676932
S2140453B06E20626F6F746C6F6164696E67207468C8
S2140453C06520696D6167651F005072696E7473208D
S2140453D0696E666F2061626F7574207468652069F3
S2140453E06E7374616C6C656420626F6F746C6F614D
S2140453F06465722E005375627472616374732061FF
S214045400206368616E6E656C2066726F6D206569D8
S2140454107468657220746865207072696D6172794B
S214045420206F72207365636F6E646172792063689F
S214045430616E6E656C206D61736B206F6620746898
S21404544065206E6574776F726B2D7374656572690B
S2140454506E6720636F6D706F6E656E742E00546891
S21404546065206368616E6E656C206D61736B207475
S2140454706F20737562747261637420746865206348
S21404548068616E6E656C2066726F6D1F5468652069
S2140454906368616E6E656C20746F207375627472D7
S2140454A061637420746865206D61736B2066726F27
S2140454B06D1F00416464732061206368616E6E65CD
S2140454C06C20746F20656974686572207468652042
S2140454D07072696D617279206F72207365636F6E86
S2140454E064617279206368616E6E656C206D6173A9
S2140454F06B206F6620746865206E6574776F726BB8
S2140455002D7374656572696E6720636F6D706F6E58
S214045510656E742E00546865206368616E6E656CF3
S214045520206D61736B20746F206164642061206356
S21404553068616E6E656C20746F1F546865206368BE
S214045540616E6E656C20746F2061646420746F20D5
S214045550746865206D61736B1F00536574732065F2
S214045560697468657220746865207072696D61720A
S21404557079206F72207365636F6E6461727920633D
S21404558068616E6E656C206D61736B2E0054686581
S214045590206368616E6E656C206D61736B20746F3A
S2140455A0207375627472616374207468652063681E
S2140455B0616E6E656C2066726F6D1F54686520762A
S2140455C0616C756520746F2073657420746865203B
S2140455D06368616E6E656C206D61736B20746F2EEC
S2140455E01F005365747320746865207072652D639C
S2140455F06F6E66696775726564206B657920736F74
S214045600207468617420746865206A6F696E696EB8
S21404561067206465766963652063616E20656E74D1
S214045620657220746865206E6574776F726B2E00E1
S214045630536574732074686520707265636F6E6654
S214045640696775726564206B65791F0053746F70A3
S2140456507320746865206E6574776F726B2073743C
S214045660656572696E672070726F636573732E006A
S21404567053746172747320746865206E6574776FF2
S214045680726B207374656572696E672070726F63DF
S2140456906573732E0041206D61736B206F66206FF7
S2140456A07074696F6E7320666F7220696E646963C6
S2140456B06174696E672073706563696669632062E6
S2140456C065686176696F722077697468696E20749C
S2140456D06865206E6574776F726B2D73746565727A
S2140456E0696E672070726F636573732E1F0044695A
S2140456F073706C6179732074686520637572726563
S2140457006E7420737461747573206F662074686594
S214045710206E6574776F726B207374656572696E3C
S214045720672070726F636573732E00436C656172D5
S21404573073207468652067726F7570732074616275
S2140457406C65206F6E20657665727920656E647070
S2140457506F696E74005072696E747320696E666F3A
S214045760726D6174696F6E2061626F7574207468FF
S2140457706520636F6E74656E7473206F662074683C
S214045780652067726F757073207461626C652E0095
S2140457904172746966696369616C6C792064726FBE
S2140457A070732074686520626C6F636B206E756D11
S2140457B062657220646566696E6564206279207429
S2140457C068652070617373656420617267756D65C2
S2140457D06E74206F6E6C79206F6E63652C20616E1C
S2140457E064207468656E20616C6C6F7773206974CE
S2140457F02075706F6E20612072657472792E005465
S214045800686520626C6F636B206E756D62657220CE
S214045810746F206172746966696369616C6C79205F
S21404582064726F7020746F20666F726365206120E7
S2140458307265747279202D2073657420746F20301D
S21404584078464620746F2064697361626C651F0035
S214045850536574732074686520726563656976653C
S2140458602077696E646F772073697A652E202042EC
S2140458707920646566696E6974696F6E20696E2046
S21404588074686520536D61727420456E657267791D
S2140458902070726F66696C65206974206D75737408
S2140458A02062652073657420746F203120627574DD
S2140458B0207468697320616C6C6F77732069742038
S2140458C0746F206265206368616E6765642E005499
S2140458D06865206D6178206E756D626572206F66EE
S2140458E02074686520626C6F636B732072656365F1
S2140458F069766564206265666F726520616E204114
S21404590050532061636B2069732067656E6572610E
S2140459107465641F004D616B657320746869732039
S2140459206E6F6465207374617274206964656E7446
S214045930696679696E672061732061207461726795
S214045940657420666F722062696E64696E6720777C
S21404595069746820616E20696E69746961746F7217
S214045960206E6F64652E0054686520656E64706FE3
S214045970696E74206F6E20776869636820746F2080
S214045980626567696E207468652046696E64696E30
S2140459906720616E642042696E64696E6720746174
S2140459A0726765742070726F636573731F004D6150
S2140459B06B65732074686973206E6F6465207374F6
S2140459C06172742074686520696E69746961746FA5
S2140459D0722070617274206F662074686520666930
S2140459E06E64696E6720616E642062696E64696EB7
S2140459F0672070726F636573732E00546865206544
S214045A006E64706F696E74206F6E20776869636861
S214045A1020746F20626567696E2074686520466925
S214045A206E64696E6720616E642042696E64696E96
S214045A306720696E69746961746F722070726F632F
S214045A406573731F0053657473207768657468659F
S214045A50722074686520434C4920666F72636573D0
S214045A60207468652064657669636520746F2073A6
S214045A70686F727420706F6C6C2E005468652076A4
S214045A80616C756520696E6469636174696E67200C
S214045A9077686574686572207468652064657669DD
S214045AA063652073686F756C642073686F72742006
S214045AB0706F6C6C1F005365747320776865746828
S214045AC06572207468652064657669636573207002
S214045AD06F6C6C20636F6D706C65746564206361B5
S214045AE06C6C6261636B2066756E6374696F6E209E
S214045AF0697320656E61626C65642E005468652067
S214045B0076616C756520696E6469636174696E6735
S214045B1020776865746865722074686520646576A5
S214045B206963657320706F6C6C20636F6D706C6551
S214045B307465642063616C6C6261636B2066756E69
S214045B406374696F6E20697320656E61626C656448
S214045B501F00446973706C617973207468652073E0
S214045B607461747573206F662074686520456E646E
S214045B70204465766963657320706F6C6C696E6724
S214045B802E00456E61626C652F64697361626C6594
S214045B9020646562756720606C656761637920615F
S214045BA07070206672616D65776F726B20646562D3
S214045BB0756760207072696E7420747970652E0043
S214045BC0456E61626C652F64697361626C651F0063
S214045BD0456E61626C652F64697361626C652064EE
S214045BE06562756720607A636C60207072696E7493
S214045BF020747970652E00456E61626C652F646949
S214045C007361626C6520646562756720606170709C
S214045C1060207072696E7420747970652E00456E0B
S214045C2061626C652F64697361626C652064656289
S214045C3075672060636F726560207072696E742089
S214045C40747970652E00456E61626C652F646973A5
S214045C5061626C6520646562756720607374616355
S214045C606B60207072696E7420747970652E0053B0
S214045C70656E647320612072657175657374206641
S214045C806F72204F544120636F756E746572732E65
S214045C900052657365747320616C6C207468726559
S214045CA073686F6C64732076616C75657320746FAB
S214045CB0203078464646462E00536574732061208D
S214045CC07468726573686F6C642076616C756520A1
S214045CD0666F72206120706172746963756C61729C
S214045CE02074797065206F6620636F756E746572B4
S214045CF02E0054797065206F6620636F756E746528
S214045D00721F5468726573686F6C642056616C7594
S214045D10651F005072696E74732074686520746819
S214045D20726573686F6C6473206F6620616C6C2098
S214045D3074686520636F756E746572732E00436CA9
S214045D406561727320616C6C20636F756E74657226
S214045D502076616C7565732E005072696E747320BC
S214045D60616C6C20636F756E7465722076616C75F9
S214045D7065732E005072696E74732074686520769D
S214045D80616C7565206F6620746869732070617233
S214045D90746963756C617220636F756E7465722EB8
S214045DA00054686520636F756E746572207479702C
S214045DB06520746F207072696E741F005072696E6D
S214045DC0747320616C6C20636F756E7465722076D4
S214045DD0616C75657320616E6420636C65617273B3
S214045DE0207468656D2E00536574204D46472074F4
S214045DF06F6B656E2C2043414E4E4F542042452017
S214045E00554E53455420425920434C492E00507257
S214045E10696E74204D464720746F6B656E2E005075
S214045E2072696E7420616374697665206576656E42
S214045E3074732E0044697361626C6520746865200F
S214045E40656E64706F696E7420666F72205A434C78
S214045E50206D657373616765732E00456E64706F9D
S214045E60696E7420696E6465781F00456E61626CA5
S214045E7065732074686520656E64706F696E74203F
S214045E80666F72205A434C206D6573736167657341
S214045E902E005072696E7420737461747573206F6B
S214045EA06620656E64706F696E74732E0053686F37
S214045EB07773207468652076657273696F6E206FD9
S214045EC0662074686520736F6674776172652E0049
S214045ED05365742074686520636F6E6669677572AF
S214045EE06564203830322E31352E34204343412029
S214045EF06D6F646520696E207468652072616469DC
S214045F006F2E2053656520646F63756D656E7461CE
S214045F1074696F6E20726567617264696E67205279
S214045F2041494C5F494545453830323135345F4345
S214045F3063614D6F64655F742E0041205241494C85
S214045F405F494545453830323135345F4363614DEA
S214045F506F64655F742076616C75651F00526574A6
S214045F6075726E732050544920726164696F2063A1
S214045F706F6E66696720696E666F726D6174696FAD
S214045F806E20746F2064657465726D696E65207426
S214045F906865205048592074797065206265696E7A
S214045FA0672075736564206279205241494C2E201F
S214045FB072657475726E2076616C756520697320DF
S214045FC0656E756D205241494C5F494545453830EC
S214045FD0323135345F507469526164696F436F6E51
S214045FE06669675F7420652E6720205241494C5FBE
S214045FF0494545453830323135345F5054495F524F
S2140460004144494F5F434F4E4649475F32503447F9
S214046010485A203D203078303055205241494C5F54
S214046020494545453830323135345F5054495F521E
S2140460304144494F5F434F4E4649475F32503447C9
S214046040485A5F414E54444956203D2030783031FA
S21404605055205241494C5F49454545383032313523
S214046060345F5054495F524144494F5F434F4E4654
S21404607049475F32503447485A5F434F4558203D9E
S214046080203078303255205241494C5F49454545C9
S2140460903830323135345F5054495F524144494FA9
S2140460A05F434F4E4649475F32503447485A5F4134
S2140460B04E544449565F434F4558203D203078306F
S2140460C033550053656E64732061207265616420E5
S2140460D06174747220666F72207468652074696DCA
S2140460E065206F662074686520646576696365203C
S2140460F07370656369666965642E204974207365E8
S2140461007473206120666C616720736F20776865FE
S2140461106E206974206765747320746865207265E0
S21404612073706F6E73652069742077726974657313
S214046130207468652074696D6520746F20697473B3
S214046140206F776E2074696D6520617474722E00FA
S21404615049641F737263456E64706F696E741F645E
S214046160657374456E64706F696E741F0057686556
S2140461706E2073656E64696E67207573696E67203A
S214046180612062696E64696E672C2073706563694A
S2140461906669657320776865746865722061206D2A
S2140461A0756C7469636173742062696E64696E6782
S2140461B02073686F756C6420626520757365642E41
S2140461C0007573654D756C74696361737442696EAA
S2140461D064696E671F0053656E6473206120707275
S2140461E0652D6275666665726564206D756C746986
S2140461F063617374206D65737361676520746F20C3
S2140462006120676976656E2067726F7570204944F1
S2140462102066726F6D206120676976656E20656EF4
S21404622064706F696E742E0067726F757049641FB0
S2140462307372632D656E64706F696E741F004372AB
S21404624065617465732061206D657373616765208D
S21404625062792073706563696679696E672074680D
S21404626065207261772062797465732E2055736594
S214046270207468652073656E6420636F6D6D616E4F
S2140462806420746F2073656E6420746865206D6581
S2140462907373616765206F6E636520697420686137
S2140462A073206265656E20637265617465642E2072
S2140462B045783A2072617720307830303046207B3B
S2140462C030302030412030302031312032322033FB
S2140462D0332034342035357D2073656E6473206135
S2140462E0206D65737361676520746F20636C7573C6
S2140462F074657220313520283078303030462920B5
S2140463006F66206C656E67746820382077686963EA
S2140463106820696E636C7564657320746865205ABA
S214046320434C206865616465722E00436C75737413
S214046330657249641F446174611F00526573657415
S2140463407320746865206E6F64652E0057726974D6
S21404635065732061206D6573736167652E00456EF5
S21404636064706F696E741F436C757374657220492C
S214046370441F4174747269627574652049441F4DE4
S21404638061736B1F4461746120747970651F446186
S214046390746120627974651F0052656164732061BC
S2140463A0206D6573736167652E00456E64706F6952
S2140463B06E741F436C75737465722049441F417470
S2140463C0747269627574652049441F3120696620B9
S2140463D073657276657220646972656374696F6E3C
S2140463E02C203020696620636C69656E74206469AD
S2140463F072656374696F6E1F0053656E6473206103
S214046400206D6573736167652E0044657374696EE9
S2140464106174696F6E1F536F7572636520656E6471
S214046420706F696E741F44657374696E6174696F06
S2140464306E20656E64706F696E741F00536F75729C
S214046440636520656E64706F696E741F004C6973B3
S2140464507473207768696368206F7074696F6E61FF
S2140464606C206C6962726172696573206F66207451
S214046470686520737461636B2061726520696D7052
S2140464806C656D656E746564206F6E2074686973E0
S214046490206465766963652E005072696E74732095
S2140464A0696E666F726D6174696F6E2061626F7576
S2140464B07420746865206E6574776F726B207374CD
S2140464C06174652C20636C7573746572732C20611B
S2140464D06E6420656E64706F696E74732E006F66EA
S2140464E0667365741F005072696E747320696E66F5
S2140464F06F726D6174696F6E20666F7220616C6C6A
S21404650020617661696C61626C6520736C6F74736C
S2140465102E00526561647320726177206461746131
S2140465202066726F6D20666C6173682073746F7278
S2140465306167652E004164647265737320746F200E
S214046540726561641F4E756D626572206F662062A7
S2140465507974657320746F20726561641F005072CD
S214046560696E747320666C6173682073746F7261ED
S214046570676520696E666F726D6174696F6E2E0052
S214046580457261736573207468652073706563690A
S2140465906669656420736C6F742049442E005374D6
S2140465A06F7261676520736C6F74206E756D6265BB
S2140465B0721F00426F6F74732074686520696D6182
S2140465C0676520696E207468652073706563696604
S2140465D069656420736C6F742049442E00434C49EB
S2140465E020696E7374616E6365206578616D706C86
S2140465F06500696E7374005A434C20636F6D6D6159
S2140466006E647300626173696300676C6F62616CC9
S214046610006D66672D636F6465007573652D6E6522
S21404662078742D73657175656E636500782D646581
S2140466306661756C742D7265737000746573742D61
S214046640726573706F6E73652D6F6E007465737408
S2140466502D726573706F6E73652D6F6666005A4390
S2140466604C20626173696320636C75737465722071
S214046670636F6D6D616E6473007274666400436F5D
S2140466806D6D616E642074686174207265736574E0
S2140466907320616C6C206174747269627574652011
S2140466A076616C75657320746F20666163746F72AF
S2140466B0792064656661756C742E005241494C00FD
S2140466C06C6F7765722D6D61632D7261696C2D3800
S2140466D030322E31352E342E63006C696272616955
S2140466E06C2E6100756E636C61696D65640062751D
S2140466F0666665722D6D616E6167656D656E742E76
S21404670063006576656E742D71756575652E630018
S2140467107A69676265652D75707065722D6D616343
S2140467202E63006E65696768626F722E630061731C
S214046730736F63696174696F6E2E6300313832312A
S2140467407300313432323100313231003273003169
S21404675032323131320031323231310032383100A6
S2140467603831310031383231310031323131313261
S2140467703132323231730031323200313231313219
S2140467803231003131313100323238006D61632DDF
S2140467906D756C74692D6E6574776F726B2E6300FD
S2140467A06C65676163792D7061636B65742D6275C2
S2140467B0666665722E63000000000200000000009A
S2140467C000000000BA040000000002000000000000
S2140467D000000000BA040000000102030E312E314E
S2140467E02E322D61343261373161640001000002BB
S2140467F00303010006000000000003000000000080
S21404680013B779FAC925DDB7ADF3CFE0F1B614B8FE
S2140468100102000000000000FFFFFFFF010000006F
S214046820010000000000000000000000000000005E
S214046830000000000000000000000000000000004F
S214046840000000000000000000000000000000003F
S214046850033F1F1E000003007F2103007B2103006B
S2140468605921030027210300B721030089210300CF
S214046870292103002C00000002020203000000008D
S21404688001020000000801B42C6904000008015A43
S214046890E868040000080040A46804000000000043
S2140468A0000000000000FCFEFFFF000000000000E7
S2140468B0FFFF000000000000FFFF000000000000D3
S2140468C0FFFF00000000000040001806F4D200009D
S2140468D02C00B0023DBE00001700F2000C7C000045
S2140468E00C0041009E4200006400FCFEFFFF000016
S2140468F000000000FFFF0000000000005A00F3063E
S214046900A554FEFF2100A301A1FEFFFF1100A6006F
S214046910832700000A006100DC26000006003B0016
S214046920F820000003001500AD130000C800FCFEAC
S214046930B4008B087BC0FBFF4D00E402E756FFFF64
S2140469402C00A20183EBFFFF1A000301B31A000018
S2140469501100A300552900000A005E005A28000012
S21404696006003A00212200000400180073160000F6
S2140469708B1D0400E4CA0300E4CA0300E4CA03004F
S214046980E4CA0300E4CA0300E4CA0300E4CA03003A
S214046990E4CA0300E4CA0300E4CA0300E4CA03002A
S2140469A0E4CA0300E4CA0300E4CA0300E4CA03001A
S2140469B0E4CA0300E4CA0300E4CA0300E4CA03000A
S2140469C0E4CA0300E4CA0300E4CA0300E4CA0300FA
S2140469D0E4CA0300E4CA0300E4CA0300E4CA0300EA
S2140469E0F2CA0300E4CA030007CB0300E4CA0300A8
S2140469F0E4CA03002CCB0300E4CA0300E4CA030081
S214046A00E4CA0300E4CA030054CB0300E4CA030048
S214046A10E4CA0300E4CA0300E4CA03006CCB030020
S214046A20E4CA03008ACB03000B0000000B0000003E
S214046A300200000000002020000000000300000008
S214046A408C8C3C00000000000000000000000000E9
S214046A50000000581200000000000000FFFFFFFFC7
S214046A60FFFFFFFFFFFFFFFF554E4B00474F200081
S214046A7042544C00474F3200474F3300474F3400D0
S214046A80474F3500474F3600474F3700474F3800CB
S214046A90474F3900474F4100474F4200474F430096
S214046AA0474F4400474F4500474F46004A4D500065
S214046AB0424452005550520042544D004D534D002E
S214046AC046544C00554E4B00474F200042544C0051
S214046AD04241440046544C00465243004F54410041
S214046AE044534C004241500055504700544D450015
S214046AF046415500545A4600554E4B0050494E00E8
S214046B00454D3400554E4B0048562000554E4B001C
S214046B10455850004C574D00554E4B0052425400B9
S214046B2044534C00454D3400554E4B0041535400DD
S214046B30554E4B0056465900494E4800554E4B009C
S214046B404C434B0058544C004F424600554E4B00A5
S214046B50485244004D454D00425553005553470096
S214046B6044424700444D410056435400554E4B00A2
S214046B705550200052502000415030004150310002
S214046B80415020004450200044454300686A0400F5
S214046B906C6A0400C46A0400F86A0400046B040007
S214046BA00C6B0400186B0400286B0400306B0400A4
S214046BB03C6B04004C6B04006C6B0400554E4B009D
S214046BC04649420042544C0045585400505752001F
S214046BD05744470020535700435253004653480037
S214046BE042414400464C540042524F000104010303
S214046BF003060105010501090600060B0000070B44
S214046C00050B000000000000000000005230005297
S214046C10310052320052330052340052350052369C
S214046C200052370052380052390052313000523187
S214046C30310052313200523133284C5229004D5320
S214046C4050005053500050430078505352004D5358
S214046C505020757365640050535020757365640046
S214046C6043535441434B20626F74746F6D00494321
S214046C70535200534843535200494E545F414354C1
S214046C804956453000494E545F41435449564531B0
S214046C90004346535200484653520044465352005B
S214046CA04D4D41522F4246415200414653520052E6
S214046CB06574300052657431005265743200526552
S214046CC0743300526574340052657435004461743C
S214046CD0300044617431000007D0030047D003003D
S214046CE08B1D04007FD00300C0D003008B1D04005E
S214046CF08B1D0400F9D0030026D1030055D10300F0
S214046D0077D103009DD10300DCD103008B1D040062
S214046D108B1D040016D2030043D2030079D203006D
S214046D20B4D20300E4D203008B1D04008B1D0400C0
S214046D308B1D04008B1D040019D3030049D30300E4
S214046D400400E40C0A00010410010000000500021F
S214046D5000000300DC6F0400D86F0400C46F040056
S214046D60C06F0400BC6F0400B86F0400A66F040074
S214046D70966F04007C6F0400746F04006A6F04004E
S214046D80686F0400506F04004D6F0400456F0400E4
S214046D90346F0400246F0400126F0400F86E0400BD
S214046DA0F06E0400E46E0400E06E0400DC6E040082
S214046DB0CE6E0400C36E0400AA6E0400916E040036
S214046DC0356E0400346E0400246E0400FC6D04006A
S214046DD0F16D0400F06D0400DC6D0400000000009A
S214046DE0000000000000000000000000000000009A
S214046DF00F0000000000000000000000000000007B
S214046E000000000000000000000000000000000079
S214046E100000000000000000000000000000000069
S214046E200000000001000000000000000000000058
S214046E30000000000F00000000000000000000003A
S214046E400000000000000000000000000000000039
S214046E500000000000000000000000000000000029
S214046E600000000000000000000000000000000019
S214046E700000000000000000000000000000000009
S214046E8000000000000000000000000000000000F9
S214046E9000000000000000000000000000000000E9
S214046EA000000000000000000000000000000000D9
S214046EB000000000000000000000000000000000C9
S214046EC000000000000000000000000000000000B9
S214046ED000000000000000000000000000000000A9
S214046EE000000000FFFFFFFFFFFFFFFFFFFF0000A3
S214046EF00000000000000000000000000000000089
S214046F000000000000000000000000000000000078
S214046F100000000000000000000000000000000068
S214046F200000000000000000000000000000000058
S214046F300000000000000000000000000000000048
S214046F400000000000FFFFFFFFFFFFFFFF9C0000A4
S214046F50FF00000000000000000000000000000029
S214046F6000000000800000000000FFFFFFFFFFFF9E
S214046F70FFFFFFFF00000000FFFF0000000000000E
S214046F8000000000000000000000000000000000F8
S214046F90000000000000FFFFFF00000000000000EB
S214046FA000000000000000000000000000000000D8
S214046FB000000000000000000000000000000000C8
S214046FC000000000000000000000000000000000B8
S214046FD0000000000000000000000000FC030101A7
S214046FE0010101010101010101010101010000008B
S214046FF00000000100200000000000010100002045
S21404700002041104040211101A080A0218010811D5
S21404701010111A080A04020D0B19195C0110280B2A
S2140470200114000000000000000000000000000042
S214047030000101010101010001010101010101003A
S2140470400001010100010001010000000000000031
S2140470500000000000000000000100000000000026
S214047060000000000000000001FF010023E1010011
S21404707075E4010063E2010063E5010062E10100DA
S21404708079EB010064EE010024E1010025E1010032
S21404709026E1010027E1010028E1010029E10100C1
S2140470A02AE1010000000100800001000001010047
S2140470B080010100000201008002010020E20100BC
S2140470C00003010000050100800501000006010020
S2140470D02C890100800601000007010001E501007B
S2140470E002E50100000801008008010000400100DC
S2140470F086321010FFFFFFFFFFFFFFFFC9DA030011
S214047100CFDA0300D5DA0300DBDA0300E1DA0300A2
S2140471105677777777777777777777777777777717
S2140471205A6967426565416C6C69616E636530399E
S2140471305A6967426565416C6C69616E636530398E
S2140471404E574B205374656572696E6700009596BA
S2140471509595950507090D0000000000000102033F
S21404716004060000E3F20300650604007F0604003C
S21404717096060400A9060400B9060400CD06040019
S214047180DF060400EF0604000B07040020070400D3
S2140471900208010D0D01010112010000FFFFFFFFAF
S2140471A0FFFFFFFF000000000000000001090501CA
S2140471B000020000000000031EF1EE0BCC71040078
S2140471C0161304008B1D0400FE0000003213040096
S2140471D02C730400000000003C1304001C7304001D
S2140471E000000000491304000C73040000000000B3
S2140471F056130400FC72040000000000741304001C
S214047200E8720400000000006C130400D47204004A
S2140472100000000073130400C072040000000000A5
S21404722081130400B072040000000000F31104008F
S2140472309C720400000000007A1304008C720400A0
S21404724000000000861304007872040000000000AA
S214047250FAD8030068720400000000000000000072
S21404726000000000000000000F3E03009713040017
S214047270D4130400010100FF6DFC0000FD1304009C
S21404728042140400010100010107FF0029FC00006C
S2140472908F140400FA140400010100FF69FB0000C7
S2140472A01B1504003415040000010100FF00000053
S2140472B0213E030059150400B11504000101FF0026
S2140472C0093E0300C81504001F1604000101020746
S2140472D0FF000000033E0300C81504001F16040048
S2140472E001010207FF000000FD3D0300C81504006D
S2140472F01F16040001010207FF0000001DFB00002A
S214047300401604007F160400010101FFBDFA0000C8
S2140473109E160400E3160400010000FF79FA00003C
S2140473209E160400E3160400010000FF01FB0000A3
S2140473300A1704001015040000FF0000F73D0300C0
S2140473405F170400C7410400FF000000F13D03007E
S214047350D2170400C7410400FF00000059FA0000D9
S21404736041180400B618040000FF000031FA0000BB
S214047370CE1804003019040000FF0000E33D0300AB
S214047380411904008719040002FF0000F9F90000FF
S21404739090190400041A040001FF00000000000015
S2140473A0041D040011000000101D0400120000005B
S2140473B0181D040013000000201D04002100000016
S2140473C0281D0400220000002F1D040023000000D6
S2140473D0361D0400AA0000003D1D0400FF00000046
S2140473E000000000FFFFFFFFFFFFFFFF000000009C
S2140473F000000000000001080109020A030B040C47
S214047400050D060E070F081001180119021A031BB2
S214047410041C051D061E071F082001210222032343
S214047420042405250626072708280129022A032BF3
S214047430042C052D062E072F08300131023203389E
S2140474400239043A08E004E104E204E802E902EA44
S21404745004F008F11000000000000000040500001D
S214047460C074040002000F00E874040002000F0059
S2140474701075040002000F003875040002000F00A7
S2140474806075040002000F008875040002000F00F7
S214047490B075040002000F00D875040002000F0047
S2140474A00076040002000F002876040002000F0095
S2140474B05076040002000F007876040002000F00E5
S2140474C000000000A0760400030000004000000056
S2140474D00000000019000000C476040004000F0039
S2140474E0800000000000000000000000A0760400F9
S2140474F00300000040000000000000001900000027
S214047500C476040004000F008000000000000000A1
S21404751000000000A0760400030000004000000005
S2140475200000000019000000C476040004000F00E8
S214047530800000000000000000000000A0760400A8
S21404754003000000400000000000000019000000D6
S214047550C476040004000F00800000000000000051
S21404756000000000A07604000300000040000000B5
S2140475700000000019000000C476040004000F0098
S214047580800000000000000000000000A076040058
S2140475900300000040000000000000001900000086
S2140475A0C476040004000F00800000000000000001
S2140475B000000000A0760400030000004000000065
S2140475C00000000019000000C476040004000F0048
S2140475D0800000000000000000000000A076040008
S2140475E00300000040000000000000001900000036
S2140475F0C476040004000F008000000000000000B1
S21404760000000000A0760400030000004000000014
S2140476100000000019000000C476040004000F00F7
S214047620800000000000000000000000A0760400B7
S21404763003000000400000000000000019000000E5
S214047640C476040004000F00800000000000000060
S21404765000000000A07604000300000040000000C4
S2140476600000000019000000C476040004000F00A7
S214047670800000000000000000000000A076040067
S2140476800300000040000000000000001900000095
S214047690C476040004000F00800000000000000010
S2140476A00000200120000000080000000400422121
S2140476B0300000003877040000FF4200300000006D
S2140476C0000000000000F0084000000059770400A5
S2140476D00100230440000000617704000600300126
S2140476E04000000000000000FDFF210240000000F2
S2140476F00100000019000004190001011900020429
S21404770019000301190005041900060119000704ED
S21404771004004100D11C010006004100234603007A
S214047720190081007539010019008400F543010031
S214047730008000000000000006435553544F4D00DF
S2140477400000000000000000000000000000000030
S214047750000000000000000000FFFFFFFFFFFFFF27
S214047760FFFFFFFFFF0004010401040104010401FC
S2140477700401040104010401040104010401FFFFDF
S214047780FFFFFFFFFFFFFFFFFFFFFFFFFFFFFFFF00
S214047790FFFFFFFFFFFF00010203040506070809B9
S2140477A00A0B1F1C1F1E1F1E1F1F1E1F1E1F070245
S2140477B01F012F0037013F005701DF02E700FF02D9
S2140477C000000000000000000000000000000000B0
S2140477D000000000000000000000000000000000A0
S2140477E000000000A323040019000000A9230400DD
S2140477F0FFFF000000000000742404007F2404003F
S2140478008B1D040087240400952404008B1D0400AB
S214047810A8240400B3240400C1240400C5240400DE
S214047820D5240400EBF30300E5240400E924040053
S214047830F4240400FE240400082504000C25040097
S2140478401A2504002E2504004425040000800000A8
S214047850000000000000000000000000FFFFFFFF23
S214047860FF00000000000000DDC901000000000069
S214047870000000000000F03F00000000000024406C
S21404788000000000000059400000000000408F4047
S214047890000000000088C34000000000006AF840B2
S2140478A00000000080842E4100000000D0126341D6
S2140478B00000000084D797410000000065CDCD414C
S2140478C064F703002C8F040000000000062E04005A
S2140478D01C8F0400000000000B2E04000C8F040014
S2140478E0000000000C2E0400FC8E040000000000C3
S2140478F081130400E88E04000000000074130400E2
S214047900D48E040000000000112E0400C48E04006F
S21404791000000000172E0400B48E040000000000CF
S2140479201B2E0400A48E0400000000002A2E04006F
S214047930948E040000000000472E0400848E040089
S21404794000000000502E0400748E040000000000A6
S214047950652E0400648E0400000000000D0504007B
S214047960548E040000000000752E0400148E0400DB
S214047970000000007B320400708504000000000054
S2140479808C22040030850400000000007C2E0400D5
S2140479907084040000000000852E04007483040034
S2140479A000000000922E04001C7F0400000000006B
S2140479B012250400F47D040000000000992E040043
S2140479C0F47D0400010000009D2E0400B47D040034
S2140479D000000000A22E0400787C040000000000D2
S2140479E0CBCB0300787C040001000000922E040038
S2140479F01C7F040000000000A92E04001C7F040065
S214047A0001000000AE2E0400447C040000000000C8
S214047A10B82E0400447C040001000000C02E0400BC
S214047A20747A040000000000FFD90300407A0400C2
S214047A30000000000000000000000000000000003D
S214047A40507A0400C42E04008B1D0400FE000000BF
S214047A50DC2E0400188604000000000050330400E6
S214047A60088604000000000000000000000000007B
S214047A7000000000847A0400E12E04008B1D04003C
S214047A80FE000000F72E04009887040000000000A3
S214047A90FD2E04008887040000000000032F040065
S214047AA078870400000000000C2F04006887040098
S214047AB00000000039D703005887040000000000C7
S214047AC043D50300208704000000000051DE0300B5
S214047AD00C87040000000000162F0400FC86040037
S214047AE0000000003EDA0300EC86040000000000FC
S214047AF01B2F0400DC86040000000000222F040074
S214047B00CC860400000000009FE80300BC86040046
S214047B1000000000272F0400107C04000000000072
S214047B202E2F0400B87B040000000000362F04004B
S214047B30847B040000000000422F0400507B0400F5
S214047B40000000000000000000000000000000002C
S214047B50607B04004D2F04008B1D0400FE00000013
S214047B6075EE03003886040000000000720F04005F
S214047B70288604000000000000000000000000004A
S214047B8000000000947B04006E2F04008B1D04008C
S214047B90FE00000075EE0300588604000000000096
S214047BA0720F040048860400000000000000000075
S214047BB00000000000000000C87B0400902F0400B2
S214047BC08B1D0400FE000000AE2F0400A8860400EF
S214047BD0000000009F3404009886040000000000A3
S214047BE0BD2F04008886040000000000C22F040095
S214047BF07886040000000000C92F0400688604008C
S214047C00000000000000000000000000000000006B
S214047C10207C0400CE2F04008B1D0400FE00000010
S214047C2021EE03004487040000000000EB2F04004C
S214047C303087040000000000000000000000000080
S214047C4000000000547C0400F32F04008B1D040085
S214047C50FE0000000F300400D88704000000000077
S214047C6012250400C887040000000000000000007D
S214047C700000000000000000887C040014300400AB
S214047C808B1D0400FE0000002D30040088880400CC
S214047C9000000000FBEA03007888040000000000EF
S214047CA03630040068880400000000000F3004002A
S214047CB0B8870400000000003B300400A8870400D6
S214047CC00000000048300400747D0400000000003A
S214047CD056300400407D04000000000064300400B8
S214047CE0007D0400000000007C2E04007084040064
S214047CF0000000000000000000000000000000007B
S214047D00107D04006D3004008B1D0400FE0000008E
S214047D104966040058880400000000005A660400FF
S214047D204888040000000000FAFE030038880400B7
S214047D30000000000000000000000000000000003A
S214047D40507D04008B3004008B1D0400FE000000F0
S214047D50B5300400A8880400000000009A1F040040
S214047D6098880400000000000000000000000000E6
S214047D7000000000847D0400BC3004008B1D040059
S214047D80FE000000FFD90300DC88040000000000A9
S214047D90720F0400CC880400000000009F34040026
S214047DA0B888040000000000000000000000000086
S214047DB000000000C47D0400DC3004008B1D0400B9
S214047DC0FE000000FFD903000C8904000000000038
S214047DD0FC300400FC88040000000000720F04005D
S214047DE0EC88040000000000000000000000000012
S214047DF000000000047E0400033104008B1D040010
S214047E00FE0000001D310400408A0400000000004B
S214047E10ADEF0300308A0400000000005031040077
S214047E20208A04000000000039D70300108A0400EA
S214047E30000000004AD70300008A04000000000087
S214047E4022310400F0890400000000003A310400E6
S214047E50E08904000000000043310400D0890400D7
S214047E60000000004A310400C0890400000000003D
S214047E705631040090890400000000009F3404007A
S214047E808089040000000000653104007089040045
S214047E9000000000B9FF0300608904000000000031
S214047EA06A31040050890400000000008131040097
S214047EB04089040000000000953104002C89040069
S214047EC000000000A53104001C8904000000000026
S214047ED0B4310400E87E0400000000000000000046
S214047EE00000000000000000F87E0400B931040021
S214047EF08B1D0400FE000000D0310400B08904008D
S214047F0000000000D9310400A0890400000000002D
S214047F100000000000000000000000002C7F0400A9
S214047F208B1D04008B1D0400FE000000E0310400DD
S214047F30B085040000000000ED310400F483040062
S214047F4000000000F6310400348304000000000042
S214047F500932040000830400000000001732040005
S214047F60CC8204000000000025320400988204003D
S214047F700000000033320400008204000000000009
S214047F8044320400D881040000000000513204008A
S214047F9038810400000000005C320400E080040025
S214047FA0000000006F320400B880040000000000E7
S214047FB065120400548004000000000082320400AD
S214047FC014800400000000008D320400E07F0400EA
S214047FD00000000000000000000000000000000098
S214047FE0F07F0400A03204008B1D0400FE00000095
S214047FF0C4320400608A040000000000CA32040090
S214048000508A040000000000000000000000000089
S2140480100000000024800400CE3204008B1D0400FF
S214048020FE000000CFEF0300908A0400000000006A
S21404803000330400808A0400000000000C330400AF
S214048040708A040000000000000000000000000029
S2140480500000000064800400223304008B1D04002A
S214048060FE000000FFD90300F48A040000000000AC
S214048070720F0400E48A040000000000780F040075
S214048080D48A04000000000075EE0300C08A0400D1
S214048090000000003E330400B08A04000000000024
S2140480A055330400A08A040000000000000000000D
S2140480B00000000000000000C880040061330400D3
S2140480C08B1D0400FE00000086330400048B0400AD
S2140480D00000000000000000000000000000000097
S2140480E0F08004008B3304008B1D0400FE000000A7
S2140480F0AF330400548B040000000000FC3004007E
S214048100448B040000000000BB330400348B0400DE
S21404811000000000C2330400248B040000000000AA
S214048120CF330400148B040000000000000000009D
S214048130000000000000000048810400DA33040058
S2140481408B1D0400FE00000048320400048C04006A
S21404815000000000F7330400F48B04000000000065
S21404816064F70300E48B04000000000079060400B2
S214048170D48B040000000000AF310400C48B04005C
S21404818000000000CFEF0300B48B040000000000E2
S214048190FE330400A48B040000000000093404002D
S2140481A0948B04000000000016340400848B040042
S2140481B00000000026340400748B04000000000055
S2140481C039340400648B0400000000000000000042
S2140481D00000000000000000E88104004B340400A6
S2140481E08B1D0400FE00000064F70300148C0400DA
S2140481F00000000000000000000000000000000076
S21404820010820400693404008B1D0400FE00000084
S214048210CFEF0300848C04000000000079060400FD
S214048220748C040000000000AF310400648C040069
S214048230000000008C340400548C0400000000008D
S214048240B82F04005882040000000000000000005C
S214048250000000000000000068820400A33404004C
S2140482608B1D0400FE0000009F340400448C0400B0
S2140482700000000075EE0300348C040000000000CB
S214048280B9340400248C0400000000000000000040
S2140482900000000000000000A8820400C2340400AD
S2140482A08B1D0400FE000000FFD90300A48C04000C
S2140482B000000000720F0400948C0400000000000C
S2140482C0000000000000000000000000DC82040043
S2140482D0E23404008B1D0400FE0000000235040096
S2140482E0C48C04000000000015350400B48C04009F
S2140482F00000000000000000000000000000000075
S214048300108304002B3504008B1D0400FE000000BF
S2140483104B350400E48C040000000000FBEA030074
S214048320D48C0400000000000000000000000000E0
S2140483300000000044830400553504008B1D04002F
S214048340FE000000CFEF0300148D040000000000C0
S2140483507A350400048D0400000000009235040001
S214048360F48C040000000000000000000000000080
S21404837000000000848304008B1D04008B1D040091
S214048380FE000000A33504009C83040000000000E7
S214048390000000000000000000000000AC830400A1
S2140483A08B1D04008B1D0400FE000000AF35040086
S2140483B0648D04000000000003250400548D0400AE
S2140483C000000000B5350400448D040000000000E1
S2140483D0B9350400348D040000000000BD350400E7
S2140483E0248D0400000000000000000000000000CF
S2140483F00000000004840400CD3504008B1D040036
S214048400FE000000FFD90300E48D04000000000015
S214048410E8350400D48D040000000000FB35040099
S214048420C48D040000000000720F0400B48D040024
S2140484300000000008360400A48D040000000000BC
S21404844019360400948D040000000000273604004A
S214048450848D04000000000038360400748D040087
S2140484600000000000000000000000000000000003
S21404847080840400453604008B1D0400FE000000C2
S2140484805F360400088804000000000092360400EA
S214048490F887040000000000CD360400E8870400D6
S2140484A000000000E4360400FC8404000000000021
S2140484B0EE360400C884040000000000000000003B
S2140484C00000000000000000D8840400F236040017
S2140484D08B1D0400FE000000496604002888040082
S2140484E0000000005A66040018880400000000001B
S2140484F00000000000000000000000000C850400DE
S214048500113704008B1D0400FE00000013EB03006B
S214048510048E0400000000009F340400F48D040060
S2140485200000000000000000000000000000000042
S21404853040850400243704008B1D0400FE00000060
S214048540FFD90300448E040000000000B530040088
S214048550348E0400000000009A1F0400248E0400D9
S2140485600000000000000000000000000000000002
S214048570808504003F3704008B1D0400FE000000C5
S214048580CF3304005C8F040000000000CFEF03002C
S2140485904C8F04000000000064F703003C8F0400C6
S2140485A000000000000000000000000000000000C2
S2140485B0C08504005F3704008B1D0400FE00000025
S2140485C07D370400AC8F04000000000087370400E9
S2140485D09C8F040000000000923704008C8F040077
S2140485E000000000811304007C8F040000000000DB
S2140485F0A13704006C8F0400000000000000000097
S2140486000000000000000000D53D0300AC37040065
S2140486108B1D0400FF000000D13D0300B9370400A1
S2140486208B1D0400FF00000075010100CB37040019
S2140486308B1D0400FF0000000D010100F837040044
S214048640C03F040001FF0000750101003838040033
S2140486508B1D0400FF0000000D01010066380400B5
S214048660C03F040001FF0000A9010100A738040070
S214048670C838040000FF0000A9010100D138040036
S2140486802E3904000000FF00250201003C390400D6
S21404869055390400010001FF950201007A390400EF
S2140486A0BC3904000102FF0025020100D23904008F
S2140486B0013A040001000102FF0000009DFF0000D3
S2140486C0323A04006E3A040007FF0000BDFF0000C3
S2140486D0743A0400A73A040001FF0000D1FF00002A
S2140486E0AF3A0400FF3A04000100FF002D00010029
S2140486F0143B0400653B04000101FF000100010077
S214048700753B0400AF3B040001FF0000810001003C
S214048710B73B0400003C0400010000010707FF000B
S214048720C5020100523C0400A73A040001FF000001
S214048730C50301009A3C0400DE3C04000107000166
S2140487400700FF00333E0300333D0400793D040078
S2140487500107000101FF00004D030100B53D0400C0
S214048760F03D0400010000FF1D0301000E3E04005E
S214048770523E04000100FF00ED020100653E0400C5
S214048780523E04000100FF0095030100A43E0400CD
S214048790AF3B040001FF000005040100DF3E0400B7
S2140487A0103F04000100FF004DED00008B1D040087
S2140487B01E3F0400000707FFF1EC00008B1D0400B9
S2140487C0373F0400000707FFDDF100008B1D04009F
S2140487D0433F040007FF0000DDF100008B1D04008A
S2140487E0433F040007FF0000853D03008B1D040083
S2140487F0483F04000000FF00B9F100008B1D040090
S2140488009516040001FF000081F100008B1D040092
S214048810803F040000FF0000D1EC00008B1D040024
S2140488208B1D0400FF000000D1EC00008B1D04002B
S2140488308B1D0400FF0000005B3D03008B1D04003D
S2140488408B1D0400FF0000005B3D03008B1D04002D
S2140488508B1D0400FF0000005B3D03008B1D04001D
S2140488608B1D0400FF000000A1EC00008B1D04001B
S214048870B63F04000101FF008DEC00008B1D0400D0
S214048880CB3F040001FF0000573D03008B1D04008E
S2140488908B1D0400FF00000055EC0000933004001C
S2140488A08B1D0400FF00000055EC0000D53F0400BB
S2140488B08B1D0400FF000000D5ED0000F63F040009
S2140488C00D4004000001000007FF0000533D0300B4
S2140488D0334004008B1D0400FF00000055EB00002D
S2140488E04D4004008B1D0400FF000000CD3D030036
S2140488F07B4004008B1D0400FF000000BF3D030006
S21404890095400400173F040000FF0000B1F4000087
S214048910BA4004008B1D0400FF00000029EA000092
S214048920D44004008B1D0400FF000000BDE90000D5
S214048930F74004007441040000000310FF00000028
S21404894099EA0000C94104003742040001FF000010
S2140489506DEA00004C4204008F42040000FF000051
S21404896081E90000A04204008B1D0400FF00000003
S214048970513D0300CF4204008B1D0400FF0000009D
S2140489805DE900001B430400173F040000FF0000DD
S21404899029E900005C440400B144040000FF000020
S2140489A00DE90000CB4404008B1D0400FF0000000A
S2140489B0F1E80000DB4404008B1D0400FF00000007
S2140489C0413D0300EF4404006D45040000FF000031
S2140489D0C1E80000F84504008B1D0400FF000000F9
S2140489E07DE80000154604004046040007FF00002A
S2140489F03DE800004A460400A3460400000500FFC4
S214048A00F5E7000056470400694704000002FF002B
S214048A10D1E70000984704008B1D0400FF00000007
S214048A20413D0300AA470400E447040000FF000099
S214048A3065E700006A480400B0480400000301FF2C
S214048A4055E700005049040096490400000301FF5E
S214048A5029620100364A04008B1D0400FF00000052
S214048A60D94903005E4A0400D94A040002FF000004
S214048A70090801002E4B0400C741040000FF000053
S214048A80D5070100564B0400C741040000FF000050
S214048A90850701006F4B04008B1D0400FF000000D7
S214048AA051540100884B04008B1D0400FF00000095
S214048AB029540100D54B04008B1D0400FF00000060
S214048AC0B5530100004C0400264C040000010100CC
S214048AD0010102FF8D530100A54D0400CD4D040095
S214048AE000FF00006D530100F44D04008B1D0400CC
S214048AF0FF000000C15201001E4E04008B1D04003E
S214048B00FF000000AD480300374E04008B1D040030
S214048B10FF000000894701005D4E04008E4E0400ED
S214048B200002FF0021470300EB4E04008B1D0400E7
S214048B30FF0000001D470300184F04008B1D0400AF
S214048B40FF0000003D470100334F04005D4F040062
S214048B5000FF0000154501008D4F04008B1D040026
S214048B60FF000000CD300100A04F04008B1D040060
S214048B70FF000000B5300100B84F04008B1D040050
S214048B80FF00000091460300D14F04008B1D040033
S214048B90FF0000007D460300FE4F040078500400EA
S214048BA000FF00002D440100B75004008B1D040094
S214048BB0FF000000194301002F5104008B1D040020
S214048BC0FF000000712F0100735104008B1D040088
S214048BD0FF000000552F0100905104008B1D040077
S214048BE0FF000000CD2F01003B5204008B1D040043
S214048BF0FF000000C12F0100C95204000E530400F8
S214048C0000FF00008D2F0100455304009653040016
S214048C1000FF0000B92D0100C95304008B1D040099
S214048C20FF00000075220100F55304005E540400A2
S214048C300000FF0075220100B3540400155504001B
S214048C400000FF00192301005A5504008D55040046
S214048C500002FF00EB450300E25504003056040012
S214048C6007FF0000492401004C5604008B1D040035
S214048C70FF0000005D2201007056040095560400B3
S214048C8000FF00006D230100EE5604008B1D040057
S214048C90FF000000351C01002B5704008B1D040048
S214048CA0FF000000011C0100555704008B1D040042
S214048CB0FF000000C344030090570400FF5704005D
S214048CC000FF00006D15010050580400CF58040042
S214048CD000FF0000B544030015590400675904005A
S214048CE000FF00008F440300AE590400FB59040043
S214048CF000FF0000310E0100455A04007B5A0400B0
S214048D0003FF0000690E0100B65A0400FC5A040072
S214048D1003FF0000150D0100525B04008B1D0400C8
S214048D20FF0000001B440300825B0400C05B0400D9
S214048D3000FF000015440300D05B0400C05B040081
S214048D4000FF00000F440300F75B0400C05B040050
S214048D5000FF0000094403001E5C0400C05B04001E
S214048D6000FF000003440300465C0400C05B0400EC
S214048D7000FF0000DF4303006F5C04008B1D04004B
S214048D80FF000000E5430300915C04008B1D040013
S214048D90FF0000007D0A0100B95C0400F25C0400D8
S214048DA00001FF00A90A0100135D04008B1D0400E6
S214048DB0FF000000E14303003E5D04008B1D040039
S214048DC0FF000000650A0100595D04008B1D0400C5
S214048DD0FF000000210A0100745D0400A15D040088
S214048DE000FF0000090A0100BC5D04008B1D04009E
S214048DF0FF00000031F20000E75D04008B1D040054
S214048E00FF00000031F200000E5E04008B1D04001B
S214048E10FF00000045E700001F5E04008B1D0400F1
S214048E20FF00000011E70000345E04005B5E0400EF
S214048E3000FF000011E700006B5E04005B5E0400A8
S214048E4000FF0000A9E60000925E04008B1D0400EB
S214048E50FF000000393D0300AD5E04008B1D0400D6
S214048E60FF00000009E30000D05E04003A5F04003F
S214048E7000FF0000E9E200005D5F04008B1D0400B3
S214048E80FF000000A9FE0000C36004005061040057
S214048E90010000FF89FD00006D610400C16104004B
S214048EA000FF0000BDFD0000D66104002862040037
S214048EB00100FF0029FD00003E6204002B6304004D
S214048EC00107FF003D3D03003B6304008B1D0400C7
S214048ED0FF0000008DF600004C6304005E6304008F
S214048EE0000101000007FF0085F5000099630400F7
S214048EF0AA63040000010100FF000000BDFD00009D
S214048F00F96304000A640400010000FFFDF4000095
S214048F10F96304003C64040000FF0000B9940100F7
S214048F204D6404008B1D0400FF0000003DE30000B8
S214048F30996404008B1D0400FF000000B16903005F
S214048F408B1D04008B1D0400FF0000007DA20100A1
S214048F508B1D04008B1D0400FF00000041A20100CD
S214048F608B1D0400DE64040002FF0000E5A9010076
S214048F70E66404008B1D0400FF00000079A90100CC
S214048F8012650400356504000200FF00336A03001E
S214048F905E6504008B1D0400FF00000055A9010057
S214048FA0806504009E65040002FF00002DA90100F0
S214048FB0B36504009E65040002FF00000100000083
S214048FC0904D00200000000000000000FFFF00009D
S214048FD0B94303000000000003000000FFFF010087
S214048FE09D4403000000000004000000FFFF010091
S214048FF0314503000000000004000000FFFF0000ED
S214049000B54503000000000006000000FFFF000056
S214049010274603000000000019000000FFFF0100BF
S214049020BD460300050000000000000000C2010069
S2140490300005000000100000000000000000000012
S214049040B9350400CC6900200000000000000000D0
S214049050000000000000000004660400C490040041
S214049060000000000A660400BC7104000000000052
S214049070116604008C7304000000000050330400E2
S2140490807C730400000000001A6604006C7304007D
S214049090000000002C6604005C730400000000005E
S2140490A03B6604004C730400000000004C66040099
S2140490B03C730400000000000000000000000000F4
S2140490C000000000D49004005E6604008B1D0400BB
S2140490D0FE00000079660400EC9004000000000026
S2140490E0000000000000000000000000496E0300BD
S2140490F07E6604008B1D0400FF03010001013F048B
S2140491000201003F040202003D040202003D040185
S214049110020001020003010002023D0402010002F3
S214049120020201000202000000202020202020204D
S21404913020202828282828202020202020202020FE
S214049140202020202020202020881010101010100E
S214049150101010101010101010040404040404045A
S21404916004040410101010101010414141414141F4
S21404917001010101010101010101010101010101D6
S21404918001010101101010101010424242424242E6
S21404919002020202020202020202020202020202A6
S2140491A0020202021010101020000000000000004E
S2140491B000000000000000000000000000000000A6
S2140491C00000000000000000000000000000000096
S2140491D00000000000000000000000000000000086
S2140491E00000000000000000000000000000000076
S2140491F00000000000000000000000000000000066
S2140492000000000000000000000000000000000055
S2140492100000000000000000000000000000000045
S2140492200000000000000000000000000000000035
S214049230A00100008013002000021000005300204C
S214049240201500200000020800000000FFFFFFFFBA
S214049250FFFFFFFFFFFFFFFF00000000000000000D
S21404926000000000000000000000000000000000F5
S214049270200000002DD70100100000000DD80100CA
S21404928000000001000001010001010120C001B836
S2140492900000000000000000FFFFFFFFFFFFFFFFCD
S2140492A0FFFFFFFFFFFFFFFFFFFFFFFFFFFFFFFFC5
S2140492B0FFFFFFFFFFFFFFFF000102020303040599
S2140492C006080C0C0C00010203040707C8C8C8C82B
S2140492D0C8C8C8C8C8C8C8C8030404080808080812
S2140492E000B801B802B800B0CCAE0400B4AE0400B6
S2140492F00304040808050000000000000000000045
S2140493000000000000000000EA06000048704C0F51
S21404931044700E0E30707E1302989A173870340F0D
S21404932034705A0F307048102C7048102870D011C2
S2140493302470E81120703E0F1C70901218700C13E5
S21404934014703A0FB110086001D80A7104B87F7817
S214049350020C7E78641000C6881F00A01DB87078C2
S21404936003B018600F3027B30F330111C0480698B6
S2140493707C0229B0086001D8087109DD047109BBB4
S21404938011101660A048086004100112FF32215024
S2140493900860D048086000880698381400C4441F43
S2140493A000A000BA03DF107109DF067202983603C4
S2140493B01DB8507800A04413281441158110086085
S2140493C002D8147110880698201900C014C000B87A
S2140493D00698861B0091069892020160B83020D841
S2140493E006711EBC637C784D5412F03240DE047263
S2140493F0404804DB08720DDD0C72044BEF30144851
S2140494000698F20400C4E040005444120862013294
S2140494102140087C811140D91C72B1123032CF4AE7
S214049420013AB1DA107208D8067104D80871804C73
S214049430237C5670684C441200C4A41E00A0441436
S214049440413AF3240164415C412A047580B800C49F
S2140494506040005481D8367140D90472237C084B8E
S2140494600698F20404BA1CB9767900C1204001B803
S21404947035797F216121007906B906A901D80671DC
S21404948002981002804C307C0298640208D86A71F4
S21404949000C1544000B8141110D95E71584C4412DF
S2140494A080BDA26DFF25784C4412FC22513A281444
S2140494B0104C00C20CC101B82412281408622814E7
S2140494C00862281408622814304C304C00C11C4032
S2140494D000B814111814086100C5284001B85415C2
S2140494E0FF35047110491814B04C44120862013256
S2140494F0067102980401804C08D80C7107BA24D867
S214049500047106BA187004D80C7101BA40D80E71EA
S21404951002BA0A7005BA20D8047203BA204C441161
S214049520C04C181408611814911138311142911165
S214049530186110D90472EF3200C1084001B8141142
S21404954010311E6111422814A111086118140698DE
S2140495506C1B181400C1084001B814111861FF31BF
S214049560181400C1448001B81411181408611814A2
S2140495703088024806989403009308DB047101F8C7
S21404958000A027B00F3000A01088B111186180D950
S2140495900A7100C1884000B80811009100A000C4F8
S2140495A0684000B8441000A000C088400050041171
S2140495B08261041082601050F07200A05415504569
S2140495C01271069802050698920407B8707802B8D5
S2140495D041781EBA5B7A5C7A5D7A00C220C001B814
S2140495E0241206982A1900C5481F00A054155114C1
S2140495F000C3FF010000313D09647F3406989C02D5
S214049600015851280475015841280E7581110861C6
S21404961002D90472FF0FCC7007B8727800F8EBBD5D
S21404962000C0441F00A00411113D10D91271FF336D
S214049630186300C1781002B8381107B97479581045
S21404964000A0069892020D300472044809DC0472E5
S214049650084800C11CC101B8141100C3D01E00A0E4
S214049660911504351A7218131CBB08D804716C7B48
S21404967004D804716A7B1DBB2F7C5B7B1670044B7D
S21404968018131CBB08D804716F7B04D804716D7B57
S214049690217C0C30026006987E040698C40B00B841
S2140496A0B111186140D906720298580401BC00C270
S2140496B0084001B800DC0A7124150265604A0A7085
S2140496C02C4A241508654C4A043508D9047120240C
S2140496D000C13C1F00A0141200DC327120D80671B1
S2140496E001B80C70F0DA0C720CDB087102B806983C
S2140496F08604482400C3384101B834138F7B0E71A6
S21404970002B9911308DB047203B928707C4914115A
S2140497101110FD300DDC1C7200C0A01E00A0041049
S21404972080D8107100C0448001B80410E520047588
S214049730804900C3884000B8FFB801201141087171
S214049740014118130824014200C1284000B814112E
S21404975001411C655141911520351E655141181370
S2140497602813481300C3844000B8341003D8167175
S214049770073005DC1071B1108F780A7200C384C4F8
S2140497800350217B1DB8507800B800C13C1F00A0D0
S21404979014121C602150F0300152281100A04024FD
S2140497A0076400C0FFFF0100013C17B00220015807
S2140497B04028067518AC01EC00A0208800C020C024
S2140497C001B8041217B4211304123052F871196444
S2140497D0402400C35C1F00A0341014110698F60D34
S2140497E01961009211592129067600BB1159069871
S2140497F0D60D8762313B0472215A412A00A000C26A
S214049800686000B8B8B91F610D49181200A0308806
S21404981001B9116100C30000C0FF3110312800BC3B
S214049820002D0C75115418AC01EC312DF47019642C
S21404983051134155312C009300A000C3C00FFEFF06
S21404984050B2313A014250AA00A006983E07FFB033
S214049850867808715CB86B786E7800C2548001B85C
S21404986000C0D81F00A004100812B822217A237A58
S21404987052B8417801B80C6021A809B819604CA800
S21404988000C0FFD1C1FF4FB2013A00C0002E300025
S21404989001424FAA24B86E78ACB9FFB004D804715C
S2140498A04CB923A90698A80500C013900100069891
S2140498B02E0500A00698020519B81460FFB28C6243
S2140498C00F32826A214006982E0549BC21B952B847
S2140498D049B207DE2A7105DE0871627C607C1D0CC5
S2140498E06179677864786B7862786578637860788D
S2140498F0617C010C010C6878020C69786C78020CA7
S21404990000C22C8001B8277A287A267A6A78050C51
S21404991041790A0CB11040D806710298BA06784A02
S2140499202B7A327A584A247A00C400011100404A3D
S21404993000C0108400000812508800C5841001007E
S214049940FBAD10BD01BB8A6B21B9FAA9C44A181233
S214049950217A227A00C0341F00A00410FCA8826476
S214049960411030300129F9A9F8ADFBB08260FBA89C
S2140499700330A0652110044820EC237A0410037AEF
S214049980184A2411DC4A0158002924100475315061
S214049990F8B1115081632A71514031400812FCB16C
S2140499A08461FCA90F310E7117B0112817B1115933
S2140499B01028FA76C44AF9B11812217A227AA070CD
S2140499C000950812F8A800C20C8001B8207A844AD0
S2140499D000B80812020CA44A087A020C21B841788E
S2140499E0784A0B7A127A00C2C81F00A0FFB008D8C3
S2140499F00472184A241000DC0A7140A804222410B9
S214049A0041A806989C0200C2481F00A024100151D9
S214049A1000C4FF01000041391150081200A0069846
S214049A203E0700BC00C20C8001B8217A52B84978BF
S214049A30020C4878020C49B8417852AC21AC204A52
S214049A40087A067A077A49AC00A059B840785AB121
S214049A5001D9FC72427857B8407858B101D9FC72E3
S214049A60427800A000C20C8001B8217A227A21B87C
S214049A70547852B8BC4A24119979127107B9156101
S214049A804CA9617800BB03BC0C64147009B9196155
S214049A904CA9417801BB126300C4002E300000C0FC
S214049AA0FFD1C1FF4FB1013941414FA9E44AC8B8BB
S214049AB0081224AB4CB823A80698A80500C0049046
S214049AC00100FFB186790471084806982E0500C087
S214049AD08009004040A809B8FFB108D9047103B84A
S214049AE053A8B11004D80C7156BB607B57BA627A7F
S214049AF0607A02D80C7156BB607B59BA627A607A77
S214049B0004B86E783DB8607800C05638000000C1CE
S214049B10B08001B814119979087200C0D604000008
S214049B2000C124C000B814119F79047208484CA8D8
S214049B302EB8FFB108D906714AA804704BA80FB80E
S214049B4034A800C00C5E000046B2014246AA00C11A
S214049B502C4001B8141108610631087100B9069842
S214049B60501106983E14B11101D90E710698921B35
S214049B7002D906720698A00C069838145114069852
S214049B80920406982A110698641700A006984E17A1
S214049B9001D80A711CB85B7807B8757800B84CA869
S214049BA04AA84BA800C0F321FFFF46B1013946A9D5
S214049BB004B86F7800A0FABC1964415C512C00C04C
S214049BC0581F00A00410012C0675069892040698E7
S214049BD0780FB110186005D8327140BA06980E1482
S214049BE004B86578911004D816711CB86E7800C055
S214049BF0684000B821780698781101400A721DB8AA
S214049C00427806984A1402985E0B1DB8717804B818
S214049C106C7841B8427863784478FFB104D9067208
S214049C200298CA0900C004900100FFB18679047145
S214049C30084806982E0500C32C1F00A000C274C056
S214049C4000B82414481300BC48121C4B1C4A2414A5
S214049C50481300BC4812084B584A2414481301BC45
S214049C6048124ABA447A427A4BBA447A427AFFB0E5
S214049C7086780472617A4CBA647A657A3DBA607AF8
S214049C804DB942B83FBB5B7966796179020C647959
S214049C90050C63796079050C627965795A7900C296
S214049CA0340102B8241305B819603140081242B8CA
S214049CB06A78020C4A78020C40BCFFB208DA0671D5
S214049CC04ABA06704BBA627A657A677A667A6A79AD
S214049CD0667B0298A40A00C32C1F00A000C274C0AE
S214049CE000B8241448131C4B1C4A241448133FBCC5
S214049CF048121C4A00BC4812084B444A2414481311
S214049D0001BC48124ABA647A627A4BBA647A627AB6
S214049D10FFB3867B0472617A4CBA647A657A3DBA7C
S214049D20607A01D94E71647800C1708001B800C0B1
S214049D308000080008110698860B42B861784DB971
S214049D407F797E796A7868786278020C7B790F0C62
S214049D507A79140C7479417860787579050CFFB2B9
S214049D6008DA06714AB804704BB8657801BC166404
S214049D70407002D93C710698860B42B84DB9687893
S214049D80407841787F797E797B790F0C7A79140C48
S214049D90FFB208DA087171794ABA067070794BBA5C
S214049DA07279657A6A78020C4A78050C01BC1664E6
S214049DB0020C417940790C0C00C04C0102B84810E2
S214049DC00698F20400C4784000B8007C00C0A01EC8
S214049DD000A0041180D93271911104D92C727F200D
S214049DE021200411FD310DDD207200C0448001B82D
S214049DF00411E521147600C0244001B804118A79C0
S214049E000871207C104C207C2AB86278511400C05B
S214049E10581F00A00410012C17B0011187680158C0
S214049E2041280E7605218769415C412D112D067067
S214049E300698920442B84DBB7C7B6478020C29B821
S214049E4068785114404406750698920442B84478DB
S214049E502AB84278FFB101D90C7100C1548001B808
S214049E60CBB80811911004D8147100C0A01E00A02D
S214049E70041080D8067107B8537800F807B800C1F4
S214049E80CC1E00A000C220C001B824122811777886
S214049E9000F8B1109478387106989C02E4B9115908
S214049EA01128067600B80C70A0B91159012904755A
S214049EB0A0B8826000C3C01F00A03413012B341066
S214049EC000C3FFFF00FF42B13139114042A800A091
S214049ED01DB09178FA7142B86478020C00BA29AAC7
S214049EE000C4548001B842B84DB900C3C04001B89C
S214049EF03413977B047240EC020C44785C7953AAC2
S214049F000A0C281442B84DB9FFB301DB2671244C61
S214049F1000C3FF0FFF01381454794078417855790F
S214049F20020C5B795A79140C5F795E794A78427828
S214049F30347002DB1471527951795079020C5B79D2
S214049F405A795F795E791E7004DB1A7100C4FF07C4
S214049F50000000C3342102B848133FBB467B020C02
S214049F605B795A793DBB407B4CBB447B457B00C345
S214049F70301F00A03414403C207100C068C000B8F4
S214049F80481028131C4B1C48341448102813144B30
S214049F9044483414481028134AAA4BAA04B86D78C7
S214049FA01DB851785CB84B784E7800A000C074C0D9
S214049FB000B80411108800B91810684804111088F5
S214049FC001B90B6118102C4804111088008800C1D0
S214049FD0231C000018104AB864784BB86478260C22
S214049FE028B000C1FFFF0FF0113871B90B611140A2
S214049FF028A828B97379747900C21010303045AA9D
S21404A00054790E0C00C0E84001B8041100C2303088
S21404A010101045AA0E0C0410008810880698620DCD
S21404A0200091009020888F618F600698620D0090E2
S21404A030886A21400112906A035800C13F3F00001D
S21404A0401138FFBC022441281138014245AA28B918
S21404A05053794AB844784BB8447800900091181065
S21404A06000912C48181000916848181000A09168B8
S21404A070436091694361115B012B112841603128CB
S21404A080315B00BA302806763128204A41633028EE
S21404A09006763128104A4163302806763128084A65
S21404A0A04163302806763128044A41633028067610
S21404A0B03128024A416330280476014A00A0115927
S21404A0C010D906710860086008D90471086004D9BC
S21404A0D00471046002D90471026001D9047101603C
S21404A0E000A000BA01D806710148112A1F61016058
S21404A0F001D8F6720138F67200A000C220C001B87A
S21404A100241211592129127300210E7100C238C07D
S21404A11001B824120121212900A002B020D814710C
S21404A12000C0B01E00A0041002B945790698761344
S21404A130EA7003B09F78087200B806A800F806987C
S21404A1403E0700C5641F00A05088044D1CBC00C018
S21404A150B41E00A0811101D91E71407C0095011522
S21404A1600C4D5088044DFFBB1863315B04110698F0
S21404A170EE0D3129F8750698681A54150698921B40
S21404A18001D908720698580706700698F4071CBB8F
S21404A190547B06984E1701D8067202981A0FFFB918
S21404A1A001211038F67281129B7AF07100C2448045
S21404A1B001B8241400C0C01E00A00410011300201F
S21404A1C0041040500C7200B90698280F18B90A708B
S21404A1D018B90698280F00B900B806981E0F704ADA
S21404A1E008B806981E0F00C2284000B814B806988F
S21404A1F01E0F00C2EC4001B80CB806981E0F2022B1
S21404A20010B806981E0F10883088069858070093D2
S21404A21000910698280F00C0C41E00A00412FFB9BF
S21404A220012121411810009500F831281128041046
S21404A230081200A004B831281128F8B1181000A09C
S21404A240069880080E700698C40B06988008069830
S21404A2507212069812079112211900C02C4001B8F8
S21404A2600A78097800F810B901BA06980414069812
S21404A2702A110698641700C5641F00A081109D78F3
S21404A280FC7200F8911203321CB900C3A01E00A091
S21404A290341300C4B04000541DB84278707903DE0D
S21404A2A0067144783A707179A11020D80671029824
S21404A2B0541080DB1C7102D8187205B80814A1105B
S21404A2C010300248081400B80814911008600814E6
S21404A2D01DB86278A11000DC0676517900BA06989B
S21404A2E04E1701D82272911120311D61911004D8A5
S21404A2F00E7200C1501F00A0141101D90A712088E3
S21404A30006985011009200C1204000B801DB187175
S21404A310084C03DE0471904C441400C3FF1F000075
S21404A320413BFF233811944900C3384101B8341324
S21404A330086380DB0C7103BA186206983C10087038
S21404A340186206983C100C490879097914102140C3
S21404A350081100A000BD0698760210B903DC04714B
S21404A36000B901BA0698041402D9067100404E7268
S21404A37003B118610F3106987811FFD8287281103E
S21404A38008D8187106DD0A710698760203DC0C728A
S21404A3900698BC1106984A140C7006DD10710698CF
S21404A3A0C211487020B804A806DD1072069880080A
S21404A3B00698120701F840B804A800F800C0A01ECA
S21404A3C000A00413086301DB2271911001111861C7
S21404A3D011381DB910D8087144790298541002DB5C
S21404A3E0FA72A11328DBF47203BD06981E110698B0
S21404A3F080081DBA7F7A0698F20400C5681F00A07C
S21404A4000698760200BA03DC1672044DA11002D830
S21404A41004711C4D00C10CC101B80698AE04541555
S21404A420212D06983E050298AA0891100155033579
S21404A4305150011900A000C14C1F00A0141001D8EF
S21404A440427101480860FE200E75811020D80871FC
S21404A45000C1501F00A0141101D9287100C02C405F
S21404A46001B80412215108610F31186111522810E5
S21404A47000C0084001B80411911221512031115234
S21404A480211900A0811380DB067201B800A000C366
S21404A49014C001B8341006302E726C4B34121C4BA8
S21404A4A03410186002302072811080D8DE713410A7
S21404A4B0014A08620460803021508C480A717F2368
S21404A4C04D233410013000A000BD06981E111CB8A0
S21404A4D047784578437802B8447800A00698800800
S21404A4E00698BC1100C5741F00A0541506983E05B6
S21404A4F00298AA08B1138F7B0A7200C384C403505F
S21404A500017B06983E1400C1384101B814118F79B6
S21404A5100E7100C1B84000B800BA06983C1050BA94
S21404A52006980E1406987811FFD84A71911004D82C
S21404A5304872811008601CD8407220D938721112F3
S21404A540FF322151347180218021111400C0D81E9D
S21404A55000A00413FFBA3151113A215111531DB909
S21404A56038107B7940440E7200B900C2AC1E00A0BD
S21404A5701812067004B860780698381400F800B903
S21404A58000C2A44000541812644A0AB918121CBA2D
S21404A590507A517A1DB942795F7900A006987602FE
S21404A5A007DC1072911000200A7506987212029841
S21404A5B0660F0698120701B9911004D8047100B901
S21404A5C010BA0698041400BA0040347100C0A01EE5
S21404A5D000A00411086101D9127104D9E272811035
S21404A5E0086001D8DA711DB8647800C11CC101B8CE
S21404A5F00698AE0401B81160002A047600BA00C5B5
S21404A600781F00A05415212D069872120698580734
S21404A61000C57C1F00A000F800BC811108D9167282
S21404A62080D9207201B910BA0698041400400E713D
S21404A63001BC10700698BC1106984A1420B804A8E9
S21404A64000F80698721281110231127100B900C224
S21404A650144000541812244A02B918120698BC1161
S21404A66000C5801F00A054150698F01A0298AA0880
S21404A6700411012114711CBA737A042004122811DF
S21404A680042004110121F47200A00698F20401F8D3
S21404A69006984E1701D81671FFB9012110380E72AC
S21404A6A081109B78087104B9677900F8911010D866
S21404A6B0287100C51CC101B854110698EE0D00C5DA
S21404A6C0C81E00A054155129EA7507B876781DB837
S21404A6D0447801B804A800F8B110186010D82E7198
S21404A6E000C05040005400C3084000B83114984CD1
S21404A6F044113411086101D9FA7144122810086211
S21404A70028100862281008622810E8700298B00220
S21404A71006989202113804721E6202BB00C1D81E4B
S21404A72000A0141120390C72911210DA0672417BC3
S21404A73000A006983E1400C2A01E00A0241220DA30
S21404A7400472617B1CBA527A00A01CBA727A811217
S21404A75004DAFC7200A01CB86B7800C0684000B82D
S21404A7602F7800A006984E1701D83A7100C22C40E4
S21404A77001B8241003609111203101513831115071
S21404A7801D6008121DB9457900C2448001B8241220
S21404A79000C0C01E00A00410182000200410205082
S21404A7A00471657910631EB9637900B902EC00CDB3
S21404A7B0114502EC00CC01DB087100BB0298D618E8
S21404A7C003B841110731FA211C760621911210DADA
S21404A7D0087102DD10721E7020B80698B20D30386B
S21404A7E0147208B806987E0400C02C4000B8297875
S21404A7F0207800F8056020D8067102980C1602EC42
S21404A80000CA05B823DA187104DBDA7120DAD671C7
S21404A81010DAD2721EB8617800B801DA067202EC59
S21404A82000C8911110D9267100C1B81E00A01411D9
S21404A8301150FF300C720761A110115002300A71DA
S21404A84080DB0A720AB89E701DB97C791860911173
S21404A85011402111C031114001191EB8411108D907
S21404A8600471667820D904726578A11002D806723D
S21404A870C0DA1E711EB8273123DD087210DB107291
S21404A880607825DD0A7121DD087208DB04716278C0
S21404A89003B8411107310872A1152035AA7102DDEB
S21404A8A02072A11120D9A07102D91672CCDA98723E
S21404A8B0411140D9927206B8054D5A720298AE14E8
S21404A8C021114049C0D94C71A0314115403502656B
S21404A8D051410461086308DA1E7204DA36721049BC
S21404A8E0A1150235067110DB0E7201340A7108DBFD
S21404A8F022711EB86778CC3211101A300ADC08723E
S21404A900CCDE0471FD3100C00D0F0C0D216001D8A2
S21404A9105C7207B80298D81400BA411108D90C71B1
S21404A92002EC00CA05B830DAEC720734F031036181
S21404A93001DA0471014900C0F300A3E3216001D8E1
S21404A940D27100C09814406821604030014440DA57
S21404A9500471204C04320262204A111006301F6033
S21404A960014218311D6111420298F614204A00C0B3
S21404A970051708502160113001422088FFBB0DDA0C
S21404A980507100C1DE1B250180BC04DA107208DA9F
S21404A9900A7200C120841000E024A0240863414306
S21404A9A0026401DA06711E49024B00C0201F00A093
S21404A9B008633810BC2002DA127101B91159A113C8
S21404A9C080DB087100C100FCFF01181002986218B1
S21404A9D000C4A01E00A0441080D87C710092D0DA77
S21404A9E006710DDA0C711EBD437DEFBD0698140387
S21404A9F004620DDA8672A11105D95C7100C240406A
S21404AA00005424121424281401D9067202D932716F
S21404AA1040D91E7102EC00CA211018320471FA22C1
S21404AA2020D804720822FE22087502EC00C8F870CA
S21404AA3001D90E7102EC00C802D9067204DC187241
S21404AA4000C0A01E00A004101D6001D806711EB828
S21404AA50647807B873780298D61800C0A01E00A0C1
S21404AA60041080300A7100C0C41E00A0041000A0A8
S21404AA7006984E1701D82E71911010D8287281109E
S21404AA80A0D8227203B084781C7200C12C4001B88E
S21404AA9014100DBA487A697A6B7A08111CB87B7858
S21404AAA007B8757800A0641000C6881F00A0C3B855
S21404AAB006987C0200C4441F00A014BA281400B8E8
S21404AAC0011AB1108F780A7200C084C4035001784A
S21404AAD091101030011905BA06980E1402D90671A1
S21404AAE001B804A800C0A01E00A0041306986411B0
S21404AAF080DB0671029858141DBA7C7A01DB6A71F1
S21404AB0000C2241F00A024111114FF3402EC00C854
S21404AB10FF24FA7608610698C20D046111380F30D6
S21404AB2004611114011141100698C20D01D808726F
S21404AB3003B80298D8140C4A01DB22712410112899
S21404AB401128041202300471106200C0FFFF0000D6
S21404AB50213800C2204000B8FF20081241100860C7
S21404AB600698C20D01D87C7120BC1033767100BBE8
S21404AB7000C1201F00A01415C021112C5112186208
S21404AB800F320E71408851140698FA184143009407
S21404AB90511208651C620F320E7141115114069849
S21404ABA0FA181C6441430865513B00C1DC1E00A032
S21404ABB01411111231100F30127100BA056101D848
S21404ABC00471114201600FD8F472311003601E3014
S21404ABD0047201B8003A087204B80298D8140298AD
S21404ABE0C41600C0384101B804118F7914717F204F
S21404ABF0692004110861303110DD06711DBA637ACC
S21404AC000698120300F830885088FF34087102EC66
S21404AC10FF24F87002EC00CD1410595001440421AE
S21404AC20FF22F2720F4C0095009300A000C1A81EEC
S21404AC3000A0141100A030880698421B81110861F8
S21404AC4002D906720298061A1CBB557B086120D9E5
S21404AC5006710298F6190088A11018600698201943
S21404AC6008211415FC251EBB5C7B5D7B00C10840D7
S21404AC7001B814110731FE21307608D82A72511310
S21404AC80FC23341304DB20711863FF33315B00C1EB
S21404AC9010C000B81411086180490C71FF313029C6
S21404ACA054751EBB7B7B10707B7B7C7B00DD047144
S21404ACB07D7B01BB3815EC25541300DF5471042545
S21404ACC005DF54715415211120880698EE0D009264
S21404ACD051293E7500C1084001B8141102DB0C71FD
S21404ACE00731315B31292A760C7004DF0872016162
S21404ACF080D91E720698201900C010C000B80698A5
S21404AD00861B069820191411FFD9607202984C1AF3
S21404AD100090009300A05415A111186110D9A672D2
S21404AD20082508D8A071082510D89A712088211102
S21404AD300698EE0DFC255412112AF82554110C25FC
S21404AD4020D80871F025541110252029047621599D
S21404AD50181500920298B81907B97179811010D89D
S21404AD600A711CB8447802B841781CB9747904B9DD
S21404AD70677900F88110A0D808711CB9497900A039
S21404AD80086002D8FA7106982019108806983E14AE
S21404AD90106210DA087108211415F025541100C247
S21404ADA00020FEFF202912750698921B01D90A720C
S21404ADB0069880080698120700941CBB41100C20C5
S21404ADC00698641341110821141006986413312858
S21404ADD0441111120861FF31FF3201221052107221
S21404ADE01861181404244413042438140C701861CD
S21404ADF02141181408240814029838144044147185
S21404AE0000C1AC1E00A0141551131C630FDB0C729A
S21404AE10196506980205411500A000C3784000B8DD
S21404AE203413807B06720698120706983E1408BBF5
S21404AE3051140698B01A4415FC25541500C37840DE
S21404AE4000B83413807B047100A002983E051CB938
S21404AE5000C3A01E00A03413086308DB1A71811314
S21404AE60A0DB0671497910706979086302DB087201
S21404AE7004B9677900F800A08111086102D910713D
S21404AE801CB97579069820191411FF3100A0FFB972
S21404AE9000A0041008211411F421081100A0811147
S21404AEA0106110310E710698201908211411F8212A
S21404AEB0141100A00CB1040000000000E4AE04006D
S21404AEC0010000000000000000F049020CB104007C
S21404AED00000000008AF04000100000000000000AD
S21404AEE000F049022CAF04004063598F404B4C00DD
S21404AEF00B000B001A00FF7F606A002000000000B1
S21404AF00AEB30400000000001CB004004063598F78
S21404AF10404B4C000B000B001A00FF7F606A0020B9
S21404AF2000000000ACB3040000000000FC1F010396
S21404AF300CB304001CC0011000F807001CC001304C
S21404AF401402080050C00100874130042440060162
S21404AF5007006200387000000000000000000003D4
S21404AF600068010F40B8244058400101FC00690005
S21404AF70804005012363E0119BC34A74F00300007C
S21404AF8003800000BE0A0000E04001013300000018
S21404AF90F0400401590B0000640483078813C83A80
S21404AFA090200A0028410101001E00003C410B01CC
S21404AFB000148C00141A21282E343B424950435561
S21404AFC07698BA0C2869000001000000072128645E
S21404AFD014171A002004C869A1203A093C4201014A
S21404AFE029000000A080020170780300D5C000008C
S21404AFF0A8800111F0010000A88001310542CB01B0
S21404B000AC800111F0010000AC80013105228D00F6
S21404B010B080010100030002FFFFFFFFFC1F0103D5
S21404B0205CB304001CC0011000F807001CC001300B
S21404B030F502080050C001008741300C2440060188
S21404B04007C05200000000000000000000000003DB
S21404B0500000000000000000584001016402FF00E8
S21404B060804005014B01A0089BC34A74F00300000E
S21404B0700000000000000000E04001013300000072
S21404B080F040040100000000640483078813C83AF3
S21404B0909C200A0028410101031000003C410B01DA
S21404B0A00000000000000000000000000000000097
S21404B0B00000000000000000010000000000000086
S21404B0C00000000000000000000000003C420101F7
S21404B0D000000000A080020170780300D5C00000C4
S21404B0E0A8800111F0010000A88001310542CB01BF
S21404B0F0AC800111F0010000AC80013105228D0006
S21404B100B080010100030002FFFFFFFF0C400200B5
S21404B110018014007F400000204002000000000070
S21404B120000000003040070000000000000000009F
S21404B1300000000000000000000000000000000006
S21404B140A007000050400100000000005C40020020
S21404B1500000000000000000A840010007000000F6
S21404B160B440040000400000FF4C00000041000012
S21404B170FF4D000008C001000000000020C00110C0
S21404B180FF00000020C001300043000024C004007B
S21404B190EC80B3034375A802000000002E020000F2
S21404B1A054C003000E2D09E654060708D1B6020063
S21404B1B064C008000430000040201006C8F2481896
S21404B1C01FE8F600BD4B721511A31805103254760D
S21404B1D0980A000088C00100000000000800010171
S21404B1E0040700001800010100000000200001010F
S21404B1F0088400001C4002011000000020F913041B
S21404B2005C4005014108000001000000B00708008A
S21404B210A700000000000000944007010101103060
S21404B22050707F7F00000000000000000000000057
S21404B2300000000000000000E440010100000000DF
S21404B240EC4001017DA8D98B004102010061200079
S21404B250B75635120C410301F95412002030042964
S21404B26088BB400024410101000000003041030176
S21404B2706406660C0C010000E853FA0068410301FA
S21404B2806404830788138200000000003042030130
S21404B290000000000000000E00000000444201010F
S21404B2A00000000010800101030000003880020145
S21404B2B01149100001000000888001010000000010
S21404B2C09C800101EB400200B480010137000001BC
S21404B2D088000202000C00044C00000094000102E6
S21404B2E000040000D00002020E000000900296083F
S21404B2F0E40001023D094204F400010200000000DB
S21404B3001801010260005102FFFFFFFF1200000057
S21404B3106666660000000000C0B30400B0B3040014
S21404B32000000000001A9A00005A620280841E0080
S21404B3300420FE0011495002000000000000000036
S21404B340000000000000000000000000B1841E00A1
S21404B35000000000000000000000000012000000D2
S21404B3606666660000000000C0B30400B0B30400C4
S21404B370000C0000001A9A00005A620280841E0024
S21404B38004200000114950020000000000000000E4
S21404B390000000000000000000000000B1841E0051
S21404B3A0000000000000000000000000050400008B
S21404B3B0E1190000E1190000000000000000000090
S21404B3C0193F0106041001000001010600102700C1
S21404B3D000090000000000000000000071E0010009
S21404B3E021E001002DE001001DE1010003740300CB
S21404B3F09D790300A1790300A5790300A9790300C8
S21404B400AD7903000001030464EE0100100000009F
S21404B41024E101001A00000079EB0100110000008D
S21404B42075E401001100000063E51100040000004B
S21404B43023E111000400000025E1010008000000DB
S21404B44026E101000A00000027E1010002000000D6
S21404B4500000000000000000B9B50400B3B5040005
S21404B46000000000BAB5040057780400000000008D
S21404B4705178040053780400000000005578040056
S21404B48091B50400BFB5040058780400527804004F
S21404B4900000000056780400ACB404004F780400A2
S21404B4A050780400547804004E7804000002030424
S21404B4B00508090A0B0001020304051D2000B40157
S21404B4C008020200AA00FFFFFFFFFFFFFFFFFFFFC7
S21404B4D00B970300893D0200056902005506030028
S21404B4E0156C0200718003007380030075800300EE
S21404B4F07780030015CD0200B1A50200F5E6020030
S21404B50001000300255A02006B80030051A80200C4
S21404B5106D800300294E02006F80030067690300F4
S21404B5201D530200613F03000000000000130000EA
S21404B530000000000000000001000000DDAB020077
S21404B54002000000699103000300000035AB02000E
S21404B55004000000E390030005000000D5AA0200E2
S21404B56000000000000000000023001B2200FF0073
S21404B570000000000C090202000000001C1A0B0365
S21404B58003FF06080402020204020A0B0303020372
S21404B5900480FF0204FF010101010800000000000E
S21404B5A00000005A6967426565416C6C69616E63A8
S21404B5B065303980008F8E8C80808006080C108061
S20C04B5C01497FB7F0100000054
S21004B5C8D4B5040030660020D201000058
S21404B5D40000000000000000FFFF0000010000005F
S21404B5E4000000000000000000000000000000004E
S21404B5F4000000000000000000000000000000003E
S21404B604000000000000000000000000000000002D
S21404B614000000000000000000000000000000001D
S21404B624000000000000000000000000000000000D
S21404B63400000000000000000000000000000000FD
S21404B64400000000000000000000000000000000ED
S21404B65400000000000000000000000000000000DD
S21404B66400000000000000000000000000000000CD
S21404B67400000000000000000000000000000000BD
S21404B68400000000000000000000000000000000AD
S21404B694000000000000000000000000000000009D
S21404B6A4000000000000000000000000000000008D
S21404B6B4000000000000000000000000000000007D
S21404B6C4000000000000000000000000000000006D
S21404B6D40000000000000000000100000000F0016B
S21404B6E408000000081000200100230104000000E4
S21404B6F41010002006003001010000001410002081
S21404B704FFFFFFFFC0EA2101C0EA21010080000018
S21404B71400F049027867002000600B0000800000F7
S21404B72480360020C8000000FE0000000000000070
S21404B7345868040018100020FFFFFFFF406D040043
S21404B744330000005506010033000000A343030041
S21404B75483E5030087E5030094E50300A1E50300FD
S21404B764AEE50300BBE50300CEE50300E0E5030015
S21404B774EDE50300FAE5030007E603001CE6030010
S21404B7842FE6030041E6030056E6030065E60300DD
S21404B79476E6030085E6030095E60300A1E60300C7
S21404B7A4AEE60300BEE60300D0E60300DFE60300CD
S21404B7B4EEE60300F7E603000CE7030021E70300C4
S21404B7C436E7030056E7030064E7030083E7030051
S21404B7D49EE70300B1E70300BEE70300D3E70300D4
S21404B7E4E2E70300F1E7030003E8030015E80300B7
S21404B7F428E803003BE8030051E8030000000000C7
S21404B8040F00000088EA03009FEA0300FF0000001C
S21404B814000000000000000000000000000000001B
S21404B8240000000000000000000000000030E704F0
S21404B83400C81803E3F20300E8F2030015F3030058
S21404B84440F303006EF303009CF30300CBF30300FE
S21404B854F8F3030028F4030058F40300A8F40300E0
S21404B864FFFFFFFF00F80300FFFFFFFF00000400D4
S21404B87400000400005C2605DC68002006000000C6
S21404B884C48F040000000000010019000100000039
S21404B89468420020010019000100000068420020EC
S21404B8A4010019000100000068420020010019008C
S21404B8B40100000068420020010019000100000095
S21404B8C468420020010019000100000068420020BC
S21404B8D4010019000100000068420020010019005C
S21404B8E40100000068420020010019000100000065
S21404B8F4684200200100190001000000684200208C
S21404B904010019000100000068420020010019002B
S21404B9140100000068420020744600200000000075
S21404B92400000000C0780400904D002090690020B8
S21404B93404510020F265040002010000A9B60100C7
S21404B94400000000000000000000000000000000EA
S21404B9540D0E0000045100203300000051B701000E
S21404B964000000000000000040900400589004000A
S21404B974F76504008B1D0400FE000000E069002047
S21404B98400000000345100209C5100200452002082
S21404B994000000000000000000000000000000009A
S21404B9A4000000000000000000000000000000008A
S21404B9B4000000000000000000000000000000007A
S21404B9C4000000000000000000000000956F030063
S21404B9D42C920400FFFFFFFFD9720300D572030004
S21404B9E4FFFFFFFFDD720300FFFFFFFF9D0B020056
S21404B9F4FFFFFFFFFFFFFFFFFFFFFFFFFFFFFFFF4A
S21404BA04FFFFFFFFFFFFFFFF0000000020A1070069
S21404BA140000000035B10300000000000000000030
S21404BA240000000000000000000000000000000009
S21404BA340000000000000000445700209933020070
S21404BA440D4D02008B1D04000000000000000000E1
S21404BA54000000000000000044570020313A0200B1
S21404BA64000000008B1D040000000000000000001D
S21404BA74000000000000000044570020594402005F
S21404BA840D4D02008B1D04000000000000000000A1
S21404BA940000000000000000E46604004457002090
S21404BAA4B15E0200000000008B1D040000000000CC
S21404BAB400000000000000000000000044570020BE
S21404BAC4B5670200000000008B1D0400000000009F
S21404BAD4000000000000000000000000445700209E
S21404BAE411780200000000008B1D04000000000012
S21404BAF4000000000000000000000000B80B000076
S21404BB0444570020F17B0200000000008B1D040053
S21404BB140000000000000000000000000000000018
S21404BB2444570020D1840200000000008B1D04004A
S21404BB3400000000000000000000000000000000F8
S21404BB444457002041860200000000008B1D0400B8
S21404BB5400000000000000000000000000000000D8
S21404BB6444570020A5860300000000008B1D040033
S21404BB7400000000000000000000000000000000B8
S21404BB844457002089890200000000008B1D04002D
S21404BB940000000000000000000000000000000098
S21404BBA4445700202D8E0200000000008B1D040064
S21404BBB40000000000000000000000000000000078
S21404BBC4445700206D930300000000008B1D0400FE
S21404BBD40000000000000000000000000000000058
S21404BBE444570020A5E60200000000008B1D040054
S21404BBF40000000000000000000000000000000038
S21404BC04B598030044570020710003000D4D02004C
S21404BC148B1D04000000000000000000000000006B
S21404BC240000000044570020E10603000000000062
S21404BC348B1D04000000000000000000000000004B
S21404BC4400000000FFFFD007B80B0000FFFFFFFF53
S21404BC54CEFAEFBEFFFFFDFFFDFF0C002C01001E15
S21404BC642C0140068000FFFF04F8FFFF0C000000D0
S21404BC74000000004000FDFF2C019C000000FFFFB4
S21404BC84FDFFFFFFFFFF60EA8000800010C1CDAB1C
S21404BC940A013201FFFFFFFFFFFFFFFFFFFFFFFF65
S21404BCA4FFFFFFFFFFFFFFFFFFFFFFFFFFFFFFFF97
S21404BCB4FFFFFFFF01FF05FFFFFF0101FFFF020176
S21404BCC4FFFF640250FF0F0208031E050216010A52
S21404BCD40C052007051001010F080101010104FFEA
S21404BCE4030101FF0C01FF405AB47F0150403000A9
S21404BCF4FFFFFF0B03FF050B01030105020201FF0F
S21404BD04FFFFFFFFFFFFFF010102FFFFFF0100002B
S20C04BD14B54C00008D4C000044
S804007C7906
